code_module,code_presentation,gender,region,highest_education,imd_band,age_band,num_of_prev_attempts,studied_credits,disability,dropout
0,1,0,5,0,3,1,0,60,1,1
0,1,0,7,0,5,1,0,60,0,0
0,1,0,11,1,5,0,0,60,0,0
0,1,1,10,0,8,1,0,60,0,0
0,1,0,5,0,9,0,0,120,0,0
0,1,0,0,0,7,0,0,90,0,0
0,1,1,8,1,7,1,0,60,0,0
0,1,0,0,0,2,0,0,60,0,0
0,1,1,0,1,6,1,0,60,0,0
0,1,1,6,1,4,1,0,60,0,0
0,1,0,0,0,7,0,0,60,0,1
0,1,0,11,0,6,1,0,60,0,0
0,1,1,0,0,1,1,0,150,0,0
0,1,1,9,0,3,1,0,60,0,0
0,1,1,1,0,3,0,0,60,0,0
0,1,1,8,1,7,1,0,60,0,1
0,1,1,10,1,7,1,0,60,0,0
0,1,1,12,0,2,0,0,60,0,0
0,1,1,8,1,8,1,0,60,0,0
0,1,1,5,0,3,0,0,60,0,0
0,1,1,1,1,2,0,0,60,0,0
0,1,1,12,1,6,1,0,60,0,0
0,1,1,0,0,7,1,0,60,0,0
0,1,1,8,0,4,1,0,60,0,0
0,1,0,1,0,4,0,0,180,0,0
0,1,1,11,0,5,0,0,60,0,1
0,1,0,0,1,8,1,0,120,0,0
0,1,0,7,0,9,1,0,60,0,0
0,1,0,0,1,2,0,0,180,0,1
0,1,0,7,1,9,1,0,60,1,1
0,1,1,9,0,4,1,0,60,0,0
0,1,0,1,0,3,0,0,240,0,0
0,1,1,9,0,9,0,0,345,0,1
0,1,0,4,0,5,1,0,60,0,0
0,1,0,11,0,2,0,0,60,1,0
0,1,1,4,1,6,0,0,120,0,0
0,1,0,4,1,8,0,0,90,0,1
0,1,0,5,0,3,1,0,60,1,1
0,1,0,3,0,8,0,0,150,0,0
0,1,1,3,0,0,1,0,420,0,0
0,1,0,1,0,2,1,0,60,0,0
0,1,0,0,1,7,0,0,60,0,1
0,1,0,9,0,9,0,0,60,0,0
0,1,1,1,0,4,1,0,60,0,1
0,1,1,6,0,7,0,0,60,0,0
0,1,0,12,0,4,1,0,60,0,0
0,1,0,11,1,1,1,0,60,0,0
0,1,0,2,0,10,1,0,60,0,0
0,1,0,5,0,8,0,0,180,0,0
0,1,1,9,0,3,0,0,120,0,0
0,1,0,9,0,8,1,0,120,0,1
0,1,0,9,0,6,0,0,60,0,0
0,1,1,3,0,1,0,0,180,0,0
0,1,1,7,0,5,1,0,60,0,0
0,1,1,12,0,7,1,0,120,0,1
0,1,1,6,0,9,0,0,120,0,0
0,1,0,9,1,9,0,0,60,0,0
0,1,1,3,0,9,0,0,60,0,1
0,1,1,3,1,5,1,0,60,0,0
0,1,0,10,0,3,0,0,60,0,1
0,1,1,0,0,4,0,0,90,1,0
0,1,0,3,0,1,1,0,60,0,0
0,1,1,1,1,5,0,0,60,0,0
0,1,1,11,0,2,0,0,60,0,0
0,1,1,1,0,5,0,0,60,0,0
0,1,1,3,0,4,0,0,240,0,0
0,1,1,12,0,9,0,0,240,0,1
0,1,1,8,0,9,0,0,120,0,0
0,1,1,9,0,9,1,0,60,0,0
0,1,1,5,1,2,0,0,90,0,0
0,1,1,10,1,2,1,0,60,0,0
0,1,0,11,1,3,0,0,60,0,0
0,1,0,0,1,7,1,0,60,0,0
0,1,0,3,0,8,1,0,60,0,1
0,1,1,1,0,2,1,0,60,0,0
0,1,0,5,0,3,1,0,60,0,0
0,1,1,0,0,1,1,0,90,0,0
0,1,1,0,0,3,0,0,180,0,1
0,1,1,6,0,8,1,0,60,0,0
0,1,0,7,0,6,0,0,60,0,1
0,1,1,3,1,4,0,0,60,0,0
0,1,0,6,0,3,0,0,150,0,0
0,1,1,10,1,7,1,0,60,0,0
0,1,1,9,0,3,1,0,60,0,0
0,1,1,7,0,9,1,0,60,0,0
0,1,1,0,0,9,0,0,120,0,0
0,1,1,10,0,2,0,0,60,0,0
0,1,1,5,0,3,0,0,60,0,0
0,1,1,7,0,9,1,0,60,0,0
0,1,0,7,0,9,1,0,180,0,1
0,1,1,1,0,7,0,0,120,0,0
0,1,1,7,0,9,0,0,60,0,0
0,1,1,7,0,4,1,0,240,0,0
0,1,1,11,0,3,1,0,60,0,0
0,1,0,0,0,4,0,0,60,0,0
0,1,1,5,0,7,0,0,60,0,0
0,1,1,11,0,7,0,0,120,1,0
0,1,0,10,1,8,0,0,120,0,1
0,1,1,11,0,5,1,0,120,0,0
0,1,1,0,0,9,1,0,60,0,0
0,1,0,3,0,1,0,0,60,0,0
0,1,1,11,0,7,0,0,60,0,0
0,1,1,9,0,6,2,0,120,0,0
0,1,1,8,0,9,0,0,60,0,0
0,1,0,1,0,5,0,0,60,0,0
0,1,0,9,0,1,1,0,60,0,0
0,1,1,7,0,9,0,0,120,0,0
0,1,0,0,0,6,1,0,60,0,0
0,1,1,6,0,2,0,0,120,0,0
0,1,0,3,0,5,0,0,150,0,0
0,1,0,9,0,0,0,0,240,1,1
0,1,0,7,0,2,0,0,60,0,1
0,1,1,0,0,9,0,0,120,0,0
0,1,1,4,0,8,0,0,60,0,0
0,1,1,0,1,4,0,0,180,0,0
0,1,1,6,1,5,2,0,60,0,0
0,1,1,12,0,1,0,0,60,0,0
0,1,1,0,0,6,0,0,180,1,0
0,1,1,12,0,3,0,0,60,0,0
0,1,1,0,0,5,0,0,120,0,0
0,1,1,12,0,1,0,0,60,0,0
0,1,1,0,1,7,1,0,60,0,0
0,1,0,3,0,0,0,0,120,0,0
0,1,1,0,1,1,1,0,60,0,0
0,1,0,9,0,5,0,0,120,1,0
0,1,1,12,1,0,0,0,180,0,0
0,1,0,8,0,8,1,0,60,0,0
0,1,1,1,0,8,0,0,60,0,0
0,1,1,12,0,9,0,0,120,0,0
0,1,1,2,1,10,0,0,120,0,0
0,1,1,12,0,7,0,0,120,0,0
0,1,0,3,1,8,1,0,60,0,0
0,1,1,9,0,9,1,0,60,0,0
0,1,1,6,0,0,0,0,90,0,1
0,1,1,11,0,7,0,0,120,0,0
0,1,0,5,0,5,1,0,120,0,0
0,1,1,5,0,6,0,0,60,0,0
0,1,1,12,1,9,0,0,240,0,0
0,1,0,7,1,8,0,0,60,0,0
0,1,1,9,1,5,1,0,60,0,0
0,1,1,10,1,2,1,0,120,0,0
0,1,1,4,0,2,0,0,120,0,0
0,1,1,6,0,9,0,0,240,1,1
0,1,1,12,0,5,0,0,120,0,0
0,1,1,6,0,4,0,0,60,1,0
0,1,0,5,0,7,0,0,60,0,0
0,1,0,7,0,7,0,0,150,0,0
0,1,1,3,0,2,0,0,120,0,0
0,1,0,9,0,2,0,0,60,0,0
0,1,0,4,0,8,0,0,60,0,0
0,1,1,3,0,4,0,0,120,0,0
0,1,1,0,0,3,0,0,120,0,0
0,1,1,9,0,9,0,0,120,0,0
0,1,1,11,0,6,2,0,120,0,0
0,1,0,8,1,5,2,0,120,0,1
0,1,1,8,1,7,2,0,60,0,0
0,1,1,11,0,6,2,0,60,0,0
0,1,0,0,0,9,1,0,60,0,0
0,1,0,9,0,5,1,0,60,0,0
0,1,0,0,0,4,1,0,60,0,0
0,1,1,9,0,8,1,0,180,0,1
0,1,0,3,1,3,1,0,60,0,0
0,1,1,12,0,2,1,0,60,0,1
0,1,1,11,0,7,1,0,60,0,0
0,1,0,12,0,1,1,0,120,0,0
0,1,1,9,0,9,1,0,60,0,1
0,1,0,0,1,4,1,0,60,1,0
0,1,1,3,0,7,1,0,60,0,0
0,1,0,7,1,8,1,0,60,0,0
0,1,1,3,1,9,1,0,60,0,0
0,1,1,5,0,6,1,0,60,0,0
0,1,1,11,0,3,1,0,60,0,0
0,1,0,5,1,5,1,0,60,0,1
0,1,1,0,0,6,1,0,60,0,0
0,1,1,8,1,3,1,0,75,0,1
0,1,0,6,0,1,1,0,60,0,1
0,1,1,6,0,3,1,0,60,0,0
0,1,1,9,1,4,1,0,60,0,0
0,1,1,9,1,4,1,0,300,1,0
0,1,1,12,0,5,1,0,60,0,0
0,1,0,8,0,7,1,0,60,1,0
0,1,0,1,0,8,0,0,60,0,0
0,1,1,8,0,9,1,0,60,0,0
0,1,0,0,1,4,1,0,120,1,0
0,1,1,11,1,0,1,0,60,0,1
0,1,1,2,1,5,1,0,120,0,0
0,1,0,0,0,9,0,0,60,1,0
0,1,1,5,1,3,1,0,60,0,0
0,1,0,9,1,7,1,0,60,0,0
0,1,0,0,0,6,0,0,60,0,0
0,1,1,3,0,3,1,0,330,1,1
0,1,0,3,1,3,1,0,60,0,1
0,1,0,8,0,9,1,0,60,0,0
0,1,0,11,0,0,0,0,120,0,0
0,1,0,9,1,5,1,0,60,0,0
0,1,1,11,1,0,1,0,60,0,0
0,1,0,5,1,8,1,0,60,0,0
0,1,1,3,0,5,1,0,120,0,1
0,1,0,8,1,7,1,0,60,0,0
0,1,1,6,0,7,1,0,60,1,1
0,1,0,12,0,4,0,0,60,0,0
0,1,0,11,1,8,0,0,60,1,0
0,1,0,5,0,4,0,0,120,0,0
0,1,0,12,0,3,1,0,60,0,0
0,1,0,3,0,7,1,0,60,0,0
0,1,0,0,0,5,1,0,60,0,0
0,1,1,6,0,2,0,0,60,0,0
0,1,0,11,0,1,1,0,60,0,0
0,1,0,8,0,8,1,0,120,0,1
0,1,0,1,0,2,0,0,60,0,0
0,1,1,8,1,3,1,0,60,0,0
0,1,1,8,0,9,0,0,150,0,0
0,1,1,10,0,9,1,0,60,0,1
0,1,0,0,1,4,1,0,120,0,0
0,1,0,3,1,4,0,0,60,0,0
0,1,1,12,1,2,1,0,60,0,0
0,1,0,12,0,6,0,0,60,0,0
0,1,0,0,0,7,0,0,180,0,1
0,1,0,0,0,8,0,0,120,0,0
0,1,0,3,1,7,1,0,60,0,0
0,1,0,1,0,2,0,0,120,0,0
0,1,1,8,0,9,0,0,60,0,1
0,1,0,8,0,8,0,0,120,0,0
0,1,1,9,1,5,1,0,90,0,0
0,1,0,8,0,8,1,0,60,0,0
0,1,1,3,0,1,1,0,120,1,1
0,1,0,4,0,3,0,0,60,0,0
0,1,0,1,0,3,0,0,60,0,0
0,1,1,6,1,8,1,0,120,0,0
0,1,1,8,1,8,1,0,180,0,0
0,1,1,3,1,8,1,0,60,0,0
0,1,0,12,1,2,1,0,60,0,0
0,1,1,5,0,4,0,0,60,0,0
0,1,1,10,1,8,1,0,60,0,0
0,1,1,8,1,9,0,0,120,0,0
0,1,0,5,1,4,0,0,240,0,0
0,1,1,1,0,9,0,0,60,0,0
0,1,0,3,1,1,0,0,60,0,0
0,1,1,5,0,2,2,0,120,0,0
0,1,0,0,0,8,0,0,60,0,0
0,1,0,11,1,4,0,0,60,0,1
0,1,0,8,1,9,0,0,60,0,0
0,1,1,9,1,3,0,0,60,0,0
0,1,1,0,0,7,0,0,60,0,0
0,1,0,8,0,8,0,0,60,0,0
0,1,0,8,0,9,1,0,60,0,0
0,1,1,8,0,9,0,0,120,0,1
0,1,1,12,1,7,1,0,60,0,0
0,1,1,5,0,7,0,0,60,0,1
0,1,0,11,0,1,0,0,60,1,0
0,1,0,0,1,8,1,0,60,0,0
0,1,0,9,0,5,0,0,60,0,0
0,1,0,0,0,8,1,0,60,0,0
0,1,0,6,0,3,0,0,120,0,0
0,1,1,11,0,2,0,0,60,0,0
0,1,0,1,0,9,0,0,60,0,0
0,1,0,3,1,1,1,0,60,0,0
0,1,0,12,0,8,0,0,60,0,0
0,1,1,11,0,4,0,0,60,1,0
0,1,1,1,0,1,0,0,120,0,0
0,1,0,5,0,9,1,0,60,0,0
0,1,1,7,1,3,1,0,120,0,0
0,1,1,1,1,5,1,0,60,0,0
0,1,0,9,0,8,1,0,60,0,0
0,1,0,9,0,4,0,0,180,0,0
0,1,1,0,1,6,1,0,60,0,0
0,1,1,3,0,0,1,0,60,0,0
0,1,1,5,0,9,0,0,60,0,0
0,1,1,12,0,9,0,0,60,0,0
0,1,0,8,0,8,0,0,60,0,0
0,1,0,1,1,3,0,0,60,0,0
0,1,1,0,0,1,0,0,60,0,0
0,1,1,0,0,4,1,0,60,0,0
0,1,0,11,0,5,0,0,60,0,0
0,1,1,8,0,4,1,0,180,0,0
0,1,1,0,0,7,1,0,120,0,0
0,1,1,1,1,6,0,0,120,0,0
0,3,0,8,1,6,0,0,60,0,0
0,3,0,0,0,6,1,0,60,0,0
0,3,1,12,1,4,1,0,60,0,0
0,3,0,9,0,4,0,0,60,0,0
0,3,0,12,1,0,1,0,120,0,0
0,3,0,11,0,6,0,0,60,0,0
0,3,0,10,0,7,0,0,120,0,0
0,3,0,1,0,1,0,0,60,0,0
0,3,1,7,0,8,1,0,60,0,0
0,3,0,0,0,7,0,1,60,0,0
0,3,1,5,0,4,0,0,120,0,0
0,3,1,8,1,8,1,0,60,0,1
0,3,0,9,1,3,0,0,60,0,0
0,3,1,6,0,5,1,0,60,0,0
0,3,1,3,1,8,1,0,60,0,0
0,3,1,7,1,1,1,0,60,0,1
0,3,1,8,1,7,1,1,60,0,0
0,3,1,7,1,9,0,0,60,0,1
0,3,0,0,1,6,1,0,60,0,0
0,3,1,10,0,4,0,0,60,0,0
0,3,0,3,0,4,1,0,60,0,0
0,3,0,9,0,6,1,0,60,0,1
0,3,0,9,0,4,1,1,60,0,0
0,3,0,7,0,6,0,0,120,0,0
0,3,1,11,0,5,0,1,60,0,1
0,3,0,0,0,6,1,0,60,0,0
0,3,0,8,0,7,1,0,60,0,0
0,3,1,7,0,1,0,0,60,0,0
0,3,1,0,0,9,1,0,60,0,0
0,3,0,8,0,7,1,0,60,0,0
0,3,1,4,1,0,0,0,60,0,0
0,3,0,0,1,2,0,1,120,0,1
0,3,0,7,1,9,1,1,60,1,0
0,3,1,0,1,9,1,0,60,0,0
0,3,1,7,0,9,1,0,60,0,0
0,3,1,9,0,9,0,1,210,0,0
0,3,1,6,0,2,1,0,60,0,0
0,3,1,0,1,3,1,0,120,1,0
0,3,1,4,1,6,0,1,120,0,0
0,3,0,5,0,3,1,1,60,1,0
0,3,0,6,0,2,1,0,60,0,0
0,3,1,11,0,6,0,0,60,0,0
0,3,0,10,0,0,0,0,120,0,1
0,3,0,8,1,9,0,0,60,0,1
0,3,0,0,1,7,0,1,120,0,0
0,3,0,7,0,8,0,0,60,0,1
0,3,1,1,0,4,1,1,60,0,1
0,3,0,0,0,4,0,0,60,1,0
0,3,0,10,0,3,0,0,60,0,0
0,3,1,4,0,1,1,0,60,0,0
0,3,0,7,1,3,1,0,60,1,0
0,3,0,1,0,7,1,0,60,0,0
0,3,1,3,0,5,1,0,60,0,0
0,3,1,10,1,9,0,0,60,0,0
0,3,1,12,1,1,1,0,60,0,0
0,3,1,12,0,7,1,1,60,0,0
0,3,1,0,0,3,1,0,60,0,0
0,3,1,8,0,9,0,0,60,0,0
0,3,1,6,0,4,1,0,60,0,0
0,3,1,8,1,5,1,0,60,0,0
0,3,0,1,1,3,1,0,60,0,0
0,3,1,12,0,9,0,1,180,0,0
0,3,1,11,0,4,0,0,60,0,0
0,3,1,12,0,1,0,0,60,0,0
0,3,0,9,1,6,0,0,60,0,0
0,3,0,7,0,6,0,0,60,0,0
0,3,0,11,0,4,0,0,60,0,0
0,3,0,12,0,3,1,0,120,0,0
0,3,1,10,0,2,1,0,60,0,0
0,3,1,9,0,1,1,0,60,0,0
0,3,0,3,0,8,1,1,120,0,1
0,3,1,7,1,4,0,0,60,0,0
0,3,1,0,0,4,1,0,60,0,0
0,3,1,0,1,9,1,0,60,0,0
0,3,1,4,1,10,1,0,60,0,0
0,3,0,8,0,3,0,0,240,0,0
0,3,1,0,0,3,0,1,120,0,0
0,3,1,1,1,7,1,0,60,0,0
0,3,1,0,1,4,0,0,120,0,1
0,3,0,3,0,2,0,0,60,0,1
0,3,0,1,0,7,1,0,60,0,0
0,3,0,7,0,6,0,1,120,0,1
0,3,0,11,0,2,0,0,60,0,0
0,3,0,0,0,4,1,0,90,0,0
0,3,1,6,0,0,0,0,60,0,0
0,3,1,6,0,7,1,0,60,0,0
0,3,1,6,0,3,0,0,120,0,0
0,3,1,8,0,7,0,0,60,0,0
0,3,1,7,0,4,0,0,60,0,0
0,3,0,9,0,5,1,0,60,0,0
0,3,1,5,0,1,1,0,60,1,0
0,3,1,10,0,7,1,0,60,0,0
0,3,1,0,0,7,0,0,60,0,0
0,3,1,6,0,3,1,0,60,0,0
0,3,1,6,0,7,1,0,120,0,0
0,3,0,12,0,7,0,0,60,0,0
0,3,1,9,0,2,0,0,60,0,0
0,3,1,7,0,7,0,0,60,0,0
0,3,0,2,0,2,1,0,60,0,0
0,3,0,11,0,5,0,0,60,0,0
0,3,1,8,0,8,0,0,60,0,0
0,3,0,8,0,9,1,0,60,0,0
0,3,0,3,0,4,1,0,60,0,0
0,3,1,9,0,5,1,0,60,0,0
0,3,1,0,0,7,0,0,120,0,0
0,3,1,12,0,0,0,0,60,0,0
0,3,1,6,0,9,1,0,60,0,0
0,3,0,11,0,3,0,0,120,0,0
0,3,0,11,0,2,0,0,180,0,1
0,3,1,12,0,1,1,0,60,0,0
0,3,0,0,0,8,0,0,180,0,1
0,3,0,0,0,3,0,0,60,1,0
0,3,1,9,1,5,0,0,60,0,0
0,3,1,10,0,6,0,0,60,0,0
0,3,1,9,0,8,0,0,60,0,0
0,3,0,7,0,2,0,1,60,0,0
0,3,0,12,0,3,0,0,120,0,1
0,3,1,1,0,6,1,0,60,0,0
0,3,0,4,0,10,0,0,60,0,0
0,3,0,0,0,2,1,0,120,0,0
0,3,1,1,0,8,1,0,60,0,0
0,3,1,9,0,3,0,0,120,0,0
0,3,1,0,1,8,0,0,60,0,0
0,3,0,1,0,1,0,0,60,0,0
0,3,1,8,0,7,1,0,60,0,0
0,3,0,10,0,0,0,0,60,0,0
0,3,1,8,1,8,0,0,120,0,0
0,3,1,11,0,6,0,0,60,0,1
0,3,0,8,0,4,0,0,60,0,0
0,3,1,3,0,4,0,0,120,0,0
0,3,1,0,0,5,0,0,120,1,0
0,3,0,5,0,2,0,0,60,0,1
0,3,1,8,1,5,0,0,60,0,0
0,3,0,8,0,7,0,0,60,0,1
0,3,1,6,0,7,0,0,60,0,0
0,3,0,0,1,9,1,0,60,0,0
0,3,0,8,0,6,1,0,60,0,1
0,3,0,9,0,1,1,0,300,0,0
0,3,1,6,0,0,0,1,90,0,0
0,3,0,8,1,6,0,0,120,1,0
0,3,0,8,1,4,0,0,180,1,0
0,3,0,9,0,7,0,0,120,0,0
0,3,1,7,1,6,1,0,60,0,0
0,3,0,3,0,2,0,0,60,0,0
0,3,1,11,0,9,0,0,180,0,0
0,3,1,11,0,10,1,0,60,0,0
0,3,0,0,0,6,0,0,60,1,0
0,3,0,5,1,8,1,0,60,0,0
0,3,0,7,0,9,0,0,60,0,0
0,3,1,9,0,8,1,0,60,0,0
0,3,1,0,0,3,0,0,120,0,0
0,3,0,5,0,0,1,0,60,0,0
0,3,1,2,0,4,0,0,60,0,0
0,3,1,2,0,7,0,0,90,0,0
0,3,0,4,0,5,0,0,60,0,0
0,3,1,2,1,10,0,0,300,0,0
0,3,1,0,0,9,0,0,150,0,0
0,3,1,7,0,6,1,0,60,0,0
0,3,0,11,0,2,0,0,60,0,1
0,3,1,9,0,7,0,0,120,0,0
0,3,1,2,0,7,0,0,60,0,0
0,3,1,11,1,5,0,0,120,0,0
0,3,1,8,0,9,0,0,120,0,1
0,3,1,10,0,0,0,0,120,0,0
0,3,1,1,0,2,0,0,180,0,0
0,3,0,12,0,3,0,0,120,0,0
0,3,0,9,0,9,0,0,120,0,0
0,3,0,3,0,1,0,0,180,0,1
0,3,1,9,0,8,1,0,60,0,0
0,3,1,7,0,7,0,0,120,0,0
0,3,0,12,0,3,0,0,60,0,0
0,3,1,3,1,1,0,0,120,1,1
0,3,1,9,1,9,1,0,120,0,0
0,3,1,3,0,6,1,0,120,0,0
0,3,0,8,0,8,0,0,90,0,1
0,3,0,5,0,5,0,0,120,0,1
0,3,1,10,0,7,0,0,120,0,0
0,3,0,3,0,1,0,0,60,0,1
0,3,0,7,0,2,1,0,120,0,1
0,3,1,0,0,0,0,0,120,0,0
0,3,1,7,0,7,0,0,60,1,1
0,3,1,0,0,9,0,0,120,0,1
0,3,1,4,0,6,0,0,120,0,0
0,3,1,12,0,8,0,0,240,0,1
0,3,1,10,0,8,0,0,60,0,0
0,3,0,2,1,10,0,0,60,0,0
0,3,0,8,1,5,2,1,60,0,1
0,3,1,9,0,6,2,0,60,0,0
0,3,0,8,0,9,2,0,60,0,0
0,3,1,10,1,0,1,0,60,0,0
0,3,0,8,0,3,1,0,60,0,0
0,3,1,12,0,2,1,1,60,0,0
0,3,0,8,0,9,2,0,60,0,1
0,3,1,9,0,9,1,1,60,0,1
0,3,1,1,0,6,1,0,60,0,0
0,3,0,0,1,4,1,1,60,1,0
0,3,0,11,0,4,1,0,60,0,0
0,3,1,10,0,5,1,0,60,0,0
0,3,0,1,0,6,1,0,60,0,0
0,3,0,1,0,7,1,0,60,0,0
0,3,1,7,0,6,1,0,60,0,0
0,3,0,6,0,4,1,0,60,0,1
0,3,0,7,1,6,1,0,60,0,1
0,3,1,8,0,8,1,0,60,0,0
0,3,1,7,1,5,1,0,90,0,0
0,3,0,5,0,3,1,0,60,0,0
0,3,1,3,0,9,1,0,60,0,0
0,3,1,6,0,6,1,0,60,0,0
0,3,0,12,1,3,1,0,60,0,1
0,3,1,3,1,3,1,0,60,0,0
0,3,0,7,0,4,1,0,60,0,0
0,3,0,8,0,7,1,0,60,1,0
0,3,1,11,1,0,1,1,120,0,0
0,3,1,7,1,4,1,0,60,0,0
0,3,0,6,0,8,0,0,60,0,0
0,3,1,3,1,5,1,0,60,0,0
0,3,0,3,1,3,1,1,60,0,0
0,3,1,6,0,7,1,0,60,0,0
0,3,1,3,0,5,1,1,60,0,0
0,3,0,1,1,4,1,0,90,0,0
0,3,0,2,0,4,1,0,60,0,1
0,3,0,9,1,3,1,0,120,0,1
0,3,0,9,1,1,0,0,60,0,0
0,3,1,9,1,5,1,0,60,0,1
0,3,0,11,1,5,0,0,120,0,0
0,3,1,9,1,2,1,0,60,0,0
0,3,1,5,0,2,1,0,60,0,0
0,3,0,11,0,3,0,0,60,0,1
0,3,0,11,0,7,1,0,60,0,0
0,3,0,11,0,7,1,0,60,0,0
0,3,1,3,0,3,1,0,360,0,1
0,3,1,10,0,9,1,1,60,0,0
0,3,1,3,1,4,1,0,60,0,0
0,3,1,1,0,8,1,0,120,0,0
0,3,0,0,0,7,0,1,60,0,0
0,3,0,5,0,0,0,0,60,0,0
0,3,1,3,0,4,1,0,60,0,0
0,3,0,0,0,6,1,0,60,1,0
0,3,0,1,1,2,1,0,60,0,0
0,3,1,0,1,7,1,0,60,0,0
0,3,0,9,1,4,1,0,60,0,0
0,3,1,3,0,1,1,1,60,1,0
0,3,1,5,0,1,0,0,60,0,0
0,3,0,8,0,9,0,0,60,0,0
0,3,0,7,0,8,1,0,60,0,0
0,3,0,6,0,0,1,1,60,0,1
0,3,0,5,0,7,0,0,120,0,0
0,3,0,5,0,9,1,0,60,0,1
0,3,1,11,0,8,0,0,90,0,0
0,3,1,11,0,5,1,0,60,0,0
0,3,0,0,1,9,1,0,60,0,0
0,3,0,8,0,5,1,0,60,1,0
0,3,0,9,0,6,1,0,60,0,0
0,3,0,7,0,8,0,0,60,0,0
0,3,1,7,1,5,0,0,60,0,1
0,3,1,8,0,9,0,1,60,0,0
0,3,1,5,0,7,1,1,60,0,0
0,3,1,4,1,2,1,0,120,0,0
0,3,0,0,1,4,1,0,60,0,0
0,3,0,0,0,8,0,0,120,0,0
0,3,0,1,1,6,1,0,60,0,0
0,3,1,9,0,5,2,0,60,0,0
0,3,0,5,1,2,1,0,120,0,0
0,3,1,4,0,6,0,0,60,0,0
0,3,0,3,0,8,0,0,60,0,0
0,3,0,1,1,9,1,0,210,0,1
0,3,1,9,0,5,1,0,60,0,0
0,3,0,12,0,2,1,0,90,0,0
0,3,0,1,1,8,1,0,60,0,0
0,3,0,7,0,2,1,0,60,0,0
0,3,1,11,1,5,1,0,60,0,0
0,3,0,0,1,9,1,1,60,0,0
0,3,1,5,0,1,1,0,90,0,0
0,3,1,12,1,4,1,0,60,0,0
0,3,0,5,0,9,1,0,120,0,1
0,3,1,5,1,0,1,0,120,0,0
0,3,0,8,0,7,1,0,180,1,0
1,0,0,0,1,2,0,2,60,0,0
1,0,0,0,1,2,0,0,120,0,0
1,0,1,6,1,0,0,2,120,1,1
1,0,1,8,1,6,0,0,120,0,0
1,0,1,4,0,3,1,0,60,0,0
1,0,0,3,0,1,0,1,60,0,1
1,0,0,2,0,0,1,2,120,0,0
1,0,1,6,0,7,1,0,120,1,0
1,0,0,12,1,7,0,0,60,0,1
1,0,1,11,0,1,1,1,60,0,1
1,0,0,1,1,1,0,1,150,0,1
1,0,0,3,0,5,0,0,60,0,0
1,0,0,0,1,3,0,0,60,0,0
1,0,0,6,1,5,0,0,120,0,0
1,0,0,6,1,0,0,0,60,1,0
1,0,0,1,1,5,1,0,60,0,1
1,0,0,11,0,4,0,2,90,0,0
1,0,0,5,0,2,0,0,60,0,0
1,0,0,5,0,5,0,1,150,0,0
1,0,1,7,0,6,1,0,60,0,1
1,0,0,4,1,4,0,0,90,0,0
1,0,0,5,1,0,0,0,180,0,0
1,0,0,0,1,6,1,0,60,0,0
1,0,0,0,1,4,0,0,60,0,0
1,0,0,3,1,2,1,4,120,1,0
1,0,0,10,1,2,0,0,180,0,0
1,0,0,0,1,5,0,0,60,0,0
1,0,1,10,0,5,0,0,120,0,0
1,0,0,5,0,6,1,0,60,0,0
1,0,0,11,0,3,0,0,180,0,1
1,0,1,1,0,3,1,0,75,0,0
1,0,0,3,1,1,0,0,60,0,1
1,0,0,12,0,4,1,0,60,0,0
1,0,0,0,1,6,0,0,60,0,1
1,0,0,0,0,2,0,0,60,0,0
1,0,0,0,1,1,0,3,135,0,0
1,0,0,8,1,8,0,1,60,0,0
1,0,0,8,1,7,0,0,60,0,1
1,0,0,4,0,2,0,0,60,0,0
1,0,0,0,0,2,1,0,180,0,1
1,0,0,7,1,9,1,0,120,0,0
1,0,0,8,1,3,1,0,120,1,0
1,0,0,2,0,7,0,0,60,0,0
1,0,0,0,0,4,0,0,60,0,0
1,0,1,3,0,4,1,0,60,0,0
1,0,0,3,1,3,1,0,70,1,0
1,0,0,10,1,2,0,2,120,0,0
1,0,0,1,0,7,0,1,180,0,1
1,0,0,0,0,7,1,0,60,1,0
1,0,0,6,0,1,1,1,60,0,0
1,0,0,11,1,0,0,2,60,1,0
1,0,0,6,0,4,0,1,180,1,1
1,0,0,12,1,4,1,1,120,0,1
1,0,0,10,1,3,0,0,60,0,0
1,0,0,6,1,0,1,0,70,0,0
1,0,0,1,0,0,0,0,120,0,1
1,0,0,0,1,3,1,0,60,0,0
1,0,0,3,0,5,0,0,120,1,0
1,0,0,11,1,1,1,0,60,0,1
1,0,1,1,0,2,0,0,60,0,0
1,0,1,9,0,3,0,0,60,0,0
1,0,0,1,0,9,0,0,60,1,0
1,0,0,0,1,4,0,1,60,0,1
1,0,1,11,0,10,0,0,60,0,0
1,0,0,5,1,1,1,0,60,0,0
1,0,0,9,1,4,1,1,120,0,0
1,0,0,11,1,0,0,1,120,0,1
1,0,0,7,1,7,0,0,60,0,0
1,0,0,12,0,5,0,0,60,0,0
1,0,0,11,1,0,0,1,60,0,1
1,0,0,3,0,4,1,0,60,0,0
1,0,0,5,1,0,0,1,60,0,0
1,0,1,10,0,5,1,0,60,0,0
1,0,0,0,0,3,0,0,60,0,1
1,0,0,0,1,2,1,0,120,0,1
1,0,0,11,1,6,0,2,120,0,0
1,0,0,3,0,1,0,0,60,0,0
1,0,0,5,1,4,0,1,60,0,0
1,0,0,2,0,8,0,1,270,0,1
1,0,0,10,1,1,0,1,150,0,1
1,0,0,9,0,6,0,0,60,0,1
1,0,0,0,1,0,1,2,120,0,0
1,0,0,9,0,8,1,1,225,1,0
1,0,0,11,1,4,1,1,120,0,1
1,0,0,6,1,3,1,2,60,0,0
1,0,0,5,0,1,1,2,120,1,1
1,0,0,12,1,0,0,2,60,0,0
1,0,0,5,1,1,1,1,120,1,0
1,0,1,7,1,5,0,0,120,0,0
1,0,1,10,0,7,1,0,120,0,0
1,0,0,10,1,1,1,0,60,1,0
1,0,1,12,1,5,1,0,60,0,0
1,0,0,9,0,4,0,1,60,0,1
1,0,0,9,0,6,0,1,120,0,0
1,0,0,11,1,7,0,0,60,0,0
1,0,0,0,0,2,0,0,180,1,0
1,0,0,3,0,0,0,0,120,0,0
1,0,0,6,1,1,1,1,60,0,0
1,0,1,10,0,7,1,0,60,0,0
1,0,0,7,0,4,0,0,60,0,0
1,0,0,8,1,6,1,0,60,0,1
1,0,0,12,0,3,1,1,120,0,1
1,0,0,0,0,9,0,0,60,0,0
1,0,0,11,1,2,0,0,60,0,0
1,0,0,0,0,0,0,2,585,0,1
1,0,0,5,1,1,0,2,60,0,1
1,0,0,10,1,8,0,0,60,0,0
1,0,0,11,1,0,0,0,180,1,1
1,0,0,5,1,4,0,1,60,1,0
1,0,1,4,0,0,0,0,60,0,0
1,0,0,5,0,2,0,1,60,0,0
1,0,0,5,1,0,0,0,180,0,1
1,0,0,5,1,1,1,1,60,0,0
1,0,1,7,1,7,0,0,60,0,0
1,0,0,12,0,5,0,0,60,0,0
1,0,0,1,0,2,1,0,60,0,0
1,0,0,6,1,1,0,0,60,0,0
1,0,0,6,0,8,0,2,120,1,0
1,0,0,3,0,5,1,0,120,0,1
1,0,0,4,0,4,0,1,60,0,1
1,0,0,11,1,9,0,0,60,0,0
1,0,0,3,1,5,1,2,60,0,0
1,0,0,0,1,5,1,0,150,1,1
1,0,0,8,0,4,0,1,180,0,1
1,0,1,1,1,4,0,1,120,0,1
1,0,0,5,1,0,0,2,60,1,1
1,0,0,8,0,4,0,1,120,1,0
1,0,0,4,0,4,0,0,60,0,0
1,0,0,2,1,4,1,0,325,0,0
1,0,0,9,1,3,0,1,120,0,1
1,0,0,5,1,8,1,1,60,0,1
1,0,0,5,1,1,0,2,120,0,1
1,0,0,11,0,0,0,1,120,0,0
1,0,0,2,1,2,1,0,120,0,0
1,0,0,12,1,2,0,1,180,0,1
1,0,0,8,0,9,0,2,60,0,1
1,0,0,9,1,1,0,0,60,0,0
1,0,0,4,0,2,0,1,60,0,0
1,0,0,2,1,8,1,3,60,0,0
1,0,0,9,1,3,1,0,120,0,0
1,0,0,7,0,4,0,0,60,0,0
1,0,1,3,1,0,1,0,60,0,0
1,0,0,11,0,6,0,0,120,0,0
1,0,0,7,0,6,0,0,60,0,0
1,0,0,1,0,9,0,0,180,0,0
1,0,0,10,1,1,0,0,60,0,0
1,0,0,8,0,7,0,0,120,0,0
1,0,0,9,1,5,0,3,120,1,0
1,0,0,2,0,8,0,0,120,0,0
1,0,0,11,1,1,1,0,120,0,0
1,0,0,0,1,3,0,0,90,0,0
1,0,0,9,1,0,0,0,150,0,1
1,0,1,1,1,4,0,0,60,0,1
1,0,0,8,1,8,0,0,60,0,0
1,0,0,3,0,1,0,2,300,0,0
1,0,1,10,0,9,0,0,60,0,1
1,0,0,6,0,9,0,0,120,0,0
1,0,0,1,0,2,1,3,180,1,1
1,0,0,4,0,1,0,1,60,0,0
1,0,0,4,0,7,0,2,130,0,0
1,0,0,8,0,4,1,1,60,1,1
1,0,1,8,1,4,1,1,180,0,1
1,0,0,0,0,6,0,0,60,0,1
1,0,0,8,1,9,0,0,150,0,0
1,0,1,4,1,2,1,3,60,0,1
1,0,0,3,1,4,0,0,60,0,0
1,0,1,7,1,9,1,3,195,0,0
1,0,0,1,1,0,0,2,60,0,0
1,0,0,0,1,2,0,3,180,0,1
1,0,0,12,1,2,1,1,60,0,0
1,0,0,8,0,4,0,0,60,0,0
1,0,0,9,0,4,1,1,60,0,0
1,0,0,7,0,3,1,0,60,0,0
1,0,0,10,0,2,0,0,150,0,0
1,0,0,3,1,2,0,0,60,0,0
1,0,0,6,0,9,0,0,60,0,0
1,0,0,10,1,2,0,0,150,0,1
1,0,0,11,0,1,0,0,60,0,0
1,0,0,10,1,6,1,0,60,0,1
1,0,0,0,0,7,0,0,180,0,0
1,0,0,12,1,0,0,0,60,0,0
1,0,0,3,0,0,0,0,90,0,0
1,0,0,11,1,8,0,2,60,0,0
1,0,1,8,0,8,0,0,60,0,0
1,0,0,1,1,8,0,2,60,0,1
1,0,0,5,0,2,0,0,60,0,0
1,0,0,9,0,2,1,0,120,0,0
1,0,0,0,1,1,0,2,240,0,0
1,0,0,5,1,8,0,0,105,0,1
1,0,0,9,1,4,0,1,90,0,0
1,0,0,9,1,2,0,0,60,0,1
1,0,0,9,0,4,0,0,240,0,0
1,0,0,10,1,5,0,3,150,0,0
1,0,0,7,0,3,0,0,90,0,0
1,0,0,1,1,2,0,1,120,0,0
1,0,0,6,1,4,0,1,120,0,0
1,0,0,9,0,1,0,0,60,0,0
1,0,0,9,0,2,0,0,90,0,1
1,0,0,1,0,4,0,0,60,0,0
1,0,0,5,1,2,0,0,60,0,1
1,0,0,12,1,2,0,0,120,0,1
1,0,1,11,0,3,1,0,60,0,1
1,0,0,10,1,4,0,0,60,1,0
1,0,1,8,1,5,0,0,60,0,1
1,0,0,8,0,4,0,0,180,1,0
1,0,0,3,0,7,1,1,60,0,0
1,0,0,3,1,2,0,0,60,0,0
1,0,1,1,1,4,1,1,60,0,0
1,0,0,1,1,4,0,2,60,0,0
1,0,0,10,1,3,0,1,120,0,0
1,0,0,2,1,2,0,1,195,0,1
1,0,0,8,0,10,1,0,60,0,0
1,0,0,10,1,7,1,0,60,0,0
1,0,0,6,1,0,1,0,120,0,0
1,0,0,5,1,0,0,2,120,0,1
1,0,0,5,1,0,0,0,60,0,0
1,0,0,1,1,5,1,2,120,0,1
1,0,0,1,1,5,0,0,60,0,1
1,0,0,12,0,8,1,1,120,0,1
1,0,0,10,0,4,0,0,180,0,0
1,0,0,9,1,5,1,0,60,0,1
1,0,0,10,0,1,0,0,90,0,0
1,0,0,12,0,5,0,0,180,0,1
1,0,0,9,1,5,0,0,120,0,0
1,0,0,11,0,0,0,0,240,1,1
1,0,1,5,0,5,0,1,60,0,0
1,0,0,10,0,1,0,0,180,0,0
1,0,0,10,1,2,0,0,60,0,1
1,0,1,0,1,4,1,1,120,0,0
1,0,0,3,1,3,0,0,240,0,0
1,0,1,7,0,7,1,1,180,0,0
1,0,0,0,1,6,1,0,60,1,0
1,0,0,10,0,6,0,1,60,0,0
1,0,0,7,0,9,0,0,60,0,0
1,0,0,11,1,2,0,0,60,0,0
1,0,0,3,0,1,0,2,60,0,0
1,0,0,11,1,1,0,0,60,0,0
1,0,1,10,1,0,1,0,60,0,0
1,0,0,3,1,1,0,1,60,0,0
1,0,0,9,0,5,1,1,60,0,1
1,0,1,4,1,7,1,0,60,0,0
1,0,0,3,1,0,0,1,120,0,0
1,0,0,7,1,7,0,2,120,0,0
1,0,0,11,1,0,0,1,300,1,1
1,0,0,1,1,0,0,0,60,1,0
1,0,0,10,1,5,1,1,180,0,1
1,0,1,11,1,3,1,0,60,0,0
1,0,0,9,0,4,0,0,180,0,1
1,0,0,3,0,2,1,1,120,1,0
1,0,1,0,1,0,1,0,150,0,0
1,0,0,1,1,3,0,2,150,0,0
1,0,0,9,0,8,1,0,120,0,0
1,0,0,10,1,1,1,0,120,0,1
1,0,0,2,0,8,0,1,105,0,0
1,0,0,5,0,3,1,0,120,0,1
1,0,0,3,0,1,0,0,60,1,1
1,0,0,11,0,4,0,0,150,0,1
1,0,0,0,0,6,1,0,120,0,1
1,0,0,1,0,5,0,0,120,0,1
1,0,1,1,1,2,1,1,120,1,0
1,0,0,10,1,1,0,0,60,0,0
1,0,0,5,1,5,1,1,180,0,1
1,0,0,11,0,0,0,0,60,0,0
1,0,0,12,0,1,0,0,60,0,1
1,0,0,3,0,1,0,0,120,0,0
1,0,0,9,0,3,0,0,60,0,0
1,0,0,12,1,1,1,0,60,0,0
1,0,0,6,1,0,0,0,60,0,0
1,0,1,10,0,1,0,0,120,0,0
1,0,0,7,1,6,0,3,120,0,0
1,0,0,8,0,9,0,0,60,1,0
1,0,0,0,1,8,0,1,120,0,0
1,0,0,4,0,1,0,0,120,0,1
1,0,0,0,0,2,0,2,120,0,0
1,0,0,1,0,9,0,2,120,1,1
1,0,0,0,0,6,1,1,195,0,1
1,0,0,0,1,7,0,0,180,0,1
1,0,0,8,1,4,0,1,330,1,0
1,0,0,4,1,2,0,0,120,0,0
1,0,0,11,1,0,0,1,60,1,1
1,0,0,3,1,1,0,0,60,0,0
1,0,0,12,0,1,0,0,60,0,1
1,0,0,3,0,2,0,1,120,1,1
1,0,0,1,0,1,0,0,60,0,1
1,0,0,3,0,4,0,1,60,0,0
1,0,0,12,0,5,0,1,60,0,0
1,0,0,0,0,8,1,0,120,0,0
1,0,0,6,0,3,0,1,120,0,0
1,0,0,3,0,3,0,0,120,0,0
1,0,0,11,0,2,0,0,60,0,0
1,0,0,1,1,5,0,0,60,0,1
1,0,0,0,1,4,0,0,60,1,0
1,0,0,9,0,3,0,0,60,0,0
1,0,0,8,1,7,0,1,60,0,0
1,0,1,7,1,7,0,1,120,0,0
1,0,0,2,1,2,0,0,90,0,1
1,0,0,7,0,3,0,2,120,0,0
1,0,1,6,2,3,1,0,60,0,0
1,0,1,11,0,1,0,0,120,0,1
1,0,0,1,1,1,1,0,60,1,0
1,0,0,0,1,6,0,0,60,0,0
1,0,0,1,1,8,1,0,120,0,0
1,0,0,12,0,7,1,2,60,0,0
1,0,1,7,0,3,0,1,60,0,0
1,0,1,6,0,2,0,1,60,0,0
1,0,0,3,1,3,0,1,60,0,0
1,0,0,8,0,8,0,1,60,0,0
1,0,0,5,1,7,1,1,90,0,1
1,0,0,9,0,6,1,0,60,0,0
1,0,0,11,1,4,0,1,180,0,0
1,0,0,6,0,7,0,2,120,0,0
1,0,1,4,1,1,0,0,60,0,0
1,0,0,6,0,5,1,0,60,0,0
1,0,0,11,0,4,0,1,60,0,0
1,0,1,4,0,1,1,0,60,0,1
1,0,0,12,1,0,0,0,60,0,0
1,0,0,6,0,6,1,2,120,0,0
1,0,0,10,1,7,0,0,180,0,0
1,0,0,1,0,5,0,1,90,0,0
1,0,0,5,1,3,0,0,60,1,1
1,0,1,0,0,3,1,0,60,0,0
1,0,0,1,1,2,0,0,60,0,1
1,0,0,12,0,0,0,0,90,0,0
1,0,0,3,0,3,0,1,120,0,0
1,0,0,6,0,6,1,0,60,0,0
1,0,1,1,1,0,1,0,120,0,1
1,0,0,6,0,6,0,0,60,0,0
1,0,0,4,0,8,0,1,60,0,0
1,0,0,0,1,1,0,0,60,0,0
1,0,1,11,1,0,1,0,120,1,0
1,0,0,3,0,8,0,0,120,0,0
1,0,0,5,1,1,1,0,60,0,0
1,0,0,8,1,4,0,1,120,0,1
1,0,0,1,1,2,0,2,240,0,0
1,0,1,6,1,3,1,1,75,0,1
1,0,0,12,0,0,0,2,120,0,0
1,0,0,2,1,1,0,1,120,0,1
1,0,0,11,0,6,0,2,120,0,1
1,0,1,5,0,0,0,1,240,0,0
1,0,0,8,0,9,0,0,180,0,0
1,0,1,9,0,5,0,1,180,0,0
1,0,0,12,1,5,1,0,60,0,0
1,0,0,10,0,0,0,1,60,0,0
1,0,0,10,0,5,0,2,120,0,0
1,0,0,12,1,1,1,0,60,0,0
1,0,0,10,1,0,0,1,120,0,0
1,0,0,11,1,6,0,0,60,0,0
1,0,0,12,1,1,0,1,60,0,0
1,0,0,2,1,10,1,2,210,0,1
1,0,0,10,0,2,0,0,60,0,0
1,0,1,11,0,7,0,0,120,0,0
1,0,0,10,1,1,0,2,120,0,0
1,0,0,10,1,1,0,0,60,0,0
1,0,0,9,0,4,0,0,60,0,0
1,0,0,2,0,7,0,0,120,0,1
1,0,0,9,1,4,1,1,60,0,0
1,0,0,9,0,4,0,0,120,0,1
1,0,0,12,0,1,0,1,120,0,0
1,0,0,7,0,2,0,2,240,1,0
1,0,0,1,0,2,0,0,60,0,1
1,0,1,7,1,0,1,1,180,0,0
1,0,0,5,0,6,0,0,90,0,0
1,0,0,0,2,2,0,1,60,1,0
1,0,0,10,0,3,0,0,120,0,0
1,0,0,1,1,2,0,1,180,1,0
1,0,0,3,1,5,1,0,60,0,0
1,0,0,11,0,3,0,0,60,0,0
1,0,0,3,0,5,1,1,60,0,0
1,0,0,8,1,10,1,0,60,0,0
1,0,1,6,0,2,0,0,60,0,0
1,0,0,11,1,0,0,0,60,0,1
1,0,0,2,1,7,1,0,150,0,0
1,0,0,6,1,2,0,0,150,0,1
1,0,0,5,1,0,0,1,60,0,1
1,0,0,6,0,3,1,1,60,0,0
1,0,0,10,0,3,0,1,120,0,1
1,0,0,11,1,0,0,1,120,0,0
1,0,0,6,1,6,0,1,60,0,1
1,0,0,1,0,6,0,0,60,1,0
1,0,1,5,0,5,0,0,60,0,0
1,0,0,7,1,4,0,1,60,0,0
1,0,0,12,0,6,0,0,60,0,0
1,0,0,12,0,6,0,2,180,0,0
1,0,0,3,1,4,0,0,60,0,1
1,0,0,1,0,5,0,2,120,0,0
1,0,0,7,1,4,0,0,60,1,0
1,0,0,6,0,0,1,2,180,0,0
1,0,0,5,1,1,1,0,60,0,0
1,0,0,0,1,5,1,1,60,0,0
1,0,0,7,0,2,0,0,120,1,1
1,0,0,3,2,1,0,1,120,0,1
1,0,0,1,0,4,0,1,120,0,0
1,0,0,7,1,4,0,0,180,0,0
1,0,0,2,1,6,1,1,120,0,1
1,0,1,9,0,2,0,0,60,0,0
1,0,0,0,0,2,0,0,60,0,0
1,0,1,5,0,7,0,0,120,1,0
1,0,0,4,1,4,0,0,90,0,0
1,0,0,8,1,9,1,0,60,0,1
1,0,0,6,0,4,1,1,120,0,1
1,0,0,4,1,2,0,1,120,0,1
1,0,0,12,1,7,1,0,60,0,0
1,0,0,12,1,1,0,1,120,1,0
1,0,0,8,0,7,0,0,90,0,0
1,0,0,3,0,1,0,1,150,0,1
1,0,0,8,1,4,0,1,180,0,1
1,0,0,12,0,0,0,1,120,0,0
1,0,0,10,0,8,1,0,60,0,0
1,0,0,3,0,2,0,0,60,0,0
1,0,1,9,0,3,0,0,60,0,0
1,0,0,0,2,4,0,0,120,0,0
1,0,0,9,0,1,0,0,60,0,1
1,0,0,6,1,0,0,1,120,0,1
1,0,0,8,1,9,1,1,180,0,0
1,0,0,0,1,3,0,0,60,0,1
1,0,0,5,1,0,0,0,120,0,0
1,0,0,5,1,2,0,0,60,0,0
1,0,0,0,0,7,0,0,60,0,0
1,0,0,7,1,6,0,0,60,0,0
1,0,0,8,1,3,0,1,120,1,1
1,0,0,12,0,6,0,1,120,0,0
1,0,0,11,2,0,0,1,120,0,0
1,0,0,12,1,2,0,0,60,0,1
1,0,1,7,0,5,1,0,120,0,0
1,0,0,6,1,6,1,0,60,0,0
1,0,0,11,1,0,0,0,60,0,0
1,0,0,4,0,1,0,0,60,0,0
1,0,0,1,0,1,0,0,120,0,0
1,0,0,8,0,5,0,0,60,0,0
1,0,0,5,1,4,0,0,60,0,0
1,0,0,0,0,3,0,0,60,0,0
1,0,0,5,1,0,1,0,120,0,0
1,0,0,11,1,3,0,0,60,0,0
1,0,1,11,0,7,1,0,60,0,0
1,0,1,10,1,1,1,0,60,1,1
1,0,0,4,0,4,0,0,60,0,0
1,0,0,0,1,3,0,0,120,0,0
1,0,0,5,1,2,1,0,135,1,0
1,0,1,8,0,7,1,0,60,0,1
1,0,0,1,1,1,0,1,120,0,0
1,0,0,3,0,2,0,0,180,0,0
1,0,0,0,1,5,0,0,120,0,0
1,0,0,12,0,3,0,0,180,0,0
1,0,0,9,1,7,1,0,120,0,0
1,0,0,3,2,1,0,1,240,0,0
1,0,0,4,1,5,1,1,180,0,0
1,0,0,12,0,2,1,0,60,0,0
1,0,0,0,0,5,0,0,240,0,1
1,0,0,8,1,7,0,1,180,0,0
1,0,0,9,1,3,0,0,180,0,0
1,0,0,0,0,3,0,1,120,0,0
1,0,0,1,1,2,0,1,180,0,0
1,0,0,8,0,6,0,1,180,0,0
1,0,0,3,1,3,1,1,120,0,1
1,0,0,9,1,4,0,1,120,1,0
1,0,0,10,1,6,0,1,120,0,0
1,0,0,9,1,6,0,1,120,0,0
1,0,0,12,0,5,1,1,120,0,0
1,0,0,12,0,0,0,1,180,0,0
1,0,0,0,1,7,0,1,120,0,0
1,0,0,5,1,0,0,0,120,0,0
1,0,1,7,1,1,1,0,60,0,0
1,0,0,6,0,4,0,0,60,0,1
1,0,0,7,0,9,0,0,60,0,0
1,0,0,7,1,2,0,0,60,1,1
1,0,0,8,1,9,0,0,60,0,0
1,0,0,11,0,1,0,0,60,0,1
1,0,0,3,0,4,0,0,180,0,0
1,0,0,8,1,4,0,0,60,0,0
1,0,0,3,1,3,0,0,60,0,1
1,0,0,8,0,9,0,0,120,0,0
1,0,0,8,0,9,0,1,120,0,0
1,0,1,0,1,2,0,0,120,0,1
1,0,0,5,1,3,0,0,60,0,0
1,0,0,3,0,2,0,1,120,0,0
1,0,0,10,1,0,0,1,120,0,0
1,0,0,0,0,9,0,0,60,1,1
1,0,0,11,0,5,0,0,60,0,0
1,0,0,9,1,3,0,0,135,1,0
1,0,1,3,0,3,0,0,120,0,0
1,0,0,5,1,0,1,0,60,0,0
1,0,0,7,0,8,0,0,135,0,0
1,0,0,5,1,2,0,0,60,0,0
1,0,0,5,1,7,1,0,60,0,0
1,0,0,7,1,0,0,1,210,0,0
1,0,0,1,1,5,0,0,60,0,0
1,0,0,3,0,1,0,0,60,0,0
1,0,0,3,0,3,1,1,180,0,0
1,0,0,3,0,5,1,1,240,0,1
1,0,0,0,0,1,1,1,135,0,1
1,0,0,0,0,6,1,0,120,0,1
1,0,0,10,1,0,1,1,120,1,0
1,0,1,8,0,5,1,0,60,0,0
1,0,0,12,1,8,0,0,60,0,1
1,0,0,10,0,3,0,1,120,0,1
1,0,0,11,1,6,0,1,120,0,0
1,0,0,3,0,5,0,0,60,0,0
1,0,0,7,1,3,1,0,60,1,0
1,0,0,6,0,4,0,1,180,0,0
1,0,0,1,0,6,0,1,180,0,0
1,0,0,8,0,5,1,0,60,0,0
1,0,0,1,0,5,0,0,60,1,1
1,0,0,11,1,0,0,0,60,0,0
1,0,0,12,0,0,0,0,90,0,0
1,0,0,4,1,0,0,1,120,0,0
1,0,0,4,1,2,0,0,150,0,0
1,0,0,0,1,7,0,0,60,0,0
1,0,0,9,1,6,0,1,120,0,0
1,0,0,0,0,4,0,0,60,1,0
1,0,0,5,0,6,1,0,60,0,1
1,0,0,10,1,1,0,0,60,0,0
1,0,0,1,1,0,0,0,60,0,0
1,0,0,11,1,7,0,0,60,0,0
1,0,0,7,1,3,1,0,60,1,0
1,0,0,10,0,8,1,1,120,0,0
1,0,0,12,0,2,1,0,60,0,0
1,0,0,9,0,0,0,0,60,0,0
1,0,0,4,0,1,0,0,60,0,0
1,0,0,9,0,3,1,1,120,0,0
1,0,0,4,1,3,1,0,60,0,0
1,0,0,5,0,3,0,1,240,0,0
1,0,0,3,0,6,0,0,60,0,1
1,0,0,12,0,0,0,1,240,1,1
1,0,0,5,0,0,0,0,120,1,1
1,0,1,4,1,0,0,0,60,0,1
1,0,0,0,1,6,0,0,60,0,0
1,0,0,2,0,10,0,0,60,0,0
1,0,0,7,1,6,0,0,60,0,0
1,0,1,11,0,4,0,1,240,1,0
1,0,1,4,1,10,0,1,180,0,0
1,0,0,12,0,3,0,1,180,0,1
1,0,0,8,0,4,0,0,60,0,0
1,0,0,11,0,7,0,1,120,0,0
1,0,0,0,0,6,1,1,180,0,0
1,0,1,9,1,7,1,1,120,1,0
1,0,0,9,0,4,0,0,120,1,0
1,0,0,6,1,6,0,1,120,0,1
1,0,0,9,0,8,1,0,60,0,0
1,0,0,4,0,8,1,0,60,0,0
1,0,0,10,2,3,0,0,60,0,0
1,0,0,10,1,8,0,1,240,0,0
1,0,0,5,0,2,0,0,180,0,0
1,0,0,5,0,3,0,0,210,0,1
1,0,0,12,0,1,0,1,240,0,0
1,0,0,11,1,0,0,1,120,0,0
1,0,0,7,0,3,0,0,60,0,0
1,0,0,9,1,5,0,0,180,1,1
1,0,0,10,1,5,1,0,120,0,0
1,0,0,5,1,0,1,0,60,0,1
1,0,0,12,0,2,0,1,180,0,0
1,0,0,5,1,3,1,0,75,0,0
1,0,0,12,0,5,0,0,120,0,1
1,0,0,0,1,9,1,0,60,0,0
1,0,0,0,0,2,0,0,60,0,1
1,0,0,8,1,6,0,0,60,0,0
1,0,0,7,0,5,0,1,120,1,1
1,0,1,7,0,6,0,0,60,0,1
1,0,0,3,1,1,0,1,210,1,1
1,0,0,12,0,0,1,0,60,0,0
1,0,0,6,1,1,0,0,60,0,0
1,0,0,9,0,0,0,0,60,0,0
1,0,0,3,0,2,1,0,60,0,0
1,0,0,10,1,8,0,1,120,0,0
1,0,0,9,0,4,1,0,60,0,0
1,0,0,2,0,8,0,0,60,0,0
1,0,0,9,0,8,1,0,150,0,1
1,0,0,0,0,0,0,0,60,0,1
1,0,0,8,1,4,0,0,120,0,1
1,0,0,8,1,3,0,0,60,0,1
1,0,1,5,1,5,0,0,150,0,1
1,0,0,3,0,1,1,1,120,0,0
1,0,0,3,1,0,0,0,60,0,1
1,0,0,4,0,0,0,0,120,0,1
1,0,1,1,1,1,0,1,120,0,0
1,0,0,11,1,1,0,1,240,0,1
1,0,0,9,0,1,0,0,60,0,0
1,0,0,8,1,3,0,0,60,0,0
1,0,0,3,1,7,0,0,60,0,0
1,0,0,11,1,6,0,0,120,0,0
1,0,0,9,1,0,1,1,180,0,1
1,0,0,10,0,5,0,0,60,0,1
1,0,0,6,1,1,1,1,120,0,0
1,0,0,7,1,4,0,0,60,0,0
1,0,0,1,0,2,0,1,120,1,0
1,0,0,0,1,4,1,0,60,0,0
1,0,0,0,1,6,0,0,60,1,1
1,0,0,9,1,8,0,0,180,0,0
1,0,0,7,1,5,1,0,60,0,0
1,0,0,12,0,4,0,0,60,0,0
1,0,0,10,1,0,0,0,60,0,0
1,0,1,11,1,5,1,0,60,0,0
1,0,0,8,0,0,0,0,60,0,0
1,0,0,3,1,5,0,0,60,0,0
1,0,0,6,1,1,1,1,120,0,0
1,0,0,5,1,2,0,2,120,0,0
1,0,0,6,1,3,1,0,120,0,0
1,0,0,12,1,4,0,0,60,0,0
1,0,0,8,0,6,0,0,60,1,0
1,0,0,12,0,4,0,1,240,0,1
1,0,0,9,0,3,0,0,60,0,0
1,0,0,3,0,2,0,0,120,0,0
1,0,0,10,1,0,0,0,120,1,0
1,0,0,8,1,7,1,0,60,0,0
1,0,0,2,1,1,1,1,120,0,0
1,0,0,11,1,0,0,1,120,0,0
1,0,0,10,1,2,0,1,120,0,1
1,0,0,12,1,0,0,0,120,0,0
1,0,0,0,1,2,0,1,240,0,1
1,0,0,10,0,4,1,0,60,0,0
1,0,0,11,0,1,0,0,60,0,0
1,0,0,9,1,3,1,1,180,0,0
1,0,0,5,1,2,0,0,60,1,1
1,0,0,0,0,9,0,0,120,0,0
1,0,0,3,1,1,1,1,180,0,1
1,0,0,3,1,3,1,1,120,1,1
1,0,0,5,1,1,0,0,60,0,0
1,0,0,4,0,3,0,0,60,0,1
1,0,0,5,0,1,1,0,60,0,0
1,0,0,3,0,3,1,1,120,0,0
1,0,0,12,1,4,0,0,60,0,1
1,0,1,10,1,5,1,0,120,0,0
1,0,0,12,1,4,0,0,60,0,1
1,0,0,1,1,5,0,0,120,0,1
1,0,0,11,0,1,1,0,120,0,1
1,0,0,11,0,6,0,1,120,0,0
1,0,0,11,0,0,0,1,120,0,0
1,0,0,8,1,0,0,0,60,0,0
1,0,0,3,1,1,1,0,60,0,0
1,0,0,10,1,9,0,1,120,0,0
1,0,1,3,1,1,1,1,120,0,1
1,0,0,11,0,2,0,1,120,1,0
1,0,0,10,0,3,0,0,60,0,0
1,0,0,3,0,0,0,0,120,0,0
1,0,0,3,0,5,0,0,60,0,0
1,0,0,7,0,5,0,0,60,1,0
1,0,1,3,1,0,1,1,195,0,0
1,0,0,9,0,4,0,0,150,0,0
1,0,0,0,0,5,0,0,60,0,0
1,0,0,9,1,7,0,0,120,0,0
1,0,0,0,1,2,1,1,120,0,0
1,0,0,6,1,6,0,1,120,0,0
1,0,0,11,2,1,0,1,120,0,0
1,0,1,11,1,0,0,1,120,0,0
1,0,0,2,1,3,0,0,90,0,0
1,0,0,1,0,3,0,0,120,0,0
1,0,0,10,1,8,0,1,120,0,1
1,0,0,1,0,2,0,0,60,0,0
1,0,0,11,1,1,1,1,120,0,0
1,0,0,9,0,3,0,0,60,0,0
1,0,0,7,1,1,0,0,120,0,0
1,0,1,2,1,4,0,0,60,0,0
1,0,0,10,1,5,0,0,150,0,0
1,0,0,1,1,6,1,0,60,1,0
1,0,0,7,1,6,0,0,60,0,0
1,0,1,5,0,1,0,1,120,0,0
1,0,0,10,1,5,0,1,120,0,0
1,0,0,10,0,8,0,1,120,0,0
1,0,0,3,0,3,0,0,60,0,0
1,0,0,11,1,2,0,0,60,1,0
1,0,0,9,1,1,0,0,60,0,1
1,0,0,10,1,7,1,1,120,0,0
1,0,0,11,1,6,1,0,60,0,1
1,0,0,8,1,3,1,0,60,0,1
1,0,1,0,1,2,0,1,120,1,1
1,0,1,2,1,6,0,0,60,0,0
1,0,1,8,0,1,1,0,60,0,0
1,0,0,12,1,1,0,0,90,1,0
1,0,0,2,1,7,0,0,120,0,0
1,0,0,2,1,0,0,1,120,0,0
1,0,0,3,0,0,0,0,60,0,0
1,0,1,10,1,1,0,1,120,0,0
1,0,0,3,0,1,1,0,60,0,0
1,0,0,9,1,7,0,1,120,1,0
1,0,0,1,0,1,0,0,60,0,0
1,0,0,9,1,4,1,0,60,0,0
1,0,0,7,0,3,0,0,60,0,0
1,0,0,5,0,2,0,0,120,0,0
1,0,0,10,1,0,0,1,120,1,0
1,0,0,10,1,3,0,1,120,0,0
1,0,0,6,0,6,1,0,120,0,0
1,0,0,4,0,6,0,0,60,0,1
1,0,0,0,0,9,0,0,75,0,0
1,0,0,8,1,3,1,0,120,0,0
1,0,1,10,1,1,1,0,90,0,0
1,0,0,3,0,2,0,1,240,0,1
1,0,0,10,0,2,0,0,150,0,0
1,0,0,4,1,5,1,1,120,0,1
1,0,0,5,0,4,0,0,120,0,0
1,0,0,9,0,5,0,0,60,0,0
1,0,0,11,0,0,1,0,60,0,1
1,0,1,10,1,0,0,0,60,0,0
1,0,0,9,1,3,0,1,150,1,1
1,0,0,11,1,6,0,0,60,0,1
1,0,0,0,1,2,1,0,60,1,0
1,0,0,4,1,7,1,0,60,0,0
1,0,0,1,1,1,0,0,120,0,1
1,0,0,3,1,1,0,0,120,0,0
1,0,0,5,1,3,0,0,75,0,0
1,0,0,1,1,9,0,1,120,0,0
1,0,0,11,0,6,0,0,60,0,0
1,0,1,6,1,0,0,0,60,1,1
1,0,0,9,1,6,0,1,240,0,0
1,0,0,5,1,0,0,0,60,0,0
1,0,0,12,0,6,0,1,240,0,1
1,0,0,8,1,3,1,0,120,1,0
1,0,0,7,0,0,0,0,120,0,0
1,0,0,12,1,7,1,1,120,0,0
1,0,0,5,0,2,0,0,120,0,0
1,0,0,10,0,0,0,1,120,0,1
1,0,0,10,1,0,0,0,60,1,1
1,0,0,0,1,5,0,0,60,0,0
1,0,0,10,1,0,0,0,60,0,0
1,0,0,5,1,4,0,1,120,0,0
1,0,0,11,1,1,0,0,60,0,0
1,0,0,10,0,3,0,0,60,0,0
1,0,0,11,1,1,0,0,150,1,1
1,0,0,1,0,0,1,1,180,0,1
1,0,0,10,0,4,0,0,60,0,0
1,0,0,1,0,4,0,1,120,0,0
1,0,0,9,1,7,0,0,180,0,1
1,0,0,0,0,7,1,0,60,0,0
1,0,1,3,0,8,0,0,60,0,0
1,0,0,7,1,7,1,0,120,0,0
1,0,0,6,0,5,0,0,60,0,0
1,0,0,1,1,2,1,1,120,0,1
1,0,0,4,1,0,0,0,60,0,0
1,0,0,1,0,9,0,1,120,1,1
1,0,0,10,1,9,0,1,120,0,0
1,0,0,11,1,4,0,1,180,0,0
1,0,0,5,1,4,0,0,60,0,0
1,0,0,10,0,9,1,0,75,0,0
1,0,0,11,1,6,1,1,120,0,1
1,0,0,12,0,7,1,0,180,0,0
1,0,0,11,0,0,0,1,120,0,1
1,0,0,5,0,0,0,1,120,1,0
1,0,0,11,0,1,1,1,120,0,1
1,0,0,10,0,1,0,0,60,0,0
1,0,0,0,1,1,1,1,120,0,1
1,0,0,1,0,3,0,0,60,0,1
1,0,0,3,1,0,1,1,180,0,0
1,0,0,3,0,1,0,0,60,0,0
1,0,0,5,0,1,0,0,60,0,0
1,0,0,3,1,0,1,0,60,0,1
1,0,0,10,1,2,0,0,60,0,0
1,0,0,9,1,1,0,0,60,0,1
1,0,0,12,0,5,0,0,60,0,1
1,0,0,1,0,6,0,0,120,0,0
1,0,0,1,0,3,0,1,120,0,1
1,0,0,0,1,4,1,0,60,0,0
1,0,0,3,0,8,1,1,180,0,1
1,0,0,8,0,2,0,1,120,0,0
1,0,0,10,1,0,1,1,120,1,0
1,0,0,0,1,8,0,1,120,0,1
1,0,0,6,1,1,0,0,60,0,0
1,0,0,11,0,3,1,1,270,0,0
1,0,0,12,1,0,1,1,120,0,1
1,0,0,12,1,0,0,0,60,0,0
1,0,0,11,0,0,0,0,60,0,0
1,0,0,8,0,2,0,0,60,0,1
1,0,1,4,1,1,0,0,60,1,0
1,0,0,11,1,0,0,0,60,0,0
1,0,0,11,0,2,0,0,60,0,0
1,0,0,12,1,2,0,0,60,0,0
1,0,0,11,1,0,0,0,120,1,0
1,0,0,5,1,1,1,0,60,0,1
1,0,0,0,0,9,0,0,60,0,0
1,0,0,3,0,2,1,0,60,0,1
1,0,0,9,1,7,0,0,60,0,0
1,0,0,9,1,2,0,0,120,1,0
1,0,0,10,1,7,0,0,60,0,0
1,0,0,12,0,2,0,0,60,0,0
1,0,0,0,1,4,0,0,120,0,1
1,0,0,12,0,0,0,0,60,1,0
1,0,0,0,0,4,0,0,60,0,1
1,0,0,11,1,1,0,0,120,0,0
1,0,0,1,0,8,1,0,60,0,1
1,0,0,11,0,8,0,0,60,0,0
1,0,0,1,0,3,1,0,120,0,0
1,0,0,5,1,4,0,0,60,0,0
1,0,0,11,1,2,1,0,60,0,1
1,0,0,10,0,0,0,0,60,0,0
1,0,0,11,0,3,0,0,60,0,0
1,0,0,4,1,4,0,0,120,0,1
1,0,0,9,1,2,0,0,60,0,1
1,0,1,4,0,6,0,0,60,0,0
1,0,1,11,0,0,0,0,60,1,0
1,0,0,11,0,4,0,0,60,0,0
1,0,0,5,0,2,0,0,60,0,1
1,0,0,10,0,3,0,0,120,0,0
1,0,0,8,1,9,1,0,60,0,0
1,0,0,11,0,4,0,0,60,0,0
1,0,0,8,0,6,0,0,60,1,1
1,0,0,1,0,9,0,0,60,0,0
1,0,0,6,0,1,0,0,60,0,0
1,0,0,5,1,4,0,0,60,0,0
1,0,0,11,1,2,0,0,90,0,1
1,0,0,1,1,0,0,0,120,1,0
1,0,0,11,1,1,1,0,120,0,1
1,0,0,4,0,1,0,0,120,0,0
1,0,0,5,0,7,0,0,60,0,1
1,0,0,11,0,5,0,0,120,0,0
1,0,0,0,1,2,1,0,60,0,0
1,0,0,10,1,2,0,0,120,0,0
1,0,0,11,0,2,0,0,150,0,0
1,0,0,6,1,7,0,0,60,0,0
1,0,0,1,1,6,0,0,60,0,1
1,0,0,1,1,3,0,0,60,0,1
1,0,0,3,0,2,0,0,60,0,1
1,0,0,7,1,7,1,0,120,0,1
1,0,0,6,1,1,0,0,60,0,0
1,0,0,3,2,6,0,0,60,0,1
1,0,0,7,1,2,0,0,60,0,0
1,0,0,2,1,5,1,0,60,0,1
1,0,0,0,1,7,1,0,60,0,0
1,0,0,0,0,7,0,0,60,0,0
1,0,0,4,1,0,0,0,120,0,1
1,0,0,0,0,6,0,0,60,1,0
1,0,0,1,1,3,1,0,60,0,0
1,0,1,4,1,8,0,0,120,0,0
1,0,0,0,0,3,0,0,60,0,0
1,0,0,0,0,2,0,0,60,0,0
1,0,0,0,0,2,1,0,120,0,0
1,0,0,10,0,6,0,0,120,0,0
1,0,0,3,1,3,0,0,120,0,0
1,0,0,9,0,7,0,0,120,0,0
1,0,0,5,1,4,0,0,60,0,0
1,0,0,12,0,2,0,0,120,0,0
1,0,0,12,1,2,0,0,120,0,0
1,0,0,12,0,2,0,0,120,0,0
1,0,0,11,1,1,1,0,60,0,1
1,0,0,8,1,7,0,0,60,1,0
1,0,0,2,1,0,1,0,60,0,0
1,0,0,1,1,3,0,0,60,0,0
1,0,0,6,1,7,0,0,60,0,1
1,0,0,5,1,0,1,0,60,0,1
1,0,0,10,0,9,0,0,60,0,0
1,0,0,0,0,9,0,0,60,0,1
1,0,0,8,1,0,0,0,60,1,1
1,0,0,12,1,2,0,0,60,0,1
1,0,0,12,1,1,0,0,60,0,1
1,0,0,10,0,0,0,0,75,0,0
1,0,0,10,0,4,1,0,60,0,1
1,0,0,11,0,1,0,0,60,0,0
1,0,0,10,1,2,0,0,60,0,0
1,0,0,8,0,8,0,0,60,0,0
1,0,0,10,1,5,0,0,120,0,0
1,0,0,12,0,7,0,0,120,0,0
1,0,0,4,1,1,0,0,60,0,0
1,0,1,3,0,3,0,0,120,0,0
1,0,0,1,0,8,1,0,120,0,1
1,0,0,3,1,3,1,0,90,0,1
1,0,0,8,1,6,1,0,60,0,1
1,0,0,9,0,7,0,0,120,0,0
1,0,0,2,0,2,0,0,180,0,0
1,0,0,7,0,6,0,0,60,0,0
1,0,0,8,0,7,0,0,60,0,0
1,0,0,9,0,4,1,0,60,0,0
1,0,0,9,1,8,0,0,60,0,0
1,0,0,2,1,1,0,0,60,0,0
1,0,0,1,1,0,0,0,60,0,0
1,0,0,12,1,1,1,0,120,0,0
1,0,0,5,1,0,0,0,60,0,0
1,0,0,8,1,5,1,0,60,0,0
1,0,0,5,1,0,1,0,120,0,0
1,0,0,0,0,6,0,0,60,0,0
1,0,0,0,1,7,0,0,60,0,0
1,0,0,0,0,6,0,0,60,0,0
1,0,0,4,0,5,1,0,120,0,1
1,0,1,11,0,4,1,0,60,0,1
1,0,0,9,0,5,0,0,60,0,0
1,0,0,1,1,2,1,0,120,0,1
1,0,0,3,0,3,1,0,120,0,0
1,0,0,12,1,1,0,0,60,0,0
1,0,0,10,0,7,0,1,120,0,1
1,0,0,7,0,8,0,0,120,0,1
1,0,0,10,1,5,0,0,60,0,0
1,0,0,0,1,6,0,0,60,0,0
1,0,0,12,1,6,0,0,60,0,0
1,0,0,3,1,2,1,0,60,0,0
1,0,0,9,0,2,0,0,60,0,0
1,0,1,8,1,8,0,0,60,0,0
1,0,0,8,0,6,0,0,120,0,0
1,0,0,3,2,2,1,0,60,0,1
1,0,0,9,0,2,0,0,60,0,0
1,0,0,3,1,3,0,0,60,0,0
1,0,0,11,1,4,0,0,60,0,0
1,0,0,2,0,2,0,0,60,0,0
1,0,0,10,1,3,1,0,120,0,1
1,0,0,0,1,7,0,0,60,0,0
1,0,0,12,1,8,1,0,60,0,0
1,0,1,3,0,1,0,0,60,0,1
1,0,0,8,1,4,0,0,60,0,0
1,0,0,5,0,9,0,0,75,0,0
1,0,0,5,1,0,1,0,120,0,0
1,0,1,4,0,4,1,0,120,0,1
1,0,0,11,0,0,0,0,60,0,1
1,0,0,0,1,8,1,0,60,0,0
1,0,0,0,0,3,0,0,120,0,0
1,0,0,8,0,3,0,0,120,0,0
1,0,0,10,1,0,0,0,60,0,0
1,0,0,1,1,6,0,0,60,0,1
1,0,0,0,0,5,1,0,60,0,0
1,0,0,8,0,0,0,0,120,0,1
1,0,0,1,0,2,0,0,60,0,0
1,0,0,3,0,1,0,0,60,0,1
1,0,0,8,1,5,0,0,120,0,1
1,0,0,11,1,1,0,0,60,0,0
1,0,0,8,1,4,0,0,60,0,1
1,0,0,0,1,7,0,0,60,1,0
1,0,0,9,1,1,0,0,60,0,0
1,0,0,0,1,3,0,0,60,1,1
1,0,0,11,1,2,0,0,90,0,0
1,0,0,1,1,8,1,0,60,0,0
1,0,0,6,0,5,1,0,60,0,0
1,0,0,7,1,5,0,0,60,0,0
1,0,0,11,0,0,0,0,60,0,1
1,0,0,5,2,0,0,0,60,0,0
1,0,0,10,0,7,0,0,120,0,0
1,0,0,12,1,1,0,0,120,0,1
1,0,0,7,0,2,0,0,60,0,1
1,0,0,2,0,0,0,0,60,0,0
1,0,0,4,0,3,0,0,60,0,0
1,0,0,5,0,7,0,0,60,0,0
1,0,0,0,0,5,1,0,60,0,0
1,0,0,12,0,0,0,0,120,0,0
1,0,0,0,0,6,0,0,60,0,0
1,0,1,11,1,0,0,0,60,0,1
1,0,0,6,1,1,0,0,60,0,0
1,0,0,8,1,5,0,0,60,0,0
1,0,0,8,0,6,0,0,60,0,1
1,0,1,10,0,0,1,0,120,0,1
1,0,0,1,1,5,0,0,60,0,0
1,0,0,5,1,0,0,0,120,0,1
1,0,0,10,1,4,0,0,60,0,0
1,0,0,3,1,3,1,0,60,0,0
1,0,0,3,0,0,0,0,60,0,1
1,0,0,6,1,0,1,0,60,1,1
1,0,0,10,1,0,1,0,60,1,0
1,0,0,8,1,2,1,0,60,0,1
1,0,0,0,0,3,0,0,60,0,0
1,0,0,7,0,6,0,0,150,1,1
1,0,0,5,1,0,0,0,120,0,1
1,0,0,9,1,3,1,0,60,0,0
1,0,0,5,1,3,1,0,60,0,0
1,0,0,4,1,5,0,0,60,0,0
1,0,0,5,1,0,0,0,60,0,0
1,0,0,11,1,0,0,0,60,0,0
1,0,0,7,1,5,0,0,60,0,0
1,0,0,0,0,9,0,0,60,0,1
1,0,0,10,0,2,0,0,60,0,0
1,0,0,10,0,4,0,0,60,1,0
1,0,0,9,1,1,0,0,60,0,0
1,0,1,3,0,6,0,0,120,1,0
1,0,0,10,1,0,0,0,60,1,0
1,0,0,11,0,1,0,0,60,0,1
1,0,0,3,2,2,0,0,60,0,0
1,0,0,2,1,1,1,0,120,0,0
1,0,0,11,0,0,0,0,60,0,1
1,0,0,1,1,2,0,0,120,0,1
1,0,0,4,1,2,0,0,60,0,0
1,0,0,7,1,8,1,0,90,0,0
1,0,0,7,1,3,0,0,60,0,1
1,0,0,4,0,2,0,0,60,0,0
1,0,0,8,0,6,0,0,60,0,0
1,0,0,11,1,0,0,0,120,0,0
1,0,0,6,1,1,0,0,60,0,0
1,0,0,7,0,0,0,0,60,0,1
1,0,0,3,1,2,0,0,180,0,1
1,0,0,6,1,0,0,0,60,0,0
1,0,0,2,0,6,0,0,60,0,0
1,0,1,8,1,8,0,0,60,0,0
1,0,0,4,1,10,0,0,120,0,0
1,0,0,1,0,3,0,0,60,0,0
1,0,0,11,0,5,0,0,60,0,1
1,0,0,10,1,0,1,0,60,0,1
1,0,0,5,1,0,0,0,60,0,0
1,0,0,11,1,1,0,0,60,0,1
1,0,0,4,1,0,0,0,60,0,0
1,0,0,11,1,4,0,0,60,0,0
1,0,0,0,1,9,0,0,60,0,1
1,0,0,0,0,5,0,0,120,1,0
1,0,0,3,1,1,0,0,60,0,0
1,0,0,0,0,5,0,0,60,0,0
1,0,0,3,1,1,0,0,60,0,1
1,0,0,11,0,0,0,0,60,0,0
1,0,0,8,1,9,0,0,60,0,1
1,0,0,7,1,3,0,0,60,0,0
1,0,0,5,0,2,1,0,60,0,0
1,0,0,8,0,9,0,0,120,0,0
1,0,0,11,0,8,0,0,60,0,0
1,0,0,5,0,4,1,0,60,0,0
1,0,1,11,0,4,1,0,60,0,0
1,0,0,11,0,2,0,0,60,0,1
1,0,1,0,0,4,0,0,60,0,0
1,0,0,0,1,6,0,0,60,0,0
1,0,0,4,1,0,0,0,120,0,1
1,0,0,1,1,0,0,0,60,0,1
1,0,0,6,0,2,0,0,60,0,0
1,0,1,9,0,3,0,0,90,0,1
1,0,0,12,1,0,0,0,60,0,0
1,0,1,7,1,8,0,0,90,0,1
1,0,0,11,1,2,0,0,60,0,0
1,0,0,12,0,1,0,0,60,0,0
1,0,0,3,0,0,1,0,60,0,1
1,0,0,3,1,5,0,0,60,0,1
1,0,1,8,1,3,1,0,60,1,1
1,0,0,9,1,5,0,0,60,1,0
1,0,0,0,1,2,0,0,60,0,0
1,0,1,6,1,0,1,0,60,0,0
1,0,0,3,0,3,0,0,60,0,1
1,0,0,5,0,2,0,0,120,0,1
1,0,1,7,1,1,1,0,120,0,1
1,0,0,11,1,5,1,0,60,0,1
1,0,0,10,1,7,0,0,60,0,0
1,0,0,8,1,9,1,0,120,0,0
1,0,0,3,2,2,0,0,60,0,1
1,0,0,10,0,2,0,0,60,0,0
1,0,0,8,1,7,0,0,60,0,0
1,0,0,0,1,3,0,0,60,0,0
1,0,0,0,1,2,1,0,60,1,1
1,0,0,6,1,0,1,0,60,0,0
1,0,0,7,1,4,0,0,60,0,0
1,0,1,10,0,4,1,0,60,0,0
1,0,0,5,0,0,0,0,60,0,0
1,0,0,6,1,9,0,0,60,0,0
1,0,0,1,0,4,0,0,60,0,0
1,0,0,5,1,5,0,0,60,0,0
1,0,0,10,0,3,0,0,60,0,0
1,0,0,1,0,3,0,0,60,0,0
1,0,0,0,1,0,0,0,60,0,1
1,0,0,0,1,5,0,0,120,0,0
1,0,0,3,0,1,0,0,60,0,0
1,0,0,3,0,2,1,0,60,0,0
1,0,0,11,0,0,0,0,60,0,1
1,0,0,3,1,1,1,0,60,1,0
1,0,0,8,0,8,0,0,120,0,1
1,0,0,11,0,6,0,0,60,0,0
1,0,0,3,0,0,0,0,150,0,1
1,0,0,9,0,2,0,0,60,0,0
1,0,0,8,0,4,0,0,60,0,0
1,0,0,0,1,1,0,0,60,0,0
1,0,1,5,1,0,0,0,120,0,1
1,0,0,5,1,8,0,0,60,0,1
1,0,0,10,1,2,0,0,60,0,0
1,0,0,3,1,2,0,0,60,0,0
1,0,0,0,0,8,0,0,60,0,0
1,0,0,3,1,1,0,0,60,0,0
1,0,0,10,1,0,0,0,60,0,0
1,0,0,9,1,1,1,0,60,0,0
1,0,1,3,1,6,1,0,60,0,1
1,0,0,5,0,4,1,0,60,0,0
1,0,0,8,1,9,0,0,60,0,0
1,0,0,10,1,7,0,0,120,0,0
1,0,0,11,0,3,1,0,60,0,0
1,0,0,0,0,7,0,0,60,0,0
1,0,0,10,1,9,1,0,120,0,1
1,0,1,9,0,4,0,0,60,0,0
1,0,0,11,0,3,0,0,120,0,0
1,0,0,3,1,4,0,0,60,0,1
1,0,0,10,1,6,0,0,60,1,0
1,0,0,12,0,5,0,0,60,0,0
1,0,0,2,1,3,0,0,60,0,0
1,0,0,7,1,8,1,0,60,0,0
1,0,0,11,0,0,0,0,60,0,0
1,0,0,6,1,6,1,0,60,1,0
1,0,0,12,0,6,0,0,60,0,1
1,0,0,8,0,4,1,0,60,0,0
1,0,0,9,0,9,1,0,60,0,0
1,0,0,0,0,3,0,0,120,0,0
1,0,0,3,0,3,0,0,120,0,0
1,0,0,9,0,3,0,0,60,0,1
1,0,0,7,0,6,1,0,60,0,0
1,0,1,8,1,5,1,0,60,0,0
1,0,0,7,0,2,0,0,60,0,1
1,0,0,3,0,2,0,0,60,0,0
1,0,0,0,1,8,0,0,60,0,0
1,0,0,7,0,5,0,0,60,1,1
1,0,1,5,0,3,0,0,120,0,0
1,0,1,10,1,1,1,0,60,0,0
1,0,0,3,1,2,0,0,60,0,1
1,0,0,3,0,3,0,0,60,0,0
1,0,0,11,0,0,0,0,60,0,1
1,0,0,8,0,3,0,0,120,0,0
1,0,1,11,0,3,0,0,60,0,0
1,0,0,8,0,2,0,0,120,0,1
1,0,0,8,1,8,1,0,60,0,0
1,0,0,5,0,3,0,0,60,0,1
1,0,1,9,0,2,1,0,60,0,0
1,0,1,9,0,2,1,0,60,0,0
1,0,0,11,0,1,0,0,60,0,0
1,0,0,9,1,2,1,0,60,0,1
1,0,0,10,1,0,0,0,120,0,0
1,0,0,7,1,8,0,0,60,1,0
1,0,0,0,1,3,0,0,60,0,1
1,0,0,9,1,5,0,0,60,0,0
1,0,0,2,0,2,1,0,60,0,0
1,0,0,0,0,7,0,0,60,0,0
1,0,0,12,0,0,0,0,60,0,0
1,0,0,0,0,7,0,0,90,0,1
1,0,0,3,2,1,0,0,60,0,1
1,0,0,7,1,7,0,0,60,0,0
1,0,0,3,0,1,0,0,90,0,0
1,0,0,6,0,6,0,0,60,0,0
1,0,0,9,1,4,0,0,60,0,1
1,0,0,5,0,1,0,0,60,0,0
1,0,0,8,0,0,0,0,120,0,0
1,0,0,3,1,2,0,0,60,0,0
1,0,0,12,1,1,0,0,60,0,0
1,0,0,5,0,0,0,0,60,0,0
1,0,0,5,1,1,0,0,60,0,1
1,0,0,9,0,8,0,0,60,0,0
1,0,0,6,0,2,0,0,60,0,0
1,0,0,5,1,6,1,0,150,0,1
1,0,1,4,1,2,0,0,60,0,1
1,0,0,7,0,1,0,0,60,0,0
1,0,0,3,1,1,0,0,60,0,1
1,0,0,0,0,8,0,0,180,0,1
1,0,0,3,1,1,0,0,60,0,0
1,0,0,11,1,0,1,0,60,1,1
1,0,0,12,0,7,0,0,60,0,0
1,0,0,11,1,1,0,0,60,0,0
1,0,0,8,0,7,0,0,60,0,0
1,0,0,5,0,5,0,0,60,0,1
1,0,0,9,1,3,0,0,60,0,0
1,0,0,1,1,3,1,0,60,0,0
1,0,0,1,0,0,0,0,60,0,1
1,0,0,11,0,9,0,0,60,0,0
1,0,0,3,1,3,1,0,60,0,0
1,0,0,1,1,1,0,0,60,0,1
1,0,0,0,1,5,0,0,60,0,0
1,0,0,9,1,2,0,0,60,1,1
1,0,0,5,0,7,0,0,60,0,0
1,0,0,4,1,1,1,0,60,0,1
1,0,0,1,1,0,0,0,60,0,0
1,0,0,3,1,2,0,0,60,0,0
1,0,0,4,0,7,0,0,60,0,0
1,0,0,0,0,7,0,0,60,1,0
1,0,0,0,0,5,0,0,60,1,0
1,0,0,9,0,2,1,0,60,0,0
1,0,0,1,0,8,1,0,60,0,0
1,0,0,1,0,4,1,0,60,0,0
1,0,0,10,1,6,0,0,60,0,0
1,0,0,3,1,0,0,0,60,0,0
1,0,0,4,1,10,1,0,60,0,0
1,0,0,11,0,0,0,0,60,0,0
1,0,0,12,1,0,0,0,60,0,1
1,0,1,10,0,5,1,0,120,0,0
1,0,1,1,0,9,1,0,90,0,1
1,0,1,5,0,6,1,0,60,0,1
1,0,0,0,1,8,0,0,60,0,1
1,0,0,3,0,1,0,0,60,1,0
1,0,0,12,1,0,0,0,60,0,0
1,0,0,3,1,3,0,0,120,0,0
1,0,0,2,0,6,1,0,120,0,1
1,0,0,1,0,4,0,0,60,0,0
1,0,0,4,0,1,0,0,60,0,0
1,0,0,10,1,1,1,0,60,1,1
1,0,0,0,0,2,0,0,60,0,0
1,0,0,0,0,9,0,0,60,1,0
1,0,0,6,0,1,0,0,120,1,1
1,0,0,3,0,2,0,0,60,0,0
1,0,0,0,0,1,0,0,60,0,0
1,0,0,6,1,0,0,0,120,0,0
1,0,1,12,0,0,0,0,60,0,0
1,0,0,0,1,8,1,0,60,0,0
1,0,0,5,1,0,0,0,60,0,1
1,0,0,6,1,5,0,0,60,0,1
1,0,0,11,0,7,0,0,60,0,1
1,0,0,6,0,8,0,0,60,0,0
1,0,0,6,0,7,0,0,60,0,0
1,0,0,3,0,0,0,0,60,0,1
1,0,0,11,1,0,0,0,60,0,0
1,0,0,0,1,6,0,0,60,0,1
1,0,0,4,0,0,0,0,120,0,0
1,0,0,3,1,1,0,0,60,0,1
1,0,0,6,0,2,0,0,60,0,0
1,0,0,0,0,7,0,0,60,0,1
1,0,0,4,1,1,0,0,60,0,0
1,0,0,2,0,10,1,0,60,0,0
1,0,0,3,1,5,0,0,60,0,0
1,0,0,12,0,7,1,0,60,0,0
1,0,1,5,0,0,0,0,60,0,1
1,0,0,7,0,4,0,0,60,1,0
1,0,0,12,0,6,0,0,120,0,1
1,0,0,12,0,0,0,0,60,0,1
1,0,0,12,1,1,0,0,90,0,0
1,0,0,6,0,5,1,0,60,0,0
1,0,0,1,1,4,0,0,60,0,1
1,0,1,1,1,4,0,0,60,0,0
1,0,0,11,0,0,0,0,60,0,1
1,0,1,11,0,4,0,0,60,0,0
1,0,0,11,1,1,0,0,60,0,1
1,0,1,0,1,3,1,0,60,1,0
1,0,1,1,0,4,0,0,60,0,0
1,0,0,1,1,7,0,0,60,0,0
1,0,0,5,0,2,0,0,60,0,1
1,0,0,9,1,5,0,0,60,0,0
1,0,0,5,1,6,1,0,60,0,0
1,0,0,5,1,5,0,0,60,0,0
1,0,1,9,0,7,0,0,60,0,0
1,0,0,3,0,0,0,0,60,0,0
1,0,0,7,0,4,1,0,120,0,0
1,0,1,11,0,0,0,0,60,0,1
1,0,1,3,1,4,1,0,60,0,0
1,0,0,0,1,6,0,0,60,0,0
1,0,0,7,0,3,1,0,120,1,0
1,0,0,10,1,0,1,0,60,0,0
1,0,0,0,0,7,1,0,60,0,0
1,0,0,3,1,4,1,0,60,0,0
1,0,1,6,1,5,1,0,60,0,0
1,0,0,6,1,4,1,0,60,0,0
1,0,0,7,0,6,0,0,120,0,0
1,0,0,5,1,3,0,0,60,0,0
1,0,0,11,1,1,1,0,60,0,0
1,0,0,8,0,3,0,0,120,1,0
1,0,0,0,0,9,0,0,60,0,1
1,0,0,8,1,5,0,0,60,0,1
1,0,0,12,0,2,1,0,60,0,0
1,0,0,11,0,0,0,0,60,0,0
1,0,0,11,1,0,0,0,60,0,0
1,0,0,10,1,2,0,0,60,0,0
1,0,0,6,1,9,1,0,120,0,0
1,0,0,3,1,6,0,0,90,0,0
1,0,0,7,1,3,1,0,60,1,1
1,0,0,5,0,3,1,0,60,1,0
1,0,0,8,0,5,1,0,60,0,0
1,0,0,3,2,6,0,0,60,0,1
1,0,0,10,1,2,0,0,180,1,0
1,0,1,8,1,1,0,0,60,0,0
1,0,0,4,0,8,0,0,150,0,1
1,0,0,9,1,4,0,0,60,0,1
1,0,0,6,0,8,0,0,60,0,0
1,0,0,6,1,3,0,0,60,0,0
1,0,0,10,1,7,0,0,120,0,0
1,0,0,7,0,6,0,0,60,0,1
1,0,0,3,0,3,0,0,120,0,0
1,0,1,11,0,2,1,0,60,0,0
1,0,1,3,0,3,1,0,120,0,1
1,0,0,8,1,9,1,0,60,0,1
1,0,0,3,0,4,0,0,60,0,1
1,0,1,6,1,6,1,0,60,0,1
1,0,0,7,1,5,0,0,60,0,0
1,0,0,10,1,6,1,0,120,0,0
1,0,0,0,0,4,0,0,60,0,1
1,0,0,4,1,1,0,0,60,0,1
1,0,0,9,0,0,1,0,60,0,0
1,0,0,3,0,0,0,0,60,0,1
1,0,1,0,0,6,1,0,120,0,0
1,0,0,0,1,7,0,0,60,0,0
1,0,0,6,1,2,0,0,60,0,0
1,0,1,3,0,1,0,0,60,0,1
1,0,0,7,1,6,1,0,60,0,1
1,0,0,3,1,2,1,0,60,0,0
1,0,1,3,1,3,0,0,120,0,0
1,0,0,3,1,0,0,0,120,0,1
1,0,0,12,0,6,0,0,60,0,0
1,0,1,8,1,8,0,0,60,0,0
1,0,1,0,0,8,0,0,60,0,0
1,0,0,12,1,2,0,0,60,0,1
1,0,0,9,0,7,0,0,60,0,0
1,0,1,10,0,5,1,0,60,0,0
1,0,0,9,0,5,0,0,60,1,1
1,0,0,2,0,1,0,0,60,0,0
1,0,0,5,1,3,0,0,60,0,0
1,0,0,3,1,3,0,0,120,1,1
1,0,1,10,1,6,0,0,60,0,0
1,0,0,3,1,5,1,0,60,0,0
1,0,0,11,0,1,0,0,120,0,0
1,0,0,0,1,7,0,0,60,0,0
1,0,1,12,0,8,0,0,120,0,0
1,0,0,7,0,6,0,0,60,0,0
1,0,0,0,0,5,0,0,60,0,1
1,0,0,6,1,2,0,0,60,1,0
1,0,0,11,0,5,1,0,60,0,1
1,0,1,6,1,6,0,0,60,1,0
1,0,0,6,0,7,0,0,60,0,0
1,0,0,3,1,1,0,0,60,1,1
1,0,0,2,1,3,1,0,75,0,0
1,0,0,8,0,8,0,0,60,0,1
1,0,0,12,1,1,0,0,60,0,0
1,0,0,3,1,0,0,0,60,0,1
1,0,1,10,0,1,0,0,60,0,1
1,0,0,7,1,2,0,0,60,0,0
1,0,0,8,1,8,0,0,120,0,0
1,0,0,6,1,1,0,0,60,0,0
1,0,0,9,0,1,0,0,60,0,0
1,0,0,3,0,4,0,0,60,0,1
1,0,0,2,1,1,0,0,60,0,0
1,0,0,7,0,3,0,0,60,0,0
1,0,0,0,1,2,0,0,60,0,1
1,0,0,12,1,3,0,0,60,0,1
1,0,0,4,1,1,0,0,60,0,0
1,0,0,8,1,2,0,0,60,0,1
1,0,0,8,0,9,1,0,60,0,1
1,0,0,8,0,10,0,0,60,0,0
1,0,0,9,0,2,1,0,60,0,1
1,0,0,8,0,10,0,0,60,0,0
1,0,0,8,0,10,0,0,60,0,0
1,0,0,8,0,10,1,0,60,0,0
1,0,0,9,0,3,1,0,60,0,1
1,0,0,9,1,2,0,0,60,0,0
1,0,0,9,1,3,1,0,60,0,1
1,0,0,8,0,10,1,0,60,0,0
1,0,0,8,0,10,1,0,60,0,0
1,0,0,8,0,10,0,0,60,0,0
1,0,0,8,1,10,1,0,60,0,0
1,0,0,5,0,0,0,0,120,0,1
1,0,0,9,0,6,0,0,60,0,0
1,0,0,9,1,3,0,0,60,1,1
1,0,0,5,1,0,0,0,60,0,0
1,0,0,9,1,5,0,0,60,0,1
1,0,0,9,1,5,1,0,60,0,0
1,0,0,9,0,1,1,0,60,0,0
1,0,0,9,1,2,1,0,60,0,0
1,0,0,0,0,7,0,0,120,0,0
1,0,1,9,1,4,1,0,60,0,0
1,0,0,9,0,4,1,0,60,0,0
1,0,0,11,1,2,0,0,60,0,1
1,0,0,12,0,2,0,0,60,0,1
1,0,0,10,1,0,0,0,60,0,0
1,0,0,8,1,7,1,0,60,0,0
1,0,0,4,0,1,0,0,75,0,0
1,0,0,0,0,9,0,0,60,0,0
1,0,0,5,1,1,0,0,60,0,1
1,0,0,9,0,5,0,0,90,0,0
1,0,0,3,1,0,0,0,60,0,0
1,0,0,12,1,9,0,0,60,0,0
1,0,0,1,0,8,1,0,60,0,0
1,0,0,3,1,1,0,0,60,0,0
1,0,0,9,0,6,0,0,60,0,1
1,0,0,5,0,1,0,0,60,0,1
1,0,0,1,1,2,1,0,60,0,0
1,0,1,4,1,8,0,0,60,0,0
1,0,0,5,0,3,0,0,60,1,0
1,0,0,3,1,0,0,0,60,0,0
1,0,0,12,1,0,0,0,60,1,0
1,0,0,3,2,2,0,0,60,0,1
1,0,0,10,0,4,0,0,70,0,0
1,0,0,3,0,2,0,0,60,0,0
1,0,1,5,1,8,0,0,60,0,1
1,0,0,11,0,2,0,0,60,0,0
1,0,0,12,0,2,0,0,120,0,0
1,0,0,7,1,2,0,0,120,0,0
1,0,0,7,0,5,0,0,120,0,0
1,0,0,11,1,7,0,0,60,0,0
1,0,0,12,0,0,0,0,60,1,0
1,0,0,7,0,4,1,0,60,0,0
1,0,0,0,0,8,0,0,60,0,0
1,0,0,0,1,6,0,0,120,0,0
1,0,0,7,1,5,0,0,60,0,1
1,0,0,9,1,7,1,0,60,0,1
1,0,0,10,0,2,0,0,60,0,0
1,0,0,0,0,9,0,0,60,0,1
1,0,0,0,1,5,0,0,60,0,1
1,0,0,9,1,7,0,0,60,0,0
1,0,0,1,1,1,0,0,60,0,0
1,0,1,9,1,7,1,0,60,0,1
1,0,0,11,1,2,0,0,60,0,1
1,0,1,1,0,4,0,0,60,0,0
1,0,0,0,1,3,0,0,60,0,0
1,0,0,0,0,7,0,0,60,0,0
1,0,0,4,0,1,0,0,60,0,1
1,0,0,3,1,2,1,0,60,0,0
1,0,0,4,0,2,0,0,120,0,0
1,0,0,8,0,4,1,0,60,0,1
1,0,0,1,0,4,0,0,60,0,0
1,0,0,3,0,1,0,0,60,0,0
1,0,0,6,1,3,0,0,60,0,0
1,0,0,11,0,6,0,0,60,0,0
1,0,0,6,1,4,0,0,60,0,0
1,0,0,8,0,9,0,0,60,0,0
1,0,0,5,1,8,1,0,60,0,0
1,0,0,11,2,0,0,0,135,0,1
1,0,0,11,1,4,0,0,60,0,1
1,0,0,6,1,4,0,0,60,0,0
1,0,0,4,0,0,0,0,60,0,0
1,0,0,3,0,6,0,0,60,0,0
1,0,0,11,1,4,0,0,60,0,1
1,0,0,6,1,6,1,0,60,0,0
1,0,0,11,0,4,1,0,60,0,1
1,0,0,7,1,6,0,0,60,1,0
1,0,0,8,1,8,0,0,60,0,0
1,0,0,7,1,4,0,0,60,0,1
1,0,0,8,0,7,1,0,120,0,0
1,0,0,7,0,8,0,0,120,0,0
1,0,0,4,0,8,1,0,60,0,0
1,0,0,10,0,8,0,0,60,0,0
1,0,0,1,0,4,1,0,60,0,0
1,0,0,1,0,5,1,0,60,0,0
1,0,0,0,0,4,0,0,60,0,0
1,0,0,1,0,1,0,0,60,0,0
1,0,0,9,0,3,0,0,60,0,1
1,0,0,6,1,4,0,0,60,0,0
1,0,0,10,0,4,1,0,60,0,0
1,0,0,3,0,2,0,0,60,0,1
1,0,0,1,1,0,0,0,120,0,0
1,0,0,8,0,4,0,0,120,0,0
1,0,0,0,1,7,0,0,60,0,1
1,0,1,11,1,4,0,0,60,0,1
1,0,0,6,1,2,0,0,60,0,0
1,0,0,9,1,5,0,0,60,0,1
1,0,0,7,0,4,1,0,60,0,1
1,0,1,0,1,4,0,0,60,0,0
1,0,0,0,1,6,0,0,60,0,0
1,0,0,6,1,9,0,0,60,0,1
1,0,0,4,0,0,0,0,120,0,0
1,0,0,7,0,9,0,0,120,0,1
1,0,0,7,0,7,0,0,60,0,0
1,0,0,9,1,2,0,0,60,0,0
1,0,0,11,0,7,1,0,60,0,0
1,0,1,4,0,1,0,0,120,0,0
1,0,0,7,0,3,1,0,120,0,0
1,0,1,10,0,7,0,0,60,0,0
1,0,0,8,1,3,1,0,60,0,1
1,0,0,9,0,5,1,0,120,0,0
1,0,0,9,1,0,0,0,120,0,0
1,0,0,9,0,5,1,0,120,0,0
1,0,0,9,0,2,0,0,120,0,0
1,0,0,9,0,7,0,0,120,0,0
1,0,0,9,0,2,0,0,120,0,0
1,0,0,9,0,2,1,0,120,0,0
1,0,0,9,1,10,0,0,120,0,0
1,0,1,10,0,5,0,0,60,0,0
1,0,1,10,1,9,0,0,60,0,0
1,0,1,10,1,8,0,0,60,0,0
1,0,0,10,1,8,0,0,60,0,0
1,0,1,10,1,8,0,0,60,0,0
1,0,0,11,0,7,1,0,120,0,1
1,0,0,11,1,0,0,0,120,0,0
1,0,1,10,0,4,1,0,60,0,0
1,0,1,10,1,7,1,0,60,0,1
1,0,1,10,0,2,0,0,120,1,0
1,0,0,3,0,3,1,0,60,0,1
1,0,1,3,0,4,1,0,60,0,0
1,0,0,3,0,6,0,0,120,0,0
1,0,0,1,0,0,0,0,120,0,0
1,0,0,1,0,2,0,0,60,0,0
1,0,0,1,0,4,0,0,120,0,0
1,0,0,0,0,6,0,0,60,1,0
1,0,0,0,1,9,1,0,60,0,0
1,0,0,8,1,5,1,0,120,0,0
1,0,1,6,0,1,1,0,60,1,0
1,0,0,0,1,7,1,0,60,0,0
1,0,0,8,0,9,1,2,60,0,0
1,0,0,3,1,1,1,0,60,0,1
1,0,0,6,0,3,1,0,90,0,0
1,0,0,3,0,9,1,0,60,0,0
1,0,0,1,1,6,1,1,180,0,0
1,0,0,0,1,8,1,1,60,1,0
1,0,0,11,0,8,1,0,120,0,0
1,0,0,5,1,7,1,0,60,0,1
1,0,0,2,1,5,1,1,210,0,0
1,0,1,7,0,0,0,1,60,0,0
1,0,0,11,1,8,1,0,60,0,1
1,0,0,12,1,4,1,1,120,0,0
1,0,0,3,1,1,1,0,120,0,0
1,0,0,7,0,0,0,0,60,0,1
1,0,0,0,1,9,1,1,120,0,0
1,0,0,12,1,3,1,0,60,1,1
1,0,0,9,1,3,1,0,60,0,0
1,0,0,3,0,5,1,1,60,0,0
1,0,0,1,0,9,1,0,90,0,0
1,0,0,6,0,5,1,1,120,0,0
1,0,0,11,1,3,1,0,60,0,0
1,0,0,11,1,0,1,3,60,1,1
1,0,0,5,1,6,1,3,120,0,1
1,0,0,4,0,10,1,0,60,0,0
1,0,0,5,0,2,1,0,60,0,1
1,0,0,7,1,6,1,0,120,0,0
1,0,1,12,0,7,1,0,150,0,1
1,0,0,3,1,1,1,3,120,1,0
1,0,0,8,0,6,0,0,90,0,0
1,0,0,12,0,2,1,0,60,0,0
1,0,0,11,1,1,0,0,60,1,0
1,0,0,5,1,2,0,0,90,0,0
1,0,0,5,0,4,1,0,90,0,0
1,0,1,10,0,5,1,0,60,0,0
1,0,0,8,0,9,1,0,120,1,0
1,0,0,0,1,6,0,1,120,0,0
1,0,0,0,0,7,1,0,60,0,0
1,0,0,8,0,5,1,0,120,0,0
1,0,0,0,0,8,1,0,60,0,0
1,0,0,9,1,5,1,0,120,0,1
1,0,0,0,0,5,0,0,60,0,0
1,0,0,5,0,1,0,0,60,0,1
1,0,0,9,0,5,1,2,60,0,0
1,0,1,12,1,5,0,2,60,0,0
1,0,0,5,0,1,0,0,120,1,1
1,0,0,7,1,5,1,2,120,0,0
1,0,0,7,1,3,0,0,60,0,0
1,0,0,8,0,8,1,0,90,1,0
1,0,0,7,1,3,1,1,120,1,0
1,0,0,11,1,6,1,0,60,0,0
1,0,0,9,1,7,1,0,60,0,1
1,0,0,0,0,7,1,0,60,0,1
1,0,0,9,0,2,1,1,60,1,0
1,0,1,2,1,3,1,1,60,0,1
1,0,1,6,0,1,0,0,60,0,0
1,0,0,12,1,2,0,5,120,0,0
1,0,0,0,1,4,0,0,90,0,1
1,0,0,11,0,3,1,0,120,0,0
1,0,0,1,2,0,0,0,60,0,0
1,0,0,6,0,2,0,1,120,0,1
1,0,1,6,0,0,1,0,120,1,1
1,0,0,2,1,0,0,1,60,1,1
1,0,0,4,1,6,0,0,120,0,1
1,0,1,3,0,0,1,1,180,0,1
1,0,0,6,0,0,1,0,60,1,0
1,0,0,0,1,2,1,0,60,0,1
1,0,0,4,1,2,0,0,60,0,0
1,0,1,0,1,4,0,1,120,0,0
1,0,0,9,1,8,1,0,60,0,0
1,0,0,11,1,0,0,2,120,0,0
1,0,1,3,1,4,1,0,60,0,1
1,0,1,0,1,0,1,2,60,0,0
1,0,0,9,0,6,1,0,60,0,0
1,0,0,1,0,4,0,0,60,1,0
1,0,0,12,0,8,1,0,60,0,0
1,0,0,5,1,3,0,0,60,1,1
1,0,0,11,0,3,1,1,60,0,0
1,0,0,7,0,5,0,0,120,0,0
1,0,0,2,1,9,0,0,60,0,1
1,0,0,6,1,9,1,4,120,0,0
1,0,0,7,1,8,0,1,60,0,0
1,0,0,8,0,9,0,0,120,0,1
1,0,1,3,1,1,1,0,120,1,0
1,0,0,7,0,9,1,0,60,0,0
1,0,0,10,1,4,0,0,60,0,0
1,0,0,7,0,5,1,0,120,0,0
1,0,1,1,0,0,0,0,60,0,0
1,0,0,10,0,3,0,1,120,0,0
1,0,0,10,1,9,1,0,120,0,1
1,0,0,10,0,4,0,0,120,0,0
1,0,0,12,1,0,0,0,60,0,0
1,0,0,0,1,1,0,2,120,0,0
1,0,0,11,1,1,0,1,60,0,1
1,0,0,5,0,1,1,1,120,1,0
1,0,0,0,1,1,1,0,120,0,0
1,0,1,11,0,7,0,1,60,1,1
1,0,0,12,0,1,1,2,60,0,0
1,0,0,11,1,1,0,0,60,0,1
1,0,0,8,0,3,1,0,60,0,0
1,0,0,5,2,0,1,1,60,0,1
1,0,0,0,1,4,1,0,90,0,0
1,0,0,6,1,4,1,0,60,0,0
1,0,0,3,1,3,1,0,240,0,1
1,0,0,2,1,2,0,0,60,0,0
1,0,0,3,1,0,0,0,150,0,0
1,0,0,4,1,0,0,3,60,1,1
1,0,0,3,0,3,1,0,300,0,1
1,0,0,1,1,1,0,0,60,0,0
1,0,0,9,1,2,1,0,60,0,0
1,0,0,7,1,4,0,0,120,0,0
1,0,0,3,0,1,1,0,90,0,1
1,0,0,9,0,4,1,0,60,0,1
1,0,0,12,0,1,0,0,120,0,0
1,0,0,4,1,6,1,0,60,0,0
1,0,0,0,0,1,0,0,60,0,0
1,0,0,6,1,3,1,5,120,0,0
1,0,0,8,0,9,0,0,60,0,0
1,0,0,1,0,2,1,0,90,1,0
1,0,0,7,1,7,1,1,120,0,1
1,0,0,5,1,1,1,0,180,0,0
1,0,1,8,1,2,0,0,60,0,0
1,0,1,3,1,2,1,0,60,0,0
1,0,0,10,0,4,1,0,60,0,1
1,0,0,8,1,2,1,1,120,0,0
1,0,0,10,0,9,1,0,120,0,0
1,0,0,7,1,8,0,1,180,0,0
1,0,0,3,0,2,0,1,120,0,0
1,0,1,11,0,7,1,1,120,0,0
1,0,1,0,1,9,0,0,120,0,0
1,0,0,9,0,4,1,0,120,0,0
1,0,0,11,2,1,0,0,60,0,1
1,0,0,10,2,3,0,0,60,0,0
1,0,0,5,1,5,0,3,180,0,1
1,0,1,6,1,5,0,0,60,0,0
1,1,0,0,0,4,0,0,60,0,1
1,1,1,10,0,5,0,0,60,0,0
1,1,0,6,1,2,0,0,120,0,1
1,1,1,11,0,0,0,4,60,0,1
1,1,0,7,1,4,1,0,60,0,1
1,1,1,5,1,4,1,0,120,1,0
1,1,0,9,0,1,0,0,60,1,0
1,1,0,11,1,8,1,0,120,0,1
1,1,0,9,1,6,1,0,120,0,0
1,1,0,1,0,6,0,0,60,0,0
1,1,0,6,1,1,1,3,300,0,1
1,1,0,1,0,2,1,0,120,0,0
1,1,0,11,1,1,0,0,60,0,0
1,1,0,10,1,3,0,2,60,1,1
1,1,0,9,1,3,1,1,60,0,0
1,1,0,1,1,5,1,1,90,0,0
1,1,0,5,1,1,1,1,120,0,1
1,1,1,0,1,0,1,3,75,0,1
1,1,0,3,0,2,1,0,60,1,0
1,1,0,8,1,2,0,0,60,0,0
1,1,0,7,0,6,1,1,60,0,0
1,1,0,3,1,3,1,0,60,0,0
1,1,1,2,1,4,1,0,60,0,1
1,1,0,3,0,2,0,0,180,0,1
1,1,0,3,1,2,0,1,120,0,0
1,1,0,7,1,5,1,0,120,0,1
1,1,0,3,1,1,1,1,60,0,1
1,1,0,9,0,1,1,1,60,0,1
1,1,0,12,0,1,0,0,120,0,1
1,1,1,0,0,7,1,0,60,0,1
1,1,0,10,0,6,1,0,60,0,0
1,1,0,4,1,0,0,1,120,0,1
1,1,0,9,1,6,1,0,60,0,0
1,1,0,0,0,8,0,0,120,0,0
1,1,1,7,1,6,0,0,180,0,0
1,1,0,3,1,2,1,0,60,1,0
1,1,0,10,1,2,0,1,120,0,1
1,1,0,11,0,2,0,0,60,1,0
1,1,0,5,0,0,1,0,60,0,0
1,1,0,6,0,6,1,0,60,0,0
1,1,0,8,0,9,1,0,60,0,0
1,1,0,3,1,3,1,3,60,0,0
1,1,0,9,1,10,0,0,60,0,0
1,1,0,6,0,5,0,0,60,0,1
1,1,0,9,0,7,1,0,120,0,0
1,1,0,11,1,3,0,2,60,0,0
1,1,1,4,1,1,0,0,90,0,0
1,1,1,12,1,4,1,0,60,0,0
1,1,0,7,1,4,1,0,60,1,1
1,1,1,8,1,3,1,0,60,0,0
1,1,0,8,0,9,1,1,120,0,0
1,1,0,6,1,6,0,3,60,0,0
1,1,0,8,0,2,0,0,60,0,1
1,1,0,11,1,5,0,0,60,1,1
1,1,0,6,1,2,0,2,60,0,0
1,1,0,1,1,4,0,0,60,0,0
1,1,0,10,1,0,0,1,60,0,0
1,1,0,6,1,4,0,1,60,1,0
1,1,0,0,1,2,0,1,60,0,0
1,1,0,10,0,4,1,0,60,0,0
1,1,0,2,1,8,0,0,120,0,0
1,1,0,10,1,2,0,0,60,0,0
1,1,0,11,0,1,0,3,60,0,0
1,1,0,8,0,5,0,2,60,1,1
1,1,0,11,1,0,0,2,60,0,0
1,1,0,7,0,3,0,0,60,0,0
1,1,0,6,1,5,1,1,60,0,1
1,1,0,3,0,8,1,0,60,0,0
1,1,1,1,1,3,1,0,180,0,1
1,1,0,1,1,3,0,0,60,0,0
1,1,1,12,1,8,1,1,60,0,0
1,1,0,6,0,3,0,0,120,0,0
1,1,0,6,1,0,0,1,60,0,0
1,1,0,12,1,1,1,0,60,0,1
1,1,0,3,0,3,0,1,60,0,0
1,1,0,9,1,8,0,0,60,0,0
1,1,0,10,1,7,0,0,60,0,0
1,1,0,8,1,1,0,1,60,0,0
1,1,1,9,0,7,0,0,120,1,0
1,1,0,7,1,3,0,1,60,0,0
1,1,0,8,1,4,1,3,60,0,0
1,1,1,5,1,0,0,0,60,1,1
1,1,0,8,1,2,0,0,60,0,1
1,1,0,0,1,8,0,0,90,0,1
1,1,0,6,1,5,0,1,60,0,0
1,1,0,0,1,3,1,0,60,0,0
1,1,0,7,0,3,0,0,120,0,0
1,1,0,10,0,1,0,0,60,0,0
1,1,0,11,0,4,0,1,60,0,0
1,1,0,12,0,3,0,1,150,0,0
1,1,0,5,0,1,0,0,60,0,0
1,1,0,7,0,8,1,0,60,0,0
1,1,0,8,1,3,1,1,60,1,1
1,1,0,8,2,9,0,0,60,0,0
1,1,0,0,1,3,0,1,60,0,0
1,1,1,12,1,7,0,0,60,0,0
1,1,0,0,1,4,1,0,120,1,0
1,1,1,7,0,3,0,0,60,0,0
1,1,1,3,0,1,1,0,120,0,1
1,1,0,1,0,3,0,0,120,0,0
1,1,0,4,1,2,1,1,180,0,1
1,1,0,7,1,3,0,0,240,0,1
1,1,0,5,1,6,1,0,60,0,0
1,1,0,8,0,8,0,0,60,0,0
1,1,1,3,1,2,1,0,150,0,1
1,1,0,0,0,6,0,0,60,0,1
1,1,0,1,0,3,1,0,60,1,0
1,1,0,9,1,6,1,0,120,0,0
1,1,0,5,1,0,0,1,120,0,0
1,1,0,12,2,3,0,1,60,0,1
1,1,0,1,0,0,0,0,60,1,0
1,1,0,9,1,8,0,0,60,0,0
1,1,0,3,1,2,0,0,60,0,1
1,1,0,8,0,8,1,1,60,1,0
1,1,0,11,1,2,0,2,120,0,0
1,1,1,3,0,4,0,0,120,0,0
1,1,0,11,1,0,0,2,60,1,1
1,1,0,10,1,1,1,1,90,1,0
1,1,0,1,0,1,1,0,60,0,0
1,1,0,3,0,5,1,1,120,0,1
1,1,0,1,1,0,0,1,60,0,0
1,1,1,1,1,4,0,2,120,0,1
1,1,0,6,1,3,0,1,60,0,0
1,1,1,5,1,5,1,0,60,1,0
1,1,0,3,0,3,1,0,60,0,0
1,1,0,3,1,1,0,0,60,0,0
1,1,0,10,0,3,0,1,120,0,0
1,1,0,11,0,9,0,0,120,0,0
1,1,0,9,1,7,0,0,120,1,1
1,1,0,10,0,4,0,0,60,0,0
1,1,0,6,0,9,0,0,90,0,0
1,1,0,8,0,8,1,0,120,0,0
1,1,0,9,0,3,0,0,240,0,1
1,1,0,3,0,1,1,0,90,1,0
1,1,0,8,1,9,1,0,60,0,0
1,1,0,0,1,9,0,0,90,0,0
1,1,0,0,0,9,0,1,150,0,1
1,1,0,5,0,0,0,1,60,0,0
1,1,0,1,1,2,0,2,60,1,1
1,1,0,8,1,0,0,1,60,1,0
1,1,0,9,1,6,0,1,60,0,1
1,1,0,2,1,8,1,0,75,0,0
1,1,0,10,0,7,1,0,60,0,1
1,1,1,5,1,3,1,0,60,0,0
1,1,0,1,0,9,0,0,120,0,1
1,1,0,9,0,2,0,1,60,1,0
1,1,0,6,1,4,0,2,60,1,0
1,1,0,3,0,1,0,0,210,1,0
1,1,0,12,0,1,0,0,120,0,1
1,1,0,5,1,7,0,0,120,0,1
1,1,0,2,1,5,0,1,60,0,1
1,1,0,1,0,7,0,2,60,0,0
1,1,0,12,0,7,1,0,60,0,0
1,1,0,10,1,7,0,2,60,0,0
1,1,0,5,0,0,1,0,60,0,0
1,1,0,9,1,4,0,2,120,0,0
1,1,0,10,0,6,1,0,60,0,0
1,1,0,11,0,2,0,0,210,1,1
1,1,0,10,0,0,0,1,60,0,0
1,1,1,3,1,4,0,0,120,0,0
1,1,0,7,1,8,0,0,60,1,0
1,1,0,8,1,5,0,0,60,0,0
1,1,0,1,0,4,0,0,60,0,0
1,1,1,4,1,10,1,0,60,0,0
1,1,0,2,1,3,0,1,120,0,0
1,1,0,8,0,4,1,2,60,1,1
1,1,0,12,0,0,0,1,60,0,0
1,1,0,8,0,2,0,0,60,0,0
1,1,0,0,1,1,0,3,60,0,1
1,1,0,10,1,0,0,0,60,0,0
1,1,0,7,0,7,1,0,90,0,1
1,1,0,1,1,6,0,3,120,0,1
1,1,1,10,1,1,0,2,60,0,0
1,1,0,12,1,3,1,2,120,0,1
1,1,0,0,1,5,0,1,60,0,1
1,1,0,6,1,2,0,0,60,1,0
1,1,1,10,1,1,1,0,60,0,0
1,1,0,10,1,6,0,0,60,0,1
1,1,0,1,1,8,0,1,60,0,1
1,1,0,12,1,1,0,0,120,0,0
1,1,0,9,0,4,0,0,60,0,1
1,1,0,0,1,4,1,0,60,0,1
1,1,0,10,1,5,0,1,60,0,0
1,1,0,6,0,8,0,2,120,0,1
1,1,0,7,0,7,1,1,120,0,1
1,1,1,0,0,2,1,2,60,0,0
1,1,0,9,0,7,1,0,60,1,0
1,1,0,7,1,7,1,0,60,0,0
1,1,0,0,0,4,0,1,60,0,0
1,1,0,0,1,2,0,0,120,0,0
1,1,1,6,1,9,0,1,60,0,0
1,1,0,5,1,3,0,1,270,0,1
1,1,0,8,0,1,1,0,120,0,0
1,1,0,10,1,6,1,1,120,0,1
1,1,0,6,1,1,1,3,60,0,1
1,1,0,5,1,1,0,2,120,0,1
1,1,1,7,1,7,0,0,60,1,0
1,1,0,1,1,7,0,1,60,0,1
1,1,0,2,0,2,0,0,90,0,1
1,1,0,0,0,5,1,0,60,0,1
1,1,0,12,1,3,0,0,60,0,0
1,1,0,9,1,3,0,0,120,0,0
1,1,0,3,0,7,0,0,60,0,0
1,1,0,0,0,5,0,0,120,0,0
1,1,0,11,0,8,1,2,60,0,1
1,1,1,7,0,0,0,0,60,0,0
1,1,0,0,0,7,1,1,60,0,0
1,1,0,3,0,0,1,0,60,0,1
1,1,1,5,0,2,1,0,120,1,1
1,1,0,2,0,1,0,0,120,0,0
1,1,0,4,0,0,1,1,60,0,1
1,1,0,3,0,5,0,1,90,0,1
1,1,0,6,0,3,0,0,60,1,0
1,1,0,11,1,7,0,0,60,0,0
1,1,0,8,0,7,1,0,60,1,1
1,1,0,0,0,8,0,2,90,0,0
1,1,0,7,0,2,0,0,60,0,0
1,1,0,2,1,2,0,2,60,0,1
1,1,0,12,1,0,0,0,90,1,1
1,1,0,8,0,7,0,0,210,0,0
1,1,0,7,0,8,0,1,60,0,0
1,1,0,5,1,3,1,1,210,1,1
1,1,1,9,0,1,1,0,60,0,1
1,1,1,0,1,1,0,0,180,1,1
1,1,0,11,1,1,0,0,60,0,1
1,1,0,10,0,8,1,1,60,0,0
1,1,0,1,1,1,0,0,120,0,1
1,1,0,9,1,2,1,2,60,0,0
1,1,1,5,1,1,1,0,655,1,1
1,1,0,5,1,0,0,1,60,0,1
1,1,0,6,1,5,0,2,60,0,0
1,1,0,9,0,5,0,0,60,0,0
1,1,0,5,1,1,0,2,120,0,1
1,1,0,7,1,8,0,0,60,0,0
1,1,0,8,0,7,0,0,60,0,0
1,1,0,7,0,9,0,0,165,0,0
1,1,0,8,0,3,0,0,60,0,0
1,1,0,4,1,4,0,0,60,0,0
1,1,0,10,1,2,0,1,60,0,0
1,1,0,1,1,0,0,0,60,0,1
1,1,0,5,0,2,0,0,150,1,1
1,1,0,12,0,2,0,0,180,0,0
1,1,0,9,0,7,0,1,120,0,0
1,1,0,1,1,2,0,0,60,0,1
1,1,0,1,1,2,0,0,60,0,0
1,1,0,0,1,9,0,1,90,0,0
1,1,0,11,0,0,0,1,60,0,0
1,1,0,12,0,1,0,1,90,0,0
1,1,0,10,1,4,0,2,130,0,1
1,1,0,0,1,2,0,1,60,0,0
1,1,0,9,1,5,1,0,60,0,0
1,1,0,11,1,1,1,0,60,0,0
1,1,0,4,0,1,0,0,90,0,0
1,1,0,10,1,1,1,1,60,0,1
1,1,1,3,0,0,0,0,60,0,0
1,1,0,10,0,0,0,1,60,0,0
1,1,0,0,1,3,0,2,60,0,0
1,1,0,10,0,0,0,0,180,0,0
1,1,0,12,1,0,0,0,120,0,0
1,1,1,0,0,3,0,0,60,0,0
1,1,0,0,1,5,0,0,60,0,0
1,1,0,8,0,8,1,0,90,0,0
1,1,0,3,0,2,1,1,60,0,0
1,1,0,1,0,4,0,0,120,0,0
1,1,0,11,0,4,0,0,120,1,0
1,1,0,3,1,1,1,0,120,1,0
1,1,0,8,0,8,0,0,60,1,0
1,1,1,11,0,2,1,0,60,0,1
1,1,0,5,1,5,1,2,120,0,1
1,1,0,1,1,8,0,0,60,0,1
1,1,0,2,0,2,1,0,60,0,0
1,1,0,7,1,6,0,0,60,1,0
1,1,0,10,1,3,0,1,70,0,0
1,1,0,10,0,0,0,2,60,0,0
1,1,0,7,0,8,0,0,120,0,0
1,1,0,8,0,8,0,0,60,0,0
1,1,0,1,1,1,0,2,60,1,0
1,1,0,10,0,5,0,0,60,0,0
1,1,0,6,0,2,0,0,60,1,0
1,1,0,4,0,1,0,1,60,0,0
1,1,0,1,0,9,0,3,60,1,0
1,1,0,11,1,0,0,1,60,1,0
1,1,0,9,1,3,0,0,60,0,1
1,1,0,0,0,3,1,0,120,0,1
1,1,0,10,0,3,0,0,120,0,0
1,1,0,7,1,3,0,1,60,0,1
1,1,0,3,0,2,0,0,60,1,0
1,1,0,3,0,4,0,0,60,0,0
1,1,0,3,0,0,0,2,60,0,0
1,1,1,11,0,6,0,2,60,0,0
1,1,0,10,1,8,0,0,120,0,0
1,1,0,3,1,2,0,0,60,1,1
1,1,0,1,0,0,0,0,60,0,0
1,1,0,9,0,4,0,1,60,0,0
1,1,0,9,0,0,1,0,60,0,0
1,1,0,12,0,4,1,0,60,0,0
1,1,0,0,1,4,0,1,60,0,0
1,1,0,0,0,3,1,1,90,0,0
1,1,0,2,0,6,0,0,60,0,0
1,1,0,0,1,2,0,0,120,1,0
1,1,0,6,1,0,0,0,60,0,1
1,1,0,0,0,5,0,0,120,0,0
1,1,0,10,0,8,0,0,180,0,0
1,1,0,3,0,1,1,3,60,0,0
1,1,0,2,0,6,1,1,180,0,0
1,1,0,8,1,4,0,0,60,0,0
1,1,0,9,0,4,0,0,60,0,0
1,1,0,6,0,6,0,0,60,0,0
1,1,0,10,1,4,0,1,60,0,0
1,1,0,4,1,0,0,3,60,1,1
1,1,0,6,0,7,1,0,60,0,0
1,1,0,0,1,5,1,1,330,1,0
1,1,1,5,0,9,0,0,90,0,0
1,1,0,9,0,9,0,0,60,0,0
1,1,0,7,0,5,0,1,120,0,1
1,1,0,6,0,6,0,0,60,0,0
1,1,0,0,1,2,0,1,60,0,1
1,1,0,5,0,6,1,1,120,0,0
1,1,0,3,0,4,1,0,120,0,1
1,1,0,10,1,4,0,0,120,0,0
1,1,0,9,1,8,1,1,60,0,0
1,1,0,7,0,4,0,3,60,0,0
1,1,0,7,1,9,0,1,120,0,0
1,1,0,3,1,2,0,1,60,0,1
1,1,1,10,0,9,0,0,210,0,0
1,1,0,6,1,8,1,1,120,0,1
1,1,0,11,1,0,0,2,120,0,0
1,1,1,1,1,0,1,1,90,0,0
1,1,0,10,1,3,0,0,180,0,0
1,1,0,6,1,2,0,0,120,0,1
1,1,0,11,1,1,0,0,60,0,0
1,1,0,10,0,3,1,0,120,0,0
1,1,1,11,1,2,0,0,120,0,0
1,1,0,0,1,5,1,0,60,0,0
1,1,0,6,1,0,0,0,120,0,1
1,1,0,7,1,2,1,1,60,0,0
1,1,0,12,0,7,0,0,90,0,0
1,1,0,2,1,1,0,2,120,0,0
1,1,0,7,0,6,0,0,60,0,0
1,1,0,10,0,8,0,0,120,0,0
1,1,0,5,1,0,0,2,120,0,1
1,1,0,11,0,3,0,0,120,0,0
1,1,0,0,0,7,0,0,90,0,0
1,1,0,2,1,0,0,0,120,1,1
1,1,0,12,1,5,1,0,60,0,0
1,1,1,10,1,5,0,0,60,0,0
1,1,0,0,0,5,0,0,60,0,0
1,1,0,11,1,0,0,3,60,0,0
1,1,0,3,0,0,0,1,60,0,1
1,1,0,0,1,5,1,0,60,0,0
1,1,0,5,1,2,1,0,60,0,0
1,1,1,11,1,5,0,1,60,0,0
1,1,1,9,1,1,1,1,60,0,1
1,1,0,5,1,2,0,2,60,0,0
1,1,0,5,1,1,0,2,120,0,1
1,1,0,11,1,0,0,2,60,0,0
1,1,0,1,0,2,0,1,60,0,0
1,1,0,5,1,2,0,0,60,0,1
1,1,0,12,0,7,0,2,60,0,0
1,1,0,8,1,9,0,1,90,0,1
1,1,0,12,0,4,0,0,60,0,0
1,1,0,0,1,4,0,2,60,0,1
1,1,0,0,0,4,1,0,75,0,1
1,1,0,9,1,6,0,0,120,0,1
1,1,0,0,0,7,0,0,60,0,0
1,1,0,2,0,2,0,0,60,0,0
1,1,0,5,1,0,0,0,90,0,0
1,1,1,1,0,3,0,1,60,0,0
1,1,0,3,1,5,0,0,120,0,0
1,1,1,8,0,2,1,0,120,0,0
1,1,0,10,0,3,0,2,60,0,0
1,1,0,10,1,4,0,3,60,0,0
1,1,0,8,1,4,0,1,60,0,0
1,1,0,6,1,6,0,2,60,0,0
1,1,0,1,0,5,0,1,120,0,0
1,1,0,1,1,6,1,0,100,1,1
1,1,0,7,1,1,1,2,150,1,1
1,1,0,10,1,6,0,1,60,0,1
1,1,0,9,1,5,0,1,60,1,1
1,1,0,8,1,2,1,0,120,0,1
1,1,1,0,2,2,0,1,120,0,0
1,1,0,8,0,4,0,0,60,1,1
1,1,0,7,0,7,0,0,60,0,0
1,1,0,7,0,3,1,1,60,0,0
1,1,0,0,0,9,1,0,120,0,0
1,1,0,3,0,1,1,0,60,0,1
1,1,0,1,0,0,1,1,60,0,0
1,1,0,3,1,6,1,0,60,0,0
1,1,1,0,1,7,0,0,120,0,0
1,1,1,11,1,9,1,1,300,0,1
1,1,1,0,1,9,0,1,60,1,0
1,1,0,6,0,4,0,0,120,0,1
1,1,0,6,1,3,0,0,60,1,0
1,1,0,1,0,8,0,0,210,1,0
1,1,0,12,1,0,0,1,60,0,1
1,1,0,3,0,1,0,2,210,0,0
1,1,0,7,1,4,0,0,60,0,0
1,1,0,12,1,1,1,0,60,0,0
1,1,0,0,1,3,0,1,60,0,0
1,1,0,2,0,4,1,1,60,0,0
1,1,0,8,1,2,1,0,210,0,0
1,1,0,3,1,2,0,0,60,0,0
1,1,0,3,0,0,1,0,60,0,0
1,1,0,11,0,5,1,0,60,0,1
1,1,0,11,1,7,1,0,60,0,0
1,1,0,0,1,6,0,1,120,0,0
1,1,0,10,1,1,0,0,90,0,0
1,1,0,0,0,9,1,0,60,0,1
1,1,1,6,0,6,0,0,75,1,0
1,1,0,7,0,3,0,0,60,0,0
1,1,0,0,1,2,1,1,60,0,1
1,1,1,3,1,1,1,1,60,0,1
1,1,0,1,1,6,1,0,120,0,0
1,1,0,5,0,4,0,0,60,0,1
1,1,0,11,1,8,0,0,180,1,1
1,1,0,3,2,5,0,0,120,0,0
1,1,0,1,0,1,0,0,60,1,0
1,1,0,9,0,0,1,0,120,0,0
1,1,0,9,0,2,0,0,180,0,1
1,1,0,10,1,1,1,0,60,1,0
1,1,0,10,1,0,1,1,60,1,1
1,1,0,10,0,0,1,0,60,0,0
1,1,0,0,1,4,0,1,120,0,1
1,1,0,12,0,2,0,0,60,0,0
1,1,0,12,1,7,0,0,60,0,0
1,1,0,0,1,6,0,0,60,0,0
1,1,0,3,0,1,0,0,60,0,0
1,1,0,10,0,8,0,0,60,0,1
1,1,0,2,1,4,0,0,60,0,0
1,1,0,10,1,0,0,0,60,0,0
1,1,0,11,0,3,1,0,60,0,1
1,1,0,12,0,3,0,0,60,0,0
1,1,0,0,1,6,0,0,60,0,0
1,1,0,6,0,9,0,1,120,1,1
1,1,0,8,1,7,0,1,60,1,0
1,1,1,11,0,0,0,0,120,0,0
1,1,0,11,1,0,0,0,150,0,1
1,1,0,9,1,0,0,0,120,0,0
1,1,0,12,0,0,1,0,60,0,0
1,1,0,3,0,1,1,1,70,0,0
1,1,0,4,1,0,0,1,120,1,0
1,1,0,6,1,3,1,1,60,1,0
1,1,0,0,1,8,1,0,60,0,1
1,1,0,7,1,5,0,1,60,0,0
1,1,0,0,0,6,0,1,60,0,0
1,1,0,0,0,9,1,0,120,1,0
1,1,0,5,0,1,0,1,60,1,1
1,1,1,7,1,2,0,0,60,0,1
1,1,0,3,1,8,1,0,60,0,0
1,1,0,0,0,2,0,0,120,0,1
1,1,0,6,0,0,0,0,60,0,0
1,1,0,8,1,7,0,0,60,0,0
1,1,0,8,0,7,0,0,60,0,0
1,1,0,6,1,7,1,0,60,0,1
1,1,0,5,0,2,0,0,60,0,1
1,1,0,7,1,3,1,0,60,0,0
1,1,0,9,0,5,1,0,60,0,0
1,1,0,2,1,8,0,0,90,0,0
1,1,0,0,1,9,0,0,120,0,1
1,1,0,3,0,3,0,0,120,0,0
1,1,0,8,0,7,0,0,60,1,0
1,1,0,8,1,9,0,0,120,0,0
1,1,0,5,0,3,0,0,60,0,0
1,1,1,0,0,6,0,0,120,1,0
1,1,0,12,1,8,0,1,60,0,0
1,1,0,6,1,4,1,0,60,0,0
1,1,0,10,0,3,0,2,60,0,0
1,1,0,12,1,0,0,1,60,0,0
1,1,0,12,0,1,0,0,60,0,0
1,1,0,11,1,7,0,0,60,0,0
1,1,0,12,2,3,0,0,120,0,0
1,1,0,8,1,8,1,0,60,0,0
1,1,0,10,0,9,0,1,60,0,0
1,1,0,0,1,4,0,1,60,0,1
1,1,1,6,1,5,0,1,60,0,0
1,1,1,9,0,2,1,1,60,0,0
1,1,0,3,0,0,0,0,120,0,0
1,1,0,1,0,7,0,0,120,0,1
1,1,1,6,1,2,1,0,60,0,0
1,1,0,9,1,4,0,0,120,0,1
1,1,0,3,0,2,0,2,60,0,1
1,1,0,3,1,4,1,0,180,0,0
1,1,0,0,0,7,0,1,60,1,0
1,1,0,0,0,6,1,0,120,0,1
1,1,0,3,1,6,1,0,60,0,0
1,1,1,7,1,1,0,0,60,0,1
1,1,0,7,1,2,0,1,120,0,0
1,1,0,7,1,6,1,1,60,0,0
1,1,0,9,0,2,0,1,120,1,0
1,1,0,10,1,0,0,0,60,0,0
1,1,0,8,1,4,1,0,60,0,1
1,1,0,9,0,9,1,0,120,0,1
1,1,0,9,0,5,0,0,120,1,1
1,1,0,9,1,1,1,0,60,0,0
1,1,0,6,1,7,0,0,60,1,0
1,1,0,2,1,1,0,0,60,0,0
1,1,0,9,1,5,0,1,180,1,0
1,1,0,10,0,1,0,1,60,0,0
1,1,0,4,0,0,0,1,120,0,0
1,1,0,6,1,5,1,1,60,0,0
1,1,0,1,1,2,0,0,60,0,1
1,1,0,8,0,8,1,0,60,0,0
1,1,0,3,1,1,0,2,60,1,1
1,1,0,3,1,6,0,0,60,0,0
1,1,0,7,1,8,0,0,60,0,0
1,1,0,4,0,2,0,0,120,0,0
1,1,0,6,0,2,0,1,120,0,0
1,1,0,5,0,4,0,0,90,0,0
1,1,0,11,1,1,0,0,60,1,0
1,1,0,0,0,5,0,0,60,0,0
1,1,0,10,1,2,1,0,60,0,0
1,1,0,12,2,2,0,2,120,0,0
1,1,1,5,0,0,1,0,60,0,1
1,1,0,9,0,3,1,0,60,0,0
1,1,0,7,1,4,1,0,120,1,1
1,1,0,10,1,4,0,0,60,0,0
1,1,0,9,1,6,1,1,60,0,1
1,1,1,2,1,4,1,1,60,0,0
1,1,0,12,2,3,0,2,60,0,0
1,1,0,0,0,3,0,0,120,0,1
1,1,0,6,0,6,0,0,120,0,0
1,1,0,12,0,3,0,0,180,0,0
1,1,0,5,1,6,0,0,60,0,0
1,1,0,8,0,9,0,1,120,1,0
1,1,0,4,1,10,0,1,60,0,0
1,1,0,11,0,0,0,0,60,0,1
1,1,0,5,1,1,1,0,60,0,0
1,1,0,0,1,9,1,0,180,0,0
1,1,0,5,0,2,1,0,60,0,0
1,1,0,9,1,7,0,0,120,1,1
1,1,0,3,1,2,0,1,60,0,0
1,1,0,3,0,3,1,0,90,0,1
1,1,0,8,0,2,0,0,120,0,0
1,1,0,6,0,1,0,1,60,0,0
1,1,0,6,1,6,0,1,60,0,0
1,1,1,12,1,2,0,0,150,0,0
1,1,0,10,1,2,0,2,60,0,1
1,1,0,10,1,3,0,0,60,0,0
1,1,1,5,0,0,0,0,60,0,0
1,1,0,5,1,0,0,0,120,1,0
1,1,0,12,0,0,0,0,120,0,1
1,1,0,3,0,6,1,1,60,0,0
1,1,0,1,0,2,1,0,60,0,1
1,1,0,0,1,7,1,0,60,0,0
1,1,0,10,0,2,0,0,120,0,0
1,1,0,6,1,4,0,2,60,1,0
1,1,0,3,0,2,0,1,60,0,1
1,1,0,11,1,1,0,0,60,0,0
1,1,0,10,1,8,0,0,180,0,0
1,1,0,0,1,6,0,0,60,0,0
1,1,0,1,1,5,0,0,60,0,0
1,1,0,9,0,5,0,0,120,0,1
1,1,0,11,1,4,0,0,60,0,1
1,1,0,1,0,2,0,0,60,0,1
1,1,0,3,0,4,0,0,150,0,1
1,1,0,0,1,7,1,0,60,0,1
1,1,0,6,1,3,0,2,120,0,1
1,1,1,5,1,1,0,0,60,1,0
1,1,0,5,0,1,1,2,60,0,0
1,1,0,8,0,8,0,0,60,1,0
1,1,0,9,0,4,0,0,120,0,1
1,1,0,6,0,5,1,0,60,0,0
1,1,0,0,1,6,0,0,60,0,0
1,1,0,10,1,8,0,1,60,0,1
1,1,0,11,1,7,0,0,60,0,1
1,1,0,7,1,8,0,1,60,0,1
1,1,0,11,0,1,0,1,120,0,0
1,1,1,0,1,1,0,1,60,1,0
1,1,0,7,1,7,0,0,60,0,0
1,1,0,0,1,7,1,0,60,1,0
1,1,0,0,1,6,0,0,60,0,0
1,1,0,8,1,2,0,0,60,0,0
1,1,0,1,0,8,0,1,180,1,0
1,1,0,12,2,2,0,0,60,0,1
1,1,0,3,1,6,1,0,60,0,1
1,1,0,0,1,7,0,0,120,0,0
1,1,0,1,0,8,1,0,60,0,0
1,1,0,12,0,1,0,0,60,0,1
1,1,0,7,1,9,0,0,60,0,0
1,1,0,11,1,4,0,0,240,0,1
1,1,0,10,1,6,1,0,60,0,0
1,1,0,8,1,5,0,0,60,0,0
1,1,1,4,1,0,0,0,120,0,1
1,1,0,5,0,0,0,0,60,0,1
1,1,0,9,1,4,0,0,120,0,0
1,1,0,5,1,0,0,0,60,0,0
1,1,0,12,0,5,0,1,120,0,0
1,1,0,4,0,10,0,0,120,0,0
1,1,0,2,1,7,0,2,120,0,1
1,1,1,6,1,0,1,0,60,0,0
1,1,1,6,0,9,1,0,60,0,0
1,1,0,6,0,4,1,0,120,0,0
1,1,0,6,0,6,1,0,60,0,0
1,1,0,6,0,0,1,0,60,0,0
1,1,0,10,1,1,0,1,120,0,0
1,1,0,0,1,9,0,0,60,0,1
1,1,0,10,0,3,0,0,60,0,0
1,1,0,12,1,6,0,0,60,0,0
1,1,0,6,1,5,0,0,60,0,0
1,1,0,6,1,5,1,0,60,0,0
1,1,0,3,1,1,1,0,60,0,0
1,1,0,8,0,6,0,1,60,0,0
1,1,0,10,0,0,0,0,180,0,0
1,1,0,10,1,2,0,0,60,0,0
1,1,0,5,1,0,1,1,60,0,0
1,1,0,6,0,5,1,0,60,0,0
1,1,0,6,0,1,0,0,60,0,1
1,1,0,3,0,1,1,0,60,0,0
1,1,0,3,0,2,0,0,60,0,0
1,1,0,11,0,0,1,1,60,0,0
1,1,0,7,0,9,1,0,60,0,0
1,1,0,6,1,0,0,2,60,1,1
1,1,0,0,1,5,0,0,60,0,0
1,1,0,0,1,4,0,0,60,0,0
1,1,0,6,1,4,0,0,75,0,0
1,1,0,12,0,6,0,2,60,0,1
1,1,0,4,0,1,0,0,60,0,1
1,1,0,6,1,4,0,0,60,0,0
1,1,0,11,1,8,0,0,60,0,0
1,1,0,10,0,0,0,1,120,0,0
1,1,0,6,1,1,0,0,60,0,1
1,1,1,3,0,1,1,1,60,0,0
1,1,0,9,0,3,0,1,60,0,0
1,1,0,5,1,0,0,0,60,0,1
1,1,0,7,0,9,0,2,60,0,0
1,1,0,10,1,4,0,0,390,0,1
1,1,0,0,1,6,0,0,60,1,0
1,1,0,8,1,4,0,1,60,0,1
1,1,0,1,1,0,0,0,120,1,0
1,1,0,3,0,4,0,0,60,0,0
1,1,0,6,1,4,0,1,60,0,0
1,1,0,1,1,1,0,0,60,1,0
1,1,0,2,1,0,0,0,60,1,0
1,1,0,4,0,3,0,0,60,0,0
1,1,0,12,0,0,1,0,60,0,1
1,1,0,6,1,5,0,0,60,0,0
1,1,0,5,0,1,1,0,60,0,0
1,1,0,12,0,0,1,0,60,0,1
1,1,0,8,1,7,0,0,60,0,0
1,1,0,6,0,3,1,0,60,0,0
1,1,0,10,1,5,1,0,120,0,0
1,1,0,3,0,3,0,0,60,0,0
1,1,0,0,1,7,0,0,60,0,0
1,1,0,12,1,5,0,0,60,0,0
1,1,1,5,1,8,1,0,60,0,0
1,1,0,10,1,1,0,1,60,0,1
1,1,0,0,0,7,0,0,60,1,0
1,1,0,0,1,3,0,1,120,0,1
1,1,1,12,1,7,0,0,60,0,1
1,1,0,12,1,0,0,0,60,0,0
1,1,0,4,0,4,1,0,60,0,0
1,1,0,11,1,1,0,1,60,0,0
1,1,0,12,0,1,0,0,60,0,0
1,1,0,4,1,10,0,1,60,0,0
1,1,0,5,0,2,0,0,120,0,1
1,1,0,3,0,2,0,1,60,0,0
1,1,0,0,0,6,0,0,60,0,0
1,1,0,9,1,2,0,0,60,0,0
1,1,0,0,0,3,1,0,120,0,0
1,1,0,1,0,4,0,0,120,0,1
1,1,0,6,1,2,0,1,60,0,1
1,1,0,2,1,1,1,0,60,0,0
1,1,0,2,1,4,0,0,60,0,0
1,1,1,2,0,5,1,0,60,0,1
1,1,0,2,1,6,1,0,60,0,0
1,1,0,3,1,4,0,0,60,0,0
1,1,0,0,1,4,0,0,60,0,0
1,1,0,8,0,5,0,0,60,0,0
1,1,0,8,0,8,0,0,120,0,0
1,1,0,11,1,5,0,0,60,0,0
1,1,0,1,1,0,0,1,60,0,1
1,1,0,7,0,6,0,0,60,0,1
1,1,0,3,2,2,1,1,60,0,0
1,1,1,0,0,0,1,0,120,0,0
1,1,0,11,0,0,0,1,60,0,0
1,1,1,0,0,0,1,0,120,0,0
1,1,0,10,1,1,1,0,60,0,0
1,1,0,0,0,3,0,0,75,0,0
1,1,0,8,1,8,0,0,60,0,0
1,1,0,7,1,5,0,0,60,0,0
1,1,0,10,0,6,0,0,120,0,1
1,1,1,12,1,5,1,1,60,0,0
1,1,0,1,0,6,1,0,60,0,0
1,1,0,0,0,9,0,0,120,0,0
1,1,0,7,1,0,0,0,60,0,1
1,1,0,10,1,3,1,1,60,0,0
1,1,0,5,1,2,0,0,90,0,0
1,1,0,7,0,6,0,1,270,1,1
1,1,0,1,1,1,0,0,60,0,0
1,1,0,5,0,3,0,0,60,0,0
1,1,1,6,1,1,1,0,60,0,1
1,1,0,11,0,1,0,1,90,0,1
1,1,0,12,0,0,0,0,60,0,0
1,1,0,10,1,4,0,0,60,0,1
1,1,0,11,1,9,1,1,60,0,0
1,1,0,10,0,9,0,0,60,0,0
1,1,0,0,1,9,0,1,60,0,0
1,1,0,5,0,4,1,0,60,0,0
1,1,0,11,1,0,0,0,60,0,0
1,1,0,0,1,4,0,0,60,1,0
1,1,0,5,1,0,0,0,60,0,0
1,1,0,5,0,0,0,0,60,0,0
1,1,0,11,0,4,1,0,60,0,0
1,1,1,8,1,3,1,1,60,1,1
1,1,0,3,0,2,0,0,120,0,1
1,1,1,3,1,0,0,0,150,0,0
1,1,0,5,0,2,0,0,120,1,0
1,1,0,8,0,8,0,1,60,0,0
1,1,0,5,1,7,1,0,60,0,0
1,1,0,12,1,6,0,0,60,0,1
1,1,0,10,1,9,1,1,120,0,1
1,1,0,7,2,6,0,0,120,0,1
1,1,0,6,1,1,0,0,60,0,0
1,1,0,0,0,4,0,0,60,0,0
1,1,0,1,0,8,0,0,60,0,0
1,1,0,2,1,3,1,0,75,0,0
1,1,0,3,1,5,1,0,60,0,0
1,1,0,5,0,7,0,0,120,0,1
1,1,0,5,0,5,0,1,60,0,0
1,1,0,5,0,5,0,0,60,0,0
1,1,0,5,1,1,0,0,60,0,0
1,1,0,5,0,3,0,0,60,0,1
1,1,0,7,0,6,0,1,60,0,0
1,1,0,10,1,7,0,1,120,1,0
1,1,0,3,1,1,1,0,60,0,0
1,1,0,5,1,2,0,0,60,0,1
1,1,0,1,1,7,0,1,60,0,0
1,1,0,10,0,3,0,0,90,0,0
1,1,0,3,1,1,1,0,60,0,0
1,1,1,10,1,3,0,1,60,0,0
1,1,0,6,1,1,0,0,180,0,1
1,1,0,12,1,0,0,0,120,1,1
1,1,0,3,0,7,0,0,60,0,0
1,1,1,4,1,1,0,0,60,0,0
1,1,0,11,1,2,0,0,60,0,0
1,1,0,5,0,2,0,0,60,0,0
1,1,0,6,1,0,0,1,60,0,0
1,1,0,3,0,3,0,0,60,1,0
1,1,0,9,0,3,1,0,120,0,0
1,1,0,11,1,2,1,1,60,0,0
1,1,0,5,1,0,0,0,60,0,1
1,1,0,10,0,4,0,0,60,0,0
1,1,0,11,1,8,0,0,120,0,1
1,1,0,8,1,7,0,0,120,0,0
1,1,0,8,1,7,0,0,180,0,0
1,1,0,9,1,6,0,0,60,0,0
1,1,0,2,1,2,0,0,120,0,0
1,1,1,5,0,1,0,0,120,0,0
1,1,0,3,1,2,0,0,90,1,0
1,1,0,9,1,1,0,0,60,1,0
1,1,0,1,1,9,1,1,60,0,0
1,1,0,8,0,6,1,0,60,0,0
1,1,0,7,1,7,1,0,60,0,1
1,1,0,5,0,2,0,0,60,0,0
1,1,0,0,1,3,0,0,60,0,0
1,1,1,10,1,1,1,1,60,0,0
1,1,1,1,0,9,1,0,60,0,0
1,1,0,1,0,2,0,0,60,0,1
1,1,0,3,0,5,0,0,60,0,0
1,1,0,1,1,6,0,0,60,0,1
1,1,0,0,1,7,0,0,120,0,0
1,1,0,9,1,2,0,0,60,0,0
1,1,0,0,1,7,0,0,120,0,0
1,1,0,8,0,8,0,0,120,0,1
1,1,0,8,1,4,0,0,60,0,0
1,1,0,11,0,0,0,0,60,0,0
1,1,0,5,1,5,0,0,60,0,0
1,1,0,5,0,0,1,0,60,0,0
1,1,0,9,1,9,0,0,60,0,0
1,1,0,6,0,5,0,0,60,1,0
1,1,0,0,0,3,1,0,60,0,1
1,1,1,8,0,7,0,0,120,0,1
1,1,0,9,0,8,0,0,180,0,0
1,1,0,11,0,8,1,0,60,0,0
1,1,0,4,0,7,0,0,60,0,0
1,1,0,3,1,3,0,1,120,0,0
1,1,0,0,0,3,0,0,60,1,0
1,1,0,1,1,6,1,0,60,0,0
1,1,0,8,0,8,0,0,210,0,1
1,1,0,12,1,0,0,0,60,0,1
1,1,0,11,1,2,0,0,120,0,0
1,1,0,1,1,6,1,0,60,0,0
1,1,0,8,0,8,0,0,120,0,0
1,1,0,3,0,3,1,0,120,0,1
1,1,0,12,0,1,0,0,60,0,0
1,1,0,4,1,0,0,0,150,0,0
1,1,0,4,0,0,0,0,60,0,0
1,1,0,0,0,8,0,0,60,0,0
1,1,0,0,1,6,0,0,120,0,1
1,1,0,6,1,3,0,0,60,0,0
1,1,0,8,1,4,1,0,60,0,0
1,1,1,5,0,1,1,0,120,0,0
1,1,0,9,1,2,0,0,60,0,0
1,1,0,12,1,2,0,0,120,0,1
1,1,0,5,0,8,1,0,60,0,1
1,1,0,3,1,0,0,0,60,0,0
1,1,1,6,1,8,0,0,60,0,0
1,1,0,7,0,7,1,0,60,0,0
1,1,0,0,0,3,1,0,60,0,0
1,1,0,11,0,1,0,0,60,0,0
1,1,0,12,0,0,0,0,60,0,0
1,1,0,1,1,7,0,0,60,0,0
1,1,0,9,0,7,0,0,60,0,0
1,1,1,11,1,1,1,0,60,0,0
1,1,0,10,1,6,0,0,60,0,0
1,1,0,0,0,8,0,0,90,0,0
1,1,0,7,0,4,1,0,120,0,1
1,1,0,12,0,1,1,0,90,0,1
1,1,1,3,0,8,0,0,60,0,0
1,1,0,12,1,0,0,0,120,0,1
1,1,1,2,0,4,0,0,60,0,0
1,1,0,7,0,3,0,0,75,0,0
1,1,0,2,1,0,0,0,60,0,1
1,1,0,8,0,4,0,0,60,1,0
1,1,0,1,1,0,0,0,120,0,1
1,1,0,2,1,1,0,0,120,0,0
1,1,0,11,0,2,0,0,60,0,0
1,1,0,8,1,8,0,0,180,0,1
1,1,0,10,0,6,0,0,120,0,0
1,1,0,9,1,9,1,0,330,0,1
1,1,0,10,1,1,0,0,60,0,0
1,1,0,7,0,2,0,0,60,0,0
1,1,0,0,0,3,1,0,120,0,1
1,1,0,11,0,2,0,0,60,0,0
1,1,0,6,1,6,0,0,60,0,0
1,1,0,0,0,6,0,0,60,0,0
1,1,0,1,0,2,0,0,60,1,0
1,1,0,0,0,7,0,0,120,0,0
1,1,0,11,0,1,1,0,60,0,0
1,1,0,5,1,2,1,0,150,1,0
1,1,1,1,0,2,0,0,60,0,0
1,1,0,1,1,9,0,0,60,0,0
1,1,0,10,1,0,1,0,60,0,0
1,1,0,0,0,3,0,0,60,0,0
1,1,0,10,0,6,0,0,60,0,0
1,1,1,0,1,3,1,0,60,1,0
1,1,0,3,0,4,0,0,120,1,0
1,1,0,1,1,5,0,0,120,0,1
1,1,0,4,1,0,0,0,60,0,1
1,1,0,0,0,3,0,0,60,0,0
1,1,0,0,0,6,1,0,60,1,0
1,1,0,1,1,6,0,0,60,0,0
1,1,0,2,0,1,0,0,60,0,0
1,1,0,5,1,0,0,0,120,0,1
1,1,0,10,1,6,0,0,120,0,0
1,1,0,1,0,5,0,0,120,0,0
1,1,0,8,0,3,1,0,60,0,0
1,1,0,5,1,6,0,0,60,0,1
1,1,0,12,0,1,1,0,60,0,0
1,1,1,11,1,0,1,0,60,1,0
1,1,0,6,0,1,0,0,60,0,0
1,1,0,10,0,4,0,0,120,0,0
1,1,0,11,0,2,1,0,120,0,1
1,1,0,8,0,6,1,0,120,0,0
1,1,0,5,1,1,0,0,60,0,1
1,1,0,5,1,4,0,0,90,0,0
1,1,0,1,1,3,0,0,60,0,1
1,1,0,0,0,5,1,0,60,0,0
1,1,0,10,1,1,0,0,60,0,0
1,1,0,8,0,3,0,0,120,0,0
1,1,0,12,1,0,0,0,60,0,1
1,1,0,8,0,7,0,0,60,0,0
1,1,0,12,0,1,0,0,90,0,0
1,1,0,6,1,7,1,0,60,0,0
1,1,0,5,0,8,1,0,60,0,0
1,1,0,9,2,3,0,0,90,0,0
1,1,0,2,1,7,0,0,180,0,1
1,1,0,8,0,9,0,0,120,0,0
1,1,0,2,1,4,0,0,75,0,0
1,1,1,8,0,0,0,0,60,0,0
1,1,0,1,0,0,0,0,60,0,0
1,1,0,4,0,5,1,0,60,0,0
1,1,0,3,0,1,0,0,60,0,0
1,1,0,8,1,3,0,0,60,0,0
1,1,0,9,1,3,0,0,120,0,1
1,1,0,10,1,8,0,0,60,0,0
1,1,1,3,1,5,1,0,105,1,1
1,1,0,12,0,6,0,0,60,0,0
1,1,0,4,0,0,1,0,75,0,0
1,1,0,10,1,2,0,0,60,0,0
1,1,0,8,0,4,1,0,60,0,0
1,1,0,0,1,9,0,0,135,0,1
1,1,1,12,0,0,0,0,60,0,0
1,1,0,8,1,0,0,0,60,0,1
1,1,0,5,1,0,1,0,60,0,0
1,1,0,10,1,2,1,0,60,0,0
1,1,0,0,1,1,0,0,90,0,1
1,1,0,1,0,6,1,0,60,0,0
1,1,0,1,0,6,0,0,60,0,1
1,1,0,7,0,3,0,0,120,0,0
1,1,0,6,1,4,0,0,60,0,0
1,1,0,6,0,0,0,0,60,0,0
1,1,0,5,1,1,0,0,120,0,1
1,1,0,0,0,5,1,0,60,0,0
1,1,0,12,1,3,1,0,60,0,1
1,1,0,4,0,0,0,0,60,0,0
1,1,0,11,0,2,0,0,60,0,0
1,1,0,9,0,1,0,0,120,0,0
1,1,0,10,1,0,0,0,60,0,1
1,1,0,5,1,0,0,0,120,0,0
1,1,1,6,0,3,0,0,60,0,0
1,1,1,7,1,3,0,0,120,0,1
1,1,0,3,0,3,0,0,60,1,0
1,1,0,5,0,1,0,0,180,0,0
1,1,0,10,0,3,0,0,60,0,0
1,1,0,12,0,1,0,0,120,0,1
1,1,0,12,0,1,0,0,60,0,0
1,1,0,8,1,1,0,0,60,0,0
1,1,0,10,0,4,0,0,60,0,0
1,1,0,12,0,7,0,0,60,0,1
1,1,0,5,0,6,0,0,120,0,0
1,1,0,10,1,4,0,0,120,0,1
1,1,0,4,1,2,0,0,60,0,0
1,1,0,1,1,6,0,0,120,0,1
1,1,0,10,0,9,0,0,120,0,0
1,1,0,8,0,9,0,0,120,0,0
1,1,0,5,0,6,1,0,60,0,0
1,1,0,0,0,2,0,0,60,0,0
1,1,0,4,1,0,0,0,60,0,0
1,1,0,11,0,10,0,0,120,0,1
1,1,0,10,1,3,0,0,60,1,0
1,1,0,8,1,9,0,0,120,0,0
1,1,1,9,0,2,1,0,60,0,0
1,1,0,10,1,5,0,0,60,0,0
1,1,0,10,1,3,0,0,60,1,0
1,1,0,6,1,0,0,0,60,0,0
1,1,0,12,0,1,0,0,120,1,1
1,1,0,5,0,5,0,0,60,0,0
1,1,0,8,0,2,0,0,60,0,1
1,1,0,12,1,0,0,0,60,0,1
1,1,0,8,1,4,0,0,60,0,0
1,1,0,3,1,1,0,0,120,0,1
1,1,0,3,1,1,0,0,90,0,0
1,1,0,7,0,7,0,0,60,0,0
1,1,0,0,0,5,0,0,60,0,0
1,1,0,11,0,8,0,0,60,0,0
1,1,1,8,0,7,0,0,60,0,1
1,1,0,10,0,7,1,0,180,0,1
1,1,0,5,1,0,0,0,60,0,1
1,1,0,0,0,4,0,0,120,0,0
1,1,0,12,1,1,0,0,120,0,1
1,1,0,11,0,5,0,0,60,0,0
1,1,0,1,1,0,0,0,60,1,0
1,1,0,11,1,0,0,0,60,0,0
1,1,0,8,1,2,0,0,120,0,0
1,1,0,10,1,0,1,0,120,0,0
1,1,1,5,1,2,1,0,60,0,1
1,1,0,2,0,4,0,0,120,0,0
1,1,0,8,0,1,0,0,120,0,0
1,1,0,0,1,6,0,0,60,0,1
1,1,0,5,0,1,0,0,60,0,0
1,1,0,6,0,5,0,0,60,0,0
1,1,0,0,1,9,0,0,60,0,0
1,1,0,5,1,6,0,0,120,0,1
1,1,0,4,1,3,0,0,120,0,1
1,1,1,6,0,7,1,0,60,0,0
1,1,0,0,0,7,1,0,120,1,0
1,1,0,6,1,0,0,0,60,0,0
1,1,0,5,1,5,1,0,180,0,1
1,1,0,0,0,4,1,0,60,0,0
1,1,0,0,0,6,0,0,60,0,1
1,1,1,10,1,0,0,0,60,1,0
1,1,0,5,1,1,0,0,60,0,1
1,1,0,11,0,0,0,0,120,0,0
1,1,0,0,2,3,0,0,60,0,1
1,1,0,10,0,9,0,0,60,0,1
1,1,0,11,1,3,0,0,120,0,1
1,1,0,11,0,2,0,0,180,0,0
1,1,0,0,1,9,1,0,120,0,1
1,1,0,10,1,8,0,0,60,0,0
1,1,0,9,0,0,0,0,120,0,0
1,1,0,3,1,3,0,0,120,0,0
1,1,1,8,1,6,1,0,120,0,0
1,1,1,0,1,1,1,0,120,0,1
1,1,0,8,1,4,0,0,60,0,0
1,1,1,6,1,6,1,0,120,1,0
1,1,0,8,1,4,0,0,60,0,0
1,1,0,3,0,0,0,0,60,0,1
1,1,0,11,0,8,0,0,180,0,1
1,1,0,10,1,6,0,0,60,0,0
1,1,0,12,1,2,0,0,180,0,1
1,1,0,0,0,9,1,0,60,0,0
1,1,0,4,1,2,1,0,60,0,1
1,1,0,5,1,7,1,0,60,0,0
1,1,0,6,1,4,0,0,60,0,0
1,1,0,8,1,4,0,0,120,0,0
1,1,0,0,1,9,0,0,60,0,0
1,1,1,10,0,4,1,0,60,0,0
1,1,0,3,0,2,1,0,120,0,1
1,1,0,12,0,4,0,0,120,0,1
1,1,0,1,1,3,0,0,120,0,1
1,1,0,10,1,0,0,0,120,0,0
1,1,0,5,1,10,0,0,120,0,1
1,1,0,8,0,7,1,0,60,0,0
1,1,1,8,1,7,0,0,60,0,1
1,1,0,6,0,6,0,0,60,0,0
1,1,0,5,0,0,0,0,180,0,1
1,1,0,4,0,1,0,0,60,0,1
1,1,1,2,1,4,0,0,60,0,1
1,1,0,5,1,4,0,0,60,0,0
1,1,1,12,1,1,1,0,120,0,0
1,1,0,5,1,0,0,0,150,0,0
1,1,0,1,0,8,0,0,180,0,0
1,1,0,8,0,8,1,0,60,0,0
1,1,0,2,0,1,0,0,60,0,0
1,1,0,10,1,8,0,0,60,0,0
1,1,0,4,0,0,0,0,60,0,0
1,1,0,10,1,9,0,0,60,0,1
1,1,0,7,1,3,0,0,120,0,1
1,1,0,1,1,8,0,0,120,0,1
1,1,0,0,1,4,0,0,60,1,1
1,1,0,2,1,6,1,0,60,0,1
1,1,0,5,0,3,0,0,120,0,0
1,1,0,11,1,2,1,0,60,0,0
1,1,0,10,1,2,0,0,60,0,1
1,1,0,11,0,0,0,0,120,0,0
1,1,0,10,0,4,0,0,150,0,0
1,1,1,0,1,4,1,0,120,0,0
1,1,0,2,1,2,1,0,60,0,0
1,1,0,2,0,0,0,0,90,1,0
1,1,1,2,1,6,0,0,60,0,1
1,1,0,8,1,2,0,0,60,0,0
1,1,0,5,1,5,1,0,120,0,0
1,1,0,2,1,10,0,0,60,0,1
1,1,0,6,1,8,0,0,60,0,0
1,1,0,11,1,4,0,0,120,0,0
1,1,0,9,0,3,1,0,120,0,1
1,1,0,11,0,8,1,0,60,0,0
1,1,0,9,1,0,0,0,120,0,1
1,1,0,7,0,5,0,0,120,0,0
1,1,0,6,1,5,1,0,60,0,0
1,1,1,11,1,10,0,0,120,0,0
1,1,0,12,0,4,0,0,120,0,1
1,1,0,8,0,0,0,0,150,0,0
1,1,0,11,0,0,0,0,120,0,0
1,1,0,7,1,2,0,0,60,0,0
1,1,0,11,1,1,0,0,60,0,0
1,1,0,6,0,1,0,0,60,0,0
1,1,0,11,1,1,0,0,120,0,0
1,1,0,0,0,4,1,0,120,0,0
1,1,1,7,0,5,0,0,60,1,0
1,1,1,2,1,0,0,0,60,0,0
1,1,0,12,0,7,0,0,60,0,0
1,1,0,1,0,8,1,0,120,0,0
1,1,0,11,0,2,0,0,120,0,1
1,1,0,0,1,8,0,0,60,0,0
1,1,0,0,1,8,0,0,60,0,0
1,1,0,0,0,3,0,0,60,0,0
1,1,0,11,0,2,0,0,60,0,1
1,1,0,5,1,1,0,0,120,0,1
1,1,0,7,1,9,0,0,60,0,1
1,1,0,6,1,2,0,0,120,0,1
1,1,0,10,1,5,0,0,135,0,1
1,1,0,3,0,1,0,0,60,0,1
1,1,0,3,1,1,0,0,120,0,1
1,1,0,1,1,2,0,0,60,0,0
1,1,0,7,1,7,0,0,60,0,1
1,1,0,11,0,5,0,0,60,0,0
1,1,0,6,1,1,0,0,120,0,1
1,1,1,0,1,2,1,0,60,0,1
1,1,0,5,0,2,0,0,60,0,0
1,1,0,12,1,0,0,0,60,0,0
1,1,0,2,1,3,0,0,75,0,0
1,1,0,2,1,2,0,0,90,0,0
1,1,0,10,1,0,1,0,60,0,0
1,1,0,4,1,1,0,0,120,0,0
1,1,0,5,0,0,1,0,60,0,0
1,1,1,8,1,8,1,0,60,0,1
1,1,0,7,0,9,1,0,60,0,0
1,1,0,0,1,1,0,0,60,0,0
1,1,0,4,1,2,0,0,120,0,1
1,1,0,5,0,1,0,0,60,0,1
1,1,0,7,0,1,0,0,120,1,0
1,1,0,11,1,3,0,0,60,0,1
1,1,0,4,1,3,0,0,60,0,0
1,1,0,3,0,3,0,0,60,0,0
1,1,0,5,0,1,0,0,120,0,0
1,1,0,0,1,2,1,0,60,0,1
1,1,1,2,0,2,0,0,75,0,0
1,1,0,9,0,1,1,0,120,0,0
1,1,0,7,1,4,0,0,60,0,1
1,1,0,10,1,3,0,0,90,0,0
1,1,0,1,1,3,0,0,120,0,0
1,1,0,3,1,7,1,0,60,0,0
1,1,0,11,1,9,0,0,120,0,1
1,1,0,1,0,5,0,0,60,0,0
1,1,0,2,1,4,0,0,75,0,0
1,1,0,10,1,5,1,0,75,0,1
1,1,0,10,0,2,1,0,75,0,1
1,1,0,6,0,2,0,0,60,0,0
1,1,0,6,1,5,0,0,60,0,0
1,1,0,12,1,7,1,0,60,0,0
1,1,0,8,1,8,1,0,60,0,1
1,1,1,10,0,2,0,0,60,1,1
1,1,0,3,1,0,0,0,120,0,1
1,1,0,3,0,2,0,0,120,0,1
1,1,0,1,1,5,1,0,60,0,0
1,1,0,9,0,8,0,0,60,0,0
1,1,1,10,1,7,0,0,120,0,0
1,1,0,5,1,5,0,0,120,0,1
1,1,0,0,1,7,0,0,60,0,0
1,1,0,11,0,1,0,0,120,0,0
1,1,0,9,1,7,1,0,60,0,1
1,1,0,10,1,8,0,0,60,0,0
1,1,1,10,1,9,0,0,120,0,0
1,1,0,0,0,8,0,0,120,0,0
1,1,0,2,0,0,0,0,60,0,0
1,1,0,10,0,5,1,0,75,0,0
1,1,0,3,1,2,0,0,60,0,1
1,1,0,10,0,6,0,0,60,0,0
1,1,0,11,0,10,0,0,60,0,0
1,1,0,12,0,7,0,0,60,0,1
1,1,0,12,0,4,1,0,60,0,0
1,1,0,6,1,9,1,0,60,0,0
1,1,0,1,1,8,0,0,60,0,0
1,1,0,5,1,0,0,0,120,0,0
1,1,0,4,0,0,0,0,60,0,0
1,1,0,3,0,4,1,0,60,0,0
1,1,1,10,1,0,1,0,60,0,0
1,1,0,5,0,3,0,0,60,1,0
1,1,0,7,1,6,1,0,60,0,0
1,1,0,9,0,5,0,0,120,0,1
1,1,0,0,0,8,0,0,60,0,0
1,1,1,10,1,0,0,0,60,1,0
1,1,0,8,1,6,0,0,60,1,0
1,1,0,6,0,6,1,0,60,0,1
1,1,0,1,0,4,0,0,60,0,0
1,1,0,1,1,3,1,0,60,0,0
1,1,0,6,0,4,0,0,120,0,0
1,1,0,0,1,0,0,0,60,0,1
1,1,1,9,0,3,0,0,60,0,0
1,1,0,3,1,0,0,0,60,0,1
1,1,0,3,0,0,0,0,60,0,0
1,1,0,0,1,3,0,0,60,0,1
1,1,0,7,0,2,0,0,120,1,0
1,1,0,8,1,5,0,0,60,0,1
1,1,0,8,1,7,0,0,120,0,0
1,1,0,3,0,2,0,0,60,0,1
1,1,0,12,0,9,0,0,60,0,0
1,1,0,7,1,4,0,0,120,0,0
1,1,1,8,1,9,1,0,120,0,0
1,1,0,5,0,0,0,0,60,0,0
1,1,0,11,1,7,0,0,60,0,0
1,1,0,0,1,4,0,0,90,0,0
1,1,0,1,0,5,0,0,90,0,0
1,1,0,0,0,5,1,0,60,0,0
1,1,0,0,1,2,0,0,60,0,1
1,1,1,5,1,5,1,0,180,0,0
1,1,0,3,1,0,1,0,60,0,0
1,1,0,1,1,7,1,0,60,0,1
1,1,0,1,0,8,0,0,60,0,0
1,1,1,6,0,7,1,0,60,0,0
1,1,0,9,1,0,1,0,120,0,0
1,1,0,12,0,2,0,0,60,0,0
1,1,0,8,0,9,0,0,60,0,1
1,1,0,11,1,1,0,0,60,0,0
1,1,0,10,1,3,0,0,60,0,1
1,1,0,11,1,2,0,0,60,0,1
1,1,0,0,1,3,0,0,60,0,1
1,1,0,1,1,6,1,0,60,0,0
1,1,0,3,1,3,1,0,120,1,1
1,1,0,2,1,0,0,0,60,0,0
1,1,0,5,1,0,1,0,60,0,1
1,1,0,1,0,0,0,0,120,0,0
1,1,0,8,0,3,0,0,120,0,1
1,1,1,10,0,3,0,0,60,0,1
1,1,0,0,1,1,0,0,120,0,1
1,1,0,9,0,7,1,0,120,0,0
1,1,1,7,0,9,0,0,60,0,0
1,1,0,11,1,0,0,0,60,0,1
1,1,0,4,1,1,0,0,120,0,1
1,1,0,3,1,4,1,0,60,0,0
1,1,1,11,1,10,0,0,60,0,0
1,1,0,7,1,6,0,0,60,0,0
1,1,0,8,0,9,0,0,120,0,0
1,1,0,3,1,3,0,0,120,0,1
1,1,0,0,1,7,1,0,60,0,0
1,1,0,6,1,4,1,0,60,0,0
1,1,0,7,1,2,1,0,60,0,1
1,1,0,11,0,4,0,0,60,0,1
1,1,0,10,0,5,0,0,60,0,0
1,1,0,11,1,0,0,0,60,0,1
1,1,1,0,1,2,1,0,120,0,0
1,1,1,8,1,9,0,0,60,0,0
1,1,0,7,1,5,1,0,60,0,0
1,1,0,1,1,2,0,0,60,1,1
1,1,0,1,1,3,0,0,60,0,0
1,1,0,7,1,0,0,0,120,0,0
1,1,0,9,0,1,0,0,60,1,0
1,1,0,1,0,1,0,0,60,1,0
1,1,0,10,1,0,0,0,60,0,0
1,1,0,9,0,7,0,0,60,0,0
1,1,0,1,0,3,0,0,60,0,0
1,1,0,1,0,6,0,0,120,0,0
1,1,0,5,0,0,0,0,120,0,0
1,1,0,8,1,8,0,0,60,0,0
1,1,0,9,1,2,0,0,90,0,1
1,1,0,3,1,8,0,0,60,0,0
1,1,0,9,1,4,0,0,120,0,0
1,1,0,7,0,4,1,0,60,0,1
1,1,0,8,1,5,0,0,120,1,0
1,1,0,8,0,9,0,0,60,0,0
1,1,1,3,1,4,0,0,120,0,0
1,1,0,7,0,4,0,0,120,0,0
1,1,0,11,1,0,1,0,60,0,0
1,1,0,0,0,0,0,0,60,0,0
1,1,0,7,0,2,0,0,120,0,1
1,1,0,3,1,1,0,0,120,0,0
1,1,0,4,0,5,0,0,60,0,1
1,1,0,11,1,8,0,0,120,0,0
1,1,0,0,0,6,1,0,120,1,1
1,1,0,10,0,9,1,0,60,0,0
1,1,0,1,1,6,0,0,60,0,0
1,1,0,0,1,3,0,0,120,1,0
1,1,0,0,1,5,0,0,180,0,1
1,1,0,5,1,7,0,0,120,0,1
1,1,0,11,1,6,0,0,60,0,0
1,1,0,8,1,8,0,0,60,0,0
1,1,0,9,0,2,1,0,60,0,1
1,1,0,9,0,4,1,0,60,0,0
1,1,0,3,1,2,0,0,120,0,1
1,1,0,4,0,7,0,0,120,0,0
1,1,0,1,1,8,0,0,120,0,1
1,1,0,10,0,6,1,0,120,0,0
1,1,0,5,0,0,0,0,60,0,0
1,1,0,12,0,2,0,0,180,0,0
1,1,0,12,0,2,0,0,60,0,0
1,1,0,9,1,3,1,0,60,0,1
1,1,0,9,1,3,0,0,120,0,1
1,1,0,8,0,2,0,0,60,0,0
1,1,0,12,0,1,1,0,60,0,0
1,1,0,8,0,5,0,0,60,0,0
1,1,1,8,1,1,0,0,60,0,0
1,1,0,10,1,3,0,0,120,0,0
1,1,0,3,0,6,0,0,120,0,0
1,1,0,2,1,0,0,0,60,0,1
1,1,0,0,1,5,1,0,60,0,1
1,1,0,6,1,7,0,0,120,1,0
1,1,0,12,1,0,0,0,60,0,0
1,1,0,3,1,8,0,0,120,0,0
1,1,0,7,0,8,0,0,60,0,0
1,1,0,12,1,0,0,0,60,0,1
1,1,0,1,1,9,0,0,60,0,1
1,1,0,3,1,0,0,0,60,0,1
1,1,0,11,1,1,0,0,60,0,1
1,1,0,1,1,6,0,0,60,0,0
1,1,0,0,1,5,1,0,60,0,1
1,1,0,3,1,3,1,0,120,0,0
1,1,0,9,0,6,0,0,60,0,0
1,1,0,0,1,5,0,0,120,0,1
1,1,0,5,1,0,0,0,120,1,1
1,1,0,3,0,0,0,0,120,0,0
1,1,0,1,1,2,0,0,120,0,1
1,1,0,6,1,0,0,0,60,0,0
1,1,0,9,0,3,0,0,60,0,0
1,1,0,7,0,6,0,0,180,0,1
1,1,0,9,1,4,1,0,60,0,0
1,1,1,2,0,6,0,0,180,0,1
1,1,0,7,0,7,0,0,120,0,1
1,1,0,12,1,1,0,0,120,0,1
1,1,1,5,1,8,1,0,90,0,0
1,1,0,10,0,1,1,0,60,0,0
1,1,0,12,0,4,0,0,60,0,0
1,1,0,8,1,9,1,0,90,0,1
1,1,0,8,0,8,0,0,120,0,1
1,1,0,11,0,8,0,0,60,0,0
1,1,0,10,1,1,0,0,60,0,0
1,1,0,3,1,2,0,0,120,0,1
1,1,0,6,1,3,0,0,120,0,0
1,1,0,1,0,6,0,0,120,0,0
1,1,0,1,1,0,1,0,180,0,1
1,1,0,6,1,8,0,0,60,0,0
1,1,0,2,1,4,0,0,60,0,0
1,1,0,6,0,6,1,0,60,0,0
1,1,0,1,1,3,0,0,60,0,1
1,1,0,10,2,3,1,0,60,0,0
1,1,0,10,1,1,0,0,60,0,0
1,1,0,11,0,3,0,0,60,0,0
1,1,0,12,1,5,1,0,60,0,1
1,1,0,1,1,7,0,0,60,0,1
1,1,0,10,1,0,1,0,120,0,1
1,1,1,3,0,4,1,0,90,0,0
1,1,0,5,1,0,0,0,60,0,0
1,1,0,2,0,0,0,0,120,0,0
1,1,0,6,1,6,0,0,60,0,0
1,1,0,0,1,3,0,0,60,0,0
1,1,0,2,1,5,0,0,60,0,0
1,1,0,10,1,0,1,0,60,0,0
1,1,1,10,0,8,1,0,60,0,0
1,1,0,10,0,5,0,0,60,0,0
1,1,0,12,1,3,0,0,60,0,0
1,1,0,2,0,1,0,0,60,0,0
1,1,0,2,0,8,0,0,60,0,0
1,1,0,12,1,6,0,0,60,0,0
1,1,0,5,0,0,0,0,60,0,1
1,1,0,8,0,9,1,0,60,0,0
1,1,0,5,0,9,1,0,60,0,0
1,1,0,12,0,5,1,0,120,0,0
1,1,0,4,0,3,0,0,120,0,0
1,1,0,12,0,0,1,0,60,0,0
1,1,0,11,0,4,0,0,120,0,0
1,1,0,8,1,1,0,0,60,0,0
1,1,0,8,0,2,0,0,60,0,1
1,1,1,10,1,2,0,0,120,0,0
1,1,0,3,1,0,1,0,60,0,0
1,1,0,3,0,1,1,0,120,0,0
1,1,0,10,1,0,0,0,120,1,1
1,1,0,5,0,0,1,0,60,0,1
1,1,0,1,1,2,0,0,60,0,1
1,1,1,0,1,6,0,0,60,0,0
1,1,1,11,1,0,0,0,60,0,1
1,1,0,10,1,0,0,0,60,0,0
1,1,0,11,1,0,0,0,60,0,0
1,1,0,0,1,8,0,0,60,0,0
1,1,0,2,1,9,0,0,60,0,0
1,1,0,1,1,4,1,0,180,0,0
1,1,0,10,1,2,1,0,120,0,0
1,1,0,0,0,3,1,0,120,0,1
1,1,0,5,0,0,0,0,120,0,0
1,1,0,8,0,6,0,0,60,0,0
1,1,0,5,0,2,1,0,60,0,0
1,1,0,0,1,2,0,0,120,1,0
1,1,0,3,1,1,0,0,60,0,1
1,1,0,5,1,4,0,0,60,0,1
1,1,0,9,0,0,0,0,120,0,1
1,1,0,11,1,0,0,0,60,0,0
1,1,0,11,2,0,0,0,60,0,1
1,1,0,9,0,7,0,0,120,0,0
1,1,0,0,2,6,0,0,60,0,1
1,1,0,11,1,4,1,0,60,0,1
1,1,0,7,1,5,0,0,120,0,1
1,1,0,7,0,1,0,0,120,0,0
1,1,0,8,1,7,0,0,90,1,0
1,1,0,8,1,9,0,0,60,0,1
1,1,1,10,0,5,0,0,60,0,1
1,1,1,10,1,2,1,0,60,0,0
1,1,0,2,0,1,0,0,60,0,0
1,1,0,2,1,7,1,0,75,0,0
1,1,0,2,1,4,0,0,60,0,1
1,1,0,2,1,5,0,0,60,0,1
1,1,0,6,1,1,0,0,60,0,1
1,1,0,2,1,3,0,0,60,0,0
1,1,0,12,1,6,0,0,60,0,0
1,1,1,5,0,4,0,0,60,0,0
1,1,1,7,0,4,0,0,60,0,0
1,1,1,12,0,6,0,0,60,0,1
1,1,0,7,0,8,0,0,60,0,0
1,1,0,12,0,5,0,0,120,0,0
1,1,0,0,0,3,0,0,60,0,0
1,1,0,2,0,6,1,0,60,0,0
1,1,0,2,1,4,0,0,60,0,0
1,1,0,2,1,5,1,0,60,0,0
1,1,0,2,1,6,1,0,75,0,0
1,1,0,2,1,1,0,0,60,0,0
1,1,0,2,0,4,1,0,60,0,1
1,1,0,2,1,1,1,0,60,0,0
1,1,0,2,1,5,1,0,60,0,0
1,1,0,2,1,3,0,0,60,0,0
1,1,0,2,1,5,1,0,60,0,0
1,1,0,2,1,6,1,0,75,0,0
1,1,0,0,0,1,0,0,60,0,0
1,1,0,10,1,6,0,0,60,0,0
1,1,0,1,0,1,0,0,90,1,0
1,1,0,2,0,2,0,0,60,0,0
1,1,0,7,1,2,0,0,90,1,0
1,1,0,12,0,0,0,0,60,0,0
1,1,0,0,1,8,1,0,60,1,1
1,1,0,0,0,1,0,0,120,0,0
1,1,0,0,0,1,1,0,60,0,0
1,1,0,1,1,3,1,0,120,0,1
1,1,0,6,0,2,1,0,60,0,0
1,1,0,11,0,2,0,0,60,0,1
1,1,0,5,1,3,0,0,60,0,0
1,1,0,0,0,7,1,0,60,1,0
1,1,0,10,1,0,0,0,60,0,0
1,1,0,12,1,3,1,0,120,1,0
1,1,1,0,2,2,0,0,60,0,0
1,1,0,9,0,4,0,0,60,0,0
1,1,0,9,1,2,1,0,120,0,0
1,1,0,11,0,8,0,0,60,0,0
1,1,0,3,0,2,0,0,120,0,0
1,1,0,8,0,2,1,0,120,0,1
1,1,1,8,0,8,0,0,60,0,0
1,1,1,0,1,4,0,0,180,0,1
1,1,1,3,1,1,1,0,60,0,0
1,1,0,9,0,2,0,0,120,0,0
1,1,0,3,1,4,0,0,120,0,0
1,1,0,1,1,8,0,0,180,0,1
1,1,0,10,1,0,0,0,60,0,0
1,1,0,8,1,2,0,0,60,0,1
1,1,0,6,1,1,1,0,60,0,0
1,1,0,8,0,9,0,0,180,0,1
1,1,0,9,0,7,0,0,120,0,1
1,1,1,9,1,3,0,0,60,0,0
1,1,0,7,0,5,0,0,60,0,0
1,1,0,11,0,0,0,0,60,0,0
1,1,0,10,1,3,0,0,120,0,1
1,1,0,11,0,7,0,0,60,1,0
1,1,1,8,0,2,0,0,120,0,0
1,1,0,7,0,7,0,0,60,0,0
1,1,0,8,1,7,0,0,60,0,1
1,1,0,8,1,6,0,0,120,1,0
1,1,0,10,0,7,0,0,60,0,0
1,1,0,0,0,1,1,0,60,0,0
1,1,1,0,0,9,1,0,120,0,1
1,1,0,10,1,1,1,0,120,0,0
1,1,0,11,1,1,1,0,120,0,0
1,1,0,6,1,1,0,0,60,1,0
1,1,0,11,0,9,0,0,60,0,0
1,1,0,7,0,3,0,0,120,0,0
1,1,0,9,0,8,1,0,60,0,0
1,1,1,10,1,0,1,0,60,0,0
1,1,1,12,1,1,0,0,60,0,0
1,1,0,10,0,2,1,0,120,0,0
1,1,0,11,0,1,0,0,120,0,1
1,1,0,10,0,7,1,0,60,0,1
1,1,0,11,1,0,0,0,60,0,1
1,1,1,10,0,6,1,0,60,0,1
1,1,0,10,1,2,0,0,60,0,0
1,1,1,10,1,3,1,0,60,0,0
1,1,0,10,0,5,1,0,60,0,1
1,1,0,0,0,4,0,0,90,0,0
1,1,1,10,0,0,0,0,60,0,1
1,1,0,10,0,4,1,0,60,0,0
1,1,0,10,0,2,0,0,60,0,1
1,1,0,0,1,5,1,0,60,0,0
1,1,0,12,0,1,0,0,60,0,0
1,1,0,11,0,0,1,0,60,0,0
1,1,0,0,0,9,1,0,60,1,0
1,1,0,6,0,6,1,0,60,0,0
1,1,0,3,1,1,1,0,60,0,1
1,1,0,11,0,3,0,0,60,0,0
1,1,0,12,0,1,0,0,60,0,0
1,1,1,12,0,0,1,0,60,0,0
1,1,0,0,0,4,1,0,120,0,0
1,1,0,0,1,1,1,0,120,0,0
1,1,0,1,1,1,1,0,60,0,0
1,1,0,5,0,1,0,0,60,1,0
1,1,0,11,1,2,0,0,120,1,1
1,1,1,1,1,2,1,0,120,0,0
1,1,1,1,1,9,0,0,60,0,0
1,1,1,5,0,1,1,0,60,0,0
1,1,0,11,0,3,0,0,60,0,0
1,1,0,4,0,10,0,0,120,0,1
1,1,0,4,0,6,1,0,60,0,0
1,1,0,1,0,2,0,0,60,1,1
1,1,0,10,0,0,0,0,60,0,0
1,1,0,9,1,8,0,0,120,0,0
1,1,0,5,1,0,0,0,120,0,1
1,1,0,7,0,4,0,0,120,1,1
1,1,0,9,1,6,0,0,120,0,1
1,1,0,9,1,4,1,0,60,0,0
1,1,0,11,1,8,0,0,60,1,0
1,1,0,11,1,5,0,0,60,0,0
1,1,0,4,1,1,0,0,120,0,0
1,1,0,6,0,9,0,0,60,0,0
1,1,0,8,1,9,0,0,120,0,0
1,1,0,3,0,1,0,0,120,0,0
1,1,0,5,0,8,0,0,60,0,0
1,1,0,0,0,0,0,0,120,0,1
1,1,0,10,1,2,1,0,60,1,0
1,1,0,2,0,2,1,0,60,0,0
1,1,0,1,0,6,0,0,60,0,0
1,1,0,2,1,0,0,0,120,0,0
1,1,0,10,0,3,0,0,60,0,0
1,1,0,2,0,2,0,0,120,0,1
1,1,0,11,1,0,1,0,60,1,0
1,1,0,0,1,5,0,0,120,0,0
1,1,0,11,1,1,0,0,60,0,1
1,1,0,9,0,6,1,0,120,0,0
1,1,0,6,1,4,1,0,60,0,1
1,1,0,12,1,3,0,0,60,0,0
1,1,1,0,1,0,0,0,60,0,0
1,1,0,5,1,0,0,0,90,0,1
1,1,0,7,1,7,0,0,60,0,0
1,1,0,12,0,2,0,0,60,0,0
1,1,0,10,0,5,0,0,90,0,0
1,1,0,8,1,5,0,0,60,0,0
1,1,0,0,0,4,0,0,120,0,0
1,1,0,7,0,3,1,0,120,1,1
1,1,0,1,0,4,0,0,60,0,0
1,1,0,9,0,7,0,0,120,0,0
1,1,0,3,1,0,1,0,60,0,0
1,1,0,3,0,2,0,0,60,1,0
1,1,0,7,1,4,1,0,60,1,0
1,1,0,6,1,7,1,0,120,0,1
1,1,0,1,0,3,0,0,60,0,0
1,1,0,4,0,7,0,0,60,0,0
1,1,0,3,1,1,0,0,120,1,1
1,1,0,3,1,1,0,0,60,0,0
1,1,0,0,0,0,0,0,120,0,1
1,1,1,1,0,8,0,0,60,0,0
1,1,1,5,1,0,0,0,60,0,1
1,1,0,0,0,6,0,0,60,0,1
1,1,0,11,0,8,1,0,120,0,1
1,1,0,8,1,4,1,0,120,0,0
1,1,0,10,1,1,1,0,120,1,0
1,1,0,10,0,5,0,0,120,0,0
1,1,0,12,1,3,1,0,60,0,0
1,1,0,7,0,9,0,0,60,0,0
1,1,1,6,0,5,1,0,60,0,0
1,1,0,6,0,5,1,0,60,0,0
1,1,0,6,1,6,1,0,60,0,0
1,1,0,12,0,0,0,0,60,0,0
1,1,0,12,0,4,0,0,60,0,0
1,1,0,0,1,9,1,0,120,0,0
1,1,0,10,1,0,0,0,60,0,1
1,1,0,0,1,4,0,0,60,0,1
1,1,0,3,0,4,0,0,120,1,0
1,1,0,12,1,1,0,0,120,0,0
1,1,0,11,1,5,0,0,120,0,1
1,1,0,2,0,2,0,0,60,0,0
1,1,0,0,1,5,0,0,120,0,0
1,1,0,5,1,4,0,0,180,0,1
1,1,0,7,0,7,1,0,120,0,1
1,1,0,7,0,3,0,0,60,0,1
1,1,0,10,1,7,0,0,120,1,0
1,1,0,7,0,9,1,0,60,0,0
1,1,0,6,1,3,1,0,60,1,1
1,1,0,7,1,2,0,0,60,0,1
1,1,0,0,0,4,0,0,60,0,1
1,1,0,9,0,3,1,0,60,0,0
1,1,0,9,0,6,0,0,60,0,0
1,1,1,12,1,1,0,0,120,0,0
1,1,0,1,1,8,1,0,60,0,0
1,1,1,7,1,1,1,0,60,0,0
1,1,0,10,1,7,0,0,120,0,0
1,1,0,5,0,0,0,0,60,0,1
1,1,1,10,1,2,1,0,60,0,0
1,1,0,1,0,2,0,0,60,1,0
1,1,0,9,0,6,0,0,60,0,0
1,1,0,3,0,2,1,0,120,0,0
1,1,0,5,1,2,0,0,60,0,0
1,1,0,11,0,7,0,0,60,0,0
1,1,0,10,1,2,0,0,60,0,0
1,1,0,1,0,2,1,0,60,1,0
1,1,0,8,0,3,0,0,90,0,1
1,1,0,12,0,7,0,0,60,0,0
1,1,0,2,1,0,1,0,60,0,1
1,1,0,2,1,1,1,0,60,0,0
1,1,0,2,1,2,1,0,60,0,0
1,1,0,2,1,5,1,0,60,0,0
1,1,0,3,1,3,0,0,60,1,0
1,1,0,3,1,0,0,0,60,0,0
1,1,1,6,0,5,1,0,60,0,0
1,1,0,0,0,7,0,0,60,1,1
1,1,0,11,0,0,0,0,60,0,0
1,1,0,9,1,3,0,0,60,0,0
1,1,0,6,1,2,0,0,60,0,0
1,1,0,5,1,0,1,0,180,0,0
1,1,0,11,1,1,0,0,60,0,0
1,1,0,6,1,3,0,0,120,1,1
1,1,0,10,1,1,0,0,60,0,0
1,1,0,0,1,6,0,0,60,0,0
1,1,1,5,0,5,0,0,120,0,0
1,1,0,2,1,0,0,0,60,0,0
1,1,0,6,1,1,1,0,60,0,0
1,1,0,0,1,9,0,0,90,0,0
1,1,0,0,1,7,0,0,60,0,0
1,1,0,0,1,5,0,0,120,0,0
1,1,0,2,0,0,1,0,60,0,1
1,1,0,12,0,9,0,0,120,0,1
1,1,0,0,1,8,0,0,60,0,1
1,1,0,7,0,2,0,0,120,1,1
1,1,0,5,1,5,0,0,60,0,1
1,1,0,5,1,0,0,0,60,0,0
1,1,0,0,0,9,0,0,240,0,0
1,1,0,5,1,1,0,0,60,0,1
1,1,0,1,0,0,0,0,60,0,1
1,1,0,0,1,2,0,0,60,0,0
1,1,0,12,1,5,1,0,60,0,0
1,1,0,1,1,1,0,0,120,0,1
1,1,0,7,0,1,0,0,120,1,1
1,1,0,7,0,9,0,0,60,0,0
1,1,0,6,0,0,1,0,120,0,0
1,1,0,6,0,5,0,0,60,0,0
1,1,0,9,0,1,0,0,60,0,0
1,1,0,1,0,9,0,0,60,0,0
1,1,0,5,0,7,0,0,60,0,1
1,1,0,6,1,4,1,0,60,0,0
1,1,0,8,0,9,0,0,120,0,0
1,1,0,0,0,6,1,0,120,0,0
1,1,0,8,0,4,1,0,60,0,1
1,1,0,4,1,0,1,0,120,0,1
1,1,0,9,1,2,1,0,60,0,0
1,1,0,0,0,8,0,0,120,0,0
1,1,0,5,1,1,0,0,60,0,1
1,1,0,8,1,3,0,0,120,0,1
1,1,0,2,1,3,0,0,60,0,0
1,1,0,2,1,4,1,0,60,0,1
1,1,0,12,1,4,1,0,60,0,0
1,1,0,5,0,1,0,0,120,1,1
1,1,0,8,1,6,0,0,120,0,0
1,1,0,0,0,6,1,0,60,0,0
1,1,0,6,0,5,1,0,60,0,0
1,1,0,2,1,1,0,0,60,0,0
1,1,1,10,1,8,0,0,120,0,1
1,1,0,11,0,9,0,0,60,0,0
1,1,0,2,0,0,0,0,60,1,0
1,1,0,9,1,2,0,0,60,0,0
1,1,0,2,1,2,1,0,60,0,0
1,1,0,11,1,9,0,0,60,0,0
1,1,0,5,0,1,1,0,60,0,0
1,1,0,9,1,8,0,0,60,0,1
1,1,0,11,0,0,0,0,120,0,0
1,1,0,0,1,4,0,0,60,0,0
1,1,0,1,0,0,0,0,60,0,1
1,1,0,12,0,1,0,0,60,1,0
1,1,0,4,0,0,0,0,120,0,0
1,1,0,12,1,1,0,0,60,1,1
1,1,0,3,1,3,0,0,60,0,0
1,1,0,4,1,1,0,0,60,0,0
1,1,0,2,0,1,0,0,60,0,0
1,1,0,8,0,8,0,0,60,0,0
1,1,0,2,1,0,1,0,60,0,0
1,1,0,2,1,1,1,0,60,0,0
1,1,0,2,0,6,1,0,60,0,0
1,1,0,5,1,3,0,0,60,1,0
1,1,0,2,1,1,0,0,60,0,0
1,1,0,8,1,9,1,0,60,0,0
1,1,0,2,0,1,1,0,120,0,1
1,1,0,2,1,2,1,0,60,0,0
1,1,0,2,1,2,0,0,60,0,0
1,1,0,11,0,9,0,0,60,0,0
1,1,0,11,1,6,0,0,60,0,0
1,1,0,7,1,6,1,0,120,1,0
1,1,0,12,0,2,0,0,120,0,0
1,1,0,5,1,0,0,0,120,0,1
1,1,0,11,0,4,0,0,60,0,0
1,1,0,2,1,0,0,0,60,0,0
1,1,0,2,1,5,1,0,60,0,0
1,1,0,4,1,3,0,0,120,0,0
1,1,0,3,0,1,1,0,60,0,1
1,1,0,3,1,3,0,0,120,0,0
1,1,0,0,1,7,0,0,60,1,0
1,1,0,0,0,3,0,0,60,0,0
1,1,0,1,1,6,0,0,60,1,1
1,1,0,1,0,0,0,0,60,1,0
1,1,1,0,0,0,1,0,60,0,0
1,1,0,2,0,0,0,0,60,0,1
1,1,0,4,1,5,0,0,120,0,1
1,1,0,8,0,1,1,0,60,0,0
1,1,0,2,1,3,1,0,60,0,0
1,1,0,10,0,1,0,0,120,0,0
1,1,0,9,0,8,0,0,60,0,0
1,1,0,7,0,9,1,0,120,0,0
1,1,0,11,0,7,0,0,120,0,0
1,1,0,0,2,3,0,0,60,0,1
1,1,0,12,0,5,1,0,120,0,1
1,1,0,8,0,2,0,0,120,0,0
1,1,1,2,1,1,0,0,60,0,0
1,1,0,2,1,7,0,0,60,0,0
1,1,0,2,0,6,1,0,60,0,0
1,1,0,2,1,7,0,0,60,0,0
1,1,0,2,1,8,0,0,60,0,0
1,1,0,2,0,5,0,0,60,0,1
1,1,0,2,1,3,1,0,60,0,0
1,1,0,2,1,3,1,0,60,0,0
1,1,1,7,0,7,0,0,60,0,0
1,1,0,3,1,2,1,0,60,0,1
1,1,0,0,1,5,0,0,60,0,0
1,1,0,11,0,0,1,0,120,0,0
1,1,0,2,1,9,0,0,60,0,1
1,1,0,9,1,6,0,0,120,0,0
1,1,1,10,0,3,0,0,60,0,0
1,1,0,6,1,3,0,0,60,0,0
1,1,0,0,1,7,0,0,60,0,1
1,1,0,7,0,4,0,0,60,0,0
1,1,0,5,1,3,0,0,60,0,1
1,1,0,5,0,1,0,0,120,0,1
1,1,0,6,1,0,0,0,60,0,1
1,1,0,6,1,2,0,0,60,0,1
1,1,0,4,0,7,0,0,120,0,0
1,1,0,11,0,0,0,0,180,0,1
1,1,0,3,1,6,0,0,120,0,0
1,1,0,7,0,9,0,0,120,0,1
1,1,0,3,0,1,0,0,120,0,0
1,1,0,7,0,1,1,0,60,0,0
1,1,1,2,1,5,0,0,60,0,0
1,1,0,1,2,2,0,0,60,0,1
1,1,0,5,0,3,0,0,120,0,1
1,1,0,3,0,4,0,0,60,0,0
1,1,0,7,0,7,0,0,60,0,0
1,1,0,6,1,5,1,0,60,0,0
1,1,0,1,0,1,0,0,60,0,0
1,1,1,6,0,9,1,0,60,0,0
1,1,0,0,1,5,0,0,120,0,0
1,1,0,5,1,2,0,0,180,0,1
1,1,0,9,0,0,0,0,60,1,1
1,1,0,8,1,9,0,0,60,0,0
1,1,0,0,2,4,0,0,90,0,1
1,1,0,10,0,6,1,0,60,0,0
1,1,0,4,0,10,1,0,60,0,0
1,1,0,6,0,7,1,0,120,0,0
1,1,0,5,0,1,1,0,60,0,0
1,1,0,2,0,5,1,0,60,0,0
1,1,1,12,1,9,0,0,60,1,0
1,1,0,11,1,4,1,0,120,0,1
1,1,0,9,1,7,0,0,60,0,1
1,1,0,0,0,4,0,0,60,0,0
1,1,1,6,1,7,1,0,60,0,0
1,1,0,3,0,1,0,0,120,0,1
1,1,1,6,0,6,0,0,120,0,0
1,1,0,9,0,5,0,0,120,0,0
1,1,0,10,0,3,0,0,60,0,0
1,1,0,7,1,3,0,0,60,0,1
1,1,0,3,0,1,0,0,60,0,0
1,1,0,9,1,5,0,0,60,0,0
1,1,1,1,0,7,0,0,60,1,0
1,1,0,8,0,6,1,0,60,0,0
1,1,0,7,1,8,1,0,120,0,1
1,1,0,11,1,1,0,0,120,1,0
1,1,0,2,0,10,1,0,120,0,0
1,1,0,12,1,6,0,0,120,0,0
1,1,0,3,0,2,0,0,120,0,1
1,1,0,10,0,0,0,0,60,0,0
1,1,1,8,1,8,0,0,60,0,0
1,1,0,3,0,0,0,0,60,0,0
1,1,0,3,1,4,1,0,120,0,1
1,1,0,3,1,1,0,0,150,0,1
1,1,0,8,1,8,0,0,60,0,1
1,1,0,1,1,1,0,0,60,0,1
1,1,0,7,0,1,0,0,60,0,0
1,1,0,9,1,2,0,0,60,0,1
1,1,0,12,1,8,0,0,120,0,1
1,1,0,7,0,7,0,0,60,0,0
1,1,0,9,1,5,1,0,60,0,0
1,1,0,9,0,9,0,0,60,0,0
1,1,1,6,1,3,0,0,60,0,0
1,1,0,6,0,7,0,0,60,0,0
1,1,0,6,1,2,1,0,60,0,0
1,1,0,6,1,8,1,0,60,0,1
1,1,0,6,0,2,0,0,60,0,0
1,1,1,6,0,1,0,0,60,0,0
1,1,0,0,2,1,0,0,60,0,0
1,1,0,3,0,0,1,0,60,0,0
1,1,0,2,0,0,0,1,60,0,0
1,1,1,2,0,10,1,0,60,0,0
1,1,0,3,1,2,1,0,60,0,0
1,1,0,3,1,1,0,0,60,0,1
1,1,1,10,0,3,0,0,60,0,0
1,1,0,10,0,0,1,0,60,0,0
1,1,0,0,0,9,0,0,120,1,1
1,1,0,0,0,5,0,0,60,0,0
1,1,0,9,1,6,0,0,120,0,0
1,1,1,10,0,6,0,0,60,0,0
1,1,0,10,1,9,1,0,60,0,0
1,1,0,10,1,4,0,0,60,0,0
1,1,0,10,1,8,0,0,60,0,0
1,1,0,0,0,9,1,0,60,0,0
1,1,0,10,2,3,0,0,60,0,1
1,1,0,10,0,4,1,0,60,0,0
1,1,0,10,2,0,1,0,60,0,1
1,1,0,10,0,0,0,0,60,0,0
1,1,0,1,0,0,0,0,120,0,0
1,1,1,5,0,1,0,0,120,0,1
1,1,0,10,0,4,1,0,120,0,1
1,1,0,10,0,8,0,0,60,0,0
1,1,0,11,0,8,0,0,60,0,0
1,1,0,10,0,6,0,0,60,0,0
1,1,0,8,0,7,1,0,60,0,0
1,1,0,8,0,5,0,0,60,0,0
1,1,0,10,1,6,0,0,60,0,0
1,1,0,5,1,3,0,0,120,1,1
1,1,1,10,0,7,0,0,60,0,0
1,1,1,10,2,1,0,0,60,0,0
1,1,0,5,1,3,0,0,60,0,0
1,1,0,11,0,3,0,0,60,0,0
1,1,0,5,0,2,1,0,120,0,0
1,1,0,1,0,8,1,0,60,0,0
1,1,0,10,1,9,0,0,60,0,1
1,1,0,1,0,4,1,0,120,0,0
1,1,1,6,1,3,1,0,60,0,0
1,1,0,2,1,6,0,0,60,0,0
1,1,0,2,0,8,0,0,60,0,0
1,1,0,6,0,9,0,0,75,0,1
1,1,0,6,0,5,0,0,60,0,0
1,1,0,12,1,7,1,0,180,0,0
1,1,1,7,0,1,1,0,60,0,0
1,1,1,7,1,2,1,0,60,0,0
1,1,0,7,0,3,0,0,60,0,0
1,1,0,7,0,4,1,0,60,0,0
1,1,0,2,0,6,1,0,60,0,0
1,1,0,2,0,1,0,0,60,0,0
1,1,0,2,0,0,0,0,60,0,0
1,1,0,12,1,5,0,0,120,0,0
1,1,0,2,1,3,1,0,60,0,0
1,1,0,2,1,0,1,0,60,0,0
1,1,0,2,1,7,1,0,60,0,0
1,1,0,2,0,1,1,0,60,0,1
1,1,0,2,0,4,0,0,60,0,0
1,1,1,2,0,4,0,0,120,0,1
1,1,0,2,0,4,1,0,60,0,0
1,1,0,6,1,3,1,0,60,0,0
1,1,0,6,0,6,1,0,60,0,0
1,1,0,2,0,4,0,0,60,0,0
1,1,0,2,0,5,1,0,60,0,1
1,1,0,2,0,2,1,0,60,0,0
1,1,0,2,1,2,0,0,60,0,1
1,1,0,2,1,2,1,0,60,0,0
1,1,0,2,0,0,0,0,120,1,1
1,1,0,2,1,3,0,0,60,0,0
1,1,0,2,0,5,1,0,60,0,0
1,1,1,2,1,4,1,0,60,0,1
1,1,0,2,1,2,1,0,60,0,0
1,1,1,0,0,4,0,0,60,0,0
1,1,0,0,0,0,0,0,60,0,0
1,1,0,10,0,4,0,0,60,0,0
1,1,0,10,0,4,1,0,60,0,0
1,1,0,10,1,3,0,0,60,0,1
1,1,0,10,0,7,0,0,60,0,0
1,1,0,12,0,7,1,0,120,0,0
1,1,0,12,0,9,0,0,120,0,0
1,1,1,10,0,4,0,0,120,0,0
1,1,1,12,0,8,0,0,60,0,0
1,1,0,1,0,4,1,0,120,0,0
1,1,0,1,0,0,0,0,120,0,0
1,1,0,1,0,4,1,0,60,0,0
1,1,0,8,0,6,1,0,60,0,0
1,1,0,10,1,7,1,0,60,0,0
1,1,0,5,1,7,1,0,120,0,0
1,1,0,11,1,0,1,1,180,1,0
1,1,1,10,1,9,1,0,60,0,0
1,1,1,10,1,7,1,0,60,0,0
1,1,0,9,1,4,1,0,120,1,0
1,1,0,11,1,1,1,1,60,0,0
1,1,0,6,0,5,1,0,150,1,0
1,1,0,5,1,7,1,0,120,0,1
1,1,0,8,1,5,2,0,60,0,0
1,1,0,8,0,1,1,0,60,0,0
1,1,0,0,0,9,1,0,120,0,0
1,1,0,10,0,9,1,0,60,0,0
1,1,0,2,1,4,1,0,60,0,0
1,1,0,1,1,1,1,0,120,0,1
1,1,0,11,1,8,1,1,60,0,1
1,1,0,7,1,6,1,0,60,1,0
1,1,0,3,1,1,1,0,60,0,0
1,1,0,9,1,4,1,0,60,0,0
1,1,0,9,1,4,0,0,120,0,1
1,1,0,8,0,6,1,1,60,0,0
1,1,0,7,0,7,1,0,60,0,0
1,1,0,11,1,6,1,1,60,0,0
1,1,0,6,0,8,1,0,60,0,0
1,1,0,3,1,6,0,0,90,0,1
1,1,0,11,1,4,1,0,60,0,1
1,1,0,6,1,3,1,2,60,1,0
1,1,0,0,0,8,1,0,60,0,0
1,1,0,0,1,7,1,0,60,0,0
1,1,0,11,2,0,0,0,60,0,0
1,1,0,12,0,6,0,0,90,0,1
1,1,0,6,1,4,0,3,120,0,0
1,1,0,11,1,0,1,4,60,1,1
1,1,1,10,0,3,1,0,60,0,0
1,1,0,8,0,4,1,0,60,1,0
1,1,0,9,0,4,1,0,120,0,0
1,1,0,6,1,5,1,0,60,0,0
1,1,0,10,0,9,1,0,60,0,1
1,1,1,8,0,9,1,0,120,0,1
1,1,1,3,1,3,1,5,60,0,1
1,1,0,11,1,0,1,0,60,0,0
1,1,0,3,1,0,1,1,60,0,0
1,1,0,9,1,5,1,2,60,0,0
1,1,0,5,1,0,0,0,60,0,0
1,1,0,1,1,6,1,1,60,0,0
1,1,0,8,1,0,0,0,60,1,1
1,1,1,8,0,8,1,0,60,0,1
1,1,0,10,1,0,1,0,60,0,0
1,1,0,7,0,2,0,1,120,0,1
1,1,1,6,1,4,1,0,60,0,0
1,1,1,9,1,7,1,0,60,0,0
1,1,0,2,1,7,1,0,60,0,0
1,1,0,5,1,0,1,0,60,0,1
1,1,1,10,1,4,1,0,120,0,0
1,1,0,7,0,6,1,2,120,0,0
1,1,0,2,1,5,1,0,60,0,0
1,1,0,10,0,5,1,1,120,0,0
1,1,0,9,1,3,1,0,60,0,0
1,1,0,11,0,2,1,0,120,0,0
1,1,0,8,1,3,1,0,60,0,0
1,1,0,8,1,4,1,0,60,0,0
1,1,0,12,0,6,1,0,60,0,0
1,1,0,9,0,3,1,0,120,0,0
1,1,0,6,0,6,0,0,60,0,0
1,1,0,3,2,5,0,0,60,0,0
1,1,0,1,0,1,1,1,60,0,1
1,1,0,3,1,3,0,1,120,0,0
1,1,0,0,0,5,1,0,60,0,1
1,1,1,8,1,5,0,0,60,0,0
1,1,0,12,1,7,0,1,60,0,0
1,1,0,3,0,9,1,1,120,0,1
1,1,0,8,0,3,1,2,60,0,0
1,1,0,1,1,4,0,0,60,0,0
1,1,0,3,2,2,0,0,60,0,0
1,1,1,8,0,4,1,0,180,0,0
1,1,0,10,0,0,0,1,180,1,1
1,1,0,12,0,4,1,0,60,0,1
1,1,0,8,1,9,1,0,180,1,1
1,1,0,8,0,5,0,5,60,0,1
1,1,0,8,0,9,0,0,60,0,0
1,1,0,9,1,6,0,1,60,0,0
1,1,0,3,0,4,0,0,180,0,0
1,1,0,8,1,9,0,0,60,0,1
1,1,0,7,0,6,0,0,120,0,0
1,1,0,7,1,0,0,0,60,0,1
1,1,0,5,0,1,0,0,120,0,0
1,1,0,7,1,3,1,0,60,0,0
1,1,1,6,1,8,0,0,60,0,0
1,1,0,12,1,5,1,0,120,0,0
1,1,0,6,1,5,1,2,60,0,0
1,1,0,0,0,4,0,0,220,0,1
1,1,0,2,0,5,1,0,60,0,0
1,1,0,11,0,4,0,1,60,0,0
1,1,0,11,1,0,0,3,60,0,1
1,1,1,7,0,9,0,0,60,0,0
1,1,0,7,1,5,0,1,60,0,0
1,1,0,2,0,1,1,0,60,0,0
1,1,0,12,1,3,1,0,60,0,0
1,1,0,0,1,5,1,0,60,1,0
1,1,0,0,0,4,1,0,120,0,0
1,1,0,11,0,5,0,0,60,0,0
1,1,0,12,1,4,0,1,195,0,0
1,1,0,0,1,5,1,0,60,1,0
1,1,0,6,1,5,0,0,180,0,0
1,1,0,7,1,7,1,0,60,0,0
1,1,0,11,1,1,0,0,60,0,0
1,1,0,8,0,6,0,0,120,0,0
1,1,0,5,1,1,1,1,60,0,0
1,1,0,0,1,6,1,0,90,0,0
1,1,0,3,0,6,0,1,120,0,0
1,1,0,1,0,2,1,0,90,1,0
1,1,0,0,1,3,1,0,120,0,1
1,1,0,10,0,2,0,0,60,0,0
1,1,0,11,1,0,1,0,120,1,1
1,1,0,8,1,9,0,0,60,0,1
1,1,0,2,1,8,0,0,120,0,1
1,1,1,11,1,9,1,0,60,0,1
1,1,1,3,1,0,1,0,60,0,0
1,1,0,10,1,9,1,1,60,0,0
1,1,0,11,1,3,0,1,90,0,1
1,1,0,0,1,7,0,0,60,0,0
1,1,1,3,1,4,0,0,120,0,1
1,1,1,8,1,9,1,0,60,0,1
1,1,0,11,1,1,0,2,60,0,0
1,1,0,3,2,5,0,1,60,0,0
1,1,0,6,1,4,0,0,60,0,0
1,1,1,5,1,0,1,1,60,0,1
1,1,1,9,0,2,1,0,180,0,0
1,1,0,10,1,0,0,0,60,0,0
1,1,0,5,1,2,1,1,60,0,1
1,1,0,10,0,1,0,0,120,0,0
1,1,0,1,1,7,0,0,60,0,0
1,1,0,9,1,5,1,0,60,0,0
1,1,0,11,0,5,1,0,180,0,0
1,1,0,12,1,1,1,0,60,0,0
1,1,0,5,0,6,0,0,60,0,1
1,1,0,11,0,0,1,0,60,0,0
1,1,0,12,1,6,0,0,120,0,0
1,1,0,9,1,0,1,2,60,0,0
1,1,0,3,1,1,1,0,60,0,0
1,1,0,0,1,5,1,1,60,1,0
1,1,0,6,0,0,0,1,165,1,0
1,1,0,12,0,6,1,0,120,0,0
1,1,0,1,1,9,0,2,60,0,0
1,1,0,3,0,1,1,1,90,0,0
1,1,1,2,0,5,0,0,60,0,0
1,1,0,10,0,7,0,0,60,0,0
1,1,0,6,0,6,0,0,60,0,0
1,1,0,6,1,4,1,0,60,0,1
1,1,0,7,0,6,0,0,120,1,1
1,1,0,12,0,3,0,0,60,0,0
1,1,0,0,1,2,0,0,180,0,1
1,1,0,0,0,6,1,0,150,1,0
1,1,0,1,1,0,0,0,120,0,1
1,1,1,8,0,3,0,0,60,0,0
1,1,0,8,0,6,0,0,120,0,0
1,1,1,7,1,3,1,0,120,0,0
1,1,0,9,0,9,0,0,120,0,1
1,1,0,7,1,2,0,1,60,0,0
1,1,0,0,1,3,0,3,120,1,1
1,1,0,5,1,3,0,0,60,0,0
1,1,0,0,1,5,0,0,60,0,0
1,1,0,3,0,6,0,0,120,0,0
1,1,0,8,1,5,0,0,60,1,0
1,1,1,12,0,5,1,2,75,0,1
1,1,0,12,1,0,0,0,120,0,0
1,1,0,4,1,0,0,0,60,0,0
1,1,0,3,1,3,0,0,60,0,1
1,2,0,6,1,2,0,1,120,0,1
1,2,0,3,0,2,0,2,60,0,1
1,2,1,6,1,0,0,4,120,1,0
1,2,0,1,0,1,0,0,60,0,0
1,2,0,6,0,3,0,0,90,0,0
1,2,0,6,1,7,1,1,60,0,0
1,2,0,10,1,1,0,0,120,0,0
1,2,0,0,1,6,0,1,60,0,0
1,2,0,7,1,8,0,0,60,1,0
1,2,0,11,1,0,0,2,60,1,0
1,2,0,0,0,6,0,0,120,1,0
1,2,0,5,1,0,0,0,150,1,1
1,2,0,5,1,0,1,1,120,1,1
1,2,0,4,1,0,0,2,120,0,0
1,2,0,9,1,3,0,0,60,0,0
1,2,0,10,1,3,0,0,60,1,1
1,2,0,10,1,5,0,2,60,0,0
1,2,1,7,0,7,0,1,120,0,0
1,2,0,0,1,6,0,2,120,0,1
1,2,0,5,1,4,0,2,60,0,0
1,2,0,0,1,7,0,0,60,0,1
1,2,0,0,0,6,1,1,60,0,0
1,2,0,12,1,2,0,3,60,0,1
1,2,0,1,0,1,0,1,120,0,0
1,2,0,9,0,4,0,0,120,0,0
1,2,0,1,1,1,0,0,120,0,1
1,2,0,0,1,4,0,2,150,0,1
1,2,0,0,1,3,0,1,120,0,0
1,2,0,8,0,4,0,0,120,0,0
1,2,0,1,1,0,1,1,120,0,0
1,2,0,5,1,5,1,0,60,0,0
1,2,0,1,0,0,0,0,60,1,0
1,2,1,10,0,4,0,0,60,0,0
1,2,0,3,0,0,0,0,120,0,0
1,2,0,0,0,2,0,0,60,1,0
1,2,0,3,1,2,0,0,240,0,0
1,2,0,6,0,2,0,0,60,0,0
1,2,0,7,0,2,0,0,120,0,0
1,2,0,8,1,8,0,0,60,0,0
1,2,0,5,0,8,1,0,60,0,0
1,2,1,7,0,2,0,0,120,0,0
1,2,0,8,0,3,0,1,120,0,0
1,2,0,8,0,1,0,1,120,0,1
1,2,0,9,0,3,1,0,60,0,0
1,2,0,10,0,9,1,0,60,0,0
1,2,0,10,1,4,0,0,90,1,1
1,2,0,0,1,8,0,1,60,0,0
1,2,0,1,0,1,0,1,120,0,0
1,2,0,9,0,8,1,0,135,0,0
1,2,0,1,1,6,0,0,60,0,0
1,2,0,6,1,6,0,0,60,0,1
1,2,0,4,2,1,0,0,60,0,0
1,2,0,10,1,2,1,0,60,1,0
1,2,0,5,0,0,0,0,120,0,1
1,2,0,5,1,3,1,0,60,0,1
1,2,0,10,1,5,1,0,120,0,0
1,2,0,10,0,4,0,0,60,0,0
1,2,0,7,0,4,1,0,60,0,0
1,2,0,0,0,7,0,0,60,0,0
1,2,0,3,0,8,0,0,90,0,0
1,2,0,2,1,1,0,3,120,0,0
1,2,0,4,1,2,1,2,180,0,0
1,2,0,7,1,2,0,0,60,0,0
1,2,0,11,0,5,0,0,60,0,0
1,2,0,7,1,3,0,1,240,0,0
1,2,0,5,1,4,0,2,120,1,1
1,2,0,8,1,7,0,0,60,0,0
1,2,1,3,1,2,1,1,150,0,0
1,2,0,8,0,9,1,0,60,0,0
1,2,1,8,1,4,0,0,120,0,1
1,2,0,3,1,1,0,1,60,0,0
1,2,0,5,0,3,0,0,60,0,0
1,2,0,10,1,4,1,0,60,0,0
1,2,0,8,1,0,0,0,120,1,0
1,2,0,3,0,5,1,2,120,0,0
1,2,0,12,1,1,1,0,120,0,0
1,2,0,5,1,0,0,3,120,1,0
1,2,1,9,0,2,0,0,90,0,1
1,2,0,8,1,9,1,0,120,0,0
1,2,0,5,1,1,0,4,180,0,0
1,2,0,9,0,3,0,1,240,0,1
1,2,0,7,0,1,0,0,60,0,1
1,2,0,0,0,9,0,2,150,0,1
1,2,0,9,0,2,1,0,150,0,0
1,2,0,3,1,2,0,1,120,0,1
1,2,0,10,2,0,1,3,120,0,0
1,2,0,5,0,2,1,0,60,0,1
1,2,0,0,1,5,0,3,120,0,1
1,2,1,11,0,0,0,0,60,0,0
1,2,0,0,1,1,0,0,60,0,0
1,2,0,9,0,2,1,5,150,1,0
1,2,0,0,1,6,0,0,60,0,1
1,2,0,9,1,4,1,0,90,0,0
1,2,0,5,1,2,0,1,60,0,1
1,2,1,7,1,2,1,0,60,0,0
1,2,0,10,0,3,1,1,60,0,0
1,2,1,4,0,0,0,2,120,1,0
1,2,0,0,0,8,0,0,120,0,0
1,2,0,1,0,9,0,0,60,0,0
1,2,0,10,1,2,0,2,120,0,0
1,2,0,9,0,8,0,0,60,0,0
1,2,0,4,1,5,1,0,60,0,1
1,2,0,10,1,6,1,0,120,0,0
1,2,0,9,0,6,0,0,60,0,1
1,2,0,8,0,7,1,0,60,0,0
1,2,0,3,1,0,0,0,150,1,0
1,2,0,8,0,9,0,2,60,0,1
1,2,0,12,0,9,0,0,60,0,0
1,2,0,3,0,9,0,0,120,0,0
1,2,0,3,1,0,1,2,60,0,1
1,2,0,9,0,7,0,0,60,0,0
1,2,0,0,1,3,1,1,120,0,1
1,2,0,1,0,3,0,0,60,0,0
1,2,0,3,0,4,1,0,150,0,0
1,2,0,2,0,3,0,3,60,0,0
1,2,0,8,1,2,1,0,60,0,0
1,2,0,4,0,2,0,0,180,0,1
1,2,0,11,1,4,0,1,120,0,0
1,2,0,9,1,3,0,1,60,0,0
1,2,0,5,0,0,0,0,120,1,0
1,2,1,8,1,7,0,0,60,0,0
1,2,0,8,0,4,0,0,60,0,0
1,2,0,10,1,0,1,0,60,0,0
1,2,0,1,0,9,0,0,120,0,0
1,2,0,0,0,5,0,0,60,0,0
1,2,0,0,1,2,0,0,60,0,0
1,2,0,11,1,0,1,0,60,0,0
1,2,0,11,1,3,0,1,120,0,1
1,2,0,8,0,7,0,0,60,0,0
1,2,0,8,0,7,1,6,120,0,0
1,2,0,9,0,1,0,0,120,0,0
1,2,0,0,1,7,1,0,120,0,0
1,2,1,11,0,0,0,0,60,0,0
1,2,1,11,0,3,1,1,60,0,0
1,2,0,2,0,4,0,0,60,0,1
1,2,1,1,1,1,0,0,120,0,1
1,2,0,11,1,0,0,1,60,0,0
1,2,1,11,0,3,1,1,60,0,1
1,2,0,9,1,5,0,0,120,0,0
1,2,0,10,1,2,0,0,60,0,0
1,2,0,7,0,2,0,0,180,1,1
1,2,0,11,1,2,0,0,120,0,1
1,2,0,11,1,1,0,1,120,0,1
1,2,0,9,0,5,0,0,90,0,0
1,2,0,7,0,7,1,1,120,0,0
1,2,0,12,0,8,1,2,60,0,0
1,2,0,2,0,6,0,0,60,0,0
1,2,0,9,1,2,0,1,60,1,0
1,2,0,0,1,3,0,1,120,0,0
1,2,0,10,0,2,0,2,60,0,0
1,2,0,9,1,5,0,1,180,0,0
1,2,0,7,0,2,0,1,180,0,0
1,2,0,9,0,3,0,0,60,0,0
1,2,0,3,2,1,0,1,120,0,1
1,2,0,10,0,6,0,2,60,0,0
1,2,0,7,0,1,0,1,120,0,1
1,2,0,9,1,4,0,0,60,0,0
1,2,0,11,1,0,0,1,120,1,0
1,2,0,6,0,3,0,2,120,0,0
1,2,0,0,1,4,1,0,60,1,1
1,2,1,3,1,5,1,0,60,0,0
1,2,0,10,0,4,0,0,60,0,0
1,2,0,7,0,9,0,0,120,0,0
1,2,0,1,1,1,0,4,180,0,0
1,2,0,7,1,2,0,0,60,0,0
1,2,0,11,1,0,0,0,60,0,1
1,2,0,12,0,1,0,0,210,0,0
1,2,0,11,0,4,0,0,60,0,0
1,2,0,0,1,6,0,0,60,1,1
1,2,0,9,1,8,0,0,60,0,0
1,2,0,12,0,6,1,0,120,0,0
1,2,0,0,0,1,0,0,60,0,0
1,2,0,4,1,1,0,0,60,0,1
1,2,0,0,0,5,0,0,90,0,0
1,2,0,0,1,4,1,1,150,0,1
1,2,0,10,1,2,0,0,120,0,0
1,2,0,8,1,6,0,0,120,1,0
1,2,0,8,1,1,0,2,60,0,0
1,2,0,5,1,5,1,3,120,0,1
1,2,0,5,0,6,0,2,120,0,1
1,2,0,11,0,1,0,2,60,0,1
1,2,0,10,0,3,0,0,60,0,0
1,2,0,2,0,2,0,0,120,0,0
1,2,0,10,2,0,1,0,60,0,0
1,2,0,8,1,8,1,0,90,0,0
1,2,0,6,1,4,0,0,60,0,0
1,2,1,9,1,6,0,0,180,0,1
1,2,0,11,1,7,0,0,90,0,0
1,2,0,1,1,1,0,0,60,0,0
1,2,0,8,1,6,0,0,60,0,0
1,2,0,4,1,8,0,0,120,0,0
1,2,0,7,0,2,0,0,120,0,0
1,2,0,12,0,1,0,0,60,0,0
1,2,0,8,1,5,0,2,60,0,0
1,2,1,10,0,2,0,0,60,0,0
1,2,0,8,1,7,1,1,60,0,0
1,2,0,5,0,4,0,0,120,0,0
1,2,0,10,0,8,1,0,60,0,0
1,2,1,11,0,1,0,2,240,0,0
1,2,0,7,0,2,0,0,75,0,1
1,2,0,11,0,5,1,1,210,0,1
1,2,0,0,0,8,0,1,180,0,0
1,2,0,0,1,0,0,3,120,0,0
1,2,1,11,0,1,0,0,60,0,1
1,2,0,7,1,5,0,1,120,0,0
1,2,0,0,0,5,1,0,60,0,0
1,2,0,7,0,2,0,2,60,0,0
1,2,0,8,1,1,0,0,60,0,1
1,2,0,7,1,8,0,1,60,0,0
1,2,0,10,1,1,0,0,120,0,0
1,2,0,0,1,0,0,2,60,0,0
1,2,0,0,1,7,0,0,120,1,0
1,2,0,6,1,8,1,2,120,0,0
1,2,0,2,1,6,0,4,120,0,0
1,2,0,12,0,4,0,2,90,0,0
1,2,1,6,1,3,1,0,60,0,0
1,2,0,9,1,5,0,0,120,1,1
1,2,1,8,1,2,0,0,60,0,0
1,2,1,5,0,0,1,0,60,0,0
1,2,0,11,1,0,0,0,120,0,0
1,2,0,9,0,7,1,2,60,1,0
1,2,0,1,0,0,1,0,60,0,0
1,2,0,0,1,4,1,0,60,0,0
1,2,0,11,0,1,0,1,60,0,1
1,2,0,11,1,0,0,1,60,0,0
1,2,0,7,0,7,0,0,120,0,0
1,2,0,3,1,4,0,0,60,0,1
1,2,0,1,0,4,0,1,90,0,1
1,2,0,6,1,0,0,2,60,0,1
1,2,0,3,1,0,1,0,90,0,0
1,2,0,6,0,4,0,0,60,0,1
1,2,0,10,1,6,0,1,60,0,0
1,2,0,3,0,0,1,1,120,0,0
1,2,0,7,1,4,1,0,60,0,0
1,2,0,11,0,4,0,0,120,0,0
1,2,0,10,1,2,0,2,180,0,0
1,2,1,3,0,1,0,0,120,0,0
1,2,0,7,1,5,0,0,60,0,0
1,2,0,3,2,6,0,0,180,0,0
1,2,0,0,0,7,0,0,120,0,0
1,2,0,0,1,2,0,1,60,0,1
1,2,0,3,0,0,0,0,60,0,1
1,2,0,9,0,2,0,0,180,0,0
1,2,0,8,1,3,0,0,120,0,0
1,2,0,9,0,5,0,0,60,0,0
1,2,0,6,0,3,0,0,120,0,0
1,2,0,0,0,3,0,1,60,0,0
1,2,0,8,1,7,0,0,120,0,1
1,2,0,1,1,4,0,0,210,0,1
1,2,0,3,0,0,0,0,60,0,0
1,2,0,10,0,0,1,0,60,0,1
1,2,1,9,1,2,1,0,120,0,0
1,2,1,12,1,2,1,0,60,0,0
1,2,0,1,0,4,0,2,120,0,1
1,2,1,11,1,9,1,2,300,0,0
1,2,0,9,1,2,0,0,60,0,0
1,2,0,1,0,9,1,0,60,0,1
1,2,0,8,1,3,0,0,120,0,0
1,2,0,8,1,9,1,2,180,0,0
1,2,0,3,0,1,0,0,120,0,0
1,2,0,12,1,7,0,0,60,0,0
1,2,0,6,1,0,0,2,90,0,0
1,2,0,11,1,4,1,0,130,0,0
1,2,0,5,1,1,0,1,120,0,0
1,2,0,0,1,3,0,1,90,0,1
1,2,0,2,0,1,0,0,120,0,0
1,2,0,11,1,5,0,0,180,0,0
1,2,0,5,0,2,0,0,120,0,0
1,2,0,1,1,1,0,2,120,0,0
1,2,0,10,1,7,0,0,60,1,0
1,2,0,0,1,6,1,0,60,0,0
1,2,0,11,1,0,0,0,120,0,1
1,2,0,9,0,2,0,1,180,0,1
1,2,0,7,0,4,1,0,60,0,0
1,2,0,9,1,4,0,1,120,0,1
1,2,0,9,1,4,0,0,195,0,0
1,2,0,4,1,3,1,0,60,0,0
1,2,0,5,0,1,0,0,60,0,0
1,2,1,1,1,0,1,0,270,0,0
1,2,0,0,0,8,0,0,120,0,0
1,2,0,7,0,2,0,0,180,0,0
1,2,0,11,0,8,0,1,120,0,1
1,2,0,6,1,0,1,0,60,0,1
1,2,1,0,0,3,0,0,180,0,0
1,2,0,5,0,1,0,2,120,0,1
1,2,0,8,1,7,1,0,120,0,0
1,2,0,6,1,8,0,0,60,0,0
1,2,0,8,0,6,0,1,120,0,1
1,2,0,11,0,4,0,0,180,1,1
1,2,0,5,0,6,1,0,60,0,1
1,2,0,6,0,0,0,0,60,0,0
1,2,0,6,0,2,0,0,60,0,0
1,2,0,0,1,9,0,1,120,0,0
1,2,0,12,0,6,0,1,120,0,1
1,2,0,0,0,1,1,2,60,0,1
1,2,0,7,1,9,0,0,60,0,0
1,2,0,9,0,2,0,0,60,0,1
1,2,0,6,0,5,0,1,120,0,1
1,2,0,12,0,4,1,0,60,0,1
1,2,0,6,0,7,0,0,60,0,1
1,2,0,0,0,6,1,1,120,0,0
1,2,0,1,1,1,1,0,60,0,1
1,2,0,9,1,7,1,0,60,0,0
1,2,0,3,1,3,0,0,90,0,0
1,2,0,11,0,9,0,0,60,0,1
1,2,0,1,1,8,0,0,60,0,0
1,2,0,6,0,0,1,0,120,0,1
1,2,0,8,0,5,0,0,60,0,1
1,2,0,10,0,4,0,0,60,1,0
1,2,0,12,0,3,0,0,120,0,0
1,2,0,9,0,8,1,1,120,0,0
1,2,0,3,1,2,1,0,120,0,1
1,2,1,1,1,1,0,2,60,0,1
1,2,0,12,0,1,0,0,60,0,0
1,2,1,8,1,7,0,0,120,0,0
1,2,1,5,1,1,0,0,60,1,0
1,2,0,3,1,1,0,2,120,0,0
1,2,0,0,0,9,0,1,60,0,0
1,2,0,0,1,6,0,2,120,1,0
1,2,0,1,1,8,0,0,60,0,1
1,2,0,7,0,4,0,0,60,1,0
1,2,0,12,0,2,0,0,120,0,0
1,2,0,7,1,4,0,0,60,0,1
1,2,0,10,1,2,1,0,120,1,0
1,2,1,2,1,0,0,1,180,1,0
1,2,0,7,1,5,0,1,60,1,1
1,2,0,7,1,7,0,0,60,0,0
1,2,0,9,0,4,0,1,120,0,1
1,2,0,12,0,4,1,0,120,0,0
1,2,0,5,0,1,0,2,60,0,0
1,2,1,0,1,7,0,0,60,0,0
1,2,0,10,1,5,0,1,60,0,0
1,2,0,7,0,7,0,0,60,0,0
1,2,0,8,0,7,0,0,60,0,0
1,2,0,2,1,7,0,3,120,0,1
1,2,0,11,0,2,0,0,60,0,0
1,2,0,11,1,0,1,1,180,0,1
1,2,0,0,1,3,0,0,120,0,0
1,2,0,8,1,8,0,1,180,0,0
1,2,0,7,0,3,1,0,60,0,1
1,2,1,6,1,0,0,1,120,1,0
1,2,0,6,0,3,0,0,60,0,0
1,2,0,3,1,2,1,0,240,0,1
1,2,1,10,0,5,0,0,60,0,0
1,2,0,0,1,1,0,1,120,0,0
1,2,0,11,1,0,0,1,120,0,1
1,2,0,0,1,3,0,0,60,0,1
1,2,0,11,0,2,1,0,150,0,0
1,2,0,4,1,2,0,0,180,0,1
1,2,0,1,0,1,0,0,60,0,0
1,2,0,4,1,2,0,0,90,0,0
1,2,0,7,0,5,1,0,120,0,0
1,2,0,0,1,0,0,0,90,0,0
1,2,0,11,1,7,0,0,60,0,0
1,2,0,9,1,7,1,0,120,0,0
1,2,0,4,1,2,0,0,120,0,1
1,2,0,11,1,1,1,1,60,0,1
1,2,0,9,0,4,0,0,60,0,0
1,2,1,10,0,4,0,1,120,0,0
1,2,0,1,1,2,0,1,180,0,0
1,2,0,9,1,0,1,0,60,0,0
1,2,0,8,0,7,0,0,180,0,0
1,2,0,11,0,4,0,0,60,0,0
1,2,0,11,0,8,0,0,60,0,0
1,2,0,4,2,10,0,0,90,0,0
1,2,0,12,1,0,1,0,60,0,0
1,2,1,1,0,0,0,1,180,0,0
1,2,0,0,1,4,0,0,60,1,0
1,2,1,11,0,4,1,1,60,0,1
1,2,0,7,1,3,0,1,120,0,0
1,2,0,1,1,2,1,0,120,0,0
1,2,0,0,1,3,1,0,60,0,0
1,2,0,3,0,4,0,0,60,0,1
1,2,0,6,0,2,0,2,120,0,0
1,2,0,10,0,1,0,1,180,0,0
1,2,0,7,0,6,0,2,240,1,1
1,2,1,7,1,5,0,0,180,1,1
1,2,0,10,0,2,0,2,120,0,0
1,2,1,7,0,0,1,1,60,0,0
1,2,0,0,0,8,0,0,60,0,0
1,2,0,6,1,5,0,2,180,0,1
1,2,0,9,1,0,1,0,60,0,0
1,2,0,1,1,0,0,1,60,0,0
1,2,1,2,1,9,0,0,60,0,0
1,2,0,8,1,7,0,1,60,0,0
1,2,0,1,0,2,0,0,120,0,0
1,2,0,0,0,4,1,0,60,0,0
1,2,0,0,1,8,0,0,60,1,1
1,2,0,8,1,8,0,0,120,0,0
1,2,0,8,1,8,0,0,120,0,0
1,2,0,8,0,1,0,1,60,0,0
1,2,0,1,1,2,0,0,60,0,0
1,2,0,9,2,3,0,0,90,0,1
1,2,0,3,1,7,1,1,120,0,0
1,2,0,3,0,1,0,1,90,0,0
1,2,0,12,1,2,0,0,90,0,0
1,2,0,11,0,0,0,0,60,0,0
1,2,0,1,1,3,1,0,60,0,1
1,2,0,6,1,1,0,1,120,0,0
1,2,0,10,1,1,1,1,120,1,0
1,2,0,9,0,7,0,1,120,0,0
1,2,0,6,1,1,0,1,180,0,0
1,2,0,7,0,6,0,0,60,0,0
1,2,1,5,0,0,0,2,120,0,0
1,2,0,2,0,4,1,0,60,0,1
1,2,0,2,1,1,0,2,120,1,1
1,2,0,1,1,1,0,0,60,0,1
1,2,0,10,0,5,0,0,60,0,0
1,2,0,3,0,0,0,0,60,0,0
1,2,0,7,1,3,1,1,180,1,0
1,2,1,7,0,6,0,0,120,0,0
1,2,0,2,1,3,1,1,60,0,1
1,2,0,5,0,5,0,0,60,0,0
1,2,0,6,0,4,0,0,180,1,0
1,2,0,10,0,6,0,1,150,0,1
1,2,0,5,1,2,0,0,60,0,0
1,2,1,11,1,0,0,0,60,0,0
1,2,1,3,1,4,0,0,60,0,0
1,2,1,0,1,2,0,0,60,1,0
1,2,0,8,0,5,0,0,60,0,0
1,2,0,9,0,3,1,2,120,0,0
1,2,0,9,0,5,1,1,120,0,0
1,2,0,10,1,2,0,1,120,0,0
1,2,0,8,0,9,0,0,60,1,0
1,2,0,9,0,3,1,0,60,0,1
1,2,0,3,0,1,0,0,120,0,0
1,2,0,7,2,6,0,0,60,0,1
1,2,0,11,0,5,0,0,60,0,0
1,2,0,0,0,3,0,0,150,0,0
1,2,0,5,0,0,0,0,120,0,0
1,2,0,1,0,5,0,0,120,0,0
1,2,0,7,0,9,0,0,60,0,0
1,2,1,11,1,4,0,1,60,0,0
1,2,0,12,1,8,0,0,60,0,0
1,2,0,6,1,9,0,1,60,0,0
1,2,0,3,0,3,1,1,120,0,1
1,2,0,0,0,6,0,0,120,1,0
1,2,0,12,0,4,0,0,120,0,0
1,2,0,0,1,6,0,1,120,0,0
1,2,0,0,0,7,0,0,60,0,0
1,2,0,9,0,8,0,1,180,0,0
1,2,0,11,1,0,0,0,60,0,1
1,2,1,5,1,1,1,0,60,0,1
1,2,0,1,0,2,1,0,60,0,1
1,2,1,9,1,9,1,0,60,0,0
1,2,0,9,0,5,0,0,60,0,1
1,2,0,1,1,4,0,0,60,0,1
1,2,0,3,1,2,1,0,60,0,0
1,2,0,8,0,9,0,0,60,0,0
1,2,0,0,0,8,1,0,75,0,0
1,2,0,9,1,3,0,1,120,0,0
1,2,0,0,1,4,0,0,60,0,0
1,2,1,6,1,7,1,0,90,0,1
1,2,0,5,1,1,0,0,75,0,0
1,2,0,5,0,2,1,0,120,0,0
1,2,1,6,0,3,0,1,120,0,0
1,2,0,12,2,0,0,0,60,0,1
1,2,0,0,0,4,1,0,120,0,1
1,2,1,5,1,0,1,0,120,0,0
1,2,0,11,0,0,0,0,120,0,1
1,2,0,0,1,4,0,0,60,0,0
1,2,0,3,0,7,1,0,60,0,0
1,2,0,8,1,8,0,1,180,0,1
1,2,0,0,1,5,1,0,60,0,0
1,2,0,4,1,1,0,0,120,0,0
1,2,0,9,0,5,0,0,60,0,0
1,2,0,7,0,3,0,0,60,0,0
1,2,0,0,0,8,1,0,60,0,0
1,2,0,1,1,5,0,1,120,0,0
1,2,0,5,0,4,0,0,60,1,1
1,2,0,10,0,1,0,0,60,0,0
1,2,0,9,1,4,1,0,60,0,0
1,2,0,3,1,3,1,0,60,1,0
1,2,0,0,1,3,0,1,120,0,0
1,2,0,11,0,2,1,1,120,0,0
1,2,0,1,1,9,1,1,120,0,0
1,2,0,8,1,8,0,0,60,0,0
1,2,0,9,1,3,1,0,60,0,1
1,2,0,11,1,2,0,0,120,0,1
1,2,0,8,0,4,0,0,90,0,0
1,2,1,3,1,1,1,1,180,0,1
1,2,0,8,1,8,0,0,60,0,0
1,2,1,3,1,4,1,0,60,0,0
1,2,0,1,1,0,0,0,60,0,0
1,2,0,3,1,1,0,0,120,0,0
1,2,0,1,1,4,0,0,60,0,0
1,2,0,5,1,2,0,0,60,0,0
1,2,0,2,1,7,0,1,180,0,0
1,2,0,11,1,0,0,0,60,0,1
1,2,0,11,1,1,1,0,120,0,0
1,2,0,6,0,0,1,0,60,1,0
1,2,0,7,0,9,1,0,60,0,0
1,2,0,0,1,3,0,0,60,0,0
1,2,0,0,1,9,0,1,120,0,0
1,2,0,2,1,1,0,1,180,0,0
1,2,0,7,1,7,1,1,180,0,1
1,2,0,6,1,3,0,0,120,0,0
1,2,0,1,0,8,0,0,120,1,0
1,2,0,1,0,4,1,0,210,0,1
1,2,0,3,1,1,0,0,240,1,1
1,2,1,12,1,0,1,1,180,1,1
1,2,0,8,0,8,0,0,120,0,1
1,2,0,9,0,7,0,0,120,0,0
1,2,0,0,1,7,1,1,120,0,0
1,2,0,8,0,2,0,1,180,0,0
1,2,0,7,0,2,1,0,120,0,0
1,2,0,7,1,2,1,0,120,0,1
1,2,0,1,1,2,0,0,120,0,0
1,2,0,2,0,10,1,0,60,0,0
1,2,0,3,1,0,1,0,60,0,0
1,2,0,1,1,4,0,0,120,0,1
1,2,0,3,1,2,0,0,150,0,1
1,2,0,3,0,3,0,0,120,0,0
1,2,0,11,1,0,0,1,150,0,1
1,2,0,0,1,4,1,0,120,0,1
1,2,0,11,0,2,0,0,60,0,1
1,2,0,6,0,0,1,0,120,1,1
1,2,0,3,0,7,0,0,120,0,0
1,2,0,7,1,8,0,1,120,0,0
1,2,0,3,1,3,0,0,120,0,1
1,2,0,9,1,1,0,0,60,0,1
1,2,0,5,2,0,0,0,60,0,1
1,2,0,5,1,10,0,1,120,0,0
1,2,0,8,1,6,0,0,120,0,0
1,2,0,5,1,2,1,1,120,0,0
1,2,0,7,1,6,1,1,120,0,0
1,2,0,9,1,0,0,1,120,0,0
1,2,0,4,1,3,0,0,120,0,0
1,2,0,1,1,2,0,1,120,0,0
1,2,0,10,1,5,0,1,120,0,1
1,2,0,6,1,1,0,1,120,0,1
1,2,0,2,0,10,1,0,60,0,0
1,2,0,11,0,0,0,0,60,0,0
1,2,0,8,0,6,0,0,180,0,0
1,2,1,1,0,5,0,0,240,0,0
1,2,0,9,0,7,0,0,120,0,1
1,2,0,9,1,9,0,0,180,0,0
1,2,0,9,1,7,0,1,120,0,0
1,2,0,1,1,2,0,1,120,1,1
1,2,0,11,1,0,0,0,120,0,1
1,2,0,11,1,2,0,0,120,0,0
1,2,0,0,0,5,0,0,120,0,0
1,2,0,5,1,0,0,0,60,0,0
1,2,0,3,2,1,0,0,60,0,1
1,2,0,11,1,0,1,1,180,0,0
1,2,0,0,1,1,0,1,120,0,1
1,2,0,11,0,0,0,0,60,0,0
1,2,0,8,0,0,0,0,120,0,1
1,2,0,3,0,5,0,0,120,0,0
1,2,0,0,0,9,1,0,120,0,0
1,2,0,10,1,8,1,0,60,0,0
1,2,0,8,1,4,0,1,120,1,0
1,2,0,3,0,3,0,0,270,0,1
1,2,0,5,0,2,1,0,60,0,1
1,2,0,3,1,0,0,0,120,0,1
1,2,0,1,0,5,1,0,120,0,0
1,2,0,8,1,5,0,0,120,0,0
1,2,0,8,0,8,1,0,60,0,0
1,2,0,12,0,3,1,0,120,0,0
1,2,0,7,1,8,1,0,120,0,0
1,2,0,5,0,5,0,0,120,0,0
1,2,0,7,0,5,1,0,120,0,0
1,2,0,11,1,8,0,0,60,0,1
1,2,0,6,0,9,0,0,60,0,0
1,2,0,10,1,4,0,1,120,0,0
1,2,0,12,0,0,0,0,60,0,0
1,2,0,9,1,3,1,0,120,0,1
1,2,0,10,1,2,0,0,240,1,1
1,2,0,5,1,6,0,0,120,0,1
1,2,0,8,0,4,0,0,120,0,0
1,2,0,9,0,4,0,0,120,0,0
1,2,0,5,1,4,0,0,120,0,0
1,2,0,9,0,8,1,0,60,0,0
1,2,0,3,1,0,0,0,60,1,0
1,2,0,9,2,3,0,0,120,0,0
1,2,0,10,1,0,1,1,120,0,0
1,2,0,7,0,3,0,0,60,0,0
1,2,0,11,1,0,0,0,90,0,1
1,2,0,5,1,0,0,0,180,0,1
1,2,0,4,0,1,0,0,120,0,0
1,2,0,10,1,4,0,1,120,0,0
1,2,0,4,1,3,1,0,60,0,0
1,2,0,7,0,8,1,0,120,0,0
1,2,0,8,1,8,0,0,120,0,1
1,2,1,11,0,10,0,0,180,0,0
1,2,0,12,0,6,0,0,240,0,0
1,2,0,12,0,6,0,0,60,0,1
1,2,0,0,0,4,0,0,60,0,0
1,2,0,8,0,2,1,1,120,0,0
1,2,0,1,1,8,0,1,180,0,0
1,2,0,12,0,2,0,0,180,0,0
1,2,0,6,0,7,0,0,60,0,1
1,2,0,5,1,4,0,0,120,1,0
1,2,0,5,1,0,0,1,120,0,0
1,2,0,10,1,2,1,0,75,0,1
1,2,0,1,0,1,0,0,180,0,0
1,2,0,4,1,0,0,0,120,0,1
1,2,0,1,0,3,1,0,150,0,0
1,2,0,11,0,1,0,0,180,0,1
1,2,0,1,1,4,0,0,120,0,1
1,2,1,3,0,4,1,0,120,0,1
1,2,0,8,1,3,0,0,120,0,1
1,2,1,0,1,8,1,0,120,0,1
1,2,0,6,0,1,0,0,120,0,0
1,2,0,1,0,6,0,0,120,0,0
1,2,0,11,0,9,0,0,120,0,0
1,2,0,11,0,3,0,0,120,0,1
1,2,1,2,0,4,0,0,60,0,0
1,2,0,6,1,7,1,1,120,0,0
1,2,0,6,0,7,0,1,120,0,0
1,2,0,10,1,2,1,0,60,1,0
1,2,0,3,1,3,0,1,120,0,1
1,2,0,9,0,5,1,0,60,0,0
1,2,0,8,1,6,0,0,150,1,0
1,2,0,1,0,8,1,1,180,0,0
1,2,0,7,1,1,0,0,120,0,1
1,2,0,5,1,4,0,1,180,0,1
1,2,0,1,1,3,1,1,120,0,0
1,2,0,9,1,4,1,0,120,0,1
1,2,0,0,1,6,0,0,120,0,0
1,2,0,11,0,0,0,0,90,0,0
1,2,0,10,1,6,0,0,60,0,0
1,2,0,6,1,3,0,1,120,1,0
1,2,0,12,1,3,0,0,60,0,0
1,2,0,3,1,5,0,0,60,0,1
1,2,0,8,1,6,0,0,60,0,0
1,2,0,5,0,8,1,0,60,0,0
1,2,0,2,1,5,1,0,60,0,1
1,2,0,8,1,5,0,0,120,0,0
1,2,0,8,1,4,0,0,60,0,1
1,2,0,1,1,4,0,0,60,0,0
1,2,0,9,1,2,0,0,60,0,1
1,2,0,7,0,5,0,0,60,0,0
1,2,0,2,1,7,1,0,60,0,1
1,2,0,9,1,3,0,0,120,0,0
1,2,0,0,0,8,0,0,120,0,1
1,2,0,1,0,6,0,0,60,0,1
1,2,0,2,0,1,1,1,120,0,0
1,2,0,6,0,9,0,0,60,0,1
1,2,0,6,0,3,0,0,120,0,0
1,2,0,11,0,5,0,0,120,0,0
1,2,0,0,1,5,0,0,60,0,0
1,2,0,11,0,4,0,0,120,1,1
1,2,0,12,0,0,0,0,60,0,1
1,2,0,5,0,2,0,0,120,0,1
1,2,0,2,0,5,0,0,120,0,0
1,2,0,10,1,3,0,1,120,0,0
1,2,0,2,1,6,0,0,60,0,0
1,2,0,5,1,6,0,0,60,0,1
1,2,0,5,0,4,0,0,120,1,1
1,2,0,11,0,0,0,1,120,0,1
1,2,1,11,0,9,0,0,120,0,0
1,2,0,1,1,3,1,0,90,0,0
1,2,0,0,0,4,1,0,120,0,0
1,2,0,12,1,0,0,0,60,0,0
1,2,0,5,0,0,0,0,120,0,1
1,2,0,7,0,1,0,1,120,0,0
1,2,0,3,1,2,1,0,180,1,1
1,2,0,0,2,2,0,0,60,0,1
1,2,0,3,1,1,0,0,60,0,1
1,2,0,0,2,3,0,0,60,0,0
1,2,0,5,1,2,0,1,180,0,0
1,2,0,12,1,0,1,0,60,0,0
1,2,0,3,0,1,0,1,120,0,1
1,2,0,8,0,9,1,0,60,0,0
1,2,0,9,0,2,0,0,60,0,0
1,2,0,4,1,2,0,0,120,0,0
1,2,0,6,1,0,1,0,60,0,1
1,2,0,11,1,1,1,1,120,0,1
1,2,0,12,1,8,0,1,120,0,1
1,2,0,10,1,1,0,0,120,0,0
1,2,0,0,1,6,1,0,60,0,0
1,2,0,1,0,8,0,0,120,0,0
1,2,0,10,1,2,1,0,60,0,0
1,2,0,7,1,3,1,0,60,0,0
1,2,0,10,1,1,0,0,60,0,1
1,2,0,1,1,2,0,0,120,0,1
1,2,0,1,0,8,0,0,180,1,1
1,2,0,10,0,4,1,1,120,0,0
1,2,1,7,1,6,1,0,60,0,1
1,2,0,7,1,7,1,0,60,0,0
1,2,0,5,1,0,0,0,120,0,1
1,2,0,11,0,4,0,0,120,0,1
1,2,0,11,1,1,0,0,60,0,0
1,2,0,5,1,4,0,0,120,0,1
1,2,1,3,1,2,1,0,120,0,1
1,2,0,5,1,0,0,0,60,0,1
1,2,0,0,1,8,0,0,120,0,1
1,2,1,11,0,0,0,0,60,0,1
1,2,0,10,0,0,1,0,60,0,0
1,2,0,1,1,7,0,0,60,0,0
1,2,0,0,0,5,0,0,120,1,0
1,2,0,12,0,0,0,0,60,0,0
1,2,0,11,1,3,1,0,60,0,1
1,2,0,0,0,3,0,0,60,0,0
1,2,0,11,1,6,0,0,60,0,1
1,2,0,1,1,2,0,0,60,0,0
1,2,0,9,0,5,1,0,60,0,0
1,2,0,12,0,0,0,0,60,0,0
1,2,0,10,0,9,0,0,60,0,0
1,2,0,8,0,9,0,0,60,0,0
1,2,0,6,0,2,1,0,75,0,0
1,2,0,6,1,2,1,0,60,0,0
1,2,0,12,0,2,0,0,60,0,0
1,2,0,12,1,5,0,0,60,0,1
1,2,1,2,0,4,0,1,120,0,0
1,2,0,9,1,8,0,0,60,0,0
1,2,0,2,0,0,0,1,120,1,0
1,2,0,9,0,3,0,0,60,0,0
1,2,0,11,1,2,0,0,60,0,0
1,2,1,10,0,6,1,0,60,0,0
1,2,0,10,1,1,0,0,60,0,0
1,2,0,5,1,4,0,0,60,0,1
1,2,0,0,1,9,1,0,60,0,0
1,2,0,10,1,0,0,0,75,1,0
1,2,0,2,0,9,0,0,120,0,0
1,2,0,5,1,2,0,0,60,0,0
1,2,0,6,0,1,0,0,60,0,1
1,2,0,12,1,0,1,0,120,0,0
1,2,0,0,0,7,0,0,60,0,1
1,2,0,5,1,1,0,0,60,0,0
1,2,0,0,2,2,0,0,60,0,0
1,2,0,12,1,5,0,0,60,0,0
1,2,0,10,1,8,0,0,60,0,0
1,2,0,1,1,9,1,0,60,0,0
1,2,0,5,0,0,0,0,60,0,1
1,2,0,10,0,4,1,0,60,0,0
1,2,0,1,0,7,0,0,60,0,0
1,2,0,1,1,4,0,0,90,0,0
1,2,0,7,0,5,0,0,120,0,1
1,2,0,0,0,1,0,0,60,0,0
1,2,0,4,1,6,1,0,60,0,0
1,2,0,9,1,4,0,0,60,0,1
1,2,1,8,1,0,0,0,60,0,1
1,2,0,12,1,2,0,0,60,0,1
1,2,1,7,0,3,0,0,60,1,0
1,2,0,10,0,9,0,0,60,0,0
1,2,0,10,1,6,1,0,60,0,0
1,2,0,8,0,4,0,0,60,0,0
1,2,1,8,0,4,0,0,60,0,0
1,2,0,8,0,3,0,0,60,0,0
1,2,1,8,0,6,0,0,60,0,0
1,2,0,8,1,6,0,0,60,0,0
1,2,0,8,0,4,0,0,60,0,0
1,2,1,8,0,7,1,0,60,0,0
1,2,1,8,0,7,1,0,60,0,0
1,2,0,12,2,0,0,0,60,0,1
1,2,0,12,1,0,0,0,60,0,0
1,2,0,6,0,3,0,0,60,0,0
1,2,0,3,0,1,0,0,60,1,1
1,2,0,11,1,2,0,0,60,1,0
1,2,0,10,0,5,0,0,60,0,0
1,2,0,9,1,3,0,0,60,0,1
1,2,0,12,1,5,0,0,60,0,0
1,2,0,5,0,0,0,0,60,0,0
1,2,0,1,0,2,0,0,60,0,1
1,2,0,5,1,1,0,0,60,1,0
1,2,0,7,0,3,0,0,120,0,0
1,2,0,9,0,8,0,0,60,0,0
1,2,0,7,0,3,0,0,60,0,0
1,2,0,3,1,2,0,0,60,1,1
1,2,0,10,1,0,0,0,120,0,0
1,2,0,1,1,1,0,0,60,0,1
1,2,0,11,1,4,0,0,120,0,0
1,2,0,1,1,8,0,0,60,0,1
1,2,0,5,0,8,0,0,60,0,0
1,2,0,9,0,8,1,0,60,0,0
1,2,0,11,0,2,0,0,60,1,0
1,2,0,8,1,1,0,0,120,0,0
1,2,0,6,0,0,0,0,60,0,0
1,2,0,11,1,0,0,0,60,0,0
1,2,0,5,1,5,1,0,60,0,1
1,2,0,3,0,3,1,0,60,0,1
1,2,0,4,1,10,0,0,90,0,1
1,2,0,3,1,3,0,0,60,0,0
1,2,0,0,0,8,0,0,60,0,0
1,2,1,6,1,4,0,0,60,0,0
1,2,0,6,1,7,1,0,60,0,1
1,2,0,5,1,9,0,0,120,0,1
1,2,0,10,1,2,0,0,60,0,0
1,2,0,10,1,6,0,0,60,0,0
1,2,0,3,1,5,0,0,60,0,0
1,2,0,4,1,1,1,0,60,0,0
1,2,0,3,0,1,0,0,60,1,0
1,2,0,8,1,7,0,0,60,0,0
1,2,0,10,1,1,0,0,60,0,1
1,2,0,3,0,6,0,0,120,0,1
1,2,0,4,0,0,0,0,60,0,1
1,2,0,9,0,7,0,0,120,0,0
1,2,0,10,0,3,0,0,60,0,0
1,2,0,3,1,7,0,0,60,0,1
1,2,0,5,0,0,1,0,60,0,0
1,2,0,10,1,7,0,0,75,0,0
1,2,0,12,0,4,1,0,60,0,0
1,2,0,12,1,3,1,0,60,0,0
1,2,0,0,1,6,0,0,60,0,1
1,2,0,0,0,0,0,0,60,0,1
1,2,0,0,0,1,0,0,60,0,1
1,2,0,12,1,5,0,0,60,0,1
1,2,0,6,1,2,0,0,60,0,1
1,2,0,0,0,7,0,0,60,0,1
1,2,0,7,0,2,0,0,60,0,0
1,2,0,10,1,5,1,0,60,1,0
1,2,0,7,1,2,0,0,60,0,1
1,2,0,10,1,4,1,0,60,0,0
1,2,0,10,0,7,1,0,60,0,1
1,2,0,3,1,1,0,0,60,0,1
1,2,0,5,0,8,0,0,120,0,1
1,2,0,8,0,1,0,0,60,0,1
1,2,0,3,0,1,0,0,60,0,0
1,2,0,1,1,4,0,0,120,0,0
1,2,1,12,0,3,0,0,60,1,0
1,2,0,3,1,1,0,0,60,0,1
1,2,0,6,1,5,0,0,90,0,0
1,2,0,12,0,0,0,0,60,0,0
1,2,0,11,0,1,0,0,60,0,0
1,2,0,5,1,0,0,0,120,1,0
1,2,0,5,0,0,0,0,120,0,1
1,2,0,9,1,5,0,0,60,0,1
1,2,0,3,1,0,0,0,60,0,0
1,2,0,3,1,2,0,0,60,0,1
1,2,0,5,0,3,0,0,90,0,0
1,2,0,11,0,5,0,0,60,0,1
1,2,0,5,0,1,0,0,60,1,0
1,2,0,9,0,0,0,0,60,0,0
1,2,0,3,1,1,0,0,60,0,1
1,2,0,8,1,1,1,0,120,0,0
1,2,0,6,1,5,0,0,60,0,0
1,2,0,10,1,2,1,0,60,1,0
1,2,0,3,0,0,1,0,60,0,0
1,2,0,0,0,1,0,0,60,0,0
1,2,0,11,1,3,0,0,120,0,1
1,2,0,9,1,2,1,0,60,0,0
1,2,0,3,1,1,0,0,60,0,1
1,2,1,6,0,5,0,0,60,0,1
1,2,0,7,0,3,0,0,60,0,1
1,2,0,9,1,1,0,0,60,0,1
1,2,0,6,1,4,0,0,60,0,0
1,2,0,8,1,6,1,0,60,0,0
1,2,0,1,0,8,0,0,60,0,0
1,2,0,0,0,9,0,0,60,0,1
1,2,0,0,0,9,0,0,60,0,0
1,2,0,12,0,4,0,0,120,0,0
1,2,0,3,0,1,0,0,60,0,1
1,2,0,3,1,5,1,0,60,0,1
1,2,0,1,1,9,0,0,60,0,0
1,2,0,2,1,3,0,0,60,0,0
1,2,0,6,1,0,0,0,60,0,1
1,2,1,11,1,4,1,0,60,0,0
1,2,0,11,1,5,1,0,120,0,0
1,2,0,3,0,9,0,0,120,0,1
1,2,1,8,0,5,0,0,60,1,0
1,2,0,10,1,0,0,0,60,0,0
1,2,0,12,0,6,1,0,60,0,0
1,2,0,10,0,6,1,0,90,0,1
1,2,0,7,1,6,1,0,60,0,1
1,2,0,11,1,0,0,0,60,0,1
1,2,0,4,0,8,0,0,60,0,0
1,2,0,12,1,7,0,0,60,0,0
1,2,0,8,1,5,0,0,60,0,1
1,2,0,5,1,1,0,0,120,0,1
1,2,0,7,0,3,0,0,60,0,0
1,2,0,5,1,1,0,0,60,0,0
1,2,0,5,1,3,0,0,120,0,1
1,2,0,6,1,6,1,0,60,0,0
1,2,1,6,1,0,1,0,60,0,0
1,2,0,9,0,7,1,0,60,1,0
1,2,1,1,1,2,1,0,60,1,0
1,2,1,6,0,4,0,0,60,0,1
1,2,0,9,1,8,0,0,60,0,1
1,2,0,1,1,8,0,0,60,0,1
1,2,0,11,2,1,0,0,60,0,0
1,2,0,11,0,0,0,0,60,0,1
1,2,0,8,0,5,0,0,60,0,0
1,2,0,1,1,7,0,0,60,0,1
1,2,0,11,0,4,1,0,120,0,1
1,2,1,3,0,4,1,0,60,0,0
1,2,0,0,0,3,0,0,90,0,0
1,2,0,3,0,1,1,0,60,0,0
1,2,0,6,1,7,0,0,60,0,0
1,2,1,9,1,1,0,0,120,0,1
1,2,0,4,1,8,0,0,120,0,0
1,2,0,0,0,8,0,0,60,0,0
1,2,0,11,0,0,0,0,90,0,1
1,2,0,1,0,4,0,0,60,0,0
1,2,1,8,0,8,0,0,60,0,0
1,2,0,12,0,8,0,0,120,0,1
1,2,0,0,1,7,0,0,60,0,1
1,2,0,8,0,8,0,0,120,0,0
1,2,0,3,0,1,0,0,120,0,1
1,2,1,8,0,7,1,0,60,0,0
1,2,0,5,1,0,1,0,60,0,0
1,2,1,10,1,3,0,0,120,0,0
1,2,0,8,1,3,0,0,120,0,1
1,2,0,10,1,0,0,0,60,0,0
1,2,0,8,0,8,0,0,60,1,0
1,2,0,0,1,5,0,0,60,0,1
1,2,0,5,1,0,0,0,60,0,0
1,2,0,1,0,2,1,0,60,0,0
1,2,0,7,0,8,0,0,60,0,0
1,2,0,12,0,8,0,0,60,0,1
1,2,0,5,0,2,0,0,60,1,0
1,2,1,6,1,1,0,0,60,1,0
1,2,1,8,1,7,0,0,60,0,1
1,2,0,1,1,9,0,0,120,0,0
1,2,0,0,0,7,0,0,60,0,0
1,2,0,9,0,4,1,0,60,0,0
1,2,0,0,0,6,0,0,60,0,0
1,2,1,2,1,9,0,0,60,0,0
1,2,0,10,1,6,1,0,60,0,0
1,2,0,12,2,0,0,0,60,0,1
1,2,0,11,1,5,1,0,60,0,0
1,2,0,5,1,5,0,0,120,0,1
1,2,0,8,1,4,0,0,120,0,0
1,2,0,5,1,5,0,0,60,0,0
1,2,0,5,0,7,0,0,120,0,1
1,2,0,11,0,8,0,0,60,0,0
1,2,0,10,1,1,0,0,60,0,0
1,2,0,9,0,7,1,0,60,0,0
1,2,0,10,0,6,0,0,60,0,0
1,2,0,4,1,3,0,0,60,0,0
1,2,0,0,1,4,1,0,60,0,0
1,2,0,3,0,8,0,0,120,0,1
1,2,0,8,0,2,0,0,120,0,0
1,2,0,12,0,8,0,0,60,0,0
1,2,0,8,0,5,0,0,60,0,0
1,2,0,6,1,9,0,0,60,0,0
1,2,0,4,0,1,0,0,120,0,1
1,2,0,3,1,0,0,0,60,0,1
1,2,0,1,1,9,0,0,60,0,0
1,2,0,1,1,1,0,0,60,0,1
1,2,0,8,1,9,1,0,60,0,0
1,2,1,1,1,2,1,0,120,0,1
1,2,0,3,1,1,1,0,60,0,0
1,2,0,3,1,1,1,0,120,1,1
1,2,0,9,0,4,1,0,60,0,1
1,2,0,3,0,0,0,0,120,0,1
1,2,0,5,0,0,0,0,90,1,1
1,2,0,3,1,0,0,0,60,0,1
1,2,0,2,0,2,0,0,60,0,0
1,2,0,11,0,0,0,0,180,0,1
1,2,0,11,1,1,1,0,90,0,0
1,2,0,6,0,2,1,0,60,0,0
1,2,0,0,0,3,1,0,60,0,0
1,2,0,2,1,1,0,0,60,1,0
1,2,0,1,1,3,0,0,60,0,1
1,2,0,5,1,1,0,0,60,0,1
1,2,0,0,1,6,0,0,60,0,0
1,2,0,3,0,2,0,0,60,0,0
1,2,0,1,1,3,0,0,60,0,0
1,2,0,3,1,0,1,0,60,0,0
1,2,0,0,0,6,0,0,60,0,1
1,2,1,12,1,1,0,0,60,0,0
1,2,0,0,0,9,0,0,60,0,1
1,2,1,8,0,9,0,0,60,1,0
1,2,0,5,0,8,1,0,60,0,0
1,2,0,5,0,3,1,0,60,1,1
1,2,0,0,0,0,0,0,120,0,1
1,2,0,8,1,9,1,0,60,0,0
1,2,0,1,0,5,1,0,60,0,0
1,2,0,8,1,1,1,0,60,0,0
1,2,0,8,1,7,1,0,60,0,0
1,2,0,3,1,5,0,0,60,0,0
1,2,0,0,0,9,0,0,60,0,0
1,2,1,11,0,0,0,0,60,0,0
1,2,0,10,0,2,0,0,60,0,0
1,2,0,10,1,1,0,0,60,0,0
1,2,0,3,1,1,0,0,60,0,1
1,2,0,1,0,1,0,0,60,0,0
1,2,0,5,1,5,1,0,60,0,1
1,2,0,1,1,5,0,0,60,0,1
1,2,0,0,1,4,0,0,60,0,0
1,2,0,5,1,8,0,0,60,0,0
1,2,1,5,0,0,0,0,60,0,0
1,2,0,0,1,3,1,0,60,0,1
1,2,0,9,1,3,0,0,60,0,0
1,2,0,7,0,6,0,0,60,0,0
1,2,0,0,0,8,0,0,60,0,0
1,2,0,3,1,2,0,0,120,0,1
1,2,0,7,0,3,0,0,60,0,0
1,2,0,8,1,4,1,0,60,0,0
1,2,0,7,0,5,0,0,60,1,1
1,2,1,0,1,9,0,0,60,0,1
1,2,0,1,1,2,1,0,60,0,1
1,2,0,5,1,4,0,0,60,0,1
1,2,0,11,0,3,0,0,60,0,1
1,2,0,7,1,2,1,0,120,0,0
1,2,0,6,1,5,0,0,60,0,1
1,2,0,1,1,2,0,0,120,0,0
1,2,0,3,0,2,1,0,60,0,0
1,2,0,0,2,4,0,0,60,0,0
1,2,0,5,1,8,0,0,60,0,1
1,2,0,0,0,1,0,0,60,0,0
1,2,0,12,1,3,0,0,60,0,1
1,2,0,12,0,4,0,0,120,0,0
1,2,0,12,0,6,0,0,60,0,0
1,2,0,12,1,1,1,0,60,0,0
1,2,0,9,1,5,0,0,60,1,0
1,2,0,12,0,4,0,0,60,0,0
1,2,0,0,1,3,1,0,60,0,0
1,2,0,11,1,2,0,0,60,0,0
1,2,0,3,1,1,0,0,60,0,0
1,2,0,12,0,1,0,0,120,0,0
1,2,0,8,1,9,1,0,60,0,0
1,2,0,1,1,8,0,0,60,0,1
1,2,0,11,0,0,0,0,60,0,0
1,2,0,10,0,2,0,0,60,0,0
1,2,0,1,1,1,0,0,60,1,1
1,2,0,10,1,4,0,0,60,0,0
1,2,0,8,1,7,0,0,60,0,0
1,2,0,6,1,2,0,0,60,0,1
1,2,0,8,1,2,0,0,60,0,1
1,2,0,4,0,5,1,0,60,0,0
1,2,0,5,1,1,0,0,60,0,1
1,2,1,11,1,1,0,0,60,0,0
1,2,0,11,0,2,0,0,60,0,1
1,2,1,8,0,8,0,0,60,0,0
1,2,0,1,0,3,0,0,60,0,0
1,2,0,8,0,7,0,0,60,0,1
1,2,0,0,1,5,0,0,60,0,0
1,2,0,6,1,1,0,0,60,0,1
1,2,0,5,1,2,0,0,60,1,1
1,2,0,6,1,6,1,0,60,0,1
1,2,0,7,0,8,1,0,60,0,0
1,2,0,3,0,0,0,0,60,0,0
1,2,0,0,0,8,1,0,60,0,1
1,2,0,3,1,2,0,0,60,0,1
1,2,0,10,0,3,0,0,60,0,0
1,2,0,4,0,1,0,0,60,0,0
1,2,0,9,0,3,1,0,60,0,0
1,2,0,10,0,8,1,0,60,0,0
1,2,0,5,1,8,1,0,60,0,0
1,2,0,5,0,2,0,0,60,0,0
1,2,0,11,1,5,0,0,60,0,0
1,2,0,5,2,0,1,0,60,0,0
1,2,0,12,0,1,1,0,120,0,0
1,2,0,12,0,5,0,0,120,0,0
1,2,1,3,1,1,1,0,60,0,0
1,2,0,10,1,9,1,0,60,0,0
1,2,0,6,0,2,1,0,60,0,0
1,2,0,0,1,5,0,0,60,0,1
1,2,0,11,0,6,0,0,60,0,0
1,2,0,5,1,3,0,0,60,1,1
1,2,0,3,0,1,0,0,60,0,1
1,2,0,2,0,3,0,0,60,0,0
1,2,0,1,1,7,1,0,160,0,1
1,2,0,6,0,2,0,0,60,0,0
1,2,1,11,1,7,0,0,60,1,1
1,2,0,0,0,9,0,0,60,0,0
1,2,0,7,0,5,0,0,60,0,0
1,2,0,8,0,5,0,0,120,1,0
1,2,0,1,1,2,0,0,60,0,1
1,2,0,10,0,3,0,0,120,0,0
1,2,0,3,0,0,0,0,60,0,0
1,2,0,7,0,6,0,0,60,0,0
1,2,0,3,2,0,0,0,60,0,0
1,2,1,5,1,9,0,0,60,0,0
1,2,0,7,0,5,0,0,120,0,0
1,2,0,10,0,4,0,0,60,0,0
1,2,0,3,1,3,0,0,120,0,1
1,2,0,0,1,7,1,0,60,1,1
1,2,0,3,0,2,0,0,60,0,0
1,2,0,5,0,1,0,0,60,0,1
1,2,0,12,1,0,1,0,60,0,0
1,2,0,3,0,0,0,0,60,0,0
1,2,0,4,0,10,0,0,60,0,0
1,2,0,2,0,6,1,0,60,0,0
1,2,0,1,0,8,0,0,60,0,1
1,2,0,6,0,2,1,0,60,0,0
1,2,0,1,0,8,1,0,60,0,0
1,2,0,6,0,7,1,0,60,0,0
1,2,0,6,1,6,1,0,60,0,0
1,2,0,1,0,6,1,0,60,0,0
1,2,0,12,1,4,0,0,60,0,0
1,2,0,0,0,7,0,0,60,0,1
1,2,0,10,1,6,0,0,60,0,0
1,2,1,12,0,2,0,0,60,0,0
1,2,0,11,0,8,0,0,120,0,1
1,2,0,2,1,10,0,0,60,0,1
1,2,0,8,1,2,1,0,60,0,0
1,2,0,3,1,1,0,0,60,0,1
1,2,0,7,0,3,0,0,60,0,1
1,2,0,10,0,7,0,0,60,0,0
1,2,0,1,1,2,0,0,60,0,1
1,2,0,5,0,2,0,0,60,0,0
1,2,1,6,1,2,1,0,60,0,0
1,2,0,3,1,2,0,0,60,0,0
1,2,0,3,2,5,1,0,120,0,0
1,2,0,1,0,4,1,0,60,0,0
1,2,0,6,1,7,0,0,60,0,0
1,2,0,11,0,5,0,0,60,0,0
1,2,0,11,0,2,0,0,60,0,0
1,2,0,1,1,4,0,0,60,0,1
1,2,0,5,0,3,0,0,60,1,0
1,2,0,11,2,1,0,0,60,0,1
1,2,0,1,1,1,0,0,120,0,0
1,2,1,6,1,7,1,0,60,0,0
1,2,0,8,1,9,0,0,60,0,0
1,2,0,3,1,1,0,0,60,0,1
1,2,1,11,1,0,1,0,150,0,1
1,2,0,8,0,8,0,0,60,0,1
1,2,0,3,0,2,0,0,60,0,0
1,2,0,0,0,6,0,0,60,0,0
1,2,1,1,0,8,0,0,60,0,1
1,2,0,12,1,7,1,0,60,0,0
1,2,0,0,0,8,0,0,60,0,0
1,2,0,6,1,0,0,0,60,0,0
1,2,0,8,1,9,0,0,60,0,0
1,2,0,7,0,8,0,0,60,0,0
1,2,0,10,1,4,0,0,60,0,1
1,2,0,6,0,0,1,0,60,0,0
1,2,0,7,1,2,0,0,60,0,1
1,2,1,3,0,0,1,0,60,0,1
1,2,0,6,1,0,0,0,60,0,0
1,2,1,10,1,0,0,0,60,0,0
1,2,0,10,0,4,0,0,60,0,0
1,2,0,8,0,6,0,0,60,1,1
1,2,0,12,0,7,0,0,60,0,0
1,2,0,8,0,7,0,0,60,0,0
1,2,1,5,0,6,0,0,90,0,1
1,2,1,10,1,6,0,0,60,0,0
1,2,0,0,0,5,0,0,60,0,0
1,2,0,6,1,4,1,0,60,0,0
1,2,0,9,0,3,0,0,60,0,0
1,2,0,0,1,0,0,0,60,0,0
1,2,0,1,0,2,0,0,120,0,1
1,2,0,7,0,3,0,0,60,0,1
1,2,0,0,1,9,0,0,60,0,1
1,2,0,3,0,1,1,0,120,0,0
1,2,0,11,1,1,0,0,120,0,0
1,2,0,7,1,5,1,0,120,0,1
1,2,0,11,1,0,0,0,60,0,0
1,2,0,1,1,3,0,0,60,0,0
1,2,0,10,1,6,0,0,60,1,0
1,2,0,0,1,8,0,0,60,0,1
1,2,0,6,1,0,1,0,60,0,0
1,2,1,11,1,2,0,0,60,0,1
1,2,1,7,1,7,0,0,60,0,0
1,2,0,10,2,3,1,0,60,0,0
1,2,0,0,0,3,0,0,60,0,0
1,2,0,1,1,2,0,0,60,0,1
1,2,0,9,1,3,0,0,60,1,0
1,2,0,6,0,6,1,0,60,0,0
1,2,0,0,1,3,0,0,60,0,0
1,2,0,11,0,0,0,0,120,1,0
1,2,0,1,0,9,1,0,60,0,0
1,2,0,5,1,0,1,0,60,1,1
1,2,0,1,0,2,0,0,60,0,0
1,2,0,11,0,4,0,0,60,0,0
1,2,0,9,0,9,0,0,60,0,0
1,2,0,11,0,2,0,0,60,1,0
1,2,0,11,0,3,1,0,120,0,0
1,2,0,11,1,1,0,0,60,0,0
1,2,0,11,1,4,0,0,60,0,0
1,2,0,7,1,7,0,0,60,0,0
1,2,0,10,0,9,1,0,60,0,0
1,2,0,6,1,0,1,0,60,0,0
1,2,0,6,0,6,0,0,60,0,0
1,2,0,11,1,5,0,0,60,0,0
1,2,0,6,1,7,1,0,60,0,0
1,2,0,8,1,2,0,0,60,0,1
1,2,0,6,1,7,0,0,60,0,1
1,2,0,11,0,5,0,0,60,0,0
1,2,0,5,1,3,1,0,60,0,1
1,2,0,9,0,9,0,0,120,0,1
1,2,0,11,0,8,0,0,60,0,0
1,2,0,5,0,1,0,0,60,0,1
1,2,0,1,0,9,0,0,120,0,0
1,2,0,7,1,9,1,0,60,0,0
1,2,0,0,2,3,0,0,60,0,0
1,2,0,1,1,1,0,0,60,1,0
1,2,1,5,1,0,0,0,120,1,1
1,2,0,5,0,1,0,0,60,1,1
1,2,1,7,0,7,0,0,60,0,0
1,2,0,11,0,1,0,0,60,0,0
1,2,0,9,0,1,0,0,120,0,1
1,2,0,1,2,2,0,0,60,0,0
1,2,0,6,1,7,1,0,60,0,1
1,2,0,5,1,6,1,0,60,0,0
1,2,1,8,1,2,0,0,60,1,0
1,2,0,10,0,2,0,0,60,0,1
1,2,0,10,1,3,1,0,60,0,0
1,2,0,8,0,3,1,0,60,0,0
1,2,0,0,1,6,0,0,60,0,1
1,2,0,1,1,0,0,0,60,0,0
1,2,0,11,0,1,0,0,60,1,1
1,2,0,1,0,9,0,0,120,1,0
1,2,0,1,0,0,1,0,60,0,1
1,2,0,3,1,4,1,0,60,0,0
1,2,1,7,0,3,1,0,60,0,0
1,2,0,8,0,7,0,0,60,0,0
1,2,0,6,0,9,0,0,60,0,0
1,2,0,9,1,2,1,0,60,0,0
1,2,0,11,0,2,0,0,60,0,0
1,2,0,3,1,0,0,0,60,0,1
1,2,0,8,1,6,0,0,120,0,0
1,2,0,11,0,1,0,0,60,0,0
1,2,0,5,1,1,0,0,60,0,0
1,2,0,11,0,2,0,0,60,1,0
1,2,0,0,0,7,0,0,60,0,1
1,2,0,3,1,1,0,0,60,0,0
1,2,0,7,0,3,0,0,60,0,0
1,2,0,3,0,1,1,0,60,1,0
1,2,0,0,1,5,0,0,60,0,1
1,2,0,5,0,0,0,0,60,0,0
1,2,0,8,1,4,0,0,60,0,0
1,2,0,7,1,5,0,0,60,0,0
1,2,0,3,0,4,0,0,120,0,0
1,2,0,0,0,7,0,0,120,0,0
1,2,0,1,1,9,0,0,60,0,1
1,2,1,10,1,6,1,0,60,0,0
1,2,0,8,0,2,0,0,120,0,1
1,2,0,1,0,2,0,0,120,0,1
1,2,0,12,1,0,0,0,60,0,0
1,2,0,5,1,0,0,0,60,0,0
1,2,0,1,0,0,1,0,120,0,0
1,2,0,12,0,1,0,0,60,0,0
1,2,0,0,0,5,0,0,60,0,0
1,2,0,0,0,7,1,0,60,0,0
1,2,0,0,1,4,1,0,60,0,1
1,2,0,7,0,4,0,0,60,0,0
1,2,0,7,0,6,1,0,60,0,1
1,2,0,3,0,4,1,0,60,0,0
1,2,0,2,1,3,0,0,60,0,1
1,2,1,2,1,8,0,0,60,0,0
1,2,0,9,0,6,0,0,60,0,0
1,2,0,1,1,3,0,0,60,0,0
1,2,1,0,1,4,0,0,60,0,0
1,2,0,10,1,8,0,0,60,0,0
1,2,0,11,0,0,0,0,60,0,0
1,2,0,4,1,0,0,0,60,0,0
1,2,0,5,1,0,0,0,60,0,0
1,2,1,9,1,4,1,0,60,0,0
1,2,0,5,0,4,0,0,60,0,1
1,2,1,11,1,2,0,0,120,0,0
1,2,0,6,1,4,1,0,120,0,0
1,2,0,5,0,2,0,0,60,0,0
1,2,0,7,1,2,0,0,180,0,1
1,2,1,10,0,9,0,0,60,0,0
1,2,0,9,0,6,0,0,60,0,0
1,2,1,7,0,0,1,0,60,0,0
1,2,0,0,0,8,0,0,60,0,0
1,2,0,11,1,4,0,0,60,0,1
1,2,0,3,1,2,1,0,60,0,0
1,2,0,0,1,2,1,0,60,0,1
1,2,0,8,0,3,1,0,60,0,0
1,2,0,9,0,8,0,0,60,1,0
1,2,0,1,0,0,0,0,60,0,0
1,2,1,11,0,0,0,0,60,0,1
1,2,0,0,1,9,0,0,60,0,0
1,2,0,8,1,5,1,0,60,0,1
1,2,0,1,1,0,1,0,60,0,1
1,2,0,8,1,10,1,0,60,0,0
1,2,0,2,1,10,1,0,60,0,0
1,2,0,11,0,9,0,0,120,0,0
1,2,0,11,0,9,0,0,60,0,0
1,2,0,1,0,1,0,0,60,0,1
1,2,0,0,2,2,0,0,60,0,0
1,2,0,0,0,9,1,0,60,0,0
1,2,0,7,0,6,0,0,60,0,0
1,2,1,12,1,0,1,0,60,1,1
1,2,0,3,0,2,0,0,60,0,0
1,2,0,8,0,8,0,0,60,0,0
1,2,0,6,1,1,0,0,60,0,1
1,2,0,4,0,8,0,0,60,0,1
1,2,0,5,0,0,1,0,120,0,0
1,2,1,7,1,7,1,0,60,0,1
1,2,0,1,0,7,1,0,120,0,0
1,2,0,0,0,2,1,0,60,0,0
1,2,1,0,0,5,1,0,60,0,0
1,2,0,0,1,1,1,0,60,0,0
1,2,0,0,0,7,1,0,60,0,0
1,2,0,5,1,4,0,0,60,0,0
1,2,1,3,0,5,0,0,60,0,0
1,2,0,9,1,3,1,0,60,0,0
1,2,0,11,0,1,0,0,60,0,0
1,2,0,10,1,2,1,0,60,0,0
1,2,0,10,1,0,1,0,60,0,0
1,2,1,10,0,9,0,0,60,0,0
1,2,0,8,1,8,0,0,60,0,0
1,2,0,7,0,9,0,0,60,0,0
1,2,0,10,0,6,0,0,60,0,0
1,2,0,10,0,6,0,0,60,0,0
1,2,0,10,0,6,1,0,60,0,0
1,2,1,10,0,8,1,0,60,0,0
1,2,1,10,0,4,1,0,60,0,0
1,2,0,10,1,3,0,0,60,0,0
1,2,1,10,0,2,1,0,60,0,0
1,2,0,10,0,9,1,0,60,0,0
1,2,0,10,0,0,0,0,60,0,0
1,2,0,6,0,4,0,0,60,0,0
1,2,0,10,0,0,0,0,60,1,0
1,2,0,10,1,0,0,0,60,0,0
1,2,1,10,2,1,0,0,60,0,0
1,2,0,4,0,2,0,0,60,0,0
1,2,0,10,0,3,0,0,60,0,0
1,2,0,10,0,0,0,0,60,0,0
1,2,0,10,0,3,0,0,60,0,1
1,2,0,10,0,2,1,0,60,0,0
1,2,0,10,1,0,1,0,60,1,1
1,2,0,1,0,3,1,0,60,0,1
1,2,0,10,1,3,1,0,60,0,0
1,2,0,8,0,9,1,0,60,0,0
1,2,0,0,0,8,1,0,60,0,0
1,2,1,11,0,6,2,2,60,0,0
1,2,0,7,0,1,1,0,60,0,1
1,2,0,1,0,3,1,0,60,0,0
1,2,1,7,0,5,1,0,90,1,0
1,2,1,6,0,8,1,0,60,0,0
1,2,0,3,1,1,1,1,120,0,1
1,2,0,8,1,10,1,0,60,0,0
1,2,0,5,1,7,1,1,120,0,1
1,2,0,9,0,5,1,0,60,0,0
1,2,0,8,1,3,1,1,60,0,0
1,2,0,9,0,0,1,0,60,0,0
1,2,0,3,1,2,1,0,60,0,0
1,2,0,7,1,8,1,0,60,0,0
1,2,0,3,1,4,1,0,60,0,0
1,2,0,5,1,7,1,2,120,0,0
1,2,0,6,1,6,1,0,60,1,0
1,2,0,1,1,1,1,1,120,0,0
1,2,0,12,0,5,1,1,120,0,0
1,2,0,7,0,4,1,1,120,0,0
1,2,0,7,0,9,1,0,60,0,0
1,2,0,3,0,1,1,0,60,1,0
1,2,0,1,1,1,1,0,60,1,0
1,2,0,5,0,3,1,0,120,1,0
1,2,0,1,0,6,0,0,60,0,0
1,2,0,9,1,4,0,1,120,0,0
1,2,0,9,1,2,1,0,120,0,0
1,2,0,8,1,10,1,0,60,0,1
1,2,0,3,0,7,1,0,120,0,0
1,2,0,6,1,1,1,1,60,0,0
1,2,1,8,0,9,1,1,120,0,0
1,2,0,1,0,4,1,0,60,0,1
1,2,1,7,1,8,1,2,120,0,1
1,2,0,10,0,5,1,0,60,0,0
1,2,0,7,0,2,1,2,120,0,0
1,2,0,6,1,0,1,0,60,1,0
1,2,0,6,1,5,1,0,60,0,0
1,2,0,10,1,0,1,0,60,0,0
1,2,0,10,0,5,1,0,60,0,0
1,2,0,8,1,4,0,0,120,1,0
1,2,0,0,1,5,0,0,60,0,0
1,2,0,8,0,9,1,0,60,0,0
1,2,0,3,1,1,0,0,120,0,0
1,2,0,3,1,2,1,5,60,1,1
1,2,0,8,1,4,0,0,60,1,1
1,2,0,9,1,3,0,0,60,0,0
1,2,0,7,0,6,1,0,60,1,1
1,2,0,10,0,5,1,0,60,0,0
1,2,0,1,1,3,1,0,60,0,0
1,2,0,10,0,0,0,2,180,1,0
1,2,0,5,0,1,0,1,60,0,1
1,2,0,5,1,0,0,0,60,0,1
1,2,0,3,0,2,1,0,60,0,0
1,2,0,9,1,7,1,2,180,0,1
1,2,0,6,0,0,1,0,300,1,0
1,2,0,7,0,9,0,0,120,0,0
1,2,0,10,2,0,1,0,60,0,0
1,2,0,2,0,5,0,0,60,0,0
1,2,0,2,1,6,0,0,60,0,1
1,2,0,11,0,4,0,0,120,0,0
1,2,0,5,0,9,1,0,60,0,0
1,2,0,3,0,1,0,1,120,0,0
1,2,0,9,0,3,1,0,60,0,1
1,2,1,1,1,4,1,1,60,0,1
1,2,0,0,1,2,0,1,90,0,1
1,2,0,3,1,3,1,0,60,0,1
1,2,0,5,0,3,1,0,60,1,0
1,2,0,11,1,6,1,4,120,0,1
1,2,0,11,1,0,1,2,60,1,1
1,2,0,9,1,0,1,0,60,1,1
1,2,0,2,1,0,0,2,120,1,0
1,2,0,1,1,2,1,0,120,0,0
1,2,0,1,1,9,1,0,60,0,1
1,2,1,8,0,1,0,0,60,0,0
1,2,0,8,1,7,1,0,60,0,1
1,2,0,9,0,6,0,0,90,0,0
1,2,0,3,0,1,1,0,120,0,1
1,2,0,5,1,2,0,0,150,0,1
1,2,0,0,0,6,1,0,120,1,1
1,2,0,0,0,7,0,0,120,1,0
1,2,0,11,1,0,1,1,120,1,0
1,2,0,8,1,9,0,0,60,0,1
1,2,0,2,1,8,0,1,120,0,0
1,2,0,0,0,1,0,0,120,0,1
1,2,0,12,0,0,0,0,60,0,0
1,2,0,12,1,4,1,0,60,0,1
1,2,0,7,1,6,1,0,60,0,0
1,2,0,5,1,2,1,0,150,0,0
1,2,0,3,0,3,0,0,60,0,1
1,2,0,0,1,5,0,0,120,0,0
1,2,0,9,1,2,0,0,60,0,0
1,2,0,9,0,4,1,0,60,0,0
1,2,1,9,1,7,1,0,60,0,0
1,2,0,10,1,0,1,3,60,1,0
1,2,0,1,1,0,0,0,60,0,1
1,2,1,3,1,1,0,0,120,0,0
1,2,0,1,1,6,0,0,60,0,0
1,2,0,5,1,8,1,0,60,0,1
1,2,0,1,1,4,0,0,60,0,0
1,2,0,11,1,1,0,0,60,0,1
1,2,0,1,0,6,0,0,180,0,0
1,2,0,11,0,0,0,0,60,0,0
1,2,0,0,1,3,1,0,60,0,0
1,2,0,9,1,1,1,0,60,0,0
1,2,0,4,1,0,0,4,120,1,0
1,2,0,7,0,1,1,0,120,0,1
1,2,1,10,1,1,0,0,60,1,0
1,2,0,3,0,1,1,0,60,0,0
1,2,0,10,0,3,1,0,60,0,0
1,2,0,4,2,1,0,1,60,0,1
1,2,1,11,1,2,0,0,60,1,1
1,2,0,11,0,0,0,0,60,0,0
1,2,0,0,1,2,0,1,180,0,0
1,2,0,10,0,4,1,1,60,0,0
1,2,0,12,0,0,0,0,60,1,1
1,2,0,8,0,8,0,0,120,0,1
1,2,1,11,0,5,0,0,180,0,1
1,2,0,11,0,4,0,0,60,0,0
1,2,1,4,0,0,1,0,60,0,0
1,2,0,9,1,7,0,1,60,1,0
1,2,0,3,1,1,1,0,60,0,0
1,2,0,10,0,8,1,2,60,0,0
1,2,0,1,1,5,0,0,120,0,0
1,2,0,10,1,5,0,0,75,0,1
1,2,0,7,1,1,0,0,250,0,0
1,2,0,3,1,0,0,1,120,0,0
1,2,0,8,0,6,0,1,120,0,0
1,2,1,9,1,1,1,1,60,1,1
1,2,0,12,1,1,0,3,270,0,0
1,2,1,1,1,7,0,0,150,0,1
1,3,0,0,1,6,1,1,60,0,0
1,3,1,9,0,2,0,0,90,1,0
1,3,0,9,1,2,0,2,60,0,1
1,3,0,8,0,4,1,0,60,0,0
1,3,0,12,1,7,0,1,60,0,1
1,3,0,9,0,6,1,0,60,0,1
1,3,1,11,1,0,1,0,60,1,1
1,3,0,10,0,9,1,0,120,0,0
1,3,0,12,0,4,0,0,60,0,0
1,3,0,10,1,1,0,4,60,0,0
1,3,0,12,1,6,0,1,180,0,1
1,3,0,3,0,0,0,0,60,0,0
1,3,0,8,0,5,1,0,120,1,1
1,3,0,5,1,8,1,1,120,0,0
1,3,0,7,1,6,0,0,60,0,0
1,3,0,12,0,0,0,2,60,0,1
1,3,0,5,0,5,1,0,120,0,0
1,3,0,10,1,0,0,3,60,0,0
1,3,0,3,1,5,0,1,120,0,1
1,3,0,0,0,2,1,0,120,0,0
1,3,0,6,0,0,0,0,60,0,1
1,3,0,9,1,3,0,1,60,0,1
1,3,0,10,1,9,1,2,60,0,1
1,3,0,6,1,1,0,0,120,1,1
1,3,0,10,1,1,0,0,60,0,1
1,3,0,4,0,1,0,0,120,0,0
1,3,1,9,0,3,0,0,120,1,1
1,3,0,8,1,1,0,0,60,0,0
1,3,0,12,1,2,0,2,60,0,1
1,3,0,5,0,1,0,1,120,0,1
1,3,0,2,1,1,1,0,60,0,0
1,3,0,8,1,6,0,0,60,0,0
1,3,0,5,0,7,0,0,60,0,0
1,3,1,0,0,6,1,0,60,0,0
1,3,1,9,0,7,0,0,60,1,0
1,3,0,7,0,2,0,0,120,0,0
1,3,0,6,1,8,0,0,60,0,0
1,3,0,7,1,5,0,0,90,1,0
1,3,1,1,0,5,1,0,60,0,0
1,3,0,9,1,8,1,0,60,0,0
1,3,0,10,1,1,0,4,120,0,0
1,3,0,10,1,7,0,3,60,0,1
1,3,0,11,1,0,0,2,60,0,1
1,3,0,1,1,2,0,0,120,0,1
1,3,0,11,0,0,0,0,120,0,0
1,3,0,6,0,3,1,2,120,0,0
1,3,0,7,1,4,1,1,60,1,1
1,3,0,11,1,0,0,1,60,0,0
1,3,0,1,0,6,1,0,120,0,0
1,3,0,9,1,1,1,0,60,0,0
1,3,0,9,0,3,1,0,60,0,1
1,3,0,0,1,3,1,1,120,0,0
1,3,0,1,1,2,1,1,60,0,0
1,3,0,1,0,9,0,0,60,1,0
1,3,0,11,0,1,0,4,60,0,0
1,3,0,6,1,6,1,0,120,0,0
1,3,0,9,1,6,1,0,120,0,0
1,3,0,2,1,6,0,2,60,0,1
1,3,0,10,0,0,0,0,120,0,0
1,3,0,11,0,2,0,2,60,0,0
1,3,0,9,0,4,0,0,60,0,1
1,3,0,1,1,2,0,0,180,0,0
1,3,0,0,1,8,1,0,270,1,1
1,3,1,2,1,1,1,0,60,0,0
1,3,0,9,0,1,1,0,60,0,0
1,3,0,8,0,4,0,0,60,0,0
1,3,0,0,1,6,0,1,60,0,1
1,3,0,1,1,1,1,1,60,0,0
1,3,0,2,1,1,0,1,60,0,0
1,3,0,10,1,4,0,3,60,0,0
1,3,0,6,1,9,0,0,60,0,0
1,3,0,2,0,0,1,0,120,0,0
1,3,0,6,0,6,0,1,60,1,0
1,3,0,10,1,4,0,2,90,0,0
1,3,0,1,1,4,1,0,60,0,0
1,3,0,10,0,5,0,1,60,0,0
1,3,0,0,1,9,0,1,60,0,0
1,3,0,10,1,2,0,0,60,0,0
1,3,0,10,1,7,0,0,60,0,0
1,3,0,12,0,5,0,0,60,0,1
1,3,0,10,1,5,0,0,60,0,1
1,3,0,8,0,9,0,0,60,0,0
1,3,0,12,0,3,1,2,60,0,1
1,3,1,4,1,10,1,0,60,1,1
1,3,0,11,1,3,1,0,60,0,1
1,3,0,12,0,6,0,0,60,0,0
1,3,1,0,0,8,0,0,60,0,0
1,3,0,5,0,2,0,2,60,0,0
1,3,0,10,0,4,1,3,60,0,0
1,3,0,12,2,3,0,2,60,0,1
1,3,0,7,0,8,0,0,60,0,0
1,3,0,11,1,0,0,0,60,0,1
1,3,0,12,0,0,0,0,60,0,0
1,3,1,1,1,4,1,0,60,0,0
1,3,1,6,0,3,0,3,90,0,0
1,3,0,11,1,1,0,1,60,0,1
1,3,0,3,0,3,0,1,60,0,0
1,3,0,5,1,2,0,1,60,0,0
1,3,0,5,1,0,0,2,90,0,1
1,3,1,5,0,2,2,0,180,0,1
1,3,0,10,1,2,0,0,60,0,0
1,3,0,8,1,1,0,2,120,0,1
1,3,0,2,0,3,1,1,60,0,0
1,3,0,6,0,4,0,0,60,0,1
1,3,0,1,0,4,0,0,60,1,0
1,3,0,11,1,9,0,0,120,0,1
1,3,0,9,1,9,0,0,60,0,1
1,3,0,1,1,2,0,3,60,1,1
1,3,0,3,1,2,0,2,60,0,0
1,3,0,1,1,2,1,0,60,0,0
1,3,0,1,0,6,0,2,60,0,0
1,3,0,10,0,7,1,1,60,0,0
1,3,1,3,1,7,0,1,60,0,0
1,3,1,0,1,2,0,0,60,0,1
1,3,0,10,1,0,0,0,60,0,0
1,3,0,7,0,5,0,0,60,0,0
1,3,0,2,0,3,1,0,60,0,0
1,3,0,1,0,1,0,2,60,0,0
1,3,0,0,0,5,0,0,180,0,0
1,3,0,9,0,4,0,0,60,0,1
1,3,0,8,1,3,1,0,60,0,0
1,3,0,1,0,3,0,1,60,0,0
1,3,0,5,0,4,0,0,180,0,0
1,3,0,4,0,0,0,0,60,0,1
1,3,0,0,0,9,0,1,120,1,1
1,3,0,10,1,2,1,0,60,0,0
1,3,0,12,0,1,0,0,60,1,1
1,3,0,0,0,4,0,0,60,0,0
1,3,0,4,1,5,1,1,60,0,0
1,3,0,9,0,6,1,0,120,0,0
1,3,0,1,1,4,1,0,60,0,0
1,3,0,6,1,4,0,0,60,0,0
1,3,0,2,0,1,0,0,60,0,0
1,3,0,8,1,3,1,1,60,0,0
1,3,0,12,1,1,1,0,60,0,0
1,3,0,10,1,0,1,1,60,0,0
1,3,0,8,0,6,1,0,60,0,0
1,3,0,2,1,8,0,0,60,0,0
1,3,0,10,1,2,0,0,90,0,1
1,3,0,4,0,1,1,0,120,0,0
1,3,1,10,1,1,1,0,120,0,0
1,3,1,11,0,2,1,0,60,0,0
1,3,0,5,0,7,0,0,60,0,0
1,3,0,5,1,0,0,1,60,0,0
1,3,0,0,1,1,1,1,60,0,1
1,3,0,10,1,4,0,1,120,0,0
1,3,0,9,1,0,0,0,60,0,1
1,3,0,9,0,3,0,0,60,1,0
1,3,0,2,0,6,1,3,60,0,0
1,3,0,0,0,9,1,0,60,0,0
1,3,0,1,0,3,1,0,60,0,0
1,3,0,10,0,3,0,0,60,0,1
1,3,0,0,1,7,1,0,60,0,0
1,3,0,11,0,0,0,1,60,0,1
1,3,0,8,0,5,0,0,90,0,0
1,3,0,10,0,0,0,3,120,0,0
1,3,1,10,1,0,0,0,60,0,1
1,3,0,5,1,0,0,1,120,0,0
1,3,0,0,0,9,0,0,90,1,0
1,3,0,3,0,1,1,0,60,0,0
1,3,0,0,0,8,0,3,60,0,0
1,3,0,4,1,0,0,1,60,0,1
1,3,0,10,0,3,0,1,90,0,0
1,3,0,3,1,5,1,1,60,0,0
1,3,0,2,1,1,0,0,60,0,0
1,3,0,10,1,0,0,0,60,0,0
1,3,0,4,1,10,0,1,90,0,0
1,3,0,10,0,6,0,0,120,0,0
1,3,0,6,1,5,0,0,120,0,0
1,3,1,6,0,2,0,0,60,0,0
1,3,0,2,0,3,0,2,60,0,0
1,3,0,4,0,3,0,0,120,0,0
1,3,0,0,0,4,1,0,60,0,0
1,3,0,5,1,5,0,1,120,0,1
1,3,0,5,0,4,0,0,60,0,0
1,3,0,10,1,3,0,2,60,1,0
1,3,0,8,0,9,0,0,120,0,0
1,3,0,11,0,0,0,2,60,0,0
1,3,0,8,0,4,1,1,60,0,1
1,3,0,8,0,9,0,0,60,0,1
1,3,0,5,1,3,1,0,180,0,1
1,3,0,1,1,1,0,0,60,1,0
1,3,0,3,1,0,1,0,120,0,1
1,3,0,0,0,4,0,1,120,0,0
1,3,0,11,0,0,0,0,60,0,1
1,3,0,5,0,0,0,0,60,0,0
1,3,1,2,0,0,1,1,60,0,0
1,3,0,5,1,5,1,4,60,0,1
1,3,0,10,1,2,0,2,60,0,0
1,3,0,6,0,1,0,0,120,0,0
1,3,1,8,0,1,1,1,60,0,1
1,3,0,9,0,6,1,0,60,0,0
1,3,0,12,1,0,0,0,60,0,1
1,3,0,7,1,4,0,0,60,1,1
1,3,0,9,0,4,0,0,60,0,0
1,3,0,0,0,6,0,0,60,0,0
1,3,0,8,0,2,1,0,240,0,1
1,3,0,11,0,4,0,2,60,1,0
1,3,0,12,0,6,0,0,60,0,1
1,3,1,6,0,7,0,0,120,0,0
1,3,1,0,0,5,1,1,60,0,0
1,3,0,10,0,0,0,0,120,0,0
1,3,0,6,0,2,0,2,60,0,0
1,3,0,12,1,0,0,0,60,0,0
1,3,0,8,0,2,0,0,60,0,0
1,3,0,10,1,4,0,0,60,0,0
1,3,0,12,1,0,0,1,120,0,0
1,3,0,7,1,6,1,1,60,0,0
1,3,0,0,1,8,0,2,120,0,0
1,3,0,8,0,1,0,0,120,0,1
1,3,0,12,1,5,0,0,60,0,1
1,3,0,2,0,3,1,1,60,0,0
1,3,0,6,1,1,0,0,60,1,0
1,3,0,5,1,8,0,0,120,0,1
1,3,0,7,1,3,0,0,60,0,0
1,3,1,5,0,3,0,0,120,1,1
1,3,0,12,0,1,0,0,60,0,1
1,3,0,12,1,5,1,0,60,0,0
1,3,1,7,0,9,0,0,120,0,0
1,3,0,7,0,2,0,0,120,0,1
1,3,0,3,1,4,1,0,120,0,1
1,3,0,12,1,1,0,0,120,0,0
1,3,0,1,0,4,0,2,120,0,1
1,3,0,11,1,9,0,0,60,0,0
1,3,0,8,1,5,0,0,60,0,1
1,3,0,10,0,2,0,0,60,0,0
1,3,0,12,1,5,1,1,60,0,0
1,3,0,10,1,0,1,0,195,0,0
1,3,0,3,0,3,1,0,60,0,0
1,3,0,5,1,1,0,0,60,0,0
1,3,0,6,0,1,0,0,60,0,0
1,3,1,8,0,4,1,0,120,1,1
1,3,0,1,1,4,1,0,60,0,1
1,3,0,8,0,4,1,0,60,0,1
1,3,0,6,0,0,0,0,60,0,0
1,3,0,6,1,8,1,0,60,0,0
1,3,0,3,0,5,0,0,60,0,0
1,3,0,9,0,4,0,0,180,0,1
1,3,1,2,0,2,0,0,60,0,1
1,3,0,6,0,4,1,0,60,0,0
1,3,0,6,1,3,1,0,60,0,0
1,3,0,10,1,6,0,2,60,0,0
1,3,1,3,1,1,0,0,60,0,0
1,3,1,9,0,4,0,0,120,1,1
1,3,0,11,0,1,0,0,60,1,0
1,3,0,1,0,4,1,3,120,0,0
1,3,0,7,0,6,0,0,60,0,0
1,3,0,5,1,8,0,0,60,0,1
1,3,0,1,1,3,1,0,60,0,0
1,3,0,3,1,2,1,0,120,1,0
1,3,0,10,0,2,0,1,165,0,0
1,3,0,7,1,4,0,0,180,0,1
1,3,0,7,0,7,0,0,60,0,0
1,3,0,5,0,8,1,0,60,0,0
1,3,0,2,0,8,0,1,60,0,0
1,3,0,5,1,7,0,0,60,0,0
1,3,0,2,1,5,1,0,60,0,0
1,3,0,10,2,3,0,0,60,0,0
1,3,0,12,0,0,0,0,60,0,0
1,3,0,10,1,5,1,1,60,0,0
1,3,0,8,0,4,1,0,60,0,0
1,3,0,10,1,1,0,0,120,0,0
1,3,0,10,1,0,1,2,60,1,1
1,3,0,1,0,9,0,0,60,0,0
1,3,0,7,0,5,1,0,120,0,1
1,3,0,7,1,3,1,0,60,0,1
1,3,0,8,1,5,0,0,60,0,1
1,3,0,5,1,1,0,0,120,0,0
1,3,0,7,0,6,0,0,120,0,1
1,3,1,8,0,8,0,0,60,0,0
1,3,0,11,0,9,0,0,60,0,1
1,3,0,9,1,2,0,0,90,0,0
1,3,0,6,0,6,0,2,120,1,0
1,3,0,0,0,6,0,0,60,0,0
1,3,0,3,2,5,1,1,60,0,0
1,3,0,11,1,9,0,0,60,0,0
1,3,0,2,1,2,0,0,60,0,1
1,3,0,8,0,5,0,1,60,0,1
1,3,0,11,1,8,1,0,60,0,1
1,3,0,12,1,7,0,0,60,0,0
1,3,0,2,1,0,1,1,60,0,0
1,3,0,3,0,1,0,0,120,0,1
1,3,0,12,1,4,0,0,240,0,1
1,3,1,4,0,4,0,0,60,0,0
1,3,0,1,1,1,1,0,60,0,0
1,3,1,7,1,7,0,0,60,1,0
1,3,0,1,0,7,0,1,180,0,0
1,3,0,3,0,2,1,0,60,1,0
1,3,0,12,0,1,0,0,60,0,0
1,3,0,0,1,6,0,0,60,0,0
1,3,0,1,0,3,1,0,60,0,1
1,3,0,7,0,2,1,0,60,0,0
1,3,0,7,1,3,0,0,60,0,1
1,3,0,1,1,6,1,0,60,1,1
1,3,0,1,1,5,0,0,120,0,1
1,3,1,8,1,7,2,0,60,0,0
1,3,0,3,1,1,0,3,60,1,1
1,3,0,4,1,1,0,0,120,0,1
1,3,0,9,0,0,0,1,60,0,0
1,3,0,1,0,5,0,0,60,0,0
1,3,0,11,0,4,1,0,120,0,0
1,3,0,3,1,3,0,0,60,0,1
1,3,0,0,0,8,0,0,60,0,0
1,3,0,12,1,5,1,0,60,0,0
1,3,0,9,1,5,1,0,60,0,1
1,3,0,11,0,2,0,0,60,0,0
1,3,0,12,1,4,0,1,60,0,0
1,3,0,8,1,9,1,0,60,0,0
1,3,0,0,0,0,0,0,180,1,0
1,3,0,4,1,2,0,0,60,0,1
1,3,0,1,1,1,1,0,60,0,0
1,3,0,12,0,3,0,0,60,0,1
1,3,0,10,0,2,0,0,60,0,0
1,3,1,3,0,1,1,0,120,0,1
1,3,0,11,1,1,0,1,60,0,0
1,3,0,0,1,2,0,0,240,0,1
1,3,0,5,1,2,0,0,120,0,1
1,3,0,8,0,5,0,0,120,1,0
1,3,0,0,0,9,1,0,60,0,0
1,3,0,12,0,5,0,0,60,0,0
1,3,0,9,0,4,0,0,240,0,1
1,3,0,12,0,1,0,1,60,0,0
1,3,0,11,1,0,0,0,120,0,0
1,3,0,12,1,1,0,1,60,1,0
1,3,0,9,1,5,0,0,60,1,0
1,3,0,10,1,3,0,3,60,0,0
1,3,0,6,1,3,1,0,60,0,0
1,3,0,1,1,1,1,0,210,1,0
1,3,0,10,1,0,0,0,120,0,1
1,3,0,0,0,9,0,1,60,0,0
1,3,0,11,0,7,0,0,60,0,1
1,3,0,8,1,7,1,0,120,0,0
1,3,0,11,0,3,0,0,60,0,0
1,3,0,5,1,3,0,0,120,0,1
1,3,0,5,0,6,0,2,60,0,1
1,3,0,0,0,8,0,0,120,0,0
1,3,0,5,1,8,0,0,60,0,0
1,3,0,5,0,1,0,0,60,0,0
1,3,0,10,1,2,0,1,60,0,0
1,3,0,3,0,4,0,1,60,0,1
1,3,0,10,0,2,1,0,60,0,0
1,3,0,0,1,2,0,0,60,0,0
1,3,0,10,1,3,1,0,60,0,0
1,3,1,6,1,5,1,1,60,0,0
1,3,0,0,0,1,1,0,60,0,0
1,3,0,6,0,7,1,0,120,0,1
1,3,0,4,1,2,0,1,120,0,0
1,3,0,8,0,7,1,1,120,0,1
1,3,1,5,0,0,1,0,120,0,0
1,3,0,10,1,1,0,0,60,0,1
1,3,0,10,1,6,0,0,60,1,0
1,3,0,5,0,0,1,0,60,0,0
1,3,0,9,0,0,0,3,120,0,1
1,3,0,8,1,5,0,0,60,1,0
1,3,1,11,1,0,0,1,120,0,1
1,3,0,5,2,0,1,0,120,0,1
1,3,0,10,0,6,0,2,60,0,0
1,3,0,1,1,1,0,0,120,0,0
1,3,0,10,0,1,1,0,60,0,0
1,3,0,12,1,0,0,0,60,1,1
1,3,0,8,0,8,0,0,60,0,0
1,3,0,8,1,8,0,0,120,0,1
1,3,0,9,0,2,0,0,120,0,0
1,3,0,1,1,0,0,0,60,0,1
1,3,0,6,0,2,0,0,120,0,0
1,3,0,0,0,9,0,0,120,0,1
1,3,0,3,1,3,0,0,180,0,0
1,3,0,3,0,8,0,0,180,0,1
1,3,1,9,1,2,1,0,60,0,0
1,3,0,8,1,7,0,0,60,0,0
1,3,0,10,0,4,0,1,120,0,0
1,3,0,11,1,6,1,0,60,0,1
1,3,0,0,1,4,0,0,180,0,0
1,3,0,3,1,4,0,0,60,0,0
1,3,1,9,1,1,1,0,60,1,0
1,3,0,6,1,1,0,2,120,1,1
1,3,0,5,0,5,1,0,60,0,0
1,3,0,9,1,6,0,1,60,0,0
1,3,0,10,0,0,0,1,60,1,0
1,3,0,6,0,9,0,0,120,0,0
1,3,0,0,1,7,0,0,120,1,1
1,3,0,0,0,8,0,0,60,0,0
1,3,0,9,0,2,1,1,60,0,0
1,3,0,12,1,2,1,0,120,0,1
1,3,1,8,0,7,0,1,120,0,0
1,3,0,0,1,0,0,0,60,0,1
1,3,0,8,0,3,1,1,60,0,0
1,3,1,0,1,4,0,1,60,0,0
1,3,0,5,0,2,1,0,60,0,0
1,3,1,7,1,5,1,0,60,0,0
1,3,0,12,0,1,0,0,120,0,0
1,3,0,12,1,6,0,0,60,0,0
1,3,0,5,1,5,1,0,120,0,1
1,3,0,0,0,8,0,0,120,1,0
1,3,0,8,1,8,0,0,60,0,0
1,3,0,3,0,8,0,0,120,0,1
1,3,0,7,0,5,0,0,60,0,0
1,3,0,11,0,6,0,0,60,0,0
1,3,0,11,0,0,0,0,60,1,0
1,3,0,7,1,2,1,0,60,0,0
1,3,0,3,1,1,1,0,120,0,0
1,3,0,6,0,6,1,1,60,0,0
1,3,0,12,0,3,0,0,120,0,0
1,3,0,1,0,4,1,0,60,0,0
1,3,0,5,0,8,1,0,60,0,0
1,3,0,8,1,9,0,0,60,0,0
1,3,0,12,0,1,1,0,60,0,0
1,3,0,1,1,3,0,1,60,0,1
1,3,0,0,0,8,1,0,180,0,1
1,3,0,5,1,0,1,0,60,0,1
1,3,0,7,1,4,1,0,60,0,0
1,3,0,8,0,5,1,0,60,0,0
1,3,0,6,0,7,1,0,120,0,0
1,3,0,4,0,7,0,0,60,0,1
1,3,0,11,1,9,1,0,60,0,0
1,3,0,1,0,4,0,0,60,1,0
1,3,0,8,0,4,0,0,120,0,0
1,3,0,1,1,8,0,1,120,0,1
1,3,0,11,1,1,0,0,60,0,0
1,3,0,5,1,2,1,0,60,0,0
1,3,0,11,0,4,0,0,90,0,0
1,3,0,1,1,4,0,0,60,0,0
1,3,0,7,0,7,0,0,60,0,0
1,3,0,0,0,1,0,0,60,0,1
1,3,0,5,0,4,0,0,60,0,0
1,3,0,5,0,0,0,0,60,1,0
1,3,0,0,1,8,0,0,60,1,0
1,3,0,1,0,5,0,0,60,1,0
1,3,0,2,0,0,0,0,60,0,0
1,3,0,11,0,10,0,1,120,0,0
1,3,0,7,1,5,0,0,60,0,1
1,3,0,10,1,5,1,0,60,0,0
1,3,0,6,1,5,0,0,60,0,0
1,3,0,7,1,2,0,0,120,0,1
1,3,0,0,0,8,1,0,60,0,0
1,3,0,3,0,2,0,0,60,0,0
1,3,0,10,1,0,1,0,60,0,0
1,3,0,1,0,7,0,0,60,0,0
1,3,0,12,1,2,0,0,60,0,0
1,3,1,6,1,2,0,0,60,0,0
1,3,0,8,0,9,1,0,60,0,0
1,3,0,3,1,0,0,0,120,0,1
1,3,0,11,0,3,1,0,60,0,0
1,3,0,8,0,7,0,0,60,0,0
1,3,0,10,0,8,1,1,60,0,0
1,3,0,8,0,2,0,0,60,0,0
1,3,0,10,1,6,0,0,120,0,0
1,3,0,1,1,0,0,2,120,0,0
1,3,0,5,0,8,0,0,60,0,1
1,3,0,9,1,8,0,0,120,0,0
1,3,0,1,1,1,1,0,120,1,1
1,3,0,1,0,5,1,0,60,0,0
1,3,1,2,0,1,0,0,60,0,0
1,3,0,12,1,0,0,0,60,0,0
1,3,0,10,0,1,0,0,120,0,0
1,3,0,0,0,5,0,1,60,0,0
1,3,0,3,0,6,1,0,60,0,0
1,3,0,11,0,7,0,0,120,0,0
1,3,0,12,0,4,0,1,120,0,0
1,3,0,6,0,2,0,0,60,0,1
1,3,0,12,1,9,0,0,60,0,0
1,3,0,11,1,0,1,0,90,0,1
1,3,0,7,0,6,1,0,60,1,0
1,3,0,9,1,3,0,0,60,0,0
1,3,0,7,0,2,1,0,60,0,0
1,3,0,11,0,3,0,0,180,0,1
1,3,0,5,1,1,0,0,60,0,0
1,3,0,12,0,1,1,0,60,0,1
1,3,1,10,1,0,1,0,60,0,0
1,3,0,0,1,4,0,0,60,0,0
1,3,1,0,1,2,1,1,60,0,0
1,3,0,7,1,4,0,1,60,0,0
1,3,0,0,0,3,1,0,60,0,0
1,3,0,5,1,0,0,0,60,0,0
1,3,0,11,1,9,0,1,60,0,0
1,3,0,8,1,8,1,1,60,0,1
1,3,0,12,1,4,0,0,60,1,0
1,3,0,7,0,9,0,0,60,0,0
1,3,0,4,0,6,0,0,60,0,0
1,3,0,6,0,2,0,0,90,0,0
1,3,0,0,0,2,0,0,60,1,0
1,3,0,8,1,6,0,0,60,1,1
1,3,0,0,1,6,1,0,60,0,0
1,3,0,11,0,1,0,0,120,0,0
1,3,0,12,0,5,0,0,60,0,0
1,3,1,1,1,6,0,0,60,0,1
1,3,0,6,1,7,1,0,60,0,0
1,3,0,3,1,0,0,1,60,0,1
1,3,1,11,1,1,0,0,120,0,0
1,3,0,6,1,3,0,2,60,0,0
1,3,0,12,0,5,1,0,60,0,0
1,3,0,12,0,8,1,0,120,0,1
1,3,0,3,0,3,0,0,120,0,1
1,3,0,1,0,2,0,0,120,0,0
1,3,0,4,0,5,1,0,60,0,1
1,3,0,7,1,1,1,0,120,1,1
1,3,0,9,1,3,0,0,60,0,0
1,3,0,9,0,4,1,0,120,0,0
1,3,0,3,1,4,1,1,60,0,0
1,3,0,10,0,3,1,0,60,0,0
1,3,0,1,0,1,0,1,60,1,1
1,3,0,2,0,8,0,0,60,0,0
1,3,0,3,1,0,1,0,60,0,0
1,3,0,1,0,8,1,0,60,0,0
1,3,0,5,0,3,0,0,60,0,0
1,3,0,9,1,4,0,0,60,0,0
1,3,0,11,0,4,0,0,120,0,1
1,3,0,11,1,0,1,0,60,0,0
1,3,0,7,0,4,1,1,60,0,0
1,3,0,10,1,0,1,0,90,1,1
1,3,0,0,1,2,0,0,60,1,0
1,3,0,5,1,2,0,0,60,0,1
1,3,0,10,1,2,1,0,60,0,0
1,3,0,4,0,2,0,0,120,0,0
1,3,0,3,1,4,1,0,120,0,1
1,3,0,5,0,4,0,0,60,0,1
1,3,0,2,1,6,1,2,60,0,0
1,3,1,4,0,3,0,0,60,0,0
1,3,1,5,0,2,0,0,60,0,0
1,3,1,12,0,2,0,0,120,0,0
1,3,0,8,1,9,0,0,60,0,0
1,3,0,12,0,9,0,0,60,0,0
1,3,0,7,0,9,1,0,60,0,0
1,3,0,3,0,8,0,0,120,0,1
1,3,0,1,1,0,0,0,60,0,1
1,3,0,6,0,9,0,0,60,0,0
1,3,0,6,0,6,0,0,60,0,0
1,3,0,8,0,5,1,0,60,0,1
1,3,0,5,1,1,1,0,60,0,1
1,3,0,12,1,5,1,1,120,0,0
1,3,0,0,1,9,1,0,60,0,1
1,3,1,3,0,4,1,1,90,0,1
1,3,1,8,1,8,0,0,60,1,1
1,3,1,11,1,0,0,1,120,0,1
1,3,0,12,0,5,0,0,60,0,1
1,3,0,1,0,2,0,0,120,0,1
1,3,0,5,1,0,1,0,180,0,0
1,3,0,10,0,5,1,0,60,0,0
1,3,0,7,1,5,1,0,60,0,0
1,3,1,9,1,9,0,1,60,0,1
1,3,0,11,2,0,0,1,60,0,1
1,3,1,10,0,0,1,0,60,0,0
1,3,0,5,1,0,1,0,60,0,0
1,3,0,3,0,0,0,0,60,0,0
1,3,1,10,1,9,1,0,120,0,1
1,3,0,9,0,7,1,0,60,0,1
1,3,0,9,0,9,0,0,60,0,1
1,3,1,12,1,0,0,0,240,0,0
1,3,0,7,0,6,0,0,120,0,0
1,3,0,0,0,5,0,0,60,0,0
1,3,0,10,0,1,0,0,60,0,0
1,3,0,12,0,9,0,1,60,0,0
1,3,0,7,1,4,0,0,60,0,0
1,3,0,7,0,4,1,0,60,0,0
1,3,1,11,1,2,0,0,120,0,1
1,3,0,0,0,6,1,0,60,0,0
1,3,0,11,0,0,0,0,60,0,1
1,3,0,0,1,5,1,0,60,0,0
1,3,0,11,0,7,1,0,60,0,0
1,3,0,12,1,0,0,0,60,0,0
1,3,0,10,0,1,0,0,60,0,0
1,3,0,11,1,2,0,1,60,1,0
1,3,0,9,1,6,1,1,120,0,1
1,3,0,11,1,4,0,0,60,0,0
1,3,0,4,1,0,0,1,60,0,1
1,3,0,6,0,2,0,0,60,0,1
1,3,0,1,1,3,0,0,60,0,0
1,3,0,10,1,0,0,0,60,0,0
1,3,0,2,1,9,0,1,60,0,0
1,3,1,3,0,4,1,1,120,0,0
1,3,0,1,0,4,1,0,120,0,1
1,3,0,10,1,3,0,0,60,1,1
1,3,0,3,0,3,0,0,60,0,0
1,3,0,10,1,2,0,2,180,0,0
1,3,0,10,1,6,0,0,60,0,0
1,3,0,10,0,0,0,0,60,0,0
1,3,0,9,0,5,1,0,60,0,1
1,3,0,1,0,4,0,0,60,1,0
1,3,0,0,0,9,0,0,120,0,0
1,3,0,10,1,1,1,1,60,1,1
1,3,0,4,0,10,0,0,60,0,0
1,3,0,0,0,4,0,0,60,0,0
1,3,0,5,1,4,1,0,60,0,0
1,3,0,9,0,5,0,0,60,0,0
1,3,0,7,0,7,1,1,60,0,0
1,3,0,11,0,7,0,0,60,1,0
1,3,0,8,1,9,1,0,60,1,0
1,3,0,10,1,4,0,2,120,0,0
1,3,0,12,1,0,0,0,60,0,0
1,3,0,5,0,0,0,0,60,1,1
1,3,0,9,1,4,1,1,60,0,1
1,3,0,0,0,7,0,1,120,1,0
1,3,0,4,0,3,0,0,120,0,0
1,3,0,10,1,1,1,0,60,0,0
1,3,0,9,0,2,0,0,120,1,1
1,3,0,11,1,0,0,0,60,0,1
1,3,0,9,0,9,1,0,60,0,1
1,3,0,2,1,6,1,0,60,0,0
1,3,0,2,0,7,0,1,60,0,0
1,3,1,3,1,0,1,0,60,0,0
1,3,0,0,0,2,0,2,120,0,0
1,3,0,7,0,2,0,1,90,1,0
1,3,0,1,0,8,1,0,60,0,0
1,3,0,3,2,5,1,0,300,0,0
1,3,0,3,0,1,0,0,60,0,0
1,3,1,0,1,5,0,1,60,0,0
1,3,0,10,0,5,1,0,60,0,0
1,3,0,7,0,1,0,1,60,1,0
1,3,0,2,1,0,1,0,60,0,0
1,3,0,0,1,3,0,0,60,0,0
1,3,0,7,0,2,0,0,120,0,1
1,3,0,7,1,7,1,0,120,0,0
1,3,1,6,0,0,0,0,60,0,0
1,3,0,3,0,6,0,0,60,0,0
1,3,0,1,1,6,0,0,180,0,0
1,3,0,8,0,5,0,0,60,0,0
1,3,0,0,0,3,1,0,60,0,0
1,3,0,3,1,1,1,0,60,0,0
1,3,0,0,1,3,1,0,120,0,0
1,3,0,9,0,2,0,0,60,0,0
1,3,0,11,0,1,0,0,180,1,0
1,3,0,3,1,2,0,0,120,0,0
1,3,0,4,0,1,0,0,180,0,1
1,3,0,10,0,3,0,0,120,0,0
1,3,0,11,0,4,0,1,60,1,0
1,3,0,11,0,1,0,0,60,1,1
1,3,0,3,1,1,0,0,120,0,1
1,3,0,9,1,7,0,0,60,1,0
1,3,0,11,0,1,0,0,60,0,0
1,3,0,0,0,5,0,0,60,0,0
1,3,0,12,1,5,1,0,60,0,0
1,3,0,0,0,2,0,0,60,0,0
1,3,0,1,0,5,0,0,60,0,0
1,3,1,11,1,0,1,0,60,0,0
1,3,0,3,0,4,0,0,60,0,0
1,3,0,12,0,0,0,0,60,0,0
1,3,0,7,0,2,0,0,120,0,1
1,3,0,6,1,2,0,1,120,0,0
1,3,0,9,0,7,0,0,60,0,1
1,3,0,8,0,8,0,1,60,0,0
1,3,0,8,0,9,0,0,120,0,1
1,3,0,10,1,9,0,0,60,0,0
1,3,0,11,1,5,1,0,60,0,0
1,3,0,0,1,5,0,1,60,1,1
1,3,0,7,0,8,0,0,60,0,0
1,3,0,12,1,0,0,1,90,0,0
1,3,0,11,1,5,1,0,60,0,0
1,3,0,1,1,8,1,0,60,0,0
1,3,1,6,0,8,1,1,60,0,0
1,3,0,0,0,6,0,0,60,1,0
1,3,0,5,0,5,0,0,60,0,0
1,3,0,5,1,6,0,0,120,0,1
1,3,0,10,1,1,0,1,60,0,1
1,3,0,9,0,6,0,0,60,0,0
1,3,0,1,1,3,0,0,60,0,0
1,3,0,5,0,2,1,1,60,0,0
1,3,1,8,0,8,1,0,60,0,1
1,3,0,8,0,9,0,0,60,0,0
1,3,0,7,1,3,0,0,120,0,0
1,3,0,7,1,7,1,0,60,0,0
1,3,0,5,0,3,0,0,120,0,1
1,3,0,0,0,5,1,1,60,0,1
1,3,0,7,1,1,0,0,60,0,0
1,3,0,2,1,1,0,1,60,1,0
1,3,0,5,0,3,1,0,60,0,0
1,3,1,9,0,9,1,0,60,0,0
1,3,0,4,1,5,0,0,60,0,0
1,3,0,1,1,6,0,0,60,0,0
1,3,0,0,0,2,0,0,60,0,0
1,3,1,0,0,5,0,0,60,0,1
1,3,0,7,1,2,1,1,120,0,1
1,3,0,10,0,4,0,1,180,1,1
1,3,0,7,0,5,0,0,60,0,1
1,3,0,10,1,1,0,1,150,0,0
1,3,0,0,0,4,0,0,60,0,0
1,3,0,3,0,6,0,1,60,0,0
1,3,1,9,0,9,0,0,60,0,0
1,3,0,9,0,6,0,0,60,0,1
1,3,1,9,0,3,0,0,120,0,1
1,3,0,12,2,0,0,0,120,0,1
1,3,0,7,1,2,0,1,60,0,0
1,3,0,9,1,1,0,0,60,0,0
1,3,0,1,1,2,0,0,120,0,1
1,3,0,3,1,2,0,1,60,0,1
1,3,0,11,1,2,0,0,60,0,0
1,3,0,3,2,5,1,0,150,0,0
1,3,0,10,0,7,0,0,60,0,0
1,3,1,0,2,6,0,0,60,0,0
1,3,0,3,1,4,0,0,120,0,0
1,3,0,10,1,2,0,0,60,0,0
1,3,0,0,0,4,0,0,120,0,1
1,3,0,3,0,2,0,0,60,0,0
1,3,0,1,0,1,0,1,120,0,1
1,3,0,1,0,9,0,0,60,0,0
1,3,0,10,1,3,0,1,60,0,0
1,3,0,10,0,1,0,1,60,0,0
1,3,0,5,0,1,0,0,60,0,0
1,3,0,10,1,4,0,1,60,0,1
1,3,0,0,0,4,0,0,60,0,0
1,3,0,3,0,6,0,0,60,0,1
1,3,0,12,1,3,0,0,60,0,0
1,3,0,10,1,7,0,0,120,1,0
1,3,0,7,1,5,0,0,60,0,1
1,3,0,11,0,0,0,1,60,0,0
1,3,0,5,0,7,0,0,60,0,0
1,3,0,9,0,2,0,0,60,0,0
1,3,0,12,0,0,1,0,60,0,0
1,3,0,2,0,9,0,1,60,0,0
1,3,0,3,0,6,0,0,60,0,0
1,3,0,4,1,6,0,0,60,0,0
1,3,0,0,0,7,0,0,90,0,0
1,3,0,5,1,2,0,1,60,0,0
1,3,0,4,2,1,0,0,120,0,1
1,3,0,0,0,3,1,0,60,0,0
1,3,0,1,0,6,1,0,90,0,0
1,3,0,10,0,4,0,0,60,0,0
1,3,1,3,0,9,0,0,60,0,0
1,3,1,6,1,0,0,1,120,0,0
1,3,0,8,0,1,0,0,60,0,0
1,3,0,9,1,6,1,0,60,1,0
1,3,0,6,1,5,1,0,60,0,0
1,3,0,7,1,5,1,0,135,0,0
1,3,0,11,0,2,0,1,60,0,1
1,3,0,3,1,4,0,0,60,0,0
1,3,0,9,1,5,1,0,120,0,1
1,3,0,2,1,0,0,0,60,0,1
1,3,0,0,2,4,0,1,60,0,1
1,3,0,5,2,0,1,0,60,0,0
1,3,0,0,1,6,0,0,300,1,0
1,3,0,5,0,1,1,0,60,0,1
1,3,0,8,0,1,0,0,60,0,0
1,3,0,8,0,0,0,0,120,0,1
1,3,0,5,0,2,0,0,60,0,0
1,3,0,3,0,5,1,0,120,0,0
1,3,0,0,0,5,1,0,60,0,0
1,3,0,0,0,5,0,0,60,0,0
1,3,0,12,0,0,0,0,60,0,0
1,3,0,6,1,0,0,0,120,0,0
1,3,0,12,1,0,0,1,120,0,1
1,3,0,12,1,1,0,0,60,0,0
1,3,1,1,1,0,0,0,60,0,1
1,3,0,11,1,0,0,0,60,0,0
1,3,0,0,0,2,0,0,60,0,0
1,3,0,12,2,0,0,0,90,0,0
1,3,0,10,1,4,0,0,60,0,0
1,3,0,11,0,8,1,0,120,0,0
1,3,0,12,0,1,0,0,60,0,0
1,3,1,3,1,4,1,0,120,0,0
1,3,0,7,1,6,0,0,75,0,0
1,3,0,12,0,1,0,0,60,0,0
1,3,0,11,0,1,0,1,120,1,0
1,3,1,10,0,3,1,0,60,0,0
1,3,0,3,0,2,1,0,60,0,0
1,3,0,8,1,5,0,0,120,0,0
1,3,1,8,1,9,1,1,120,0,1
1,3,0,5,0,0,1,0,60,0,0
1,3,0,9,1,2,1,1,60,0,1
1,3,0,6,0,8,1,0,120,0,0
1,3,0,8,0,2,0,1,60,0,0
1,3,0,8,1,4,0,0,60,0,1
1,3,1,3,0,1,0,0,60,0,0
1,3,1,11,0,0,0,1,60,0,1
1,3,0,3,1,1,0,0,60,0,0
1,3,0,8,0,9,0,0,60,0,0
1,3,0,0,0,5,0,0,60,0,0
1,3,1,3,0,3,0,0,60,0,0
1,3,0,4,1,2,0,0,120,0,0
1,3,1,3,1,0,0,0,90,0,0
1,3,0,11,1,5,0,0,60,0,1
1,3,0,6,0,3,0,0,60,0,0
1,3,0,9,0,1,0,0,60,0,1
1,3,0,10,0,3,0,1,60,0,0
1,3,0,6,0,0,0,0,120,0,0
1,3,1,0,0,4,0,0,120,0,0
1,3,0,0,0,4,0,0,60,0,0
1,3,0,6,0,5,1,0,60,1,0
1,3,0,6,0,6,0,0,60,0,0
1,3,0,5,1,0,0,0,60,0,1
1,3,0,2,1,1,0,0,60,0,1
1,3,0,7,1,2,0,0,60,0,0
1,3,0,8,0,8,0,0,60,0,0
1,3,0,7,1,7,0,0,120,0,0
1,3,0,3,0,2,0,0,120,1,1
1,3,0,5,0,0,0,0,120,0,0
1,3,0,6,0,3,1,0,60,0,0
1,3,0,8,1,6,0,0,60,0,0
1,3,0,11,0,7,1,0,60,0,0
1,3,0,11,0,1,0,0,60,0,0
1,3,1,8,1,6,1,0,60,0,0
1,3,0,0,1,9,1,0,60,0,0
1,3,0,10,1,7,1,0,90,0,0
1,3,0,10,1,5,1,0,60,0,0
1,3,0,10,1,1,0,0,60,0,0
1,3,0,12,1,2,1,0,120,0,1
1,3,0,9,0,3,0,0,120,0,1
1,3,0,11,0,1,0,0,120,0,1
1,3,0,3,0,3,0,0,120,0,0
1,3,0,11,0,4,0,0,120,0,1
1,3,0,6,1,3,1,0,60,1,0
1,3,0,1,0,6,0,0,120,0,1
1,3,0,2,1,7,0,0,60,0,0
1,3,0,1,1,3,0,0,90,0,0
1,3,0,10,1,2,0,0,60,0,0
1,3,0,7,0,6,1,0,180,0,1
1,3,0,12,0,7,0,0,60,0,1
1,3,0,4,1,1,0,0,120,0,1
1,3,1,8,1,7,2,0,60,0,1
1,3,0,11,0,5,0,0,60,0,0
1,3,1,2,0,1,1,0,60,0,0
1,3,0,3,0,0,0,0,120,0,1
1,3,1,2,1,4,1,0,60,0,0
1,3,0,12,0,5,1,0,120,0,1
1,3,1,5,1,1,0,0,60,0,0
1,3,0,4,1,3,0,0,120,0,1
1,3,0,11,1,2,0,0,60,0,1
1,3,0,5,0,1,1,0,60,0,0
1,3,0,1,1,0,0,0,120,1,1
1,3,0,10,0,1,0,0,60,0,0
1,3,0,6,0,8,1,0,180,0,1
1,3,1,2,0,1,0,0,60,0,0
1,3,0,1,0,3,1,0,60,1,1
1,3,0,7,1,7,1,0,60,0,0
1,3,1,10,1,0,0,0,60,0,0
1,3,0,7,0,6,0,0,60,0,0
1,3,0,10,1,0,0,0,60,0,0
1,3,0,5,1,5,1,0,60,0,0
1,3,0,3,0,2,0,0,120,0,1
1,3,0,9,0,7,1,0,60,0,0
1,3,0,9,1,1,0,0,120,0,0
1,3,0,2,1,10,0,0,120,0,1
1,3,1,11,0,3,0,0,60,0,0
1,3,0,8,0,7,1,0,60,0,0
1,3,0,11,1,4,1,0,90,0,0
1,3,0,1,1,1,1,0,60,0,0
1,3,0,8,0,6,1,0,60,0,1
1,3,0,11,0,1,0,0,60,0,1
1,3,0,7,0,8,1,0,120,0,0
1,3,0,3,1,1,0,0,60,0,0
1,3,0,9,1,7,1,0,60,0,0
1,3,0,10,0,4,0,0,60,0,0
1,3,0,10,1,1,0,0,60,0,0
1,3,0,1,0,0,0,0,60,1,1
1,3,1,2,1,0,0,0,120,1,0
1,3,1,3,1,1,0,0,60,0,0
1,3,0,6,0,3,0,0,60,0,0
1,3,0,0,1,2,0,0,60,0,1
1,3,0,12,1,7,0,0,90,0,0
1,3,0,10,1,3,0,0,60,0,0
1,3,0,8,0,5,0,0,60,0,0
1,3,0,11,1,0,0,0,60,0,1
1,3,0,9,0,3,1,0,120,0,0
1,3,0,10,1,1,1,0,60,0,0
1,3,0,0,0,4,0,0,120,0,0
1,3,0,0,0,5,0,0,60,0,0
1,3,0,10,1,3,0,0,60,0,1
1,3,0,0,1,4,0,0,60,0,1
1,3,0,9,1,2,0,0,120,0,0
1,3,0,3,0,3,0,0,60,0,0
1,3,0,11,1,4,1,0,120,0,1
1,3,0,3,1,2,0,0,60,0,1
1,3,0,0,1,6,0,0,60,0,1
1,3,0,12,0,2,0,0,120,0,0
1,3,0,12,0,1,0,0,60,0,0
1,3,0,0,1,5,0,0,60,0,0
1,3,0,5,1,8,0,0,60,0,0
1,3,0,11,1,3,0,0,60,0,1
1,3,0,3,1,2,0,0,60,0,0
1,3,1,9,0,4,0,0,120,1,0
1,3,0,6,1,4,0,0,60,0,0
1,3,0,5,1,3,0,0,60,0,0
1,3,0,9,1,1,0,0,60,0,0
1,3,1,11,0,2,0,0,120,0,1
1,3,0,5,1,2,0,0,60,0,1
1,3,0,1,0,4,1,0,60,0,0
1,3,0,9,1,5,1,0,60,0,0
1,3,0,5,1,2,0,0,60,0,1
1,3,0,11,1,2,0,0,60,0,1
1,3,0,8,0,1,0,0,120,0,0
1,3,0,7,1,2,0,0,60,0,0
1,3,0,3,1,2,1,0,60,0,0
1,3,0,12,0,1,0,0,120,0,0
1,3,0,9,0,5,0,0,60,0,0
1,3,0,11,0,9,0,0,60,0,1
1,3,0,4,1,4,0,0,60,0,1
1,3,0,4,1,2,1,0,60,0,0
1,3,0,6,0,5,1,0,60,0,0
1,3,1,4,1,0,0,0,120,0,1
1,3,0,11,0,1,0,0,60,0,0
1,3,0,9,0,5,0,0,60,0,1
1,3,0,8,0,7,0,0,120,0,0
1,3,0,3,1,1,1,0,60,0,1
1,3,0,5,0,2,0,0,60,0,0
1,3,0,2,1,1,0,0,60,0,0
1,3,0,8,0,7,0,0,60,0,1
1,3,0,11,0,2,0,0,60,0,0
1,3,1,2,0,0,0,0,60,0,0
1,3,0,8,0,9,0,0,60,1,0
1,3,0,0,0,6,1,0,120,0,0
1,3,0,9,1,8,0,0,60,0,1
1,3,1,0,1,2,0,0,60,0,0
1,3,1,11,1,8,0,0,60,0,1
1,3,1,3,1,3,1,0,60,0,0
1,3,0,4,1,1,0,0,60,0,1
1,3,0,11,1,2,0,0,60,0,0
1,3,0,9,1,4,0,0,120,0,1
1,3,0,9,0,9,0,0,60,0,0
1,3,0,0,0,4,1,0,60,0,0
1,3,0,1,0,4,1,0,60,0,0
1,3,0,10,0,5,0,0,60,0,0
1,3,0,2,0,5,0,0,60,0,0
1,3,1,9,1,1,0,0,60,0,1
1,3,1,3,0,1,0,0,60,0,1
1,3,0,7,1,9,1,0,60,0,0
1,3,0,7,1,6,1,0,60,0,0
1,3,0,7,1,8,0,0,120,0,1
1,3,0,2,0,6,0,0,60,0,0
1,3,0,9,1,4,0,0,60,0,1
1,3,1,9,1,1,1,0,120,0,1
1,3,0,0,1,8,0,0,120,0,1
1,3,0,3,0,1,0,0,60,0,0
1,3,0,1,1,0,0,0,60,0,1
1,3,0,11,1,5,0,0,120,0,1
1,3,0,12,1,5,0,0,60,0,0
1,3,0,10,0,9,0,0,120,0,0
1,3,0,7,1,8,0,0,60,0,1
1,3,0,9,1,7,0,0,60,0,1
1,3,0,3,0,2,0,0,120,0,0
1,3,0,0,1,4,0,0,120,0,0
1,3,0,1,1,5,0,0,60,0,0
1,3,1,8,0,9,1,0,60,0,1
1,3,0,6,0,1,0,0,120,0,1
1,3,0,3,1,2,0,0,60,0,0
1,3,0,11,0,0,0,0,60,0,0
1,3,0,9,0,4,1,0,60,0,0
1,3,0,12,1,4,0,0,60,0,0
1,3,1,11,0,4,0,0,60,1,1
1,3,0,3,0,1,0,0,60,0,1
1,3,0,3,0,2,1,0,60,0,1
1,3,0,0,1,3,0,0,120,0,1
1,3,0,0,1,5,0,0,60,0,0
1,3,0,0,1,8,0,0,60,0,0
1,3,0,11,1,2,1,0,60,0,0
1,3,0,8,2,9,0,0,150,0,1
1,3,0,12,1,0,0,0,60,0,0
1,3,0,4,1,2,1,0,120,0,1
1,3,0,6,1,3,0,0,60,0,0
1,3,0,4,0,8,1,0,60,0,0
1,3,0,0,0,6,1,0,60,0,0
1,3,0,0,1,8,0,0,60,0,0
1,3,1,4,1,8,0,0,60,0,0
1,3,0,10,1,8,1,0,180,0,1
1,3,0,4,1,2,0,0,60,0,0
1,3,0,0,0,5,0,0,60,0,0
1,3,0,5,0,1,0,0,120,0,1
1,3,0,8,0,2,0,0,120,0,0
1,3,0,5,0,0,1,0,120,0,1
1,3,0,5,1,0,1,0,60,0,1
1,3,0,11,0,6,1,0,60,0,1
1,3,0,6,0,0,0,0,60,1,0
1,3,0,8,0,4,0,0,120,0,1
1,3,0,5,1,5,0,0,60,0,0
1,3,1,9,0,4,0,0,60,0,0
1,3,0,0,0,7,0,0,120,0,1
1,3,0,1,1,8,0,0,120,0,0
1,3,0,6,0,8,0,0,60,0,0
1,3,0,8,0,4,0,0,120,0,0
1,3,0,0,1,7,0,0,180,0,1
1,3,0,10,1,5,0,0,120,0,0
1,3,0,4,1,8,0,0,60,0,1
1,3,0,1,2,2,0,0,60,0,0
1,3,0,3,0,2,0,0,60,0,1
1,3,0,0,1,8,0,0,60,0,0
1,3,0,3,1,0,0,0,120,0,1
1,3,0,2,0,5,0,0,60,0,0
1,3,0,11,1,5,1,0,60,0,0
1,3,1,2,1,9,1,0,120,0,1
1,3,0,12,0,1,0,0,120,0,0
1,3,0,11,0,5,0,0,60,0,0
1,3,0,12,0,7,1,0,60,0,0
1,3,0,12,1,2,1,0,60,0,0
1,3,0,1,1,7,0,0,120,0,1
1,3,0,8,1,4,1,0,60,0,0
1,3,0,8,0,6,0,0,60,0,0
1,3,0,0,1,5,1,0,60,0,1
1,3,0,11,1,6,0,0,60,0,1
1,3,0,8,1,5,0,0,60,0,0
1,3,0,1,1,7,1,0,60,1,1
1,3,0,12,0,6,1,0,180,0,1
1,3,0,0,0,6,0,0,60,0,0
1,3,0,8,0,5,0,0,60,0,1
1,3,0,0,1,5,0,0,60,0,0
1,3,0,6,1,3,0,0,120,0,0
1,3,0,0,1,8,0,0,60,0,0
1,3,0,9,1,5,0,0,60,0,1
1,3,0,7,1,6,1,0,60,0,0
1,3,0,3,1,0,0,0,60,0,1
1,3,0,6,1,6,0,0,60,0,0
1,3,0,7,1,4,0,0,120,0,1
1,3,0,11,1,3,0,0,150,0,0
1,3,0,6,0,4,0,0,60,0,0
1,3,0,3,1,1,0,0,60,0,0
1,3,0,8,0,4,0,0,60,0,0
1,3,0,12,0,6,0,0,60,0,1
1,3,0,5,1,8,0,0,60,0,0
1,3,0,6,0,1,0,0,120,0,1
1,3,0,0,1,1,0,0,60,0,0
1,3,0,0,0,8,0,0,120,0,1
1,3,0,5,0,0,1,0,60,0,0
1,3,0,0,1,4,0,0,60,0,1
1,3,0,0,0,4,0,0,60,0,0
1,3,0,11,1,1,0,0,60,0,1
1,3,0,7,0,8,1,0,60,0,0
1,3,0,12,1,5,0,0,120,0,0
1,3,0,10,0,1,0,0,60,0,1
1,3,0,8,0,2,1,0,120,0,1
1,3,1,7,1,7,0,0,60,0,0
1,3,0,6,0,2,0,0,120,0,0
1,3,0,10,1,2,0,0,60,0,1
1,3,0,3,1,2,0,0,120,0,0
1,3,0,6,1,0,0,0,60,0,0
1,3,0,2,1,5,0,0,60,0,0
1,3,0,11,2,1,0,0,60,0,0
1,3,0,8,1,4,0,0,60,0,1
1,3,0,0,1,7,0,0,180,0,1
1,3,0,0,0,5,0,0,60,0,0
1,3,0,8,1,5,1,0,60,0,0
1,3,0,9,1,2,0,0,60,0,0
1,3,0,11,0,5,0,0,60,0,1
1,3,0,7,1,6,0,0,60,0,1
1,3,0,9,0,0,0,0,60,0,0
1,3,0,11,1,0,1,0,120,0,1
1,3,0,3,0,8,0,0,60,0,0
1,3,0,0,1,3,0,0,120,0,1
1,3,0,9,1,6,0,0,60,0,0
1,3,0,5,0,0,0,0,60,0,0
1,3,0,8,0,2,0,0,120,0,1
1,3,0,6,0,3,0,0,60,0,0
1,3,0,6,0,2,1,0,60,0,0
1,3,0,12,0,2,0,0,60,0,0
1,3,0,10,1,2,1,0,60,0,0
1,3,0,12,0,3,0,0,60,0,0
1,3,0,3,1,3,0,0,60,0,0
1,3,0,12,0,6,0,0,120,0,0
1,3,0,12,1,2,0,0,120,0,0
1,3,0,1,1,3,0,0,120,0,1
1,3,1,10,1,1,1,0,60,0,0
1,3,0,11,1,0,0,0,120,0,1
1,3,0,3,1,4,0,0,60,0,1
1,3,0,3,1,2,0,0,60,0,0
1,3,0,3,1,2,1,0,120,0,0
1,3,0,2,0,1,0,0,120,0,0
1,3,1,10,1,4,0,0,120,0,0
1,3,1,11,1,1,0,0,60,0,0
1,3,0,5,1,3,0,0,120,0,1
1,3,0,5,0,1,0,0,60,0,1
1,3,1,12,0,6,0,0,120,0,1
1,3,0,9,0,1,0,0,60,0,0
1,3,0,6,1,2,1,0,60,0,0
1,3,0,5,0,3,0,0,120,1,0
1,3,0,0,1,3,0,0,60,0,0
1,3,0,7,0,8,1,0,120,0,1
1,3,0,5,0,1,0,0,60,0,0
1,3,0,11,0,5,0,0,120,0,0
1,3,0,5,2,0,1,0,120,0,1
1,3,0,5,1,3,0,0,120,0,1
1,3,0,10,1,7,1,0,60,0,0
1,3,0,10,1,0,0,0,60,0,0
1,3,0,12,1,0,1,0,60,0,0
1,3,0,1,1,0,1,0,60,0,1
1,3,0,0,2,2,0,0,60,0,0
1,3,1,0,1,3,0,0,120,0,0
1,3,0,12,1,3,0,0,120,0,0
1,3,0,9,0,6,0,0,60,0,0
1,3,1,7,0,2,0,0,60,0,0
1,3,0,5,1,0,0,0,120,0,1
1,3,0,12,1,8,1,0,60,0,1
1,3,0,5,0,2,0,0,60,0,0
1,3,0,9,1,7,0,0,60,0,0
1,3,0,12,1,1,0,0,60,0,1
1,3,0,12,0,2,0,0,60,0,0
1,3,0,1,0,1,1,0,60,0,0
1,3,0,11,1,4,0,0,60,0,1
1,3,0,12,0,4,1,0,60,0,0
1,3,0,9,0,0,0,0,120,0,1
1,3,0,1,0,5,0,0,60,0,1
1,3,0,5,1,9,0,0,60,0,0
1,3,0,2,0,9,0,0,120,0,1
1,3,0,0,2,6,0,0,180,0,1
1,3,0,8,1,7,0,0,60,0,1
1,3,0,7,0,7,0,0,60,0,0
1,3,0,5,1,0,0,0,60,0,0
1,3,1,8,0,4,0,0,90,1,0
1,3,0,0,0,3,0,0,60,1,1
1,3,0,12,1,0,0,0,240,0,1
1,3,0,10,0,0,1,0,60,0,0
1,3,0,3,1,0,0,0,60,1,0
1,3,0,0,2,3,0,0,120,0,1
1,3,0,9,1,3,0,0,90,0,0
1,3,0,6,1,4,0,0,60,1,0
1,3,0,12,0,0,0,0,120,0,0
1,3,0,0,0,9,1,0,60,1,0
1,3,0,11,1,2,0,0,60,0,1
1,3,0,7,1,0,0,0,60,0,0
1,3,0,3,1,2,1,0,60,0,1
1,3,0,3,1,0,0,0,60,0,0
1,3,0,0,1,8,0,0,240,0,0
1,3,0,7,1,3,0,0,60,0,1
1,3,1,9,0,2,0,0,120,0,0
1,3,0,10,1,2,1,0,60,1,1
1,3,0,4,0,3,0,0,120,0,1
1,3,0,4,0,0,1,0,120,0,1
1,3,0,12,1,3,0,0,60,0,0
1,3,0,11,0,3,0,0,120,0,1
1,3,0,9,1,1,0,0,180,0,1
1,3,0,4,0,7,0,0,60,0,0
1,3,1,1,1,6,1,0,60,0,1
1,3,0,3,0,0,0,0,120,0,0
1,3,0,8,1,1,0,0,60,0,0
1,3,0,1,1,1,0,0,60,0,1
1,3,0,10,0,7,0,0,60,0,0
1,3,0,9,1,10,0,0,60,0,0
1,3,0,6,0,5,0,0,60,0,0
1,3,0,5,0,2,1,0,60,0,0
1,3,0,12,0,6,0,0,120,0,0
1,3,0,1,0,2,1,0,150,0,1
1,3,0,3,0,2,0,0,120,0,0
1,3,1,8,1,7,0,0,120,0,1
1,3,0,10,0,4,0,0,120,0,0
1,3,0,12,0,5,0,0,180,0,0
1,3,0,1,0,7,1,0,60,0,1
1,3,0,0,1,8,0,0,120,0,0
1,3,0,9,1,1,1,0,60,0,1
1,3,0,5,1,2,0,0,120,0,1
1,3,0,7,0,7,0,0,60,0,1
1,3,0,1,0,5,0,0,60,0,1
1,3,0,2,1,1,0,0,60,0,0
1,3,1,11,1,1,0,0,60,1,0
1,3,0,1,2,0,0,0,60,0,1
1,3,0,1,1,5,0,0,120,0,0
1,3,0,3,2,2,0,0,120,0,1
1,3,1,7,0,6,0,0,60,0,1
1,3,0,3,0,4,0,0,120,1,1
1,3,0,11,1,9,0,0,120,0,0
1,3,0,11,1,7,1,0,120,0,1
1,3,0,1,1,4,0,0,60,0,1
1,3,0,0,1,7,1,0,180,0,1
1,3,0,1,1,5,0,0,120,0,0
1,3,0,0,1,5,1,0,60,0,0
1,3,0,0,0,9,1,0,60,0,1
1,3,0,3,0,2,0,0,60,0,1
1,3,0,1,0,2,0,0,120,0,1
1,3,0,4,0,3,0,0,90,0,0
1,3,1,3,0,9,0,0,120,0,0
1,3,0,12,0,0,1,0,60,0,0
1,3,0,1,1,0,0,0,120,0,1
1,3,0,11,1,6,0,0,60,0,1
1,3,0,2,1,2,0,0,60,0,0
1,3,0,10,1,2,0,0,60,0,0
1,3,0,2,0,1,1,0,60,0,0
1,3,0,10,1,5,0,0,60,0,0
1,3,0,2,1,5,1,0,60,0,0
1,3,0,2,1,6,1,0,60,0,0
1,3,1,1,1,5,0,0,60,0,0
1,3,1,7,0,3,0,0,60,0,0
1,3,0,12,0,2,1,0,60,0,0
1,3,0,10,0,0,0,0,60,0,1
1,3,0,8,1,3,1,0,60,1,1
1,3,0,1,1,1,1,0,60,0,0
1,3,0,0,1,3,0,0,180,0,1
1,3,0,2,1,3,1,0,60,0,1
1,3,0,7,0,5,0,0,120,0,1
1,3,0,2,1,4,1,0,60,0,0
1,3,1,2,0,2,0,0,60,0,0
1,3,1,2,1,0,0,0,60,0,0
1,3,0,2,1,7,1,0,120,0,0
1,3,0,2,1,7,0,0,60,0,0
1,3,1,2,1,0,1,0,60,0,0
1,3,0,2,0,5,0,0,60,0,1
1,3,0,2,1,2,1,0,60,0,0
1,3,0,2,1,4,0,0,60,0,0
1,3,0,8,1,2,0,0,60,0,0
1,3,0,0,0,4,1,0,120,0,0
1,3,0,2,0,1,1,0,60,0,0
1,3,0,5,1,4,0,0,120,0,1
1,3,0,2,1,4,0,0,60,0,0
1,3,0,11,0,1,0,0,60,0,0
1,3,0,0,1,3,1,0,60,0,0
1,3,0,10,0,8,1,0,60,0,0
1,3,0,3,0,1,0,0,60,0,0
1,3,0,0,0,7,0,0,120,0,1
1,3,0,2,1,4,0,0,60,0,1
1,3,1,2,0,4,0,0,60,0,0
1,3,0,11,0,6,0,0,60,0,1
1,3,0,2,0,4,1,0,60,0,0
1,3,0,2,0,0,0,0,60,0,0
1,3,0,7,0,1,0,0,60,0,0
1,3,1,11,0,1,0,0,60,0,0
1,3,0,6,1,5,0,0,60,0,1
1,3,0,7,1,6,1,0,60,0,0
1,3,0,3,0,1,0,0,180,0,0
1,3,0,12,1,0,0,0,180,0,1
1,3,0,10,0,2,0,0,60,0,0
1,3,0,2,1,0,1,0,60,0,0
1,3,0,2,1,6,1,0,60,0,0
1,3,0,3,0,1,0,0,60,0,0
1,3,0,0,0,9,0,0,120,0,0
1,3,1,3,1,7,1,0,60,0,0
1,3,0,8,1,5,1,0,60,0,0
1,3,0,8,0,3,0,0,120,1,0
1,3,0,12,1,2,0,0,60,0,0
1,3,0,12,0,3,0,0,60,0,0
1,3,0,11,0,6,0,0,60,0,1
1,3,0,12,1,1,1,0,120,0,1
1,3,0,4,0,8,0,0,60,0,0
1,3,0,12,1,0,0,0,60,0,1
1,3,0,3,1,0,0,0,60,0,1
1,3,0,8,0,3,0,0,60,0,0
1,3,0,6,0,1,0,0,60,0,0
1,3,0,5,0,3,0,0,60,1,1
1,3,0,7,1,5,0,0,60,0,1
1,3,0,2,1,0,1,0,60,0,1
1,3,0,5,0,6,1,0,60,0,0
1,3,0,10,1,9,1,0,60,0,0
1,3,0,12,0,7,0,0,60,0,0
1,3,1,11,1,2,0,0,120,0,1
1,3,0,11,0,0,0,0,120,0,1
1,3,0,8,0,8,0,0,60,0,1
1,3,0,6,1,1,0,0,60,0,0
1,3,0,4,1,3,1,0,60,0,0
1,3,0,9,0,5,1,0,60,0,0
1,3,0,12,2,0,0,0,60,0,0
1,3,0,3,1,0,0,0,60,0,0
1,3,0,6,1,0,0,0,60,1,0
1,3,0,1,1,1,1,0,90,0,1
1,3,1,1,1,0,1,0,60,0,1
1,3,0,3,1,3,0,0,240,0,1
1,3,0,6,1,2,1,0,60,0,0
1,3,1,3,1,1,0,0,120,1,1
1,3,0,10,0,8,0,0,60,0,1
1,3,0,6,1,0,0,0,60,0,0
1,3,0,6,0,9,0,0,60,0,0
1,3,0,6,1,0,1,0,120,0,0
1,3,0,7,1,2,1,0,60,0,0
1,3,0,3,1,0,0,0,120,0,1
1,3,0,11,0,0,1,0,60,0,1
1,3,0,4,0,8,0,0,60,0,1
1,3,0,1,1,4,0,0,60,0,0
1,3,0,11,1,1,1,0,120,0,1
1,3,0,0,0,8,0,0,60,0,1
1,3,0,11,1,0,0,0,60,0,0
1,3,0,9,0,7,0,0,120,0,0
1,3,0,1,1,6,0,0,60,0,1
1,3,0,5,1,0,0,0,60,0,0
1,3,0,5,0,1,0,0,60,0,0
1,3,0,0,0,7,0,0,120,0,0
1,3,0,9,1,4,1,0,120,0,1
1,3,0,6,1,6,0,0,120,0,0
1,3,0,3,1,4,0,0,60,0,0
1,3,0,10,0,9,0,0,180,0,1
1,3,0,9,1,6,0,0,90,0,1
1,3,0,7,1,9,1,0,60,0,0
1,3,0,11,1,5,0,0,90,0,0
1,3,0,11,1,1,0,0,120,0,0
1,3,0,8,0,4,0,0,60,0,0
1,3,0,7,1,6,1,0,60,0,0
1,3,0,9,0,7,0,0,120,0,0
1,3,0,10,1,0,1,0,60,0,0
1,3,1,10,1,5,0,0,60,0,0
1,3,0,6,1,0,0,0,60,0,0
1,3,0,11,0,1,0,0,60,0,1
1,3,0,3,1,0,1,0,60,0,0
1,3,0,9,1,8,0,0,60,0,1
1,3,0,3,1,1,0,0,60,0,0
1,3,0,11,0,3,0,0,60,0,1
1,3,0,6,1,3,0,0,120,0,0
1,3,1,11,0,9,1,0,120,0,0
1,3,0,0,0,8,0,0,60,1,1
1,3,0,1,0,5,0,0,120,1,1
1,3,0,4,1,3,0,0,60,0,1
1,3,0,6,0,0,1,0,120,0,0
1,3,0,10,0,5,0,0,120,0,0
1,3,0,6,1,6,0,0,60,0,0
1,3,0,11,1,0,0,0,180,0,1
1,3,0,3,0,5,0,0,120,0,1
1,3,0,3,0,2,0,0,120,0,0
1,3,0,8,0,10,0,0,60,0,0
1,3,0,0,1,3,1,0,60,0,1
1,3,0,0,0,4,0,0,60,1,0
1,3,0,6,0,1,0,0,60,0,0
1,3,0,3,0,3,0,0,60,1,0
1,3,0,1,1,4,0,0,60,0,1
1,3,0,1,1,0,0,0,60,0,0
1,3,0,9,1,3,0,0,150,0,1
1,3,0,7,1,5,0,0,60,0,0
1,3,0,0,0,8,0,0,60,0,0
1,3,0,1,1,2,0,0,60,0,1
1,3,0,10,0,2,0,0,120,0,0
1,3,0,1,1,0,0,0,120,0,0
1,3,0,11,0,1,0,0,60,0,0
1,3,0,12,1,2,1,0,120,0,1
1,3,0,8,0,9,0,0,60,0,1
1,3,0,0,0,6,0,0,60,0,0
1,3,0,5,1,0,0,0,60,0,1
1,3,0,3,1,1,1,0,60,1,0
1,3,0,6,0,4,1,0,120,0,1
1,3,0,9,0,2,0,0,60,1,1
1,3,0,3,0,5,0,0,60,1,0
1,3,0,5,0,2,0,0,60,0,1
1,3,0,10,1,5,0,0,120,0,0
1,3,0,12,0,3,0,0,120,0,0
1,3,0,11,1,7,0,0,60,0,1
1,3,0,1,0,9,0,0,60,0,1
1,3,0,0,1,3,0,0,60,0,0
1,3,1,6,1,6,0,0,60,0,1
1,3,0,12,0,3,1,0,60,0,1
1,3,0,2,1,4,1,0,60,0,0
1,3,0,4,0,1,0,0,120,0,1
1,3,0,4,1,2,0,0,60,0,1
1,3,0,10,1,0,1,0,90,1,0
1,3,0,8,1,4,0,0,60,0,0
1,3,0,8,0,9,1,0,60,0,0
1,3,0,6,0,4,0,0,120,0,0
1,3,0,7,1,4,0,0,60,1,1
1,3,0,10,1,5,0,0,60,0,0
1,3,0,1,1,4,0,0,120,0,1
1,3,0,12,0,0,1,0,120,0,1
1,3,0,5,0,7,0,0,60,0,0
1,3,0,8,1,5,0,0,60,0,0
1,3,1,0,0,4,0,0,60,0,0
1,3,0,8,1,8,0,0,60,0,1
1,3,0,12,0,3,1,0,60,0,0
1,3,0,9,0,6,1,0,60,0,0
1,3,1,9,0,6,0,0,60,0,0
1,3,1,7,1,8,0,0,60,0,0
1,3,0,4,1,1,0,0,60,0,0
1,3,0,7,1,1,0,0,60,0,0
1,3,0,2,1,8,1,0,60,0,0
1,3,0,7,1,2,0,0,60,0,1
1,3,0,11,0,0,0,0,60,0,1
1,3,0,0,0,2,0,0,60,0,0
1,3,0,1,1,1,0,0,240,0,1
1,3,0,5,1,0,1,0,60,0,1
1,3,0,5,1,0,0,0,60,0,0
1,3,0,0,1,5,0,0,60,0,1
1,3,0,11,1,9,0,0,60,0,1
1,3,0,1,1,6,0,0,60,0,1
1,3,1,3,1,1,1,0,120,0,0
1,3,0,10,0,0,1,0,120,0,0
1,3,0,9,1,3,1,0,60,0,0
1,3,0,12,0,0,0,0,60,0,1
1,3,0,2,0,9,0,0,60,0,0
1,3,0,5,1,0,0,0,60,0,0
1,3,1,12,1,1,1,0,60,0,1
1,3,0,12,1,2,0,0,60,0,0
1,3,0,1,1,2,0,0,120,0,1
1,3,0,10,0,5,0,0,60,0,0
1,3,0,8,0,8,0,0,60,0,0
1,3,0,0,0,3,0,0,60,0,0
1,3,0,12,0,8,0,0,60,0,0
1,3,0,9,1,5,0,0,60,1,0
1,3,0,4,1,0,0,0,60,0,1
1,3,0,10,1,6,0,0,120,0,0
1,3,0,8,0,9,1,0,60,0,0
1,3,0,11,1,1,1,0,60,0,0
1,3,0,3,1,2,0,0,60,0,1
1,3,1,7,0,5,0,0,60,0,1
1,3,0,1,0,0,0,0,60,0,0
1,3,0,5,1,1,0,0,180,0,1
1,3,0,4,0,5,0,0,60,0,0
1,3,0,0,0,8,1,0,60,0,0
1,3,0,12,1,0,0,0,60,0,1
1,3,0,11,1,1,0,0,60,1,0
1,3,1,11,1,2,0,0,60,0,1
1,3,1,11,0,6,0,0,60,0,0
1,3,0,0,0,6,0,0,60,0,0
1,3,0,0,1,7,0,0,60,0,1
1,3,0,7,1,6,0,0,120,0,1
1,3,0,5,1,2,1,0,120,0,1
1,3,0,9,1,7,0,0,60,0,0
1,3,0,11,0,6,0,0,60,0,1
1,3,0,0,0,1,0,0,60,0,0
1,3,0,3,1,1,0,0,60,0,0
1,3,0,6,1,9,1,0,60,0,0
1,3,0,6,1,6,1,0,60,0,0
1,3,0,6,1,2,1,0,60,0,0
1,3,0,10,0,2,0,0,240,0,1
1,3,0,10,1,7,0,0,120,0,1
1,3,0,11,1,0,0,0,60,0,1
1,3,1,10,0,5,0,0,60,0,0
1,3,0,12,1,7,0,0,60,0,0
1,3,0,6,1,2,0,0,60,0,0
1,3,0,12,0,3,0,0,60,0,0
1,3,0,0,0,3,0,0,60,0,0
1,3,0,0,0,4,0,0,60,0,1
1,3,0,1,0,3,1,0,120,1,1
1,3,1,9,1,5,1,0,60,0,0
1,3,0,6,0,7,1,0,60,0,0
1,3,1,6,1,5,0,0,60,0,1
1,3,1,10,1,4,1,0,120,0,1
1,3,0,8,1,9,0,0,120,0,1
1,3,0,3,0,2,0,0,120,0,0
1,3,0,7,1,8,0,0,60,0,0
1,3,0,1,1,3,0,0,60,0,0
1,3,1,11,1,1,0,0,120,0,1
1,3,0,5,1,1,0,0,120,0,1
1,3,0,1,1,5,0,0,180,0,1
1,3,0,1,0,7,0,0,60,0,0
1,3,0,9,0,1,0,0,60,0,1
1,3,0,3,2,1,0,0,240,0,1
1,3,1,5,1,0,1,0,60,1,0
1,3,0,3,1,7,1,0,120,0,0
1,3,0,8,0,3,0,0,60,0,0
1,3,0,6,0,5,0,0,240,0,1
1,3,0,8,0,7,0,0,120,0,0
1,3,0,5,1,1,0,0,60,0,1
1,3,1,3,1,6,1,0,60,0,1
1,3,0,3,2,0,0,0,60,0,1
1,3,0,10,1,4,0,0,60,0,0
1,3,0,12,0,6,0,0,120,0,1
1,3,0,5,1,0,0,0,120,0,1
1,3,0,12,0,4,0,0,60,0,0
1,3,0,8,0,8,0,0,60,0,0
1,3,0,8,1,7,1,0,60,0,0
1,3,0,6,1,3,0,0,60,0,0
1,3,0,0,1,0,0,0,60,0,0
1,3,0,1,0,1,0,0,120,0,1
1,3,0,10,1,2,0,0,60,0,0
1,3,0,1,1,5,0,0,60,0,1
1,3,0,3,1,0,1,0,120,0,1
1,3,0,5,1,5,0,0,60,0,0
1,3,0,6,0,5,0,0,60,0,0
1,3,1,10,0,2,0,0,240,0,1
1,3,0,0,0,7,1,0,60,1,0
1,3,0,7,0,8,0,0,120,0,1
1,3,0,7,1,2,0,0,60,0,0
1,3,0,12,0,1,1,0,60,0,0
1,3,0,9,1,6,0,0,60,0,0
1,3,0,6,0,5,0,0,60,0,0
1,3,0,5,1,0,0,0,60,0,0
1,3,0,12,0,7,1,0,60,0,0
1,3,1,11,0,0,0,0,60,1,0
1,3,0,12,0,4,0,0,60,0,0
1,3,1,2,0,3,0,0,60,0,1
1,3,0,9,1,3,0,0,60,0,0
1,3,0,11,1,2,0,0,120,0,1
1,3,0,9,0,8,0,0,120,0,1
1,3,0,1,0,5,0,0,120,0,0
1,3,0,10,1,4,0,0,120,0,1
1,3,0,10,1,3,0,0,60,0,0
1,3,0,7,1,3,1,0,60,1,0
1,3,0,6,1,0,0,0,60,1,0
1,3,0,0,1,8,1,0,60,0,1
1,3,0,3,1,2,0,0,60,0,1
1,3,0,7,1,6,0,0,60,1,0
1,3,0,3,1,1,1,0,60,0,0
1,3,0,3,0,5,0,0,60,0,1
1,3,0,8,0,5,0,0,60,0,1
1,3,0,8,1,6,1,0,60,0,0
1,3,1,1,1,1,0,0,120,0,0
1,3,0,5,0,3,0,0,60,0,0
1,3,0,6,0,0,1,0,60,0,0
1,3,0,2,1,1,0,0,90,0,0
1,3,0,2,1,1,0,0,60,0,0
1,3,0,1,0,3,0,0,60,0,0
1,3,0,9,0,1,1,0,60,0,0
1,3,0,0,0,2,0,0,60,0,0
1,3,0,2,0,6,0,0,60,0,0
1,3,0,5,1,0,0,0,120,0,1
1,3,0,8,1,9,1,0,60,0,0
1,3,0,11,1,1,0,0,60,0,1
1,3,0,1,2,2,0,0,60,0,0
1,3,0,12,1,0,0,0,60,0,1
1,3,0,10,1,3,0,0,60,0,0
1,3,0,8,0,9,1,0,60,0,0
1,3,1,0,0,0,1,0,60,0,0
1,3,0,0,1,6,0,0,60,0,0
1,3,0,0,0,3,1,0,120,0,0
1,3,0,5,1,1,0,0,60,0,1
1,3,1,6,1,7,0,0,60,0,0
1,3,0,6,1,6,0,0,120,0,0
1,3,0,1,0,9,0,0,60,0,0
1,3,0,12,1,0,0,0,60,0,0
1,3,0,6,1,1,1,0,60,0,1
1,3,0,12,0,6,1,0,60,0,0
1,3,0,7,0,1,1,0,60,0,1
1,3,0,8,1,7,0,0,60,0,1
1,3,0,0,0,9,0,0,60,0,0
1,3,1,3,1,4,0,0,60,0,0
1,3,0,1,0,7,1,0,120,0,0
1,3,0,9,1,4,0,0,60,0,1
1,3,0,9,1,2,0,0,60,0,0
1,3,1,1,1,2,0,0,60,0,1
1,3,0,6,1,3,0,0,60,0,0
1,3,0,7,1,3,0,0,60,0,0
1,3,0,11,1,4,1,0,60,0,1
1,3,0,12,1,0,0,0,120,0,1
1,3,0,10,0,5,0,0,120,0,0
1,3,0,7,0,5,0,0,60,0,1
1,3,0,11,1,0,1,0,60,0,0
1,3,1,0,0,6,0,0,60,0,0
1,3,0,0,0,7,0,0,60,1,0
1,3,0,6,1,4,1,0,60,0,0
1,3,0,6,1,4,0,0,120,0,0
1,3,0,1,1,5,0,0,60,0,0
1,3,0,11,1,0,0,0,60,0,0
1,3,0,8,1,4,0,0,60,0,1
1,3,0,6,0,3,0,0,60,0,0
1,3,0,10,1,7,0,0,60,1,0
1,3,0,8,0,8,0,0,60,0,0
1,3,0,8,1,2,0,0,60,0,1
1,3,0,6,0,4,0,0,60,0,0
1,3,0,5,1,1,0,0,60,0,0
1,3,0,6,0,2,1,0,60,0,0
1,3,0,10,1,0,0,0,60,0,1
1,3,1,1,0,7,1,0,120,0,1
1,3,0,10,1,1,0,0,60,0,0
1,3,0,11,1,3,0,0,60,0,1
1,3,0,1,0,3,1,0,60,0,0
1,3,0,1,0,5,1,0,60,0,0
1,3,0,10,0,3,1,0,60,0,0
1,3,0,1,1,0,1,0,60,0,0
1,3,0,11,1,3,0,0,60,0,1
1,3,0,10,0,3,0,0,60,0,0
1,3,0,9,1,3,1,0,120,0,0
1,3,0,3,1,1,0,0,60,0,1
1,3,0,6,1,1,0,0,120,0,0
1,3,0,6,0,7,1,0,60,0,1
1,3,0,1,0,1,0,0,60,0,1
1,3,0,9,1,3,0,0,60,0,1
1,3,0,1,0,6,0,0,120,0,1
1,3,0,7,0,6,0,0,60,0,0
1,3,0,3,0,0,0,0,60,0,1
1,3,0,6,1,0,0,0,60,1,0
1,3,0,5,0,2,0,0,60,0,0
1,3,0,6,0,0,0,0,60,1,1
1,3,0,11,0,8,0,0,150,0,0
1,3,1,9,1,5,0,0,120,0,1
1,3,0,0,1,3,1,0,60,0,0
1,3,0,10,1,4,1,0,60,0,0
1,3,0,6,0,0,1,0,60,0,0
1,3,0,12,1,0,0,0,60,0,0
1,3,0,5,0,4,0,0,60,0,0
1,3,1,0,1,6,1,0,60,0,0
1,3,0,10,1,3,0,0,120,0,1
1,3,0,6,1,4,1,0,60,0,1
1,3,0,5,1,0,0,0,60,0,0
1,3,0,3,1,5,0,0,120,0,1
1,3,0,9,1,7,0,0,60,0,0
1,3,0,0,0,7,0,0,120,0,1
1,3,0,0,1,4,0,0,120,0,1
1,3,1,8,1,5,1,0,60,0,0
1,3,0,12,1,2,1,0,180,0,1
1,3,0,0,0,2,0,0,60,1,0
1,3,0,2,1,1,0,0,60,0,0
1,3,0,2,0,1,0,0,60,0,0
1,3,0,2,1,2,1,0,60,0,0
1,3,0,2,0,5,1,0,60,0,0
1,3,0,2,1,4,1,0,60,0,0
1,3,0,2,1,2,1,0,60,0,1
1,3,0,2,1,5,1,0,60,0,0
1,3,0,2,1,3,1,0,60,0,0
1,3,0,2,0,3,0,0,60,0,0
1,3,0,6,0,9,0,0,60,1,0
1,3,0,2,1,7,1,0,60,0,0
1,3,0,2,1,5,1,0,60,0,0
1,3,1,2,0,3,0,0,60,0,0
1,3,0,2,0,3,0,0,60,0,0
1,3,0,2,0,6,0,0,60,0,0
1,3,0,2,0,1,0,0,60,0,0
1,3,0,2,1,5,1,0,60,0,1
1,3,0,2,1,9,0,0,60,0,0
1,3,0,2,0,4,1,0,60,0,1
1,3,0,2,0,4,1,0,60,0,0
1,3,0,1,1,5,1,0,60,0,0
1,3,0,2,1,8,1,0,60,0,0
1,3,0,2,0,4,1,0,120,0,0
1,3,0,2,1,0,0,0,60,0,0
1,3,0,2,1,6,1,0,60,0,0
1,3,0,2,1,7,1,0,60,0,0
1,3,0,11,0,2,0,0,60,0,0
1,3,1,5,1,3,0,0,120,1,0
1,3,0,3,1,3,0,0,60,1,0
1,3,0,11,0,2,0,0,150,0,0
1,3,0,8,1,7,0,0,120,0,1
1,3,0,2,0,9,0,0,60,0,0
1,3,1,5,1,3,1,0,60,0,0
1,3,0,1,1,2,1,0,120,0,1
1,3,0,0,1,8,0,0,60,0,0
1,3,0,6,0,5,0,0,60,0,1
1,3,0,11,1,6,0,0,120,0,0
1,3,0,12,1,0,0,0,60,0,1
1,3,0,9,1,7,1,0,60,0,0
1,3,0,9,1,2,0,0,60,0,0
1,3,0,9,0,5,0,0,60,1,0
1,3,0,3,0,3,0,0,60,0,0
1,3,0,3,1,1,0,0,60,0,0
1,3,0,8,1,2,0,0,120,0,1
1,3,0,5,0,4,0,0,120,0,1
1,3,1,8,0,9,0,0,60,0,0
1,3,0,1,1,3,0,0,60,0,1
1,3,0,1,0,3,0,0,60,0,0
1,3,1,3,0,1,0,0,120,0,1
1,3,0,2,1,5,0,0,60,0,0
1,3,1,2,1,6,0,0,60,0,0
1,3,0,2,1,1,1,0,60,0,0
1,3,1,2,1,1,1,0,60,0,1
1,3,0,2,0,4,1,0,60,0,0
1,3,0,8,0,8,0,0,120,0,0
1,3,0,5,1,7,0,0,120,0,1
1,3,1,10,1,6,1,0,60,0,0
1,3,0,0,1,9,0,0,120,0,1
1,3,1,8,0,9,0,0,60,0,1
1,3,0,11,1,5,0,0,120,0,0
1,3,1,11,1,3,0,0,60,0,1
1,3,0,6,0,4,0,0,60,0,0
1,3,0,12,0,2,0,0,60,0,0
1,3,0,4,1,2,0,0,60,0,1
1,3,0,11,0,4,0,0,60,0,0
1,3,0,5,1,2,1,0,180,1,0
1,3,0,1,1,2,0,0,60,0,1
1,3,0,1,1,2,0,0,60,1,0
1,3,0,6,1,6,1,0,60,0,0
1,3,0,0,0,8,0,0,60,0,0
1,3,0,1,0,0,1,0,180,0,1
1,3,0,11,1,0,0,0,120,0,0
1,3,0,10,0,7,0,0,60,0,0
1,3,1,0,0,6,0,0,60,0,0
1,3,0,4,1,1,0,0,60,0,1
1,3,0,2,0,7,0,0,60,0,0
1,3,1,11,0,0,0,0,180,0,1
1,3,0,2,1,2,0,0,60,0,1
1,3,1,7,0,8,0,0,120,0,1
1,3,0,0,0,3,0,0,120,0,1
1,3,0,3,0,1,0,0,120,0,1
1,3,0,10,1,2,0,0,60,0,0
1,3,0,1,0,0,0,0,120,0,1
1,3,0,1,1,1,1,0,60,0,0
1,3,0,0,0,5,0,0,60,0,0
1,3,0,0,0,2,1,0,90,0,1
1,3,1,11,0,2,0,0,60,0,0
1,3,0,11,0,7,0,0,60,0,0
1,3,0,3,0,5,0,0,60,0,1
1,3,0,4,1,1,0,0,60,0,0
1,3,0,3,0,0,0,0,60,0,0
1,3,0,6,1,0,0,0,60,1,0
1,3,0,6,1,6,0,0,60,0,0
1,3,0,2,1,5,0,0,60,0,0
1,3,0,6,0,6,0,0,120,0,0
1,3,0,0,1,4,0,0,60,1,1
1,3,0,7,1,1,0,0,120,0,1
1,3,0,10,1,5,0,0,60,0,0
1,3,0,10,1,4,0,0,60,0,0
1,3,0,10,1,8,0,0,60,0,1
1,3,1,10,1,5,0,0,60,0,0
1,3,0,10,1,2,0,0,60,0,0
1,3,0,10,1,0,0,0,60,0,0
1,3,0,10,0,0,1,0,60,0,0
1,3,0,10,0,5,0,0,60,0,0
1,3,0,10,0,2,0,0,60,0,0
1,3,1,10,0,7,0,0,60,0,0
1,3,0,10,1,4,1,0,60,0,1
1,3,0,10,0,3,0,0,60,0,1
1,3,1,10,0,2,1,0,60,0,1
1,3,0,10,0,9,0,0,60,0,1
1,3,0,10,1,1,1,0,60,0,0
1,3,0,10,1,0,1,0,60,0,0
1,3,0,10,1,2,0,0,60,1,0
1,3,0,12,1,7,0,0,60,0,0
1,3,0,8,0,8,1,0,60,1,0
1,3,0,8,0,5,1,0,60,0,1
1,3,1,1,1,8,0,0,60,0,1
1,3,0,10,1,4,0,0,90,0,1
1,3,0,6,1,1,1,0,60,0,0
1,3,0,11,1,1,1,0,60,0,0
1,3,0,6,0,3,0,0,120,0,1
1,3,0,8,1,2,0,0,60,0,1
1,3,0,0,1,4,0,0,60,0,1
1,3,0,0,0,1,1,0,120,0,0
1,3,0,8,0,2,0,0,120,0,1
1,3,0,4,0,10,0,0,120,0,0
1,3,0,7,0,9,0,0,60,0,0
1,3,0,10,1,2,0,0,60,0,0
1,3,0,10,1,5,0,0,60,0,0
1,3,0,0,0,0,0,0,120,0,1
1,3,0,10,0,8,1,0,120,0,0
1,3,1,7,0,9,0,0,60,0,0
1,3,1,0,1,7,0,0,120,0,1
1,3,1,0,0,5,0,0,120,0,1
1,3,0,2,1,6,0,0,60,0,0
1,3,0,8,0,5,0,0,90,1,1
1,3,0,3,1,0,1,0,120,0,0
1,3,1,0,1,9,1,0,120,0,1
1,3,0,9,1,6,0,0,60,0,1
1,3,0,9,1,7,0,0,120,0,0
1,3,1,3,1,2,1,0,60,0,1
1,3,0,0,0,8,0,0,60,0,1
1,3,1,8,0,8,0,0,60,0,0
1,3,0,3,2,2,0,0,60,0,1
1,3,0,0,1,4,0,0,60,0,0
1,3,0,4,0,0,0,0,60,0,0
1,3,0,11,1,3,0,0,60,0,1
1,3,0,3,2,2,0,0,60,0,1
1,3,0,2,1,6,0,0,60,0,0
1,3,0,0,1,6,0,0,60,0,0
1,3,0,6,1,7,0,0,120,0,0
1,3,0,5,1,5,1,0,60,0,0
1,3,0,6,1,2,0,0,120,0,1
1,3,0,11,1,4,0,0,60,0,1
1,3,0,11,0,2,0,0,180,0,1
1,3,0,5,1,2,0,0,60,0,1
1,3,0,0,1,7,0,0,90,0,0
1,3,0,10,0,8,0,0,120,0,0
1,3,1,10,0,2,0,0,60,1,0
1,3,0,7,1,1,0,0,60,0,1
1,3,0,2,0,1,1,0,60,0,1
1,3,0,2,1,6,1,0,60,0,0
1,3,0,6,0,2,0,0,60,0,0
1,3,0,0,1,9,0,0,60,0,0
1,3,0,1,0,1,0,0,60,0,1
1,3,0,3,0,1,0,0,60,0,1
1,3,0,2,1,8,1,0,60,0,0
1,3,1,2,0,3,0,0,60,0,1
1,3,0,2,0,5,1,0,60,0,0
1,3,0,2,1,8,0,0,60,0,0
1,3,0,0,0,0,0,0,120,1,1
1,3,0,1,0,6,0,0,60,0,0
1,3,0,0,0,7,1,0,60,0,0
1,3,0,8,1,4,0,0,120,0,1
1,3,0,1,1,1,1,0,180,1,1
1,3,0,4,0,8,0,0,60,0,0
1,3,0,0,1,2,0,0,120,0,0
1,3,0,8,1,5,0,0,60,0,0
1,3,1,12,0,6,0,0,120,0,1
1,3,0,11,1,2,0,0,120,0,1
1,3,1,2,0,3,0,0,60,0,0
1,3,0,11,1,9,1,0,60,0,0
1,3,1,2,1,4,0,0,60,0,0
1,3,0,2,1,2,0,0,60,0,0
1,3,0,2,0,0,0,0,60,0,0
1,3,0,2,0,7,0,0,60,0,0
1,3,0,2,0,3,1,0,60,0,0
1,3,1,2,0,7,0,0,60,0,1
1,3,0,2,0,1,0,0,60,0,0
1,3,0,2,1,4,1,0,60,0,0
1,3,1,2,1,0,0,0,60,1,0
1,3,0,2,0,1,0,0,120,0,1
1,3,0,2,0,1,0,0,60,0,0
1,3,0,2,1,7,0,0,60,0,0
1,3,0,2,0,3,0,0,60,0,0
1,3,0,2,0,2,0,0,60,0,0
1,3,0,2,1,3,1,0,60,0,1
1,3,0,2,0,3,0,0,60,0,0
1,3,0,2,1,7,0,0,60,0,0
1,3,0,10,0,6,0,0,60,0,0
1,3,1,2,0,3,0,0,60,0,0
1,3,0,2,1,2,0,0,60,0,0
1,3,0,2,0,4,1,0,60,0,0
1,3,0,2,1,2,0,0,60,0,0
1,3,1,2,0,5,0,0,60,0,0
1,3,0,2,1,1,1,0,60,0,0
1,3,1,3,1,3,1,0,60,0,1
1,3,0,8,1,4,0,0,60,1,1
1,3,0,7,1,4,1,0,60,1,0
1,3,0,8,1,8,0,0,120,0,1
1,3,1,2,1,0,0,0,60,0,1
1,3,0,2,0,0,1,0,60,0,0
1,3,1,2,0,8,0,0,60,0,0
1,3,0,2,0,0,1,0,60,0,0
1,3,0,0,1,3,0,0,60,0,1
1,3,0,2,0,0,0,0,60,0,1
1,3,0,2,1,0,1,0,60,0,0
1,3,0,12,0,6,0,0,60,0,0
1,3,1,5,0,1,1,0,60,1,0
1,3,0,8,0,9,0,0,60,0,0
1,3,0,3,2,0,0,0,60,0,1
1,3,0,2,0,0,1,0,60,0,0
1,3,0,1,1,8,0,0,60,0,1
1,3,0,1,1,8,1,0,60,0,1
1,3,0,0,0,6,0,0,60,0,0
1,3,0,3,1,2,1,0,60,0,0
1,3,1,2,1,1,1,0,60,0,0
1,3,0,9,0,3,1,0,60,0,0
1,3,0,4,0,1,0,0,120,0,1
1,3,0,9,1,0,1,0,60,1,0
1,3,0,2,0,4,0,0,60,0,0
1,3,0,11,0,0,1,0,60,0,1
1,3,1,10,1,0,0,0,120,1,1
1,3,0,2,1,0,0,0,60,0,0
1,3,1,0,1,6,0,0,60,0,1
1,3,0,8,0,7,0,0,60,1,1
1,3,0,5,1,5,0,0,120,0,0
1,3,0,10,0,6,1,0,60,0,1
1,3,1,0,1,6,1,0,120,0,1
1,3,0,5,1,0,0,0,60,0,0
1,3,0,10,0,7,0,0,60,0,0
1,3,0,6,0,6,1,0,120,0,1
1,3,0,7,1,5,0,0,60,1,1
1,3,0,8,0,7,0,0,60,0,1
1,3,0,7,1,2,0,0,120,0,1
1,3,0,10,0,6,1,0,60,0,1
1,3,0,12,0,2,0,0,120,0,1
1,3,0,0,1,4,1,0,60,0,1
1,3,0,0,2,6,0,0,60,0,1
1,3,0,4,0,3,0,0,60,0,0
1,3,1,11,1,0,0,0,60,0,0
1,3,1,1,1,7,1,0,60,0,0
1,3,0,0,1,3,0,0,60,0,1
1,3,1,8,1,8,1,0,60,0,0
1,3,0,5,1,1,0,0,60,0,0
1,3,0,0,1,6,0,0,60,0,0
1,3,0,4,1,2,0,0,120,0,0
1,3,1,8,0,4,1,0,60,0,0
1,3,0,11,0,4,0,0,60,0,0
1,3,0,5,1,4,1,0,60,0,0
1,3,0,6,0,5,0,0,120,0,1
1,3,0,9,0,4,1,0,120,0,0
1,3,0,9,1,2,0,0,60,0,0
1,3,0,3,0,4,0,0,150,0,1
1,3,0,0,1,5,0,0,120,0,1
1,3,0,8,1,7,0,0,60,0,1
1,3,1,5,1,8,1,0,120,0,0
1,3,0,10,0,3,0,0,60,0,0
1,3,0,10,1,4,0,0,60,0,0
1,3,0,10,0,5,0,0,60,0,0
1,3,0,12,1,1,0,0,60,0,0
1,3,0,4,1,2,0,0,60,0,1
1,3,0,1,0,6,0,0,60,0,0
1,3,0,10,1,2,1,0,60,0,0
1,3,0,10,0,1,0,0,60,0,0
1,3,0,10,1,7,1,0,60,0,0
1,3,0,10,1,5,1,0,60,0,0
1,3,0,10,1,1,1,0,60,0,0
1,3,0,10,1,3,1,0,60,0,1
1,3,0,10,1,8,1,0,60,0,0
1,3,0,10,0,5,1,0,60,0,0
1,3,0,11,1,7,0,0,60,0,0
1,3,0,4,1,5,1,0,60,0,0
1,3,0,12,0,0,0,0,60,0,1
1,3,0,8,0,9,0,0,60,0,1
1,3,0,12,0,1,0,0,120,0,0
1,3,0,7,1,2,0,0,60,0,1
1,3,0,8,0,5,0,0,60,0,1
1,3,0,4,0,0,0,0,60,0,0
1,3,0,1,0,3,0,0,60,0,1
1,3,0,12,1,4,0,0,120,1,1
1,3,0,3,0,3,0,0,120,0,0
1,3,0,10,1,8,0,0,60,0,0
1,3,0,10,0,2,1,0,120,0,0
1,3,0,11,1,9,1,0,120,0,1
1,3,0,12,1,7,1,0,60,0,0
1,3,0,2,1,5,0,0,60,0,0
1,3,0,2,1,2,1,0,60,0,1
1,3,1,8,0,0,0,0,120,0,0
1,3,0,10,1,6,1,0,60,0,0
1,3,0,11,1,7,1,0,60,0,0
1,3,1,6,1,6,1,0,120,1,0
1,3,1,1,0,5,1,1,90,0,1
1,3,0,2,1,5,1,0,90,0,0
1,3,0,12,1,4,1,0,60,0,0
1,3,0,2,0,2,1,1,120,0,0
1,3,0,3,1,1,1,2,120,0,0
1,3,0,12,0,8,1,0,60,0,0
1,3,0,1,0,4,1,0,60,0,0
1,3,0,10,0,8,1,0,60,0,0
1,3,0,10,1,6,1,0,60,0,0
1,3,1,8,0,6,1,0,60,0,0
1,3,0,0,0,6,1,0,60,0,0
1,3,0,11,0,6,1,0,120,0,0
1,3,0,10,2,3,1,0,120,0,0
1,3,0,1,1,3,1,0,180,0,0
1,3,0,6,1,4,1,1,60,0,0
1,3,0,11,0,1,1,0,120,0,0
1,3,1,12,1,3,1,0,60,0,0
1,3,0,8,0,4,1,0,120,0,0
1,3,0,5,1,3,1,0,60,0,1
1,3,0,8,0,1,1,1,60,0,0
1,3,0,0,1,1,1,0,60,0,0
1,3,0,3,1,5,0,0,60,0,1
1,3,0,10,0,8,0,0,120,0,0
1,3,0,11,1,0,1,5,60,1,0
1,3,0,8,0,6,1,0,60,0,1
1,3,0,7,0,8,1,2,120,0,0
1,3,0,1,1,8,1,0,120,0,0
1,3,0,12,1,0,1,0,60,0,1
1,3,0,3,1,1,1,0,60,0,0
1,3,1,11,1,3,1,0,60,0,0
1,3,1,11,1,8,1,0,60,0,0
1,3,0,0,1,4,1,0,120,1,1
1,3,0,1,1,8,1,0,120,0,1
1,3,0,5,1,8,1,0,60,0,0
1,3,0,6,1,0,0,0,120,0,1
1,3,0,9,0,5,1,1,60,0,1
1,3,0,9,0,0,0,0,60,0,1
1,3,0,2,1,8,1,1,120,0,0
1,3,0,0,1,5,1,3,60,0,1
1,3,0,9,1,5,1,0,60,0,0
1,3,0,9,1,0,1,0,60,1,1
1,3,1,2,0,9,0,0,60,0,0
1,3,0,0,0,8,1,0,60,0,0
1,3,0,0,0,2,0,0,120,0,1
1,3,0,3,1,2,1,0,60,0,0
1,3,0,6,1,5,1,0,60,0,0
1,3,0,9,0,6,1,0,120,0,0
1,3,0,10,0,4,0,0,60,1,1
1,3,0,7,0,7,1,0,90,0,1
1,3,0,1,1,4,1,0,120,0,1
1,3,0,6,1,9,1,0,60,0,0
1,3,0,9,1,2,1,0,60,0,0
1,3,1,5,1,4,1,0,60,1,0
1,3,0,6,0,8,1,0,120,0,0
1,3,0,3,0,3,1,0,60,0,1
1,3,0,11,1,3,1,3,180,0,1
1,3,1,11,0,6,1,0,60,0,0
1,3,0,9,1,2,0,0,60,0,0
1,3,0,6,0,1,0,0,60,0,1
1,3,1,8,1,6,0,0,60,0,1
1,3,0,10,0,1,1,0,60,0,0
1,3,0,8,0,10,1,0,60,0,0
1,3,1,8,1,6,0,0,60,0,0
1,3,0,8,1,4,0,0,60,0,1
1,3,0,6,0,8,1,0,120,0,0
1,3,1,3,1,0,1,0,120,0,1
1,3,0,5,0,6,1,0,60,0,0
1,3,0,0,1,5,1,0,60,0,0
1,3,0,11,1,3,1,0,120,0,0
1,3,0,1,1,2,0,0,180,0,1
1,3,0,0,0,5,1,0,60,0,0
1,3,0,5,1,10,0,1,60,0,0
1,3,0,0,1,2,1,0,60,0,0
1,3,0,2,1,4,1,1,60,0,1
1,3,0,0,1,4,1,1,60,0,0
1,3,0,9,1,2,1,0,180,1,1
1,3,0,9,1,6,0,1,60,0,0
1,3,0,3,0,5,1,0,120,0,0
1,3,1,6,0,4,0,0,60,1,0
1,3,1,3,0,0,1,2,60,0,0
1,3,0,4,0,1,1,0,60,0,1
1,3,0,1,0,0,1,0,60,0,0
1,3,0,7,0,4,1,0,60,0,0
1,3,1,6,0,0,1,0,60,0,0
1,3,0,1,0,6,1,0,60,0,0
1,3,0,5,1,0,1,3,60,0,0
1,3,1,6,1,0,1,0,60,0,0
1,3,0,0,0,8,1,0,120,0,0
1,3,0,0,1,4,1,0,90,0,1
1,3,0,7,0,6,1,0,120,0,0
1,3,0,12,0,2,0,0,120,1,1
1,3,0,8,1,9,0,1,60,0,0
1,3,0,10,0,2,1,1,60,0,0
1,3,0,10,0,1,0,0,60,0,0
1,3,0,7,1,9,1,0,150,0,0
1,3,0,0,0,1,0,1,60,0,0
1,3,0,6,0,3,0,1,120,1,1
1,3,0,6,1,6,1,0,120,1,0
1,3,0,2,0,3,1,0,60,0,0
1,3,0,6,0,3,1,0,60,0,0
1,3,0,2,1,8,1,0,60,0,0
1,3,0,3,1,4,0,2,60,0,0
1,3,0,0,0,7,0,0,120,0,0
1,3,1,7,1,4,1,1,60,0,0
1,3,0,6,1,8,0,1,120,0,0
1,3,1,11,0,1,1,0,120,0,0
1,3,0,8,0,7,1,1,60,0,0
1,3,0,1,0,2,0,0,120,0,0
1,3,0,8,1,1,0,0,120,0,0
1,3,0,2,0,0,0,0,60,1,0
1,3,0,1,1,6,1,0,120,0,1
1,3,0,7,0,1,1,0,60,1,1
1,3,0,6,1,6,0,0,60,0,1
1,3,0,10,0,2,0,0,60,0,0
1,3,0,10,1,3,0,0,60,0,0
1,3,0,11,0,0,1,1,120,0,1
1,3,0,7,1,3,1,0,60,0,0
1,3,0,11,0,1,0,3,60,0,0
1,3,0,8,1,9,0,0,60,0,1
1,3,0,8,0,8,0,0,120,0,1
1,3,0,11,1,8,0,1,240,1,1
1,3,0,5,1,3,0,0,60,0,1
1,3,0,6,0,0,1,0,60,0,0
1,3,0,12,1,0,0,0,60,1,0
1,3,0,1,1,0,1,0,60,0,0
1,3,0,10,1,5,0,1,120,0,0
1,3,0,6,0,3,1,5,60,0,0
1,3,1,4,1,8,0,0,120,0,0
1,3,0,12,0,1,1,0,120,0,1
1,3,0,2,0,2,0,0,60,0,0
1,3,0,11,0,2,1,0,120,0,1
1,3,0,11,1,8,1,0,120,0,0
1,3,0,0,1,3,1,0,60,0,0
1,3,0,0,1,6,1,0,120,1,0
1,3,0,10,1,5,1,0,60,0,0
1,3,0,10,1,9,1,0,180,0,1
2,2,0,11,0,2,0,0,30,0,0
2,2,1,0,0,5,0,0,90,0,0
2,2,1,2,0,10,1,0,30,0,0
2,2,0,3,1,1,0,0,90,0,1
2,2,1,9,1,1,0,0,60,0,1
2,2,0,0,0,2,0,0,120,0,0
2,2,1,0,0,4,0,0,30,1,1
2,2,1,11,0,3,0,0,40,0,0
2,2,0,2,0,10,0,0,30,0,0
2,2,1,9,1,8,0,0,150,0,1
2,2,0,12,2,2,0,0,80,0,1
2,2,1,12,1,2,0,0,120,0,0
2,2,1,6,1,1,0,0,60,0,1
2,2,1,9,0,8,0,0,120,0,0
2,2,1,1,0,8,0,0,210,0,1
2,2,1,6,0,7,0,0,90,0,1
2,2,1,8,1,8,0,0,120,0,1
2,2,0,11,0,0,0,0,60,0,0
2,2,1,3,0,2,0,0,120,0,1
2,2,1,11,1,2,1,0,120,1,0
2,2,0,1,0,5,0,0,120,0,0
2,2,1,4,1,0,0,0,60,0,0
2,2,1,11,0,5,1,0,60,0,1
2,2,1,1,1,1,0,0,90,0,1
2,2,1,11,0,1,0,0,90,0,1
2,2,1,6,1,0,0,0,120,0,1
2,2,1,3,0,4,1,0,90,0,1
2,2,1,2,0,2,0,0,90,0,0
2,2,1,4,0,3,1,0,90,0,1
2,2,1,3,0,1,1,0,60,0,0
2,2,1,6,0,5,0,0,90,1,1
2,2,0,6,1,2,0,0,60,0,1
2,2,1,11,1,2,0,0,75,0,1
2,2,1,10,0,9,0,0,120,0,0
2,2,1,3,0,2,0,0,30,1,0
2,2,0,6,1,5,0,0,180,0,1
2,2,0,3,1,3,1,0,30,0,1
2,2,1,1,1,4,1,0,45,0,0
2,2,1,9,0,4,0,0,90,0,0
2,2,0,1,1,0,0,0,120,0,1
2,2,1,11,0,5,0,0,60,1,1
2,2,1,3,1,1,0,0,120,1,0
2,2,1,3,0,6,0,0,60,0,1
2,2,1,9,1,5,0,0,60,0,0
2,2,1,1,1,5,0,0,150,0,1
2,2,0,3,1,1,1,0,60,0,0
2,2,1,12,1,6,0,0,60,0,0
2,2,1,12,1,8,0,0,60,0,1
2,2,1,11,0,7,1,0,30,0,1
2,2,1,11,1,7,1,0,30,0,0
2,2,0,11,0,2,0,0,120,0,0
2,2,0,0,0,8,1,0,30,0,0
2,2,0,8,0,6,1,0,400,0,1
2,2,1,5,2,2,0,0,90,0,1
2,2,1,5,1,0,1,0,45,0,0
2,2,1,4,0,1,0,0,60,0,0
2,2,0,12,1,4,0,0,210,0,1
2,2,1,0,0,1,1,0,60,0,0
2,2,0,6,0,3,0,0,120,0,1
2,2,1,6,0,2,0,0,90,1,1
2,2,1,5,0,2,1,0,60,0,0
2,2,1,3,0,4,1,0,30,1,0
2,2,1,1,0,5,1,0,60,0,0
2,2,0,7,0,4,0,0,60,0,1
2,2,1,1,1,0,0,0,60,0,1
2,2,1,6,0,0,0,0,30,0,0
2,2,1,7,0,0,0,0,60,0,1
2,2,1,5,0,7,0,0,90,0,0
2,2,1,4,1,10,1,0,30,0,0
2,2,1,2,1,0,0,0,90,0,1
2,2,0,8,1,5,1,0,90,0,0
2,2,0,8,1,8,0,0,30,1,0
2,2,1,11,0,6,0,0,150,0,0
2,2,0,5,0,8,0,0,30,0,0
2,2,0,10,0,9,0,0,60,0,1
2,2,1,3,1,0,0,0,60,0,0
2,2,1,0,0,3,0,0,150,0,1
2,2,1,8,0,9,0,0,30,0,0
2,2,1,3,0,2,1,0,60,0,0
2,2,1,0,0,5,0,0,60,0,0
2,2,1,9,0,9,0,0,90,0,0
2,2,1,3,1,6,0,0,60,0,0
2,2,0,12,1,0,1,0,30,0,0
2,2,0,8,0,6,1,0,60,0,1
2,2,1,11,1,3,0,0,90,0,0
2,2,1,7,1,4,1,0,90,0,0
2,2,1,1,0,5,0,0,90,0,0
2,2,1,3,0,2,0,0,60,0,1
2,2,1,4,0,8,0,0,180,0,0
2,2,1,1,0,9,0,0,60,0,1
2,2,1,3,1,0,0,0,60,0,1
2,2,1,0,1,8,1,0,90,0,0
2,2,1,6,0,2,0,0,60,0,0
2,2,1,11,1,0,0,0,30,0,1
2,2,1,1,1,4,0,0,90,1,1
2,2,1,8,0,3,1,0,60,0,0
2,2,1,10,0,5,1,0,60,0,1
2,2,1,1,0,2,0,0,60,0,0
2,2,1,11,0,0,0,0,90,0,1
2,2,1,0,0,8,0,0,30,0,1
2,2,1,0,0,5,0,0,60,0,0
2,2,1,1,0,5,0,0,235,0,1
2,2,1,7,1,3,0,0,60,0,0
2,2,1,5,0,4,0,0,60,0,0
2,2,0,0,0,8,0,0,60,0,0
2,2,1,6,0,9,0,0,30,0,0
2,2,1,11,0,7,0,0,120,0,1
2,2,1,8,0,5,1,0,70,0,1
2,2,0,0,0,4,0,0,150,0,0
2,2,1,3,1,6,0,0,120,0,0
2,2,1,0,1,7,0,0,120,0,0
2,2,0,12,0,1,0,0,240,1,1
2,2,1,9,0,4,1,0,30,0,0
2,2,1,3,0,2,0,0,60,0,1
2,2,1,0,0,2,0,0,60,0,1
2,2,1,12,0,3,0,0,90,1,1
2,2,1,5,1,6,1,0,60,0,1
2,2,0,9,1,3,0,0,90,1,1
2,2,1,3,1,4,0,0,60,0,1
2,2,0,0,0,7,1,0,60,0,1
2,2,1,5,1,2,1,0,90,0,0
2,2,1,6,0,3,1,0,90,1,1
2,2,0,3,0,8,1,0,120,0,1
2,2,1,7,0,4,1,0,60,0,1
2,2,1,10,0,4,0,0,60,0,1
2,2,1,1,0,0,0,0,150,0,1
2,2,1,5,2,2,0,0,30,0,0
2,2,1,3,1,4,1,0,60,0,0
2,2,1,3,0,1,1,0,60,0,0
2,2,1,7,0,6,0,0,60,1,1
2,2,1,3,1,1,0,0,60,0,1
2,2,1,1,0,1,0,0,60,1,1
2,2,1,1,0,8,0,0,30,0,0
2,2,1,8,0,4,0,0,180,1,0
2,2,1,1,0,7,0,0,60,1,1
2,2,1,0,1,7,0,0,60,0,1
2,2,1,11,0,0,0,0,120,0,1
2,2,1,6,0,8,0,0,90,0,1
2,2,1,11,0,3,0,0,60,0,1
2,2,1,2,1,5,0,0,60,0,1
2,2,0,7,1,8,0,0,60,0,0
2,2,0,8,0,3,0,0,120,1,1
2,2,1,1,0,2,0,0,60,0,1
2,2,1,5,1,0,0,0,180,1,0
2,2,1,5,0,4,0,0,90,0,1
2,2,1,3,0,1,1,0,180,0,0
2,2,0,12,1,8,0,0,30,0,1
2,2,1,4,0,0,0,0,60,0,1
2,2,1,3,0,0,0,0,60,0,0
2,2,0,9,0,2,0,0,150,0,1
2,2,1,11,0,6,0,0,30,0,0
2,2,1,4,1,10,1,0,60,0,0
2,2,1,4,0,10,0,0,150,0,0
2,2,1,1,1,5,0,0,30,0,1
2,2,0,7,1,9,0,0,150,0,0
2,2,1,5,0,2,1,0,60,0,0
2,2,0,1,0,0,0,0,135,0,1
2,2,1,6,0,8,0,0,210,0,0
2,2,1,12,1,1,1,0,30,0,1
2,2,1,1,0,7,0,0,120,0,1
2,2,1,6,1,8,0,0,60,0,0
2,2,1,0,1,5,0,0,60,0,0
2,2,1,4,1,3,0,0,90,0,0
2,2,0,10,0,5,0,0,30,0,0
2,2,1,5,1,9,0,0,120,0,1
2,2,1,6,0,1,1,0,120,0,1
2,2,1,7,1,0,0,0,90,0,0
2,2,1,3,0,4,0,0,90,0,0
2,2,1,9,1,0,0,0,60,0,0
2,2,0,4,1,0,0,0,60,0,1
2,2,1,6,0,5,0,0,90,0,0
2,2,1,1,0,3,0,0,90,0,1
2,2,1,11,0,6,0,0,30,0,1
2,2,1,3,1,2,0,0,90,0,1
2,2,0,10,1,2,1,0,120,0,0
2,2,1,5,0,7,1,0,30,0,0
2,2,1,6,0,1,0,0,90,0,0
2,2,1,11,1,0,0,0,60,0,1
2,2,0,9,1,1,0,0,60,1,1
2,2,1,9,0,3,1,0,60,0,1
2,2,1,0,1,5,0,0,90,1,1
2,2,0,0,1,5,0,0,70,0,1
2,2,0,9,0,8,0,0,60,0,1
2,2,0,12,0,0,0,0,60,1,0
2,2,0,7,0,6,0,0,90,1,1
2,2,1,8,0,7,0,0,30,0,1
2,2,0,3,0,6,0,0,145,0,0
2,2,0,8,0,6,0,0,60,0,0
2,2,1,5,0,3,0,0,90,0,1
2,2,1,10,1,4,1,0,30,0,0
2,2,0,7,0,7,1,0,90,0,0
2,2,1,11,1,3,0,0,60,0,0
2,2,1,9,0,8,0,0,90,0,0
2,2,1,4,1,2,0,0,30,0,0
2,2,0,7,1,2,0,0,120,0,1
2,2,1,9,1,3,0,0,60,0,1
2,2,1,1,1,9,0,0,60,0,0
2,2,1,1,1,3,0,0,150,0,0
2,2,1,0,1,5,0,0,60,1,1
2,2,1,3,0,8,0,0,150,0,0
2,2,1,7,0,2,0,0,60,0,1
2,2,1,3,1,4,0,0,30,0,0
2,2,0,12,0,6,1,0,90,0,1
2,2,1,9,0,5,0,0,60,0,0
2,2,1,5,0,6,1,0,90,0,1
2,2,1,9,0,2,0,0,90,0,1
2,2,1,11,1,2,0,0,60,0,0
2,2,0,3,0,4,0,0,90,0,1
2,2,1,0,0,4,0,0,30,0,0
2,2,0,5,0,4,0,0,30,0,0
2,2,1,11,0,5,0,0,30,0,0
2,2,1,4,0,6,0,0,60,0,0
2,2,0,6,1,0,1,0,90,0,0
2,2,0,8,0,10,0,0,60,0,0
2,2,1,9,1,0,1,0,90,0,1
2,2,1,3,0,6,0,0,90,0,1
2,2,1,3,1,0,0,0,90,0,1
2,2,1,0,1,9,0,0,120,0,1
2,2,1,5,1,3,0,0,150,0,1
2,2,0,10,0,1,0,0,60,0,0
2,2,0,0,0,9,1,0,210,1,1
2,2,1,4,1,10,0,0,150,0,1
2,2,1,8,1,5,1,0,60,1,1
2,2,1,11,1,2,0,0,150,0,0
2,2,1,7,0,1,1,0,30,0,0
2,2,1,7,0,5,0,0,30,0,1
2,2,0,0,0,3,1,0,30,0,0
2,2,1,3,1,8,0,0,30,0,0
2,2,1,7,0,1,1,0,90,0,0
2,2,0,5,1,4,0,0,90,1,1
2,2,1,12,0,2,0,0,150,1,1
2,2,1,2,0,5,0,0,80,0,0
2,2,1,8,1,1,0,0,90,0,1
2,2,0,8,1,9,0,0,120,0,0
2,2,1,8,0,4,0,0,60,0,1
2,2,1,7,0,5,0,0,30,0,0
2,2,1,3,1,2,0,0,90,0,1
2,2,1,11,0,3,0,0,270,0,1
2,2,1,10,1,3,0,0,90,0,1
2,2,0,0,0,2,1,0,60,0,0
2,2,1,10,0,3,0,0,60,0,0
2,2,1,1,1,9,1,0,60,0,0
2,2,1,6,0,4,0,0,60,1,0
2,2,0,1,0,6,0,0,90,0,1
2,2,1,6,1,4,0,0,30,1,1
2,2,0,4,0,0,0,0,30,0,1
2,2,1,9,1,4,0,0,30,0,0
2,2,1,12,1,3,0,0,90,0,0
2,2,0,8,1,9,1,0,60,0,1
2,2,1,0,0,4,0,0,60,0,1
2,2,1,1,0,2,0,0,30,0,1
2,2,1,10,0,3,0,0,60,0,0
2,2,0,6,0,9,0,0,90,0,1
2,2,0,7,0,7,0,0,40,0,0
2,2,1,8,1,3,1,0,30,0,1
2,2,1,1,0,8,0,0,150,1,0
2,2,1,7,0,9,0,0,90,0,1
2,2,0,6,0,7,0,0,120,0,0
2,2,0,1,0,2,0,0,60,0,1
2,2,1,3,0,9,0,0,60,0,0
2,2,1,9,0,3,0,0,90,1,0
2,2,1,1,1,4,0,0,60,0,1
2,2,1,11,0,7,1,0,60,0,1
2,2,1,1,1,0,0,0,60,0,0
2,2,1,2,0,7,1,0,90,0,0
2,2,1,5,0,0,0,0,90,0,1
2,2,1,8,0,4,1,0,30,0,0
2,2,0,2,0,10,0,0,60,0,0
2,2,1,11,1,8,0,0,45,0,0
2,2,1,8,1,1,0,0,60,0,1
2,2,0,6,0,5,0,0,120,1,0
2,2,1,6,1,7,1,0,30,0,0
2,2,0,4,0,10,0,0,90,0,0
2,2,0,12,1,2,0,0,60,0,1
2,2,1,11,0,10,0,0,90,0,0
2,2,1,0,0,5,0,0,90,0,0
2,2,1,0,0,9,0,0,60,0,0
2,2,1,0,0,9,0,0,90,0,1
2,2,0,0,0,8,1,0,90,0,1
2,2,1,9,0,3,1,0,60,0,0
2,2,1,11,0,0,0,0,60,0,0
2,2,1,8,1,4,0,0,90,0,1
2,2,1,5,0,1,0,0,30,0,0
2,2,0,12,1,9,0,0,75,0,1
2,2,1,11,0,2,0,0,180,0,1
2,2,1,12,0,6,0,0,60,0,1
2,2,0,10,0,9,0,0,170,0,1
2,2,0,3,1,0,0,0,30,1,1
2,2,0,11,1,0,0,0,100,1,1
2,2,1,11,0,9,0,0,30,0,0
2,2,1,7,1,8,0,0,60,0,1
2,2,1,1,1,1,0,0,180,0,1
2,2,1,7,1,9,0,0,120,1,1
2,2,1,4,0,1,0,0,60,0,1
2,2,1,10,1,2,0,0,60,0,0
2,2,1,5,1,8,0,0,90,0,1
2,2,1,8,1,10,1,0,60,0,1
2,2,1,5,0,5,0,0,120,0,1
2,2,1,5,0,6,0,0,60,0,0
2,2,1,11,1,3,0,0,45,0,1
2,2,1,6,1,0,0,0,210,0,0
2,2,0,1,1,3,1,0,130,1,1
2,2,1,11,0,0,0,0,120,0,0
2,2,1,2,1,6,0,0,30,0,0
2,2,1,9,0,4,0,0,120,1,1
2,2,1,0,0,0,0,0,90,0,0
2,2,0,11,0,0,0,0,60,0,0
2,2,1,11,0,1,0,0,60,0,0
2,2,1,7,0,9,1,0,60,0,1
2,2,1,1,1,3,0,0,30,0,1
2,2,0,9,0,9,0,0,60,0,0
2,2,1,11,1,6,1,0,60,0,1
2,2,1,12,1,8,0,0,90,0,1
2,2,1,5,1,0,1,0,30,0,0
2,2,1,9,1,3,0,0,60,0,0
2,2,1,1,0,6,1,0,60,0,0
2,2,1,8,0,8,0,0,120,0,0
2,2,1,4,1,10,1,0,120,0,1
2,2,0,8,1,9,1,0,30,1,0
2,2,1,11,1,1,0,0,60,0,1
2,2,1,1,0,9,0,0,30,0,1
2,2,0,1,1,8,0,0,30,0,0
2,2,0,10,1,1,1,0,60,1,1
2,2,1,7,1,6,1,0,60,0,0
2,2,0,8,0,8,0,0,30,0,0
2,2,1,9,2,2,0,0,60,0,1
2,2,1,0,0,1,0,0,60,0,0
2,2,1,10,0,2,1,0,180,0,0
2,2,1,12,1,6,0,0,90,0,1
2,2,1,5,1,2,0,0,60,0,0
2,2,0,6,0,2,0,0,60,1,1
2,2,1,5,0,6,1,0,45,0,1
2,2,1,12,1,9,0,0,150,1,1
2,2,1,8,1,9,0,0,30,0,0
2,2,0,3,0,2,1,0,90,0,1
2,2,1,0,1,9,0,0,60,0,0
2,2,1,7,0,7,0,0,60,0,0
2,2,0,5,0,8,0,0,120,0,1
2,2,1,7,0,8,0,0,90,0,0
2,2,0,10,1,6,1,0,60,0,1
2,2,1,9,1,2,0,0,90,0,1
2,2,1,0,1,1,0,0,150,0,1
2,2,0,3,2,1,0,0,60,0,0
2,2,0,5,0,7,0,0,90,0,1
2,2,0,6,0,6,0,0,60,0,0
2,2,0,11,0,3,0,0,180,0,1
2,2,0,3,0,2,0,0,30,0,0
2,2,1,5,1,4,0,0,30,0,0
2,2,1,1,1,5,0,0,120,0,1
2,2,1,5,1,1,0,0,60,1,1
2,2,1,8,2,5,0,0,60,0,1
2,2,0,0,0,9,1,0,60,0,1
2,2,1,5,0,1,0,0,30,0,0
2,2,1,4,1,10,0,0,90,1,0
2,2,1,4,0,10,1,0,120,0,1
2,2,1,7,1,6,1,0,60,0,0
2,2,1,8,0,7,0,0,90,0,0
2,2,1,0,1,5,0,0,75,0,0
2,2,1,7,0,6,1,0,60,1,0
2,2,1,6,1,1,0,0,150,1,1
2,2,1,10,1,2,0,0,120,1,0
2,2,1,9,0,5,0,0,60,0,0
2,2,1,12,1,5,0,0,60,0,1
2,2,0,7,0,5,0,0,60,0,1
2,2,1,3,0,1,0,0,30,0,1
2,2,1,7,1,5,0,0,60,1,0
2,2,1,5,1,5,0,0,60,0,0
2,2,0,7,1,4,0,0,30,1,1
2,2,1,1,0,7,1,0,30,0,1
2,2,1,9,0,7,0,0,60,1,0
2,2,1,8,0,4,0,0,180,1,1
2,2,1,0,0,5,0,0,60,0,1
2,2,0,3,0,3,0,0,120,1,0
2,2,0,6,0,1,0,0,60,1,0
2,2,1,11,1,2,0,0,60,0,0
2,2,1,0,1,6,0,0,60,0,1
2,2,0,7,1,8,0,0,60,0,1
2,2,1,7,1,9,0,0,30,0,1
2,2,1,12,0,6,0,0,60,0,0
2,2,1,2,1,7,0,0,60,0,0
2,2,1,12,0,2,0,0,60,1,0
2,2,1,6,0,8,0,0,60,0,1
2,2,1,11,0,0,1,0,30,0,0
2,2,1,9,1,2,0,0,30,1,1
2,2,0,10,0,5,0,0,120,0,0
2,2,1,5,0,1,1,0,30,0,0
2,2,1,3,1,0,1,0,150,0,1
2,2,1,6,1,3,0,0,90,0,0
2,2,1,12,0,7,1,0,60,0,0
2,2,1,3,1,1,1,0,60,0,1
2,2,1,12,0,9,0,0,90,0,0
2,2,1,5,0,7,0,0,60,0,1
2,2,0,4,0,2,0,0,60,1,1
2,2,1,0,0,7,0,0,90,0,1
2,2,1,12,0,4,0,0,90,1,1
2,2,0,1,1,3,1,0,90,0,1
2,2,0,5,1,4,0,0,30,1,0
2,2,0,5,0,2,0,0,60,0,1
2,2,1,12,0,1,0,0,30,0,1
2,2,0,11,0,7,0,0,120,0,1
2,2,1,11,0,4,1,0,120,0,1
2,2,0,4,0,0,0,0,60,0,0
2,2,1,7,0,7,0,0,150,0,0
2,2,1,11,0,1,0,0,30,0,1
2,2,0,1,1,7,1,0,120,0,0
2,2,1,3,0,3,0,0,60,0,0
2,2,1,5,1,4,0,0,60,0,1
2,2,0,6,0,6,0,0,60,0,0
2,2,1,8,0,8,0,0,60,0,0
2,2,1,0,0,3,0,0,150,0,0
2,2,1,4,1,8,0,0,60,0,1
2,2,0,3,0,0,0,0,60,0,0
2,2,1,0,1,1,1,0,90,0,1
2,2,1,3,1,5,0,0,60,0,1
2,2,0,7,0,4,0,0,90,0,1
2,2,1,7,1,5,0,0,60,0,1
2,2,1,1,0,1,0,0,30,0,0
2,2,1,9,1,3,0,0,60,1,0
2,2,1,4,0,10,1,0,60,0,0
2,2,1,3,0,2,1,0,30,0,0
2,2,1,9,0,7,1,0,60,0,0
2,2,1,6,0,2,1,0,60,0,0
2,2,1,5,1,0,0,0,180,1,1
2,2,1,8,1,4,0,0,60,0,0
2,2,1,9,1,2,0,0,60,0,0
2,2,1,6,1,7,0,0,30,0,0
2,2,1,11,0,1,0,0,60,0,1
2,2,1,0,0,8,0,0,60,0,0
2,2,0,4,1,10,1,0,40,0,0
2,2,1,8,1,1,0,0,60,0,0
2,2,0,9,0,6,0,0,90,0,1
2,2,1,0,0,3,0,0,60,0,0
2,2,0,11,1,3,0,0,60,0,0
2,2,1,10,0,2,0,0,60,0,0
2,2,1,6,0,1,0,0,60,0,1
2,2,0,8,0,6,0,0,30,0,0
2,2,1,0,1,6,1,0,60,0,0
2,2,1,5,0,1,0,0,60,0,0
2,2,1,7,0,3,0,0,60,1,0
2,2,1,6,0,6,1,0,90,0,0
2,2,0,0,0,5,0,0,60,0,1
2,2,1,12,0,8,0,0,90,0,0
2,2,1,11,0,3,0,0,60,0,0
2,2,1,11,1,0,0,0,60,0,1
2,2,1,5,0,0,0,0,120,0,0
2,2,1,2,0,9,0,0,60,0,0
2,2,1,10,1,2,0,0,60,0,1
2,2,1,1,0,8,0,0,30,0,0
2,2,1,6,1,7,0,0,60,0,0
2,2,0,11,0,4,0,0,60,0,0
2,2,0,5,0,4,1,0,60,0,0
2,2,1,11,0,7,0,0,120,0,0
2,2,1,3,1,8,0,0,60,1,0
2,2,1,5,0,4,0,0,60,0,1
2,2,1,6,1,6,0,0,60,0,0
2,2,1,6,0,1,0,0,120,0,0
2,2,1,12,1,4,0,0,60,0,0
2,2,1,0,0,9,0,0,30,0,0
2,2,1,8,1,9,0,0,60,0,1
2,2,1,11,1,2,0,0,90,0,0
2,2,1,7,0,9,0,0,60,0,1
2,2,1,9,0,3,0,0,90,0,0
2,2,1,8,0,3,1,0,60,0,0
2,2,1,5,1,6,0,0,90,0,1
2,2,1,8,1,4,0,0,30,0,1
2,2,1,0,1,8,0,0,30,0,0
2,2,1,9,0,5,0,0,120,0,1
2,2,1,8,0,5,0,0,150,0,1
2,2,1,8,1,5,0,0,30,0,1
2,2,1,5,0,7,0,0,30,0,1
2,2,1,9,1,8,0,0,60,0,1
2,2,1,4,1,2,1,0,60,0,1
2,2,1,2,1,10,1,0,30,0,1
2,2,1,7,1,6,0,0,150,0,1
2,2,1,3,1,0,0,0,120,0,0
2,2,1,12,1,9,0,0,120,0,1
2,2,1,7,0,3,0,0,60,0,1
2,2,1,7,0,3,0,0,30,0,0
2,2,1,5,1,3,0,0,90,1,1
2,2,1,10,1,5,0,0,30,0,0
2,2,1,10,0,2,0,0,30,0,0
2,2,1,11,0,4,0,0,60,0,0
2,2,1,5,0,1,0,0,90,0,0
2,2,1,4,1,10,0,0,60,0,1
2,2,1,6,0,7,1,0,90,0,0
2,2,1,0,1,6,0,0,60,0,0
2,2,0,3,0,6,0,0,60,0,0
2,2,0,5,0,0,0,0,90,1,1
2,2,1,4,0,4,0,0,30,1,1
2,2,0,10,1,2,0,0,90,0,0
2,2,1,9,1,8,1,0,60,0,1
2,2,1,2,0,0,0,0,60,0,1
2,2,0,4,1,10,0,0,30,0,0
2,2,1,5,1,3,0,0,60,1,1
2,2,1,3,0,9,0,0,60,0,0
2,2,1,7,1,3,0,0,60,0,1
2,2,1,5,1,1,0,0,60,0,0
2,2,1,8,0,9,0,0,60,0,0
2,2,1,4,0,1,0,0,30,0,1
2,2,0,11,0,3,0,0,60,0,0
2,2,1,5,1,0,0,0,90,1,0
2,2,1,1,0,0,0,0,60,0,1
2,2,1,9,0,6,0,0,60,0,0
2,2,1,4,1,7,0,0,60,0,1
2,2,1,3,0,0,0,0,90,0,0
2,2,1,8,0,1,0,0,60,0,0
2,2,1,9,1,3,0,0,60,0,0
2,2,1,4,0,10,1,0,30,0,1
2,2,1,7,0,3,0,0,120,0,0
2,2,1,12,1,6,1,0,60,0,1
2,2,1,8,0,9,0,0,90,0,0
2,2,1,3,0,9,0,0,90,0,0
2,2,1,6,0,2,0,0,60,0,1
2,2,1,10,0,4,1,0,60,0,0
2,2,1,5,1,9,0,0,60,0,0
2,2,1,9,0,3,0,0,60,0,0
2,2,0,6,0,6,0,0,120,0,1
2,2,0,2,0,7,0,0,90,0,1
2,2,0,3,0,3,0,0,90,0,1
2,2,0,5,2,0,0,0,90,0,0
2,2,1,7,0,3,0,0,30,0,1
2,2,1,6,0,4,0,0,60,0,1
2,2,0,5,1,6,0,0,210,0,1
2,2,0,11,0,0,0,0,30,0,1
2,2,1,0,1,5,1,0,120,0,0
2,2,1,8,0,6,0,0,60,0,0
2,2,1,2,0,7,1,0,60,0,0
2,2,1,0,0,3,0,0,60,0,0
2,2,0,0,0,7,0,0,120,0,1
2,2,0,1,0,4,0,0,60,1,1
2,2,1,9,0,5,0,0,90,0,0
2,2,0,4,0,8,0,0,90,0,0
2,2,1,0,0,1,1,0,90,0,0
2,2,0,6,0,6,0,0,60,0,1
2,2,1,6,0,9,0,0,150,0,1
2,2,1,4,0,0,0,0,90,0,1
2,2,1,10,0,2,0,0,30,0,0
2,2,0,4,0,10,0,0,120,0,0
2,2,0,9,1,8,1,0,90,0,0
2,2,1,9,0,5,2,0,60,0,0
2,2,1,12,1,10,0,0,120,0,1
2,2,1,8,0,6,1,0,30,0,0
2,2,1,4,1,1,0,0,60,0,0
2,2,1,0,1,8,0,0,60,0,0
2,2,1,11,1,10,0,0,60,0,1
2,2,0,12,0,0,0,0,30,0,0
2,2,0,6,0,5,1,0,60,0,1
2,2,1,9,0,4,0,0,90,0,1
2,2,1,3,1,2,0,0,150,0,0
2,2,1,2,0,1,0,0,60,0,0
2,2,0,8,0,5,0,0,120,0,0
2,2,0,3,1,0,0,0,60,1,1
2,2,1,9,0,9,1,0,60,0,1
2,2,0,1,0,5,0,0,60,0,0
2,2,1,11,0,4,0,0,60,0,1
2,2,1,0,1,7,0,0,30,0,0
2,2,1,2,1,10,0,0,60,0,0
2,2,1,8,1,5,0,0,90,0,1
2,2,1,6,1,5,0,0,90,0,0
2,2,1,8,1,5,0,0,30,0,0
2,2,0,1,0,1,0,0,60,1,0
2,2,1,3,0,1,0,0,60,0,0
2,2,1,12,0,3,0,0,90,0,0
2,2,0,1,1,1,0,0,60,0,0
2,2,1,8,1,3,0,0,30,0,1
2,2,0,0,0,3,0,0,90,0,1
2,2,1,0,0,3,0,0,60,0,1
2,2,1,2,1,2,0,0,60,0,1
2,2,1,4,1,10,0,0,60,0,0
2,2,1,4,1,10,0,0,30,0,0
2,2,1,0,0,5,0,0,60,1,1
2,2,1,3,0,1,1,0,60,0,0
2,2,1,2,0,8,0,0,60,0,1
2,2,0,8,0,9,1,0,30,0,0
2,2,1,11,0,3,0,0,30,0,1
2,2,1,0,1,5,0,0,30,0,0
2,2,0,3,1,1,0,0,180,0,0
2,2,1,8,0,2,0,0,60,0,1
2,2,1,4,1,6,0,0,30,0,0
2,2,1,11,0,3,0,0,30,0,1
2,2,0,5,0,1,0,0,90,0,0
2,2,1,7,1,6,0,0,60,0,1
2,2,0,4,1,10,0,0,30,0,1
2,2,1,1,1,6,0,0,30,0,0
2,2,1,1,1,5,0,0,60,0,1
2,2,1,12,1,1,0,0,60,0,0
2,2,1,5,0,1,0,0,30,1,0
2,2,1,0,1,5,0,0,60,0,0
2,2,1,3,0,3,0,0,90,1,0
2,2,1,8,1,8,0,0,60,0,1
2,2,1,7,0,8,1,0,60,0,0
2,2,1,6,0,6,0,0,90,0,0
2,2,1,7,0,1,0,0,120,0,1
2,2,0,8,0,1,0,0,120,0,0
2,2,0,7,2,6,0,0,90,0,1
2,2,1,0,0,5,0,0,60,0,0
2,2,0,12,0,0,0,0,90,0,1
2,2,1,11,0,6,0,0,90,0,0
2,2,1,7,0,5,0,0,90,1,0
2,2,1,11,0,4,0,0,60,0,1
2,2,0,5,1,3,0,0,120,1,1
2,2,1,3,1,5,0,0,60,0,1
2,2,1,8,1,7,0,0,120,0,1
2,2,1,8,0,4,0,0,150,0,1
2,2,1,1,0,5,0,0,60,0,0
2,2,1,6,1,1,0,0,60,0,1
2,2,0,11,0,0,1,0,120,0,0
2,2,1,6,0,1,1,0,60,0,0
2,2,1,9,0,5,0,0,60,0,0
2,2,1,3,0,4,0,0,90,0,1
2,2,1,11,1,0,1,0,60,0,0
2,2,0,8,0,9,0,0,90,0,0
2,2,1,3,1,1,0,0,90,0,0
2,2,0,7,0,1,0,0,60,0,1
2,2,1,1,0,2,0,0,120,0,0
2,2,1,3,0,1,0,0,30,0,0
2,2,1,7,0,7,0,0,30,1,0
2,2,1,8,1,7,0,0,120,0,0
2,2,0,11,0,7,0,0,120,0,0
2,2,1,8,1,5,1,0,120,1,1
2,2,1,7,0,8,0,0,150,0,1
2,2,0,12,0,2,0,0,120,0,1
2,2,1,5,1,0,0,0,60,0,1
2,2,0,0,2,3,0,0,60,0,0
2,2,1,1,0,1,0,0,60,0,1
2,2,0,12,0,2,1,0,60,0,1
2,2,0,3,0,3,0,0,90,1,0
2,2,0,3,1,3,1,0,60,0,0
2,2,1,0,2,2,0,0,60,0,1
2,2,1,9,1,6,0,0,60,0,1
2,2,0,8,1,7,0,0,60,0,1
2,2,0,4,0,4,1,0,60,0,1
2,2,0,5,1,2,0,0,60,0,1
2,2,1,6,1,7,0,0,90,0,0
2,2,1,5,1,5,1,0,90,0,1
2,2,1,4,0,10,0,0,120,0,0
2,2,1,3,1,1,0,0,120,0,1
2,2,1,1,1,2,0,0,120,0,0
2,2,0,12,0,0,0,0,120,0,1
2,2,1,0,1,3,0,0,90,0,1
2,2,1,11,0,1,0,0,120,0,0
2,2,1,7,1,8,0,0,90,0,0
2,2,0,9,0,4,0,0,60,0,0
2,2,1,6,0,8,0,0,60,0,0
2,2,0,7,0,4,0,0,90,0,0
2,2,1,12,0,6,0,0,60,0,0
2,2,1,7,0,5,0,0,120,0,1
2,2,1,12,1,0,0,0,90,0,1
2,2,1,11,0,3,0,0,90,0,1
2,2,0,12,1,1,0,0,60,0,1
2,2,1,7,1,7,0,0,60,0,0
2,2,1,6,1,3,0,0,120,0,0
2,2,1,4,0,5,0,0,60,0,0
2,2,1,3,0,6,0,0,60,0,1
2,2,1,8,1,7,0,0,60,0,1
2,2,1,3,0,0,0,0,90,0,0
2,2,1,6,1,6,0,0,150,0,0
2,2,1,8,0,2,1,0,120,0,0
2,2,1,7,0,5,0,0,90,0,1
2,2,0,9,0,1,0,0,120,0,0
2,2,1,6,0,4,0,0,90,0,0
2,2,0,4,1,0,0,0,150,1,0
2,2,1,12,1,3,0,0,240,0,1
2,2,0,2,0,10,0,0,90,0,0
2,2,0,6,1,9,0,0,90,0,1
2,2,1,0,0,2,0,0,60,0,1
2,2,0,11,0,1,1,0,120,0,1
2,2,1,11,1,5,0,0,90,0,1
2,2,1,0,0,6,1,0,60,0,1
2,2,1,10,1,2,1,0,60,0,0
2,2,0,10,0,8,0,0,90,0,0
2,2,1,10,0,4,0,0,150,0,0
2,2,0,7,0,9,0,0,120,0,0
2,2,1,4,0,1,0,0,120,0,0
2,2,0,4,0,0,1,0,120,0,0
2,2,1,0,0,8,0,0,60,0,0
2,2,1,0,0,3,0,0,120,0,0
2,2,0,11,0,9,0,0,60,0,0
2,2,1,8,1,8,0,0,60,0,0
2,2,0,1,0,0,0,0,60,0,0
2,2,1,0,1,0,0,0,120,0,0
2,2,1,6,0,5,0,0,90,0,1
2,2,0,10,0,2,0,0,90,0,0
2,2,1,4,1,1,0,0,120,0,1
2,2,1,4,0,10,0,0,60,0,0
2,2,1,11,1,3,0,0,90,0,1
2,2,1,4,0,1,0,0,60,0,1
2,2,0,11,0,4,1,0,120,0,0
2,2,0,0,1,1,0,0,120,0,0
2,2,0,1,0,7,0,0,60,0,1
2,2,0,2,0,6,0,0,150,0,0
2,2,1,0,0,7,0,0,180,0,1
2,2,1,11,0,1,0,0,90,0,0
2,2,1,10,1,2,1,0,135,0,0
2,2,1,7,1,2,0,0,180,0,1
2,2,1,8,1,6,0,0,90,0,1
2,2,1,12,1,0,0,0,150,0,1
2,2,1,10,0,2,0,0,120,1,0
2,2,1,0,1,8,0,0,120,1,1
2,2,1,8,0,9,0,0,60,1,1
2,2,1,11,0,0,0,0,120,0,1
2,2,0,1,0,7,0,0,90,0,0
2,2,1,11,0,7,0,0,150,0,1
2,2,1,3,1,1,0,0,90,0,1
2,2,1,0,0,9,0,0,120,0,0
2,2,1,7,1,6,0,0,60,0,1
2,2,1,4,1,2,0,0,60,0,1
2,2,1,6,1,4,0,0,90,0,0
2,2,1,3,0,1,0,0,90,0,0
2,2,1,4,1,1,1,0,60,0,1
2,2,1,0,0,3,0,0,60,0,1
2,2,1,0,1,4,1,0,90,0,0
2,2,1,1,1,8,0,0,180,0,1
2,2,1,0,0,9,0,0,60,0,0
2,2,1,0,1,7,0,0,60,0,1
2,2,1,3,0,3,0,0,30,0,0
2,2,1,5,0,2,0,0,150,0,1
2,2,1,6,0,4,0,0,150,0,1
2,2,0,5,0,3,1,0,120,0,1
2,2,1,8,0,4,0,0,120,1,1
2,2,0,11,1,1,0,0,180,0,1
2,2,1,3,1,4,0,0,120,0,0
2,2,1,5,0,0,0,0,60,0,1
2,2,1,0,0,7,0,0,60,0,0
2,2,1,7,0,4,0,0,120,0,0
2,2,1,9,0,6,0,0,60,0,0
2,2,1,0,0,9,0,0,60,0,0
2,2,1,6,0,9,0,0,60,0,0
2,2,1,8,0,8,0,0,60,0,1
2,2,1,9,0,6,0,0,90,1,0
2,2,0,9,0,4,0,0,90,0,0
2,2,1,1,0,8,0,0,90,0,0
2,2,1,8,1,2,0,0,60,0,0
2,2,1,0,0,8,0,0,60,0,1
2,2,0,0,1,5,0,0,60,1,0
2,2,1,1,0,7,0,0,60,1,0
2,2,0,7,0,5,0,0,120,0,1
2,2,1,8,0,9,0,0,120,0,1
2,2,1,0,1,8,0,0,60,0,1
2,2,1,8,0,8,0,0,90,0,1
2,2,1,6,1,6,1,0,90,0,1
2,2,1,3,0,9,0,0,60,0,0
2,2,0,3,1,7,1,0,90,0,1
2,2,1,0,1,8,0,0,120,0,0
2,2,1,9,1,6,0,0,60,0,1
2,2,1,1,0,2,0,0,60,0,0
2,2,1,5,0,5,0,0,60,0,0
2,2,0,1,1,6,1,0,90,1,1
2,2,1,12,1,7,0,0,60,0,1
2,2,0,3,1,2,0,0,240,0,1
2,2,1,7,1,5,0,0,90,0,0
2,2,1,11,0,7,1,0,120,0,0
2,2,1,10,1,6,1,0,60,0,0
2,2,1,4,1,6,0,0,90,0,0
2,2,1,0,1,6,1,0,90,0,1
2,2,1,1,0,6,0,0,120,0,1
2,2,1,4,1,7,0,0,60,0,1
2,2,0,10,0,6,0,0,150,0,0
2,2,1,5,1,4,0,0,60,0,1
2,2,1,6,1,2,0,0,120,0,1
2,2,1,4,0,10,0,0,60,0,1
2,2,1,7,1,2,0,0,90,1,1
2,2,0,9,1,3,0,0,90,0,0
2,2,0,11,0,4,0,0,60,0,1
2,2,0,1,0,6,0,0,60,1,0
2,2,1,2,0,5,0,0,60,0,1
2,2,1,6,0,8,0,0,60,0,1
2,2,1,6,0,7,0,0,90,0,0
2,2,1,6,1,6,1,0,60,0,1
2,2,1,6,0,3,0,0,120,0,0
2,2,1,7,1,4,0,0,60,0,0
2,2,1,0,1,3,0,0,90,0,1
2,2,0,11,0,4,0,0,60,0,0
2,2,1,6,0,8,0,0,90,0,1
2,2,1,12,1,6,0,0,60,0,1
2,2,1,6,0,8,1,0,60,0,0
2,2,1,5,1,0,0,0,60,0,1
2,2,1,4,1,7,0,0,90,0,1
2,2,1,11,0,1,0,0,60,0,1
2,2,1,2,0,9,0,0,150,0,1
2,2,1,8,1,9,0,0,60,0,0
2,2,1,5,0,5,0,0,120,0,0
2,2,1,11,1,2,0,0,90,0,1
2,2,1,8,1,6,0,0,60,0,0
2,2,0,3,0,4,0,0,120,0,1
2,2,1,12,0,8,0,0,150,0,1
2,2,0,5,0,1,0,0,120,1,1
2,2,1,1,0,4,0,0,90,0,1
2,2,1,0,0,8,1,0,120,0,1
2,2,1,6,0,7,0,0,60,0,1
2,2,1,6,0,3,1,0,60,0,1
2,2,1,12,0,8,0,0,60,0,0
2,2,1,6,0,9,1,0,90,0,1
2,2,1,5,0,2,0,0,120,0,0
2,2,1,10,0,1,0,0,60,0,0
2,2,1,10,0,1,0,0,60,0,0
2,2,1,12,1,0,0,0,60,0,0
2,2,1,5,0,5,0,0,60,0,0
2,2,1,12,0,7,0,0,60,0,0
2,2,1,5,0,8,0,0,90,0,1
2,2,1,10,0,1,1,0,60,0,1
2,2,1,8,0,1,1,0,60,0,0
2,2,1,9,1,9,0,0,60,1,0
2,2,1,7,0,2,0,0,90,1,1
2,2,1,11,0,6,0,0,120,0,1
2,2,0,5,1,4,0,0,90,0,1
2,2,1,6,1,3,0,0,90,0,0
2,2,1,1,0,7,0,0,120,1,0
2,2,1,6,0,9,1,0,60,0,0
2,2,0,6,0,6,0,0,120,0,0
2,2,1,9,0,1,1,0,90,0,1
2,2,1,7,1,5,0,0,60,0,0
2,2,1,1,0,8,1,0,60,0,1
2,2,1,12,0,0,0,0,90,0,0
2,2,1,1,0,6,0,0,120,0,1
2,2,0,4,0,3,0,0,60,0,0
2,2,1,12,0,6,0,0,60,0,0
2,2,1,9,0,8,0,0,120,0,0
2,2,1,12,1,4,0,0,60,0,1
2,2,1,3,1,2,0,0,120,0,1
2,2,1,6,0,5,1,0,105,0,1
2,2,1,3,1,4,0,0,240,0,0
2,2,0,5,0,7,0,0,60,0,1
2,2,0,7,1,4,0,0,60,0,1
2,2,1,12,0,3,0,0,90,0,0
2,2,0,12,1,1,0,0,120,0,0
2,2,1,0,1,8,0,0,90,0,0
2,2,1,11,0,2,0,0,60,0,0
2,2,1,7,1,4,0,0,60,0,1
2,2,1,5,0,1,0,0,90,0,0
2,2,1,1,1,6,1,0,120,0,1
2,2,0,0,0,2,0,0,120,0,0
2,2,0,8,0,9,0,0,240,0,0
2,2,1,6,0,3,0,0,90,0,1
2,2,0,6,0,9,0,0,60,0,0
2,2,1,3,2,2,0,0,120,0,1
2,2,1,8,0,9,1,0,90,0,1
2,2,0,3,1,2,0,0,90,0,0
2,2,1,4,0,4,0,0,60,0,0
2,2,1,12,0,6,0,0,120,0,0
2,2,1,6,0,9,0,0,90,0,0
2,2,1,6,0,5,0,0,90,0,1
2,2,1,6,1,1,0,0,90,0,0
2,2,1,1,0,7,0,0,120,1,1
2,2,1,1,1,4,0,0,90,1,0
2,2,1,6,1,2,1,0,90,0,0
2,2,1,8,0,7,0,0,60,0,0
2,2,1,11,1,9,0,0,60,0,1
2,2,0,10,1,3,0,0,90,0,1
2,2,1,10,0,0,0,0,60,0,1
2,2,1,1,1,2,0,0,60,0,1
2,2,1,2,0,10,0,0,60,0,0
2,2,1,5,0,7,0,0,90,0,1
2,2,1,10,0,6,0,0,60,0,0
2,2,1,12,0,2,0,0,60,0,0
2,2,1,5,0,7,0,0,60,0,1
2,2,1,5,0,1,1,0,60,0,1
2,2,1,8,1,4,0,0,180,0,0
2,2,1,9,1,3,1,0,180,0,1
2,2,1,8,0,8,0,0,90,0,1
2,2,1,6,0,9,0,0,60,0,0
2,2,0,0,1,6,0,0,90,0,1
2,2,1,5,0,0,0,0,60,0,0
2,2,1,9,0,7,0,0,60,0,1
2,2,0,8,0,7,1,0,30,0,0
2,2,1,3,0,3,0,0,210,0,0
2,2,1,0,0,4,1,0,60,0,0
2,2,1,6,1,6,0,0,60,0,1
2,2,1,9,0,6,0,0,60,0,0
2,2,1,3,0,2,0,0,90,0,1
2,2,1,11,0,3,0,0,60,0,0
2,2,1,6,0,8,0,0,90,0,1
2,2,1,7,0,5,0,0,60,0,1
2,2,0,0,0,7,0,0,210,1,1
2,2,0,12,1,8,0,0,90,0,0
2,2,0,12,0,3,1,0,90,0,0
2,2,1,6,0,4,0,0,90,0,0
2,2,1,11,1,6,0,0,60,0,0
2,2,1,10,1,4,0,0,60,0,0
2,2,1,12,0,4,0,0,90,0,0
2,2,1,5,0,5,0,0,60,0,1
2,2,1,6,1,2,0,0,120,0,0
2,2,1,9,0,4,0,0,60,0,1
2,2,1,5,0,4,0,0,60,0,1
2,2,1,9,0,8,0,0,60,0,1
2,2,1,11,0,10,1,0,60,0,1
2,2,1,11,0,8,0,0,120,0,1
2,2,1,6,1,6,0,0,60,0,0
2,2,1,12,0,9,0,0,90,0,1
2,2,1,1,1,8,0,0,120,0,0
2,2,1,11,1,2,0,0,90,0,1
2,2,1,10,0,7,0,0,90,1,0
2,2,1,8,0,9,0,0,90,0,0
2,2,1,8,1,7,0,0,60,0,1
2,2,1,4,0,1,0,0,60,0,1
2,2,0,3,0,4,0,0,90,0,0
2,2,1,8,0,3,1,0,60,0,0
2,2,1,3,0,4,0,0,90,0,0
2,2,1,0,0,6,0,0,60,0,1
2,2,1,5,1,0,0,0,60,0,1
2,2,1,12,0,1,0,0,60,0,1
2,2,0,1,0,9,0,0,90,0,1
2,2,1,6,0,5,0,0,60,0,0
2,2,0,0,0,6,0,0,60,1,0
2,2,0,1,0,2,0,0,90,0,1
2,2,1,0,0,1,0,0,150,0,0
2,2,1,8,0,9,0,0,60,1,1
2,2,0,5,1,4,0,0,90,0,0
2,2,1,9,0,6,1,0,60,0,1
2,2,1,5,0,2,0,0,90,0,0
2,2,1,0,0,7,0,0,60,0,0
2,2,1,11,1,10,0,0,60,0,0
2,2,1,8,1,9,0,0,90,0,1
2,2,1,1,0,1,1,0,90,0,0
2,2,0,8,0,9,0,0,60,0,1
2,2,1,6,0,2,0,0,90,0,0
2,2,0,4,0,10,0,0,90,0,1
2,2,0,3,0,5,0,0,180,1,1
2,2,1,4,1,1,0,0,60,0,1
2,2,1,3,1,1,0,0,90,0,1
2,2,1,10,0,6,0,0,60,0,0
2,2,1,6,1,4,0,0,60,0,1
2,2,1,8,0,8,0,0,60,0,0
2,2,1,3,0,3,0,0,150,1,1
2,2,0,5,1,3,0,0,150,0,0
2,2,0,4,0,1,0,0,90,0,1
2,2,1,9,1,5,1,0,60,0,1
2,2,1,8,0,8,0,0,60,0,0
2,2,1,5,1,4,0,0,60,0,0
2,2,1,5,1,5,0,0,60,0,0
2,2,1,5,0,3,0,0,60,0,1
2,2,0,5,0,3,0,0,120,1,1
2,2,1,3,0,6,0,0,150,0,1
2,2,1,1,0,4,0,0,120,0,0
2,2,1,0,1,0,0,0,120,0,1
2,2,1,3,1,9,1,0,60,0,1
2,2,1,6,1,8,0,0,60,0,1
2,2,1,2,0,10,1,0,120,0,0
2,2,1,8,1,6,0,0,60,0,1
2,2,1,6,0,2,0,0,60,0,0
2,2,1,8,0,5,0,0,90,0,0
2,2,1,8,0,9,0,0,120,0,0
2,2,0,9,0,4,0,0,60,0,1
2,2,1,11,0,9,1,0,120,0,0
2,2,1,0,1,4,0,0,60,0,1
2,2,1,11,1,1,0,0,60,0,0
2,2,1,4,1,10,0,0,90,0,0
2,2,1,4,1,4,0,0,60,0,0
2,2,1,0,1,6,0,0,120,0,1
2,2,1,9,0,2,0,0,60,0,0
2,2,1,2,1,10,1,0,60,0,0
2,2,1,11,0,0,1,0,30,0,0
2,2,1,6,0,4,0,0,120,0,1
2,2,1,3,0,5,0,0,90,0,1
2,2,1,8,1,3,0,0,60,0,0
2,2,1,5,0,0,0,0,60,0,0
2,2,1,7,0,7,0,0,60,0,1
2,2,1,10,1,3,0,0,60,0,1
2,2,1,7,1,5,1,0,60,0,1
2,2,1,9,0,1,0,0,60,0,0
2,2,1,10,0,2,0,0,60,0,0
2,2,1,3,0,2,0,0,60,0,0
2,2,1,5,1,0,0,0,90,0,1
2,2,1,8,0,5,0,0,60,0,1
2,2,0,11,1,7,0,0,60,0,0
2,2,1,3,0,2,1,0,120,0,1
2,2,1,2,0,8,0,0,60,0,0
2,2,0,0,0,3,0,0,30,0,1
2,2,1,10,1,1,0,0,90,0,0
2,2,1,0,0,9,0,0,120,0,1
2,2,1,1,1,1,0,0,120,1,1
2,2,1,6,1,9,0,0,90,0,0
2,2,1,0,1,7,0,0,60,0,0
2,2,1,7,1,9,0,0,90,0,1
2,2,0,12,1,0,0,0,60,0,0
2,2,1,8,1,5,1,0,120,1,1
2,2,0,5,1,0,0,0,60,0,1
2,2,0,8,0,7,0,0,60,0,0
2,2,1,3,2,0,0,0,120,0,1
2,2,1,6,0,0,0,0,90,1,1
2,2,0,0,0,6,0,0,90,0,0
2,2,1,3,1,1,0,0,60,0,1
2,2,0,7,1,7,0,0,60,0,0
2,2,1,12,0,0,0,0,60,1,0
2,2,1,0,1,3,0,0,60,0,0
2,2,0,0,0,1,0,0,180,0,0
2,2,1,5,0,3,0,0,60,1,0
2,2,1,4,1,5,0,0,90,0,0
2,2,1,10,1,7,1,0,60,0,1
2,2,1,0,0,5,0,0,60,0,1
2,2,1,5,1,0,0,0,60,0,0
2,2,0,3,1,0,0,0,60,0,0
2,2,0,0,1,2,0,0,120,0,1
2,2,1,8,0,0,0,0,60,0,0
2,2,0,11,0,1,0,0,30,0,0
2,2,0,8,1,3,0,0,60,0,0
2,2,1,6,1,2,0,0,60,0,0
2,2,1,6,1,7,0,0,30,0,0
2,2,1,4,1,2,0,0,60,0,1
2,2,0,0,1,6,0,0,90,0,1
2,2,1,1,0,1,0,0,60,0,1
2,2,1,9,0,7,0,0,60,0,0
2,2,1,8,1,5,0,0,30,0,0
2,2,1,1,1,7,0,0,90,0,1
2,2,1,5,1,0,0,0,90,0,1
2,2,1,11,0,0,0,0,60,0,1
2,2,1,4,0,0,1,0,60,0,0
2,2,1,8,0,6,0,0,90,1,1
2,2,1,1,0,1,0,0,60,0,1
2,2,1,1,1,8,0,0,60,0,1
2,2,0,9,0,8,0,0,90,1,1
2,2,1,8,1,1,0,0,90,0,0
2,2,1,11,1,1,0,0,60,0,1
2,2,1,7,1,4,0,0,90,1,1
2,2,0,10,1,0,0,0,60,0,0
2,2,1,11,1,6,1,0,30,0,1
2,2,1,5,0,6,0,0,60,0,1
2,2,1,12,0,3,0,0,60,0,0
2,2,1,8,0,8,0,0,60,0,0
2,2,1,3,0,4,1,0,60,0,0
2,2,0,6,0,5,0,0,60,0,1
2,2,1,8,0,10,0,0,60,0,0
2,2,1,10,0,0,0,0,30,0,0
2,2,1,5,0,0,0,0,60,1,1
2,2,1,9,1,8,0,0,90,0,1
2,2,1,6,0,6,0,0,60,0,0
2,2,1,5,1,2,0,0,120,1,1
2,2,1,4,0,10,0,0,90,0,1
2,2,1,10,0,3,0,0,75,0,1
2,2,1,8,1,4,0,0,60,0,1
2,2,1,5,1,0,0,0,60,0,0
2,2,1,8,1,9,0,0,60,0,0
2,2,1,9,1,1,0,0,120,1,1
2,2,1,8,0,8,0,0,60,0,0
2,2,1,3,0,3,0,0,60,0,1
2,2,1,12,0,0,0,0,60,0,1
2,2,1,5,0,7,0,0,60,0,1
2,2,0,9,0,3,0,0,90,1,1
2,2,1,9,0,8,0,0,60,0,1
2,2,1,3,0,3,0,0,90,0,1
2,2,1,12,0,3,0,0,60,0,0
2,2,1,0,1,3,0,0,60,1,1
2,2,1,5,1,7,0,0,60,0,1
2,2,1,12,0,6,1,0,60,0,0
2,2,1,3,0,4,1,0,90,0,1
2,2,1,5,1,0,0,0,90,0,1
2,2,1,6,1,7,0,0,60,0,1
2,2,0,12,0,1,0,0,120,0,1
2,2,0,8,0,8,0,0,90,0,0
2,2,1,8,1,9,1,0,60,1,0
2,2,1,3,1,0,0,0,120,0,1
2,2,0,9,0,5,0,0,60,0,0
2,2,0,7,0,8,0,0,120,0,0
2,2,1,1,0,3,0,0,30,0,1
2,2,1,3,0,1,0,0,90,0,1
2,2,1,4,0,3,0,0,60,0,1
2,2,0,3,0,2,1,0,90,0,0
2,2,1,9,0,0,0,0,60,0,1
2,2,1,0,0,1,0,0,60,0,0
2,2,0,3,1,1,0,0,60,0,0
2,2,1,1,0,7,0,0,60,0,0
2,2,1,0,0,0,0,0,90,0,0
2,2,1,11,0,7,0,0,60,1,0
2,2,1,11,0,8,0,0,60,0,0
2,2,1,5,1,5,1,0,60,0,0
2,2,0,1,1,5,1,0,90,0,1
2,2,1,7,0,3,0,0,60,0,0
2,2,0,1,1,3,0,0,30,0,1
2,2,1,3,0,5,1,0,60,0,0
2,2,1,3,0,2,1,0,90,0,1
2,2,1,6,1,7,0,0,60,0,0
2,2,1,3,0,3,0,0,90,0,1
2,2,0,4,1,0,1,0,60,0,0
2,2,1,11,0,1,0,0,60,0,0
2,2,1,8,1,9,0,0,60,0,1
2,2,0,3,0,3,1,0,60,0,0
2,2,1,5,1,0,0,0,60,0,0
2,2,1,3,0,3,0,0,90,0,0
2,2,0,9,0,5,0,0,120,0,1
2,2,1,8,0,9,0,0,60,0,0
2,2,1,1,1,2,0,0,60,0,1
2,2,0,0,1,3,0,0,60,0,0
2,2,1,7,0,7,0,0,30,1,0
2,2,0,7,0,1,0,0,60,0,0
2,2,1,6,0,9,0,0,30,0,0
2,2,1,7,1,7,0,0,60,0,1
2,2,0,5,1,0,0,0,60,1,0
2,2,1,12,1,5,0,0,60,0,1
2,2,0,5,0,0,0,0,120,0,1
2,2,1,6,0,5,1,0,60,0,0
2,2,1,6,1,0,0,0,60,0,1
2,2,1,5,1,6,0,0,60,0,1
2,2,1,0,0,2,1,0,60,0,1
2,2,1,4,0,7,0,0,60,0,1
2,2,1,5,0,0,0,0,60,0,0
2,2,1,8,0,2,0,0,90,0,1
2,2,0,11,0,10,0,0,60,0,0
2,2,1,4,1,10,0,0,60,0,1
2,2,1,0,0,4,1,0,60,0,0
2,2,1,9,0,8,0,0,60,0,0
2,2,1,6,1,0,1,0,60,0,1
2,2,1,3,0,1,0,0,60,0,0
2,2,1,6,0,9,0,0,90,0,1
2,2,1,8,1,7,0,0,60,0,1
2,2,1,9,0,7,0,0,90,0,1
2,2,1,0,0,4,0,0,30,0,0
2,2,1,5,0,2,0,0,60,0,0
2,2,1,9,0,4,0,0,60,0,1
2,2,1,1,1,2,0,0,60,0,1
2,2,1,11,0,5,0,0,60,1,0
2,2,0,0,1,6,0,0,60,0,1
2,2,1,0,1,0,0,0,60,0,0
2,2,0,7,0,3,0,0,60,0,0
2,2,1,8,1,8,0,0,90,0,1
2,2,1,6,0,3,0,0,90,0,1
2,2,1,10,1,8,0,0,90,0,1
2,2,1,5,0,0,0,0,60,0,1
2,2,1,12,0,5,0,0,60,0,1
2,2,1,8,1,9,0,0,120,0,1
2,2,1,1,1,6,1,0,60,0,0
2,2,1,10,0,8,0,0,60,0,1
2,2,1,6,0,5,0,0,90,0,1
2,2,1,11,0,7,0,0,60,0,0
2,2,1,11,0,0,0,0,60,0,0
2,2,1,3,1,7,0,0,60,0,1
2,2,0,0,0,6,0,0,60,0,0
2,2,1,11,0,4,0,0,60,0,0
2,2,1,8,1,9,0,0,60,0,0
2,2,1,10,1,2,0,0,90,0,1
2,2,1,6,0,5,0,0,30,0,0
2,2,1,1,0,6,0,0,60,0,0
2,2,0,3,1,1,0,0,120,0,1
2,2,1,0,1,6,0,0,60,0,1
2,2,0,12,1,5,0,0,90,0,1
2,2,1,12,0,4,0,0,60,0,0
2,2,0,9,1,6,0,0,60,0,0
2,2,1,5,0,6,0,0,60,0,0
2,2,1,11,1,10,0,0,60,0,0
2,2,1,6,0,3,0,0,30,0,0
2,2,0,5,0,0,0,0,60,0,0
2,2,0,0,1,3,0,0,30,0,1
2,2,1,8,1,8,0,0,60,0,1
2,2,1,10,1,5,1,0,60,0,1
2,2,1,0,1,2,0,0,30,1,1
2,2,1,11,0,10,0,0,60,0,0
2,2,1,1,1,8,0,0,60,0,1
2,2,1,11,0,1,0,0,60,0,1
2,2,1,7,0,1,1,0,30,0,0
2,2,1,3,0,7,0,0,60,0,1
2,2,1,8,1,1,0,0,60,0,1
2,2,1,6,0,9,0,0,120,1,0
2,2,0,8,0,2,1,0,60,0,1
2,2,1,3,0,0,0,0,60,0,1
2,2,0,5,0,8,0,0,60,0,1
2,2,1,1,0,1,1,0,60,0,0
2,2,1,9,1,0,0,0,120,0,1
2,2,0,5,0,1,0,0,30,0,0
2,2,1,7,1,7,0,0,60,0,1
2,2,1,6,1,4,0,0,60,0,1
2,2,1,0,0,6,0,0,30,0,0
2,2,1,10,0,3,0,0,60,0,1
2,2,1,0,0,5,0,0,60,0,1
2,2,1,6,0,2,0,0,90,0,0
2,2,1,4,1,10,1,0,30,0,0
2,2,0,6,1,7,1,0,90,0,1
2,2,1,6,0,6,0,0,90,1,1
2,2,1,4,1,5,0,0,90,0,1
2,2,1,3,0,2,1,0,90,0,1
2,2,1,9,0,7,0,0,90,0,1
2,2,1,11,0,0,0,0,60,0,1
2,2,1,11,1,2,0,0,60,0,0
2,2,1,10,0,4,0,0,90,0,0
2,2,1,7,0,8,0,0,60,0,1
2,2,0,5,1,4,0,0,60,0,1
2,2,0,3,1,4,0,0,90,0,0
2,2,1,12,0,3,1,0,60,0,1
2,2,1,12,1,5,0,0,60,0,1
2,2,0,5,0,1,0,0,90,1,1
2,2,0,8,0,3,0,0,60,0,0
2,2,1,5,0,1,0,0,120,0,1
2,2,1,10,0,0,0,0,90,0,0
2,2,1,7,1,9,0,0,60,0,0
2,2,1,7,0,7,0,0,90,1,1
2,2,1,7,1,7,0,0,60,0,1
2,2,1,11,1,6,0,0,90,0,0
2,2,1,3,0,2,1,0,30,0,0
2,2,1,9,0,6,0,0,60,0,1
2,2,1,5,1,0,1,0,60,1,1
2,2,1,5,1,0,0,0,60,0,0
2,2,1,6,1,4,1,0,60,0,1
2,2,1,3,0,5,0,0,60,0,0
2,2,1,7,1,1,0,0,60,0,0
2,2,1,2,0,5,0,0,90,0,0
2,2,1,8,1,7,0,0,90,0,0
2,2,0,1,0,6,0,0,90,0,1
2,2,1,9,0,6,0,0,60,0,0
2,2,1,12,0,4,0,0,60,0,0
2,2,1,1,0,3,1,0,60,0,1
2,2,1,4,1,1,0,0,90,0,1
2,2,0,1,1,2,0,0,90,0,1
2,2,1,5,1,2,0,0,120,0,0
2,2,1,0,0,3,0,0,60,0,0
2,2,0,0,0,6,0,0,90,0,0
2,2,1,3,0,0,1,0,60,0,0
2,2,1,4,0,1,0,0,60,0,1
2,2,0,0,0,6,0,0,60,0,0
2,2,1,1,1,7,0,0,60,0,0
2,2,1,5,0,0,0,0,60,0,1
2,2,1,4,0,4,0,0,60,1,0
2,2,1,6,0,3,0,0,120,0,0
2,2,0,8,0,4,0,0,60,0,1
2,2,1,12,1,7,0,0,60,0,1
2,2,1,6,0,8,0,0,90,0,1
2,2,1,3,0,4,0,0,60,0,0
2,2,1,6,1,1,0,0,60,0,0
2,2,1,0,0,1,0,0,90,0,1
2,2,1,8,0,4,0,0,60,1,0
2,2,1,5,0,2,0,0,90,0,1
2,2,1,8,0,5,0,0,60,0,0
2,2,1,3,1,1,0,0,120,0,0
2,2,1,12,0,3,0,0,60,0,0
2,2,1,11,0,1,1,0,60,0,0
2,2,1,6,1,9,1,0,30,0,0
2,2,1,4,1,10,0,0,90,0,1
2,2,0,3,0,2,0,0,60,1,1
2,2,1,6,0,6,0,0,60,0,0
2,2,1,5,0,5,0,0,60,0,0
2,2,1,3,0,5,0,0,90,0,1
2,2,0,11,1,6,1,0,60,0,1
2,2,1,12,0,3,1,0,60,0,1
2,2,1,11,1,6,1,0,60,0,1
2,2,0,8,0,6,0,0,60,0,1
2,2,1,9,0,5,0,0,60,0,1
2,2,0,9,1,4,0,0,150,0,1
2,2,1,2,0,2,0,0,60,0,0
2,2,1,5,0,8,0,0,60,0,0
2,2,1,3,0,2,0,0,60,0,1
2,2,1,3,0,9,0,0,60,0,0
2,2,0,11,0,4,0,0,90,0,1
2,2,0,4,0,2,0,0,60,0,1
2,2,1,8,1,8,0,0,60,0,0
2,2,1,6,0,9,0,0,60,0,0
2,2,1,10,0,7,0,0,30,1,0
2,2,1,10,0,5,0,0,30,0,0
2,2,1,12,1,2,0,0,120,0,1
2,2,0,11,0,0,0,0,60,0,1
2,2,1,8,0,4,0,0,120,0,1
2,2,0,3,1,2,0,0,30,0,0
2,2,1,3,0,2,0,0,90,0,1
2,2,1,3,0,7,0,0,60,0,1
2,2,0,11,0,7,0,0,60,0,0
2,2,1,4,1,10,0,0,30,0,1
2,2,1,8,1,9,0,0,30,1,1
2,2,0,3,0,9,1,0,60,0,0
2,2,0,6,0,2,0,0,60,0,0
2,2,1,0,1,2,0,0,120,0,1
2,2,1,12,0,7,0,0,60,0,0
2,2,1,9,2,2,0,0,60,0,0
2,2,1,1,0,4,0,0,60,0,0
2,2,1,7,0,8,0,0,60,0,0
2,2,0,5,0,7,0,0,90,0,0
2,2,1,7,1,6,0,0,90,0,1
2,2,1,5,0,0,0,0,60,0,0
2,2,1,11,0,5,0,0,60,0,1
2,2,1,5,1,5,0,0,60,0,1
2,2,1,0,1,9,0,0,30,0,0
2,2,1,4,0,10,0,0,30,1,0
2,2,1,12,0,0,0,0,60,0,0
2,2,1,12,0,7,0,0,60,0,0
2,2,1,10,0,0,0,0,60,0,1
2,2,0,4,1,10,0,0,60,0,0
2,2,1,4,1,4,0,0,60,0,1
2,2,0,5,0,7,0,0,30,0,0
2,2,1,6,0,2,0,0,60,0,0
2,2,1,9,2,3,0,0,90,0,1
2,2,1,9,0,7,0,0,60,0,1
2,2,0,9,0,4,0,0,60,1,0
2,2,1,11,0,9,0,0,120,0,1
2,2,1,4,1,10,0,0,60,0,0
2,2,1,10,0,7,0,0,60,0,0
2,2,1,7,1,2,0,0,90,0,1
2,2,1,6,1,7,1,0,60,0,0
2,2,1,11,0,3,0,0,60,0,0
2,2,1,1,0,3,0,0,120,0,0
2,2,1,6,0,0,0,0,120,0,0
2,2,1,4,1,7,0,0,60,0,0
2,2,1,4,0,2,0,0,60,0,0
2,2,1,3,0,3,1,0,120,0,0
2,2,1,5,1,0,0,0,30,0,0
2,2,1,0,1,8,1,0,30,0,1
2,2,1,6,0,5,0,0,60,0,1
2,2,0,5,0,7,0,0,30,0,0
2,2,0,6,0,5,0,0,30,0,0
2,2,1,12,1,2,0,0,90,0,1
2,2,0,11,0,4,0,0,60,0,0
2,2,1,1,0,5,1,0,60,0,1
2,2,1,2,1,5,0,0,60,0,0
2,2,0,6,1,4,0,0,30,0,0
2,2,1,6,1,9,0,0,60,0,0
2,2,1,3,0,8,1,0,60,0,0
2,2,0,7,0,2,1,0,150,0,1
2,2,1,3,0,9,1,0,60,0,0
2,2,1,8,0,9,1,0,30,0,0
2,2,0,8,0,6,1,0,30,0,1
2,2,0,1,1,8,1,0,30,0,1
2,2,1,6,0,8,1,0,30,0,0
2,2,1,8,0,8,1,0,60,0,0
2,2,0,0,0,9,1,0,150,0,1
2,2,1,0,0,3,1,0,90,0,0
2,2,0,2,1,5,1,0,60,0,1
2,2,0,8,0,9,1,0,630,1,0
2,2,1,7,0,9,1,0,180,0,0
2,2,1,1,1,0,1,0,90,0,1
2,2,1,11,1,4,1,0,60,0,1
2,2,0,2,0,10,1,0,90,0,1
2,2,1,1,1,5,1,0,60,0,0
2,2,1,11,1,8,1,0,60,0,1
2,2,1,12,0,7,1,0,90,0,1
2,2,1,12,1,7,1,0,60,0,0
2,2,1,6,0,5,1,0,70,0,1
2,2,0,4,1,7,1,0,60,0,1
2,2,1,7,1,1,1,0,60,0,1
2,2,1,0,0,3,1,0,90,0,1
2,2,1,11,0,7,1,0,90,0,0
2,2,1,10,1,9,1,0,30,0,1
2,2,1,6,0,4,1,0,90,0,0
2,2,1,3,0,8,1,0,60,0,0
2,2,1,2,0,7,1,0,30,0,0
2,2,1,9,0,7,1,0,60,0,0
2,2,0,4,1,10,1,0,30,0,0
2,2,1,6,0,0,1,0,40,0,0
2,2,1,8,0,9,1,0,60,1,1
2,2,1,11,0,1,1,0,60,0,1
2,2,0,6,0,6,1,0,60,0,1
2,2,1,4,1,7,1,0,90,0,1
2,2,0,9,0,6,1,0,120,0,0
2,2,1,8,1,3,1,0,60,0,1
2,2,1,2,1,1,1,0,60,0,0
2,2,1,2,0,10,1,0,60,0,0
2,2,1,3,0,8,1,0,60,0,1
2,2,1,11,0,3,1,0,60,0,1
2,2,1,5,1,0,1,0,60,0,0
2,2,0,3,0,1,1,0,60,1,0
2,2,1,2,1,5,1,0,30,0,0
2,2,1,11,0,4,1,0,45,0,0
2,2,1,6,1,5,1,0,90,0,1
2,2,0,4,0,10,1,0,60,0,1
2,2,1,1,1,5,1,0,90,0,1
2,2,1,11,0,5,1,0,90,0,1
2,2,0,6,0,5,0,0,30,1,0
2,2,1,5,1,8,0,0,75,0,0
2,2,1,9,1,6,1,0,40,0,1
2,2,1,7,0,7,1,0,30,0,0
2,2,1,6,0,8,0,0,60,1,0
2,2,1,6,0,0,1,0,60,0,0
2,2,1,1,1,3,1,0,60,0,0
2,2,1,4,0,2,0,0,30,0,0
2,2,1,9,0,2,1,0,60,0,1
2,2,1,3,1,3,1,0,90,1,1
2,2,0,0,1,9,1,0,60,0,1
2,2,1,0,0,3,1,0,60,0,0
2,2,1,6,1,7,1,0,60,0,0
2,2,1,6,0,6,1,0,90,0,1
2,2,0,0,0,8,1,0,90,0,0
2,2,1,10,0,7,1,0,150,0,0
2,2,0,1,1,3,1,0,210,0,1
2,2,1,11,0,4,1,0,30,0,0
2,2,1,12,0,3,1,0,30,0,0
2,2,1,5,1,9,0,0,60,0,0
2,2,1,9,1,5,0,0,60,0,1
2,2,1,3,1,3,1,0,60,0,1
2,2,1,2,1,7,0,0,90,0,1
2,2,1,6,0,8,0,0,100,0,0
2,2,1,0,1,2,1,0,330,0,1
2,2,0,3,0,2,1,0,30,1,1
2,2,1,0,1,6,1,0,90,0,0
2,2,1,9,1,8,1,0,30,0,0
2,2,1,3,1,1,1,0,60,1,0
2,2,1,2,0,3,0,0,30,0,0
2,2,1,5,1,0,1,0,60,0,1
2,2,1,0,1,1,1,0,60,0,0
2,2,1,8,0,8,1,0,60,0,0
2,2,1,0,0,6,0,0,30,0,0
2,2,1,9,1,8,0,0,355,1,1
2,2,1,12,1,7,0,0,60,0,1
2,2,0,5,1,2,0,0,30,0,1
2,2,0,12,0,7,0,0,150,0,1
2,2,0,3,0,1,0,0,30,0,0
2,2,0,9,0,9,0,0,120,0,1
2,2,1,9,1,2,1,0,90,0,1
2,2,1,11,1,8,0,0,90,0,1
2,2,1,0,0,4,1,0,30,0,1
2,2,0,12,0,1,0,0,120,0,1
2,2,1,6,0,9,0,0,150,0,1
2,2,0,9,1,5,1,0,70,0,1
2,2,0,11,0,3,0,0,90,0,1
2,2,1,11,1,7,0,0,30,1,0
2,2,1,11,0,7,0,0,90,0,0
2,2,0,8,0,2,1,0,90,0,0
2,2,1,12,0,3,0,0,150,0,1
2,2,1,0,0,5,0,0,60,0,0
2,2,0,0,0,6,1,0,120,1,0
2,2,1,5,1,2,1,0,90,0,1
2,2,0,12,0,7,0,0,90,0,1
2,2,0,4,1,2,0,0,60,0,1
2,2,0,8,1,4,0,0,90,1,0
2,2,0,3,1,0,0,0,60,1,1
2,2,1,11,0,5,0,0,90,0,1
2,2,1,0,1,8,0,0,60,0,1
2,2,0,5,1,0,1,0,90,1,1
2,2,0,4,1,10,0,0,30,1,0
2,2,1,1,0,1,0,0,90,0,0
2,2,0,5,1,2,0,0,150,0,1
2,2,1,7,0,6,1,0,90,1,1
2,2,0,6,0,0,1,0,60,0,0
2,2,0,10,0,4,1,0,30,0,0
2,2,1,5,0,7,1,0,30,0,0
2,2,1,8,0,3,0,0,90,0,1
2,2,1,3,1,6,1,0,30,0,0
2,2,1,5,0,2,0,0,90,0,1
2,2,1,5,0,0,1,0,60,1,1
2,2,1,9,0,1,0,0,60,1,0
2,2,1,6,0,9,0,0,60,0,0
2,2,1,8,0,9,1,0,60,0,1
2,2,0,0,0,8,1,0,60,0,1
2,2,1,2,0,10,0,0,60,0,1
2,2,1,9,0,6,0,0,90,0,1
2,2,1,8,1,3,1,0,40,0,0
2,2,1,8,1,3,0,0,60,0,0
2,2,1,1,1,5,0,0,150,0,1
2,2,1,9,0,6,0,0,60,0,0
2,2,1,8,1,5,1,0,90,0,1
2,2,1,4,1,3,0,0,90,1,0
2,2,1,6,0,6,0,0,90,0,0
2,2,1,1,1,5,0,0,30,1,0
2,2,1,8,1,5,0,0,90,0,1
2,2,1,4,0,4,0,0,60,0,0
2,2,1,11,0,0,0,0,60,0,0
2,2,0,8,0,9,0,0,30,1,0
2,2,0,2,0,3,0,0,90,0,1
2,2,1,3,0,0,0,0,180,0,1
2,2,1,8,0,5,0,0,60,0,0
2,2,0,9,0,6,1,0,90,0,1
2,2,1,9,0,3,0,0,60,1,0
2,2,1,12,1,3,0,0,60,0,0
2,2,1,0,0,6,0,0,90,0,0
2,2,1,4,1,2,1,0,30,0,0
2,2,1,1,1,6,1,0,120,0,0
2,2,1,0,1,4,1,0,30,0,0
2,2,1,5,0,6,1,0,60,0,1
2,2,0,9,0,3,1,0,30,0,0
2,2,0,1,0,3,1,0,90,0,0
2,2,0,6,1,3,0,0,30,1,0
2,2,1,0,1,7,1,0,90,0,1
2,2,1,7,0,1,1,0,30,0,1
2,2,1,5,0,7,0,0,150,0,1
2,2,1,6,0,6,0,0,90,0,0
2,2,0,11,1,8,1,0,90,0,1
2,2,0,0,0,9,0,0,120,0,1
2,2,1,4,0,10,1,0,60,0,0
2,2,1,10,1,5,0,0,60,0,1
2,3,0,0,0,5,0,0,120,0,0
2,3,1,7,1,8,1,0,60,0,0
2,3,0,12,1,6,0,0,60,0,1
2,3,1,1,0,8,0,0,150,0,1
2,3,1,10,0,7,0,0,30,0,0
2,3,1,4,1,10,0,0,30,0,0
2,3,1,6,1,5,0,0,30,0,1
2,3,1,10,1,0,1,0,30,0,1
2,3,1,9,0,9,0,0,30,0,0
2,3,0,3,1,1,0,1,60,0,1
2,3,1,11,0,9,0,0,270,0,0
2,3,1,0,0,3,0,0,60,0,1
2,3,1,7,1,9,0,0,120,0,0
2,3,0,0,1,8,0,0,30,1,0
2,3,1,2,1,10,0,0,30,0,0
2,3,1,8,0,1,0,0,180,0,1
2,3,0,12,2,2,0,1,150,0,1
2,3,1,10,1,7,0,0,90,0,1
2,3,1,6,1,5,0,0,60,0,0
2,3,1,5,0,1,0,0,30,0,0
2,3,0,10,1,5,1,0,120,0,0
2,3,1,5,0,4,0,0,120,0,1
2,3,1,6,1,1,0,1,30,0,1
2,3,1,6,0,7,0,1,60,0,0
2,3,0,5,0,1,1,0,90,0,1
2,3,1,8,1,8,0,1,90,0,0
2,3,1,6,1,1,1,0,115,0,1
2,3,1,9,1,8,0,0,60,0,0
2,3,0,11,1,2,0,0,90,0,1
2,3,0,7,1,6,0,0,90,0,0
2,3,1,3,0,1,0,0,60,1,1
2,3,0,6,0,1,1,0,60,0,1
2,3,1,4,2,10,0,0,120,0,0
2,3,1,5,0,7,0,0,120,0,0
2,3,0,9,0,7,1,0,60,0,0
2,3,1,5,1,2,0,0,150,0,1
2,3,1,1,0,3,0,0,100,0,0
2,3,1,6,0,5,0,1,60,1,0
2,3,1,3,1,1,2,0,60,0,1
2,3,0,1,0,4,0,0,120,0,1
2,3,0,6,1,5,0,1,120,0,0
2,3,0,11,1,7,0,0,90,0,1
2,3,1,8,0,9,1,0,60,0,0
2,3,1,6,0,4,0,1,30,0,0
2,3,1,3,0,4,0,0,240,0,1
2,3,0,6,0,3,0,0,120,0,1
2,3,1,10,1,9,0,0,120,0,1
2,3,1,1,1,7,0,0,90,0,1
2,3,0,8,0,4,1,0,180,0,0
2,3,1,6,0,6,0,0,45,0,0
2,3,0,9,0,4,0,0,60,0,0
2,3,1,3,1,4,1,0,180,0,0
2,3,1,0,0,7,0,0,60,0,0
2,3,1,5,1,0,1,0,120,0,1
2,3,1,5,2,2,0,1,60,0,1
2,3,1,8,0,9,0,0,60,0,0
2,3,1,9,1,8,1,0,60,0,0
2,3,0,12,1,4,0,1,120,0,1
2,3,0,8,1,3,0,0,180,1,0
2,3,1,6,0,6,0,0,90,0,1
2,3,0,7,1,4,0,0,60,0,1
2,3,0,6,0,3,0,1,90,0,0
2,3,1,6,0,2,0,1,30,1,1
2,3,1,6,0,8,0,0,60,0,1
2,3,0,7,0,4,0,1,60,0,1
2,3,1,5,1,0,0,0,90,0,0
2,3,1,7,0,0,0,1,150,0,0
2,3,0,7,1,9,1,0,60,0,0
2,3,1,11,0,4,0,0,80,1,0
2,3,1,3,0,2,0,0,60,0,0
2,3,1,2,0,8,0,0,30,0,1
2,3,1,4,1,10,0,0,30,1,0
2,3,0,0,0,1,0,0,60,0,0
2,3,1,5,1,4,0,0,60,0,0
2,3,1,7,0,6,0,0,60,0,0
2,3,1,6,1,2,1,0,50,0,1
2,3,1,10,0,6,0,0,60,0,0
2,3,1,3,1,0,0,1,60,0,1
2,3,1,0,0,4,0,0,60,0,1
2,3,1,0,0,7,0,0,115,0,1
2,3,1,8,0,8,1,0,60,0,0
2,3,1,11,0,4,0,0,120,0,0
2,3,0,6,0,4,0,0,90,0,0
2,3,1,3,0,4,0,0,60,0,0
2,3,1,1,0,5,0,1,250,0,0
2,3,1,4,0,10,0,0,120,0,0
2,3,1,12,0,2,0,0,90,0,1
2,3,1,9,1,6,0,0,60,0,1
2,3,0,1,0,5,0,0,60,0,0
2,3,1,10,1,0,0,0,60,0,1
2,3,1,8,0,5,1,1,30,0,0
2,3,0,8,0,6,0,0,60,1,1
2,3,1,12,0,8,1,0,60,0,0
2,3,1,4,0,10,1,0,120,0,0
2,3,0,10,1,2,1,0,150,0,1
2,3,0,0,1,2,0,0,60,0,0
2,3,0,3,0,4,0,0,60,0,1
2,3,1,6,0,5,1,0,60,0,0
2,3,0,8,0,2,1,0,60,0,0
2,3,1,1,1,0,0,0,90,0,1
2,3,1,3,1,4,1,0,30,0,1
2,3,1,12,0,3,0,1,30,1,0
2,3,1,12,1,1,1,0,90,0,0
2,3,1,3,1,4,0,1,60,0,0
2,3,1,5,1,1,0,0,80,0,0
2,3,1,7,0,8,1,0,60,0,0
2,3,1,5,0,6,0,0,90,0,1
2,3,1,1,0,0,0,1,180,0,1
2,3,1,11,1,9,1,0,30,0,1
2,3,1,0,0,8,0,0,120,0,1
2,3,1,4,1,3,0,0,60,0,1
2,3,0,12,0,1,0,0,30,0,1
2,3,0,4,0,10,1,0,90,0,0
2,3,0,1,1,5,0,0,120,1,1
2,3,1,7,0,6,0,1,60,1,0
2,3,1,6,0,5,0,0,60,0,0
2,3,0,3,0,7,0,0,90,0,1
2,3,0,11,0,1,0,0,30,0,0
2,3,1,6,0,7,0,0,90,0,0
2,3,1,11,0,2,0,0,120,0,1
2,3,1,9,0,3,0,0,30,0,0
2,3,1,6,0,4,0,0,150,0,0
2,3,1,7,0,8,0,0,90,0,1
2,3,0,3,1,1,1,0,60,0,0
2,3,1,5,0,4,0,0,120,0,1
2,3,0,4,0,3,0,0,60,0,1
2,3,1,5,1,5,0,0,60,0,1
2,3,1,3,0,0,0,0,120,0,0
2,3,0,1,0,2,0,0,120,0,1
2,3,1,9,1,5,0,1,60,0,0
2,3,0,9,1,8,1,0,30,0,0
2,3,1,11,0,5,0,0,60,0,0
2,3,1,11,0,3,0,0,60,0,0
2,3,0,8,0,3,0,1,120,1,1
2,3,1,7,0,6,0,0,60,0,0
2,3,1,9,0,3,0,0,30,0,0
2,3,0,5,1,0,0,0,120,1,1
2,3,1,0,0,9,0,0,30,0,0
2,3,1,12,1,0,0,0,60,0,1
2,3,1,0,1,6,0,0,110,0,1
2,3,0,12,1,8,0,1,30,0,1
2,3,1,6,0,9,0,0,120,0,1
2,3,1,0,1,7,0,0,60,0,0
2,3,1,2,0,4,0,0,30,0,1
2,3,1,3,0,4,0,0,120,0,1
2,3,0,3,1,2,0,0,90,0,1
2,3,0,9,0,2,0,1,60,0,1
2,3,1,11,1,2,0,0,60,0,1
2,3,1,11,1,0,0,0,60,1,0
2,3,0,0,1,6,0,0,90,0,0
2,3,1,8,1,3,1,0,60,0,0
2,3,1,5,1,2,1,0,270,0,1
2,3,1,1,1,8,0,0,150,0,1
2,3,1,8,1,7,0,0,60,0,0
2,3,1,11,0,1,0,0,30,0,0
2,3,0,5,1,0,0,0,90,0,0
2,3,1,8,1,2,1,0,30,0,1
2,3,1,0,0,5,0,0,60,0,0
2,3,0,2,0,2,0,0,30,0,1
2,3,1,1,0,8,0,0,60,0,0
2,3,0,1,0,0,0,1,60,0,0
2,3,1,9,1,8,1,0,30,0,0
2,3,1,12,1,1,1,1,30,0,0
2,3,1,0,1,2,1,0,30,0,1
2,3,1,0,0,8,0,0,60,1,1
2,3,0,5,1,4,0,0,30,0,0
2,3,1,10,1,0,0,1,30,1,0
2,3,1,3,1,6,1,0,90,0,1
2,3,1,1,1,2,0,0,60,0,0
2,3,1,5,0,5,0,0,90,0,0
2,3,0,9,0,5,0,0,130,0,1
2,3,0,3,0,4,0,0,60,1,1
2,3,1,3,0,2,1,0,120,0,0
2,3,1,11,0,6,1,1,60,0,1
2,3,0,3,1,6,0,0,60,0,0
2,3,0,12,0,6,0,0,60,0,0
2,3,1,10,1,0,1,0,60,0,0
2,3,1,11,1,0,0,1,30,0,0
2,3,1,4,0,1,0,0,120,0,1
2,3,0,9,0,8,0,1,90,0,0
2,3,0,8,1,3,0,0,90,0,1
2,3,1,5,2,2,0,0,120,0,1
2,3,1,11,0,6,2,0,60,0,0
2,3,1,10,1,3,0,0,90,0,1
2,3,1,1,0,8,0,0,90,0,0
2,3,1,12,1,1,0,0,30,0,0
2,3,1,3,1,3,0,0,150,0,1
2,3,1,6,0,5,0,0,90,0,0
2,3,0,10,0,0,1,0,30,0,0
2,3,0,7,1,2,0,0,180,0,0
2,3,0,1,0,1,0,0,30,0,1
2,3,1,0,1,6,0,0,30,0,0
2,3,0,8,0,8,1,0,120,0,0
2,3,1,3,0,2,0,0,150,1,1
2,3,1,1,0,4,0,0,120,1,1
2,3,1,1,1,3,1,0,30,0,0
2,3,1,1,1,1,0,0,60,0,0
2,3,1,7,0,4,0,0,150,0,1
2,3,1,9,0,7,1,0,30,0,0
2,3,0,5,1,0,0,0,120,1,1
2,3,0,9,0,3,0,0,30,0,0
2,3,1,8,1,2,0,0,180,0,1
2,3,0,0,1,7,1,0,30,0,1
2,3,1,10,0,5,0,0,60,0,0
2,3,0,0,1,6,1,0,60,0,0
2,3,1,1,0,0,0,0,30,0,0
2,3,1,11,0,3,1,0,60,0,0
2,3,0,3,0,4,0,1,90,0,0
2,3,1,6,0,5,0,1,120,0,1
2,3,1,9,1,2,0,0,60,0,1
2,3,0,8,1,3,0,0,120,0,1
2,3,1,3,0,6,0,1,60,0,1
2,3,1,7,0,8,1,0,60,0,0
2,3,1,11,0,1,0,0,90,0,0
2,3,1,5,0,3,0,0,60,0,1
2,3,1,11,0,0,0,0,60,0,0
2,3,0,2,0,0,0,0,60,0,0
2,3,1,11,0,6,0,0,60,0,0
2,3,1,11,1,2,0,0,150,0,1
2,3,0,3,1,0,0,0,60,1,1
2,3,1,4,0,1,1,0,120,0,1
2,3,0,5,1,4,0,1,60,1,0
2,3,1,3,0,2,0,0,60,0,1
2,3,0,8,1,2,1,0,120,0,0
2,3,1,3,0,2,0,0,90,0,1
2,3,1,10,1,1,0,0,30,1,1
2,3,0,0,1,2,0,0,210,0,1
2,3,0,3,2,5,0,0,60,0,1
2,3,0,10,1,0,0,0,30,0,0
2,3,1,11,0,2,0,0,90,0,1
2,3,1,1,1,3,0,0,120,0,1
2,3,1,10,0,2,1,0,30,0,0
2,3,1,11,0,7,0,0,90,0,0
2,3,1,1,0,6,1,0,60,0,0
2,3,1,6,0,3,0,0,60,0,0
2,3,0,8,1,9,1,0,60,0,0
2,3,1,11,0,3,1,0,60,0,0
2,3,0,6,0,4,0,0,30,0,0
2,3,0,3,0,3,0,0,120,0,0
2,3,1,8,1,6,0,0,60,0,1
2,3,1,0,0,4,0,0,30,0,0
2,3,1,5,0,1,0,0,30,0,0
2,3,0,12,0,7,0,0,90,0,0
2,3,1,3,0,4,1,0,60,1,1
2,3,1,0,0,8,0,0,60,0,0
2,3,0,1,0,2,0,1,60,0,1
2,3,1,0,0,6,0,0,30,0,0
2,3,1,0,1,7,0,0,30,1,0
2,3,1,8,1,2,0,0,60,1,0
2,3,1,1,1,4,0,1,60,0,0
2,3,0,2,0,0,0,0,90,0,1
2,3,1,1,1,4,0,0,30,0,0
2,3,1,0,0,2,1,0,60,0,1
2,3,1,11,1,6,1,1,30,0,0
2,3,1,6,0,6,0,0,120,1,0
2,3,1,9,0,8,0,0,30,0,0
2,3,0,6,0,5,0,0,60,1,0
2,3,0,0,1,5,1,0,60,0,1
2,3,1,4,1,5,0,0,120,0,0
2,3,1,2,0,3,0,0,60,0,0
2,3,1,3,0,1,0,0,90,0,0
2,3,1,12,0,6,0,1,30,0,0
2,3,1,2,0,5,1,0,30,0,0
2,3,0,8,1,6,1,0,150,0,0
2,3,1,4,1,10,1,0,60,0,1
2,3,1,6,1,3,0,0,210,0,0
2,3,1,6,0,4,1,0,30,0,0
2,3,1,11,1,2,0,0,60,0,0
2,3,1,0,0,9,0,0,60,0,0
2,3,1,6,0,6,1,0,60,0,1
2,3,1,0,1,8,0,0,60,0,0
2,3,0,5,1,0,0,0,60,0,1
2,3,0,6,0,2,0,0,60,0,0
2,3,1,4,0,7,0,0,60,0,0
2,3,0,3,0,5,1,0,210,0,0
2,3,1,8,0,4,1,0,180,0,1
2,3,0,9,0,8,0,0,90,1,0
2,3,1,2,0,5,1,0,30,0,1
2,3,0,9,0,8,0,0,60,1,1
2,3,1,0,0,5,0,0,90,0,1
2,3,0,11,0,6,1,0,120,0,1
2,3,1,4,0,7,1,0,30,0,1
2,3,1,3,0,9,0,0,220,0,0
2,3,0,3,0,4,1,0,60,0,1
2,3,1,10,1,4,0,1,150,0,1
2,3,1,11,0,5,0,1,30,0,0
2,3,0,1,1,3,1,1,60,1,1
2,3,1,11,1,1,0,0,60,0,0
2,3,1,10,0,2,0,0,60,0,0
2,3,1,10,1,2,0,0,30,0,0
2,3,1,9,2,3,0,1,60,0,1
2,3,1,0,0,8,0,0,30,0,1
2,3,1,11,0,0,0,0,60,0,1
2,3,0,8,0,9,0,0,120,0,1
2,3,1,2,1,7,0,0,30,0,0
2,3,1,4,1,2,1,0,55,0,1
2,3,1,10,1,1,0,1,90,0,1
2,3,1,7,0,6,0,0,60,0,0
2,3,1,4,0,10,0,0,120,0,0
2,3,1,0,0,9,0,0,90,1,1
2,3,1,9,1,6,0,0,120,0,1
2,3,0,0,1,4,0,0,150,0,1
2,3,1,10,0,7,0,0,150,0,1
2,3,1,12,1,8,0,1,30,0,0
2,3,1,7,1,6,1,0,90,0,1
2,3,1,9,1,4,0,0,150,0,1
2,3,1,4,0,3,0,0,60,0,1
2,3,1,0,1,9,0,0,150,0,1
2,3,1,12,0,5,0,0,30,0,0
2,3,1,11,0,6,0,0,180,0,0
2,3,1,6,0,9,1,0,30,0,1
2,3,1,4,1,10,0,0,60,0,1
2,3,1,4,1,10,1,1,90,0,1
2,3,1,9,0,2,0,0,60,0,0
2,3,1,10,1,2,1,0,30,0,1
2,3,1,5,0,2,1,0,60,0,0
2,3,1,3,0,2,0,0,180,0,0
2,3,1,7,0,3,1,0,90,0,1
2,3,1,8,0,4,0,0,30,0,1
2,3,0,4,0,1,0,0,120,0,0
2,3,1,1,1,6,0,0,90,0,0
2,3,1,1,0,1,0,0,60,0,1
2,3,0,3,0,4,1,0,120,0,0
2,3,1,8,0,0,0,0,60,0,1
2,3,1,7,0,7,0,0,60,0,0
2,3,1,3,0,5,1,0,60,0,1
2,3,1,3,0,3,1,0,30,0,0
2,3,0,12,0,1,0,0,90,0,1
2,3,1,7,0,4,0,0,60,0,1
2,3,0,3,0,8,0,0,30,0,0
2,3,0,12,0,5,0,0,90,0,1
2,3,1,7,1,6,0,0,60,0,1
2,3,1,7,1,3,1,0,180,0,1
2,3,0,5,0,8,0,1,30,0,0
2,3,0,10,1,6,1,1,30,0,1
2,3,1,8,1,7,0,0,30,0,0
2,3,0,6,0,7,0,0,60,0,0
2,3,0,2,1,9,0,0,90,0,0
2,3,0,5,0,7,0,1,30,0,1
2,3,1,0,1,6,0,0,30,0,1
2,3,1,1,0,1,0,0,30,0,0
2,3,1,7,0,6,0,0,30,0,1
2,3,0,0,0,9,1,1,60,0,1
2,3,0,4,0,10,0,0,120,0,1
2,3,1,9,1,6,0,0,60,0,0
2,3,0,5,1,4,0,0,150,0,1
2,3,1,0,0,5,0,0,30,0,1
2,3,1,7,1,6,0,0,30,0,0
2,3,1,5,0,0,0,0,60,0,1
2,3,0,0,1,4,0,0,180,0,1
2,3,1,6,1,0,0,0,120,0,1
2,3,1,10,1,1,1,0,90,1,1
2,3,1,1,0,7,1,1,30,0,0
2,3,1,3,1,7,0,0,30,1,0
2,3,0,12,0,7,0,0,60,0,1
2,3,1,9,1,4,0,0,90,0,0
2,3,1,0,0,5,1,0,60,0,1
2,3,0,5,0,3,0,0,90,0,1
2,3,0,5,1,2,1,0,60,0,1
2,3,0,8,1,5,0,0,30,0,1
2,3,0,0,1,5,0,0,30,0,0
2,3,1,12,0,8,0,0,60,0,0
2,3,1,1,1,7,0,0,60,0,0
2,3,1,8,0,5,0,0,150,0,0
2,3,0,2,1,0,0,0,120,0,1
2,3,0,2,0,8,0,0,30,0,1
2,3,1,6,0,7,0,0,90,0,0
2,3,1,0,0,2,0,0,120,0,0
2,3,1,11,0,6,0,0,60,0,0
2,3,1,9,1,2,1,0,60,0,1
2,3,0,9,0,5,0,0,120,0,0
2,3,1,4,0,10,0,0,150,0,0
2,3,0,11,1,5,0,0,90,0,0
2,3,0,9,1,8,1,0,60,0,1
2,3,1,6,0,8,0,1,30,0,0
2,3,1,5,1,7,0,0,120,0,1
2,3,1,3,0,3,0,0,90,0,1
2,3,0,2,1,10,0,0,30,0,0
2,3,1,11,0,2,0,0,150,0,1
2,3,1,5,0,4,1,0,60,0,1
2,3,1,9,1,6,0,0,120,0,1
2,3,1,10,0,0,0,0,60,0,0
2,3,0,9,0,9,1,0,60,0,0
2,3,1,5,0,5,0,0,30,0,1
2,3,0,6,0,4,0,0,30,0,0
2,3,1,9,0,3,0,1,120,0,0
2,3,1,3,1,1,1,0,60,1,0
2,3,1,3,0,1,0,0,150,0,0
2,3,1,3,0,7,0,0,60,0,1
2,3,1,11,1,3,0,0,60,0,1
2,3,1,5,0,0,1,0,30,0,0
2,3,1,12,0,4,0,1,30,1,1
2,3,1,4,0,10,1,0,60,0,0
2,3,0,1,1,3,1,1,120,0,1
2,3,1,6,0,4,0,1,30,0,0
2,3,1,7,1,9,0,0,60,0,0
2,3,1,9,0,8,0,0,120,0,0
2,3,1,6,0,9,1,0,120,0,1
2,3,1,11,0,3,0,0,60,0,0
2,3,0,5,0,2,0,1,30,0,1
2,3,0,0,0,7,0,0,150,1,1
2,3,1,4,0,6,0,0,90,0,1
2,3,1,4,1,10,1,0,60,0,1
2,3,1,12,1,2,0,0,90,0,1
2,3,1,6,1,1,1,0,30,0,0
2,3,1,4,0,10,0,0,30,0,0
2,3,1,6,0,2,1,0,60,0,0
2,3,1,9,1,1,1,0,60,0,1
2,3,1,12,1,2,0,0,90,1,0
2,3,1,1,1,7,0,0,90,0,1
2,3,1,9,1,0,0,0,120,0,1
2,3,1,8,1,7,1,0,60,0,0
2,3,0,0,1,4,0,0,150,1,0
2,3,1,6,0,3,0,0,30,0,1
2,3,0,0,0,5,0,0,60,0,0
2,3,0,9,0,4,0,0,90,0,1
2,3,1,4,1,1,0,0,60,1,1
2,3,0,7,0,4,0,1,120,0,0
2,3,1,1,1,2,0,0,30,0,1
2,3,1,3,0,5,0,0,150,0,0
2,3,0,8,0,8,0,0,60,0,0
2,3,0,4,0,5,1,1,30,0,0
2,3,1,1,1,1,1,0,60,0,0
2,3,1,12,0,4,0,0,120,0,0
2,3,1,10,0,0,0,0,60,0,0
2,3,1,6,1,3,0,0,60,0,0
2,3,1,7,1,6,0,0,60,0,1
2,3,0,9,0,2,0,0,120,0,0
2,3,0,8,0,8,0,0,120,0,1
2,3,0,9,1,8,0,0,60,0,0
2,3,0,8,0,9,2,0,60,0,1
2,3,1,8,1,3,1,0,90,0,0
2,3,1,6,0,1,0,1,60,0,0
2,3,0,11,1,8,0,0,120,0,1
2,3,0,7,1,4,0,0,60,0,1
2,3,1,12,1,0,0,0,60,0,0
2,3,1,1,1,0,0,0,90,0,0
2,3,0,0,0,7,0,0,30,0,1
2,3,1,9,0,6,0,0,90,0,0
2,3,1,9,0,0,0,0,60,1,0
2,3,1,10,1,2,0,1,30,0,0
2,3,1,0,1,4,0,0,30,0,1
2,3,1,12,0,1,0,0,120,0,0
2,3,1,8,0,9,0,0,90,0,1
2,3,1,8,1,5,0,0,60,0,0
2,3,1,5,0,3,1,0,60,1,0
2,3,1,8,1,1,0,0,60,0,1
2,3,0,8,0,0,0,0,60,0,1
2,3,1,12,1,6,0,0,30,0,1
2,3,0,6,0,2,0,0,90,0,1
2,3,1,5,1,4,1,0,30,0,1
2,3,1,1,0,0,0,0,30,1,1
2,3,1,7,1,6,0,0,150,0,0
2,3,1,8,1,9,1,0,60,0,1
2,3,0,1,0,7,1,0,30,0,0
2,3,1,11,1,3,0,0,90,0,1
2,3,1,8,1,9,0,1,30,0,1
2,3,0,11,0,7,1,0,30,0,1
2,3,1,10,1,0,1,0,90,0,1
2,3,1,1,0,4,0,0,90,0,1
2,3,1,6,0,3,0,0,60,0,1
2,3,0,0,0,7,1,0,30,0,1
2,3,1,9,0,4,0,0,90,0,1
2,3,1,2,1,1,0,0,30,0,0
2,3,0,8,0,5,0,0,150,0,0
2,3,0,11,1,6,0,0,60,0,1
2,3,1,8,0,9,0,0,30,0,0
2,3,1,7,1,6,0,1,60,0,0
2,3,1,12,1,9,0,1,30,0,0
2,3,1,0,1,2,1,0,120,0,1
2,3,1,9,1,3,0,0,60,0,1
2,3,0,5,0,2,0,0,120,0,1
2,3,0,0,1,4,0,0,60,0,0
2,3,0,10,0,2,0,0,30,0,0
2,3,1,12,0,6,1,0,60,0,0
2,3,1,12,1,0,0,0,60,0,1
2,3,1,11,1,8,0,0,60,0,0
2,3,0,5,0,0,0,0,30,0,0
2,3,1,7,1,5,1,0,60,0,0
2,3,1,7,0,4,0,0,30,0,1
2,3,1,4,0,4,0,1,30,1,0
2,3,0,1,0,5,0,0,120,1,0
2,3,1,11,1,2,0,0,30,0,1
2,3,1,3,1,1,2,0,60,0,0
2,3,1,9,0,3,0,0,90,0,1
2,3,1,7,1,3,0,1,60,0,1
2,3,1,9,0,6,0,0,60,0,1
2,3,1,11,1,0,0,0,240,0,1
2,3,1,1,1,0,0,0,60,0,1
2,3,1,0,1,0,0,0,60,0,0
2,3,1,7,0,3,1,0,60,0,0
2,3,1,12,0,2,0,0,30,0,0
2,3,1,9,0,7,1,0,30,0,0
2,3,1,5,0,0,0,0,30,0,1
2,3,0,9,1,4,0,0,300,1,1
2,3,1,1,0,0,0,1,60,0,1
2,3,1,3,0,8,0,0,60,0,0
2,3,0,8,0,9,1,0,60,0,0
2,3,0,7,1,5,1,0,90,0,1
2,3,1,6,0,4,0,0,60,0,0
2,3,1,8,1,9,0,0,150,0,1
2,3,1,9,0,8,1,0,30,0,0
2,3,1,8,0,6,0,0,90,0,1
2,3,1,11,0,0,0,0,30,0,1
2,3,1,8,0,7,0,0,30,0,0
2,3,1,5,0,0,0,0,90,0,0
2,3,1,0,0,0,0,0,60,0,0
2,3,1,7,1,7,0,0,60,1,0
2,3,1,11,1,3,0,1,30,0,0
2,3,0,4,0,2,0,0,30,0,1
2,3,0,6,0,6,0,1,60,0,1
2,3,0,4,0,1,0,0,60,0,1
2,3,1,1,0,8,0,0,150,1,0
2,3,1,3,1,1,0,0,60,0,1
2,3,1,10,0,2,1,0,180,1,1
2,3,1,10,0,8,0,0,60,0,0
2,3,1,7,0,0,0,0,90,0,1
2,3,0,11,1,1,0,0,30,0,0
2,3,1,6,1,3,0,0,60,0,1
2,3,0,0,0,7,0,1,60,0,0
2,3,1,3,0,4,0,0,60,0,1
2,3,1,6,1,8,0,0,30,0,0
2,3,0,5,0,0,0,0,30,0,1
2,3,0,1,1,6,1,0,30,0,0
2,3,0,6,0,6,0,0,110,0,1
2,3,1,0,1,7,0,0,30,0,0
2,3,0,6,0,3,1,0,150,0,1
2,3,1,7,0,8,0,0,120,0,1
2,3,1,12,1,2,0,0,90,0,0
2,3,0,6,0,6,0,1,90,0,1
2,3,0,11,0,1,0,0,210,0,0
2,3,1,9,1,5,0,0,120,0,0
2,3,1,7,0,6,0,0,60,0,0
2,3,0,5,1,4,0,0,120,0,0
2,3,1,2,0,5,0,0,30,0,0
2,3,1,5,1,2,1,0,120,0,1
2,3,1,11,0,3,0,0,30,0,1
2,3,1,5,0,2,0,0,90,0,1
2,3,0,6,0,5,1,1,60,0,0
2,3,1,8,0,5,0,0,90,0,1
2,3,1,1,1,6,1,0,120,0,0
2,3,1,12,0,4,0,0,60,0,0
2,3,1,11,0,4,0,0,90,0,0
2,3,1,11,0,4,0,1,120,0,0
2,3,1,4,1,10,1,0,90,0,0
2,3,1,6,1,5,1,0,30,0,1
2,3,0,11,1,1,0,0,60,0,1
2,3,1,5,0,4,0,0,60,0,0
2,3,1,5,1,4,1,0,60,1,1
2,3,1,6,0,2,1,1,60,0,0
2,3,1,1,0,8,0,0,60,0,0
2,3,1,0,0,7,0,0,90,0,0
2,3,1,8,1,8,0,0,60,0,0
2,3,1,5,0,6,0,0,60,0,0
2,3,1,6,0,9,0,0,60,1,0
2,3,0,3,1,1,0,0,120,1,0
2,3,1,0,0,5,0,1,30,1,1
2,3,1,0,0,6,1,1,60,0,0
2,3,1,4,1,10,1,1,480,0,1
2,3,0,7,0,4,0,0,90,0,1
2,3,1,3,1,3,1,0,30,0,0
2,3,0,9,1,2,0,0,120,1,1
2,3,1,8,1,7,0,0,30,0,0
2,3,1,6,0,8,0,0,30,0,0
2,3,1,6,0,9,0,0,60,0,0
2,3,1,0,1,1,0,0,30,0,0
2,3,1,4,0,2,0,0,60,0,1
2,3,1,2,1,10,1,0,30,0,0
2,3,1,1,1,5,0,1,60,0,1
2,3,1,9,1,3,1,0,30,0,0
2,3,1,0,0,5,0,0,60,0,0
2,3,1,5,0,1,0,0,30,0,0
2,3,1,6,1,7,0,0,30,0,1
2,3,1,8,1,8,0,1,30,0,0
2,3,0,5,0,5,0,0,60,0,0
2,3,0,6,0,0,0,0,120,1,0
2,3,0,11,1,2,0,0,120,0,1
2,3,1,6,1,5,1,0,60,0,0
2,3,1,0,0,6,0,0,60,0,0
2,3,1,0,1,7,0,0,30,0,0
2,3,1,1,1,9,0,0,120,0,0
2,3,1,3,0,4,0,0,120,0,0
2,3,1,7,0,5,0,0,60,0,1
2,3,1,2,0,1,0,0,60,0,0
2,3,0,3,1,1,0,0,60,0,1
2,3,1,7,1,5,1,0,30,0,0
2,3,1,5,1,3,1,0,150,1,1
2,3,1,11,0,4,0,1,60,0,1
2,3,1,3,1,3,0,0,60,0,0
2,3,0,12,0,6,0,0,30,0,1
2,3,1,6,0,1,1,0,30,0,0
2,3,0,9,1,5,0,0,90,0,1
2,3,1,7,1,9,0,0,90,0,1
2,3,1,11,1,2,0,0,210,0,1
2,3,0,6,1,4,1,0,60,0,0
2,3,0,1,1,2,0,0,150,1,1
2,3,1,5,1,0,1,0,120,0,0
2,3,1,10,0,7,0,0,210,0,1
2,3,1,6,1,1,0,1,30,0,1
2,3,1,5,0,7,0,0,30,0,0
2,3,1,8,0,1,0,0,60,0,0
2,3,1,3,0,4,0,1,60,0,1
2,3,0,8,1,2,0,0,90,0,1
2,3,1,3,1,4,1,0,60,0,0
2,3,1,5,1,0,0,0,60,0,0
2,3,1,3,1,4,0,0,60,0,0
2,3,1,5,1,9,0,0,30,0,1
2,3,0,0,0,4,0,0,90,1,0
2,3,0,5,0,0,0,0,60,0,0
2,3,0,5,1,3,0,0,30,0,1
2,3,1,6,0,5,0,0,60,0,1
2,3,0,3,0,0,1,0,60,0,0
2,3,1,5,0,3,0,0,90,0,0
2,3,0,6,0,3,0,0,150,0,1
2,3,1,7,1,8,0,0,60,0,1
2,3,1,1,1,9,0,0,60,0,0
2,3,1,6,0,6,1,0,60,0,0
2,3,1,12,2,3,0,0,90,0,0
2,3,1,5,0,0,0,0,60,0,0
2,3,1,11,0,7,0,0,90,0,0
2,3,1,2,0,9,0,1,90,1,1
2,3,1,5,1,5,1,0,90,1,1
2,3,1,1,1,9,0,0,60,0,0
2,3,1,11,1,3,1,0,30,0,0
2,3,1,6,1,2,1,1,60,1,1
2,3,1,5,0,9,0,0,60,0,0
2,3,0,0,0,5,0,0,120,0,1
2,3,1,10,1,6,0,0,60,0,0
2,3,1,7,2,2,0,0,60,0,0
2,3,1,11,0,0,1,1,120,0,0
2,3,1,1,1,8,1,0,30,0,0
2,3,1,5,2,0,1,0,270,0,1
2,3,1,2,1,0,1,0,60,0,0
2,3,1,5,0,2,0,0,60,0,0
2,3,0,3,0,5,1,0,60,0,0
2,3,0,6,1,4,0,0,60,1,0
2,3,1,0,0,9,0,0,90,0,1
2,3,1,5,0,5,1,0,30,0,1
2,3,1,9,1,6,0,0,120,0,0
2,3,1,9,0,3,0,0,90,0,0
2,3,1,11,0,9,1,0,60,0,0
2,3,1,3,1,5,1,0,60,0,1
2,3,1,7,0,5,0,0,60,0,1
2,3,0,1,1,5,0,0,90,0,1
2,3,1,11,1,1,0,0,60,1,1
2,3,1,3,1,4,0,0,60,0,1
2,3,1,0,1,6,1,0,60,0,0
2,3,1,11,1,0,0,0,30,0,1
2,3,1,6,0,8,0,0,90,1,1
2,3,1,1,1,3,0,0,90,0,1
2,3,1,3,1,1,0,0,90,0,0
2,3,0,1,2,0,0,0,60,0,0
2,3,1,7,0,7,1,0,60,0,1
2,3,1,12,1,0,0,1,120,0,1
2,3,1,8,1,1,0,0,60,0,1
2,3,1,9,0,1,0,0,120,0,1
2,3,1,1,1,6,0,0,90,0,1
2,3,1,7,0,0,1,0,30,0,0
2,3,1,11,0,7,0,0,30,0,1
2,3,1,0,0,2,0,0,60,0,0
2,3,1,11,1,9,0,0,150,0,1
2,3,0,12,0,7,0,0,90,0,0
2,3,1,11,1,9,0,0,30,0,1
2,3,1,7,0,5,0,1,60,0,1
2,3,1,2,0,7,1,1,60,0,1
2,3,1,9,0,7,0,0,60,0,0
2,3,1,8,0,7,0,0,30,0,0
2,3,1,4,1,10,0,0,60,0,0
2,3,1,5,0,3,0,0,60,0,0
2,3,0,8,0,3,0,0,90,0,1
2,3,0,12,0,0,0,0,120,0,0
2,3,1,11,0,7,1,0,60,0,0
2,3,1,11,0,1,0,0,30,0,0
2,3,1,0,1,2,1,0,120,0,1
2,3,1,12,1,0,0,0,90,0,1
2,3,1,5,1,5,0,0,90,0,1
2,3,1,2,0,9,0,0,60,0,1
2,3,1,5,0,2,0,0,30,0,1
2,3,1,8,1,9,0,0,60,0,0
2,3,1,9,0,4,0,0,90,0,0
2,3,1,7,0,9,0,0,60,0,0
2,3,1,2,0,8,1,0,60,0,0
2,3,1,0,0,6,0,0,30,0,0
2,3,1,0,1,9,0,0,60,0,0
2,3,0,11,0,1,1,0,60,0,0
2,3,1,9,0,6,0,0,60,0,0
2,3,1,7,1,8,0,0,120,0,1
2,3,1,3,0,0,0,0,60,0,1
2,3,1,10,0,6,0,0,90,0,1
2,3,1,5,1,2,1,0,30,0,0
2,3,1,6,0,5,0,1,30,0,0
2,3,1,7,1,9,0,0,60,0,0
2,3,1,4,0,1,0,0,60,0,1
2,3,1,3,1,3,0,0,30,0,0
2,3,1,3,1,8,0,0,60,0,1
2,3,1,8,1,10,0,0,90,0,1
2,3,1,8,0,7,0,0,60,0,1
2,3,1,0,0,7,0,1,30,0,1
2,3,1,4,0,4,1,0,60,0,1
2,3,1,9,1,3,0,0,60,0,1
2,3,1,8,1,10,0,0,90,0,1
2,3,1,5,1,0,0,0,90,0,1
2,3,0,4,1,5,0,0,60,0,1
2,3,1,9,1,4,0,0,30,0,0
2,3,1,4,1,1,0,0,60,0,0
2,3,1,1,1,3,0,0,60,0,0
2,3,1,0,0,7,0,0,90,0,1
2,3,1,8,0,1,0,0,60,0,1
2,3,1,12,0,6,0,0,60,0,0
2,3,1,8,0,9,0,1,60,1,1
2,3,1,9,1,6,0,0,60,0,0
2,3,0,4,0,5,1,0,30,0,0
2,3,1,11,0,7,0,1,30,0,0
2,3,1,7,1,3,0,0,60,0,0
2,3,1,6,0,2,1,0,30,0,0
2,3,0,6,0,5,1,0,60,0,0
2,3,1,7,0,5,0,0,90,1,1
2,3,1,3,0,3,0,0,90,0,0
2,3,1,9,0,6,0,0,60,1,0
2,3,1,11,1,6,1,0,60,0,0
2,3,1,12,0,2,0,0,30,0,1
2,3,1,0,0,3,0,0,90,0,1
2,3,0,8,0,5,0,0,60,0,0
2,3,1,4,1,1,0,0,60,0,1
2,3,1,10,1,4,0,1,120,0,1
2,3,1,11,0,6,1,0,30,0,1
2,3,0,5,0,1,1,0,60,1,0
2,3,1,4,1,1,1,1,30,0,1
2,3,0,3,0,0,0,0,120,0,1
2,3,1,10,0,3,0,0,60,0,0
2,3,0,3,0,6,0,0,90,0,0
2,3,1,8,0,8,0,0,60,1,0
2,3,1,5,0,2,0,1,90,0,1
2,3,0,11,0,0,1,0,90,0,0
2,3,1,1,0,3,0,0,30,0,0
2,3,1,10,0,5,1,0,30,0,1
2,3,0,6,1,7,0,0,150,1,1
2,3,1,5,0,5,1,0,60,0,1
2,3,1,3,0,5,0,0,30,0,0
2,3,1,11,0,9,0,0,30,0,0
2,3,1,3,0,3,1,0,60,0,0
2,3,0,11,0,3,0,0,30,0,0
2,3,0,3,0,1,0,0,60,0,0
2,3,1,3,0,3,0,0,60,0,1
2,3,1,5,1,5,0,0,150,0,1
2,3,1,5,0,3,0,0,90,0,1
2,3,1,5,0,8,0,0,120,0,1
2,3,1,8,1,6,0,0,90,0,0
2,3,0,8,0,5,1,0,60,0,1
2,3,1,11,0,8,0,0,30,0,0
2,3,0,6,0,3,1,0,90,0,0
2,3,1,0,1,9,1,0,60,0,1
2,3,1,0,1,5,0,0,90,1,1
2,3,1,3,1,7,1,0,60,0,0
2,3,0,7,0,5,0,1,90,0,0
2,3,1,1,0,9,0,0,60,0,0
2,3,1,8,0,9,0,1,60,0,1
2,3,1,0,0,6,1,0,90,0,0
2,3,1,8,0,7,0,0,30,0,0
2,3,1,2,1,10,1,0,30,0,0
2,3,1,12,1,0,0,0,60,0,0
2,3,1,11,1,0,0,0,60,0,0
2,3,1,1,1,9,0,0,30,0,0
2,3,1,0,1,8,0,1,60,0,1
2,3,1,8,0,7,0,0,60,0,0
2,3,1,9,1,7,0,0,60,0,0
2,3,1,6,1,6,1,1,60,0,1
2,3,1,9,1,3,0,0,30,1,1
2,3,0,9,1,3,1,0,180,0,0
2,3,1,1,0,8,0,0,30,1,0
2,3,1,9,0,7,1,0,60,0,0
2,3,1,12,0,0,1,0,90,0,1
2,3,1,9,0,7,0,0,30,0,0
2,3,0,5,1,5,0,0,90,0,1
2,3,1,3,0,2,0,0,60,0,0
2,3,0,12,0,0,0,0,60,0,1
2,3,1,12,0,3,0,0,30,0,1
2,3,1,6,0,4,0,0,60,0,0
2,3,0,9,0,2,1,0,60,0,1
2,3,1,9,0,3,1,0,60,0,1
2,3,1,4,0,3,0,0,60,0,0
2,3,1,12,0,4,0,0,60,0,0
2,3,1,1,0,2,1,0,30,0,0
2,3,1,9,0,6,0,0,30,0,0
2,3,1,3,0,3,0,0,120,0,0
2,3,1,3,0,3,0,0,30,0,1
2,3,1,8,1,7,0,0,90,0,1
2,3,1,0,1,8,0,0,60,1,0
2,3,0,8,1,8,1,0,60,0,0
2,3,1,9,0,6,0,0,90,0,0
2,3,0,8,0,6,0,0,30,0,1
2,3,1,7,0,1,0,0,30,1,0
2,3,1,8,1,10,1,0,60,0,0
2,3,0,2,0,10,0,0,60,0,0
2,3,0,5,0,8,0,0,60,0,0
2,3,1,7,2,2,0,0,60,0,0
2,3,1,12,1,6,0,1,30,0,0
2,3,0,4,1,2,1,0,30,0,0
2,3,1,7,1,5,0,0,90,1,1
2,3,1,4,1,7,0,1,90,0,0
2,3,0,8,1,5,0,0,60,0,1
2,3,1,7,0,5,1,0,60,1,0
2,3,1,11,1,2,0,1,60,0,0
2,3,1,10,1,6,0,0,30,0,1
2,3,1,12,0,8,0,1,90,0,1
2,3,0,8,0,7,0,0,60,0,0
2,3,1,12,1,2,1,0,30,0,0
2,3,0,11,0,0,0,0,30,0,0
2,3,1,10,0,4,0,0,90,0,0
2,3,0,3,1,1,1,0,120,1,1
2,3,1,0,1,6,1,0,30,0,1
2,3,1,1,1,9,1,0,30,0,1
2,3,1,12,0,1,0,0,30,0,1
2,3,0,7,0,6,1,0,60,1,1
2,3,0,10,1,5,0,0,120,0,1
2,3,1,5,0,8,0,0,60,0,0
2,3,1,1,0,3,0,0,30,0,1
2,3,1,0,1,2,0,0,30,0,0
2,3,1,5,0,8,0,1,30,0,1
2,3,1,6,1,2,1,0,60,0,1
2,3,1,11,0,6,0,1,60,0,0
2,3,1,6,1,6,0,0,60,0,1
2,3,0,5,1,4,0,1,60,0,0
2,3,1,5,0,3,0,0,120,0,1
2,3,1,5,0,4,0,0,30,0,0
2,3,1,9,0,5,0,0,60,0,0
2,3,1,0,0,5,0,0,60,1,0
2,3,1,1,0,8,1,1,30,0,0
2,3,1,11,1,2,0,0,60,0,1
2,3,1,11,1,1,1,0,90,0,1
2,3,0,3,0,1,0,0,60,0,1
2,3,1,7,1,2,0,0,120,1,1
2,3,1,7,0,0,0,0,120,0,1
2,3,1,1,0,7,0,0,60,0,0
2,3,1,8,0,9,0,0,60,0,1
2,3,0,1,1,2,0,0,120,1,1
2,3,0,0,0,8,0,0,60,0,0
2,3,1,10,0,5,0,0,90,0,1
2,3,0,7,1,8,1,0,90,0,1
2,3,1,0,0,9,0,0,60,0,0
2,3,1,9,0,5,0,0,90,0,0
2,3,1,9,1,6,0,0,60,0,1
2,3,1,6,0,2,0,0,60,0,0
2,3,0,0,0,3,1,0,90,1,0
2,3,1,9,1,7,0,0,30,0,1
2,3,1,5,0,0,1,0,60,0,0
2,3,0,11,0,8,0,0,120,0,0
2,3,0,5,0,6,1,0,60,0,0
2,3,1,1,1,6,1,1,60,0,1
2,3,1,10,0,7,0,0,60,0,0
2,3,1,3,0,6,0,0,60,0,0
2,3,0,6,0,3,1,0,30,0,1
2,3,1,9,0,6,0,0,60,0,0
2,3,1,8,1,9,1,0,30,0,0
2,3,0,0,0,8,0,0,60,0,0
2,3,1,3,0,3,0,0,30,0,0
2,3,1,8,0,2,0,0,120,0,1
2,3,1,6,0,3,1,0,60,0,0
2,3,1,7,1,6,1,0,60,0,1
2,3,1,7,0,7,0,0,60,0,0
2,3,1,6,0,6,0,0,120,1,0
2,3,1,12,0,1,0,0,120,0,0
2,3,1,6,0,5,0,1,60,0,1
2,3,1,8,1,9,0,0,60,0,0
2,3,1,12,0,0,0,0,90,0,1
2,3,0,3,0,2,0,0,90,0,1
2,3,1,3,0,7,1,0,60,0,0
2,3,1,7,1,5,0,0,30,0,0
2,3,0,0,0,3,0,0,90,0,1
2,3,1,0,0,8,0,0,60,0,0
2,3,1,9,0,4,0,0,60,0,1
2,3,1,5,0,7,0,1,30,0,0
2,3,1,6,1,3,0,0,30,0,0
2,3,1,5,0,1,1,1,30,0,1
2,3,0,2,1,8,0,0,60,0,0
2,3,1,9,1,3,1,1,90,0,0
2,3,1,8,1,9,0,0,60,0,1
2,3,1,11,0,1,0,0,90,0,1
2,3,1,4,0,1,0,0,30,0,1
2,3,1,3,0,1,0,1,60,0,1
2,3,1,10,1,7,1,0,60,0,0
2,3,1,5,0,4,1,0,60,0,0
2,3,0,7,0,4,0,0,60,0,0
2,3,1,9,0,7,1,0,60,0,0
2,3,1,11,0,8,0,0,30,0,0
2,3,1,5,0,6,0,0,60,0,1
2,3,1,0,1,7,0,0,60,0,0
2,3,1,4,1,10,1,0,60,0,1
2,3,1,10,1,3,1,0,90,0,1
2,3,0,8,1,6,0,0,120,1,1
2,3,1,0,0,4,0,0,60,0,1
2,3,1,6,1,6,0,1,30,0,0
2,3,1,8,1,7,0,0,90,0,0
2,3,1,0,0,1,0,0,60,0,0
2,3,1,8,0,10,0,1,60,0,0
2,3,1,11,0,2,0,0,60,1,0
2,3,1,6,0,8,0,1,60,0,1
2,3,0,0,0,4,0,0,150,0,1
2,3,1,11,1,5,0,0,60,0,1
2,3,0,6,1,2,0,0,60,0,0
2,3,1,8,0,5,0,0,60,0,0
2,3,1,7,1,4,1,1,60,0,0
2,3,1,9,0,2,0,0,90,1,1
2,3,0,7,0,3,0,0,60,1,0
2,3,1,12,0,4,0,0,30,0,0
2,3,1,6,0,5,0,0,90,0,0
2,3,0,9,1,9,0,0,30,0,1
2,3,0,3,0,4,0,0,60,0,0
2,3,0,6,0,9,0,0,120,0,0
2,3,1,11,0,10,1,1,60,0,0
2,3,1,8,0,3,0,0,60,0,1
2,3,1,0,0,2,0,0,90,0,1
2,3,1,3,1,7,0,0,60,0,1
2,3,0,7,1,9,0,0,120,0,1
2,3,1,8,1,7,1,1,30,0,0
2,3,1,4,0,6,1,0,60,0,0
2,3,1,7,1,5,0,0,30,0,0
2,3,1,11,1,4,0,0,60,0,1
2,3,1,3,0,5,1,0,90,0,0
2,3,1,9,1,9,0,0,150,0,1
2,3,0,9,0,8,1,0,60,1,1
2,3,1,3,0,2,0,0,90,1,0
2,3,1,4,0,10,0,1,60,1,0
2,3,1,12,0,7,1,0,30,0,0
2,3,1,7,1,4,0,0,30,0,0
2,3,1,6,0,7,1,0,60,0,1
2,3,1,12,0,2,0,0,60,0,1
2,3,0,0,0,7,1,0,90,0,0
2,3,1,6,0,4,0,0,60,0,0
2,3,0,3,0,1,0,0,120,0,0
2,3,1,6,1,6,0,0,60,0,0
2,3,0,9,1,5,0,0,180,1,1
2,3,0,7,0,6,1,0,30,1,0
2,3,1,8,1,3,0,0,60,0,1
2,3,0,10,0,9,0,0,120,0,0
2,3,1,7,0,7,1,0,90,0,1
2,3,1,5,0,7,0,0,30,0,0
2,3,1,4,0,10,1,0,60,0,0
2,3,1,3,1,2,0,0,90,0,1
2,3,1,8,0,9,0,0,160,0,0
2,3,1,6,0,6,0,0,60,0,0
2,3,1,5,1,1,0,0,60,1,0
2,3,0,11,1,1,0,1,120,0,0
2,3,0,4,0,6,1,0,60,0,1
2,3,1,3,1,6,0,0,60,0,0
2,3,0,0,1,7,0,0,90,0,0
2,3,1,3,0,2,0,1,60,0,1
2,3,1,4,0,9,0,0,60,0,0
2,3,1,11,0,5,0,0,60,0,0
2,3,1,4,1,10,0,0,60,0,0
2,3,1,12,0,4,2,0,90,0,0
2,3,1,8,0,5,0,0,60,0,0
2,3,1,8,0,6,0,0,60,0,0
2,3,1,7,0,6,0,0,60,0,1
2,3,1,5,0,5,0,0,120,0,0
2,3,1,5,0,5,1,1,60,0,1
2,3,0,1,1,0,0,0,210,0,1
2,3,1,7,0,6,1,0,60,0,0
2,3,1,12,0,6,0,0,90,0,0
2,3,0,8,0,8,0,0,30,0,0
2,3,1,1,1,2,1,0,60,1,1
2,3,1,9,0,5,1,0,60,0,0
2,3,1,9,0,1,0,0,60,0,0
2,3,0,7,0,9,0,1,60,0,0
2,3,1,2,0,10,1,0,60,0,0
2,3,1,8,0,9,0,0,30,0,0
2,3,0,4,1,10,1,0,60,0,0
2,3,1,12,1,7,0,1,120,0,1
2,3,1,5,0,6,0,0,180,0,1
2,3,1,4,0,10,0,0,60,1,0
2,3,1,8,1,1,1,0,60,0,0
2,3,1,3,0,1,0,0,60,0,1
2,3,1,11,0,7,0,1,30,0,1
2,3,1,6,0,8,1,0,60,0,0
2,3,0,6,1,1,0,0,30,0,1
2,3,1,9,0,5,0,0,30,0,0
2,3,1,0,0,6,1,0,60,0,1
2,3,0,2,0,0,1,0,60,0,1
2,3,1,8,0,5,0,1,120,0,0
2,3,1,6,0,1,1,0,30,0,0
2,3,1,7,0,8,1,0,60,0,0
2,3,1,9,0,4,0,0,60,0,1
2,3,1,11,0,5,0,0,60,0,0
2,3,1,6,1,7,0,0,60,0,0
2,3,1,8,1,5,1,1,60,1,0
2,3,1,1,0,2,0,0,60,0,0
2,3,0,6,0,3,1,0,60,0,0
2,3,1,1,0,1,0,0,120,0,1
2,3,1,11,1,4,0,0,60,0,1
2,3,1,6,0,0,0,1,60,1,0
2,3,1,0,0,3,0,0,60,0,0
2,3,0,1,1,8,0,0,90,0,1
2,3,1,12,0,9,0,0,60,0,0
2,3,1,0,1,0,0,0,30,0,0
2,3,1,1,1,6,0,0,180,0,1
2,3,1,1,1,1,1,0,60,0,0
2,3,1,10,1,7,1,1,60,0,1
2,3,1,0,0,5,0,1,30,0,0
2,3,1,1,0,1,0,0,120,0,1
2,3,1,4,1,10,0,0,30,0,0
2,3,1,3,0,8,0,0,30,0,0
2,3,1,3,1,2,1,0,60,0,0
2,3,1,2,0,9,0,1,120,0,0
2,3,0,11,0,4,0,0,60,0,1
2,3,0,7,0,5,0,0,90,0,1
2,3,1,5,0,2,0,0,30,0,0
2,3,1,10,0,0,0,0,60,0,0
2,3,1,9,0,3,0,0,60,0,1
2,3,1,12,0,9,0,0,60,0,0
2,3,1,8,0,6,0,1,60,1,0
2,3,0,9,0,8,0,1,60,1,0
2,3,1,9,0,6,0,0,60,0,0
2,3,1,8,1,8,0,0,90,0,0
2,3,1,4,0,6,0,0,30,0,0
2,3,1,7,1,5,0,0,30,0,1
2,3,1,7,0,5,0,0,30,0,0
2,3,0,12,0,4,0,0,120,0,1
2,3,1,4,0,7,0,0,30,0,1
2,3,1,9,1,3,0,0,60,0,0
2,3,0,9,1,3,0,0,60,0,0
2,3,1,9,1,8,0,1,90,0,0
2,3,1,10,0,3,0,1,90,0,0
2,3,1,6,1,3,1,0,30,0,0
2,3,0,5,0,1,0,0,120,0,1
2,3,1,2,1,6,0,0,60,1,0
2,3,1,11,0,5,0,0,150,0,1
2,3,1,2,0,6,0,0,90,0,1
2,3,1,3,0,3,0,1,120,0,1
2,3,1,3,0,1,0,0,120,0,1
2,3,1,3,0,3,0,1,60,0,0
2,3,1,8,1,2,0,0,90,0,1
2,3,1,4,1,4,1,0,60,0,1
2,3,1,10,1,9,0,0,60,0,0
2,3,0,1,1,8,1,0,60,0,0
2,3,1,3,0,4,1,1,60,0,0
2,3,0,1,1,5,0,0,150,0,1
2,3,0,8,0,6,0,0,90,0,0
2,3,1,7,1,8,0,0,60,0,1
2,3,1,6,1,7,0,1,30,0,1
2,3,1,8,1,3,1,0,90,0,1
2,3,1,8,1,9,1,0,60,1,1
2,3,0,6,0,3,1,0,60,0,0
2,3,1,6,0,8,0,1,90,1,0
2,3,0,8,1,2,0,0,30,0,1
2,3,1,5,0,4,0,0,30,0,1
2,3,1,8,1,5,0,0,90,0,1
2,3,1,1,0,7,0,0,30,1,0
2,3,1,5,0,6,0,0,60,0,1
2,3,1,3,1,2,0,0,60,0,0
2,3,1,7,1,8,0,0,60,0,0
2,3,1,8,1,2,0,0,60,1,0
2,3,1,9,1,5,0,0,60,0,1
2,3,1,3,0,4,0,0,90,0,0
2,3,0,3,0,2,0,0,150,0,0
2,3,0,3,1,8,1,0,30,0,0
2,3,0,0,2,4,0,0,120,0,1
2,3,1,10,1,0,0,0,60,0,0
2,3,1,5,0,5,1,0,90,0,1
2,3,1,7,1,7,0,0,30,0,0
2,3,1,8,1,9,0,1,90,0,1
2,3,1,11,0,0,0,0,60,0,0
2,3,1,5,0,0,0,0,60,0,0
2,3,0,0,0,3,0,0,150,0,0
2,3,0,9,0,5,0,1,60,0,0
2,3,1,12,1,7,1,0,60,0,1
2,3,1,5,1,1,0,0,60,0,0
2,3,1,0,1,2,0,0,60,0,1
2,3,1,12,1,1,0,1,60,0,1
2,3,1,1,1,0,0,0,30,0,1
2,3,1,4,1,5,0,0,60,0,1
2,3,1,0,1,3,0,0,30,0,0
2,3,0,11,1,1,1,0,60,0,0
2,3,1,5,1,8,0,1,90,0,1
2,3,0,8,0,9,0,0,90,1,1
2,3,1,1,0,4,0,0,120,0,1
2,3,1,5,1,6,0,0,30,0,0
2,3,1,12,1,2,0,0,30,0,0
2,3,0,4,1,4,0,0,90,0,1
2,3,1,7,0,8,1,0,60,0,0
2,3,1,8,1,8,0,1,60,0,0
2,3,1,7,1,2,0,0,60,0,0
2,3,1,10,1,8,0,1,60,0,0
2,3,1,0,0,8,0,0,120,1,0
2,3,1,3,0,7,0,0,30,0,0
2,3,1,6,0,5,0,1,30,0,0
2,3,1,4,0,0,0,0,60,0,1
2,3,1,12,0,5,0,0,30,0,0
2,3,1,3,0,4,1,0,30,1,1
2,3,1,9,0,5,0,0,60,0,0
2,3,1,5,0,1,0,0,30,0,0
2,3,1,5,0,0,0,0,120,0,0
2,3,1,7,1,8,0,0,30,0,0
2,3,1,5,1,1,0,0,120,1,1
2,3,1,4,1,10,0,0,30,0,0
2,3,0,6,1,5,0,0,30,0,0
2,3,1,9,0,7,0,0,120,1,0
2,3,1,9,1,1,1,0,90,1,1
2,3,1,7,0,8,0,0,30,0,1
2,3,0,8,0,2,1,1,60,0,1
2,3,1,7,1,2,0,0,60,0,1
2,3,1,6,0,7,0,0,30,0,0
2,3,1,7,1,9,0,0,60,1,0
2,3,1,0,0,4,0,0,60,0,0
2,3,1,11,1,5,0,0,60,0,0
2,3,1,11,1,7,0,0,90,0,1
2,3,1,9,0,6,0,0,30,0,0
2,3,1,7,0,6,0,0,150,1,1
2,3,1,3,0,3,0,0,180,0,1
2,3,1,0,0,8,0,0,60,0,1
2,3,1,3,0,5,0,0,30,0,0
2,3,1,3,0,2,1,1,180,0,1
2,3,1,8,0,5,0,0,60,0,1
2,3,1,9,0,7,0,1,180,0,0
2,3,1,3,0,6,0,0,30,0,0
2,3,0,7,1,3,1,0,90,0,1
2,3,1,10,1,0,0,1,60,1,1
2,3,1,11,1,4,0,0,60,0,0
2,3,1,6,0,9,0,0,90,0,1
2,3,1,3,0,0,0,0,60,0,0
2,3,0,0,1,4,0,0,60,0,0
2,3,0,5,1,4,0,1,60,0,1
2,3,1,6,1,0,1,0,60,0,0
2,3,1,5,0,1,0,1,60,0,0
2,3,0,0,0,8,0,0,90,0,1
2,3,1,0,1,8,0,0,60,1,1
2,3,1,11,0,4,0,0,60,0,0
2,3,1,4,0,9,0,0,30,0,1
2,3,0,1,0,6,0,1,30,0,0
2,3,0,2,0,5,1,0,120,0,0
2,3,0,2,0,6,0,0,120,0,0
2,3,1,8,0,2,0,0,60,0,0
2,3,1,3,1,1,0,0,60,0,0
2,3,1,7,0,2,0,0,240,0,1
2,3,1,5,1,0,0,0,90,0,1
2,3,1,6,0,8,0,0,60,0,1
2,3,1,3,1,6,1,0,60,0,0
2,3,1,4,1,0,0,0,90,0,1
2,3,1,0,0,7,0,1,60,0,1
2,3,1,8,0,9,0,0,60,0,0
2,3,0,5,1,4,0,0,30,0,0
2,3,0,3,0,3,0,1,60,0,0
2,3,1,10,0,7,0,0,60,0,1
2,3,1,1,0,0,0,0,90,0,1
2,3,1,1,1,0,0,0,90,0,1
2,3,0,5,0,9,0,0,120,0,0
2,3,1,11,0,8,1,0,30,0,0
2,3,1,12,0,3,1,1,30,0,0
2,3,0,9,1,4,0,1,60,0,1
2,3,1,12,0,2,1,0,30,0,0
2,3,1,4,0,6,0,0,60,0,1
2,3,0,7,0,6,1,0,60,0,0
2,3,1,1,1,3,0,0,60,1,0
2,3,1,7,0,3,1,0,90,0,1
2,3,1,12,1,2,0,1,60,0,0
2,3,1,3,0,0,0,0,60,0,1
2,3,0,1,0,7,0,0,30,0,0
2,3,0,12,1,6,0,0,60,0,1
2,3,1,7,0,3,0,0,60,1,1
2,3,0,3,1,8,1,0,120,0,1
2,3,1,5,0,3,0,0,30,0,0
2,3,1,6,0,7,1,0,30,0,0
2,3,1,11,0,8,0,0,60,0,1
2,3,0,0,1,2,0,0,60,0,0
2,3,1,1,0,9,0,0,180,0,1
2,3,0,7,1,7,0,0,90,0,1
2,3,1,0,1,2,1,0,90,0,0
2,3,1,9,0,5,0,0,120,0,0
2,3,1,0,0,5,0,0,30,0,0
2,3,1,6,1,2,0,0,60,0,0
2,3,1,11,0,4,0,0,90,0,1
2,3,1,4,0,1,0,0,30,0,0
2,3,1,3,0,5,1,0,30,0,0
2,3,1,9,0,8,1,0,60,0,0
2,3,1,12,0,4,0,0,30,0,0
2,3,1,9,1,5,0,0,60,0,1
2,3,0,1,0,5,0,0,60,0,0
2,3,1,12,0,0,0,0,30,0,1
2,3,0,8,0,4,0,0,60,0,0
2,3,1,1,1,2,0,0,30,0,1
2,3,1,3,0,0,0,0,30,0,0
2,3,1,0,0,9,0,0,60,0,0
2,3,0,2,1,10,0,0,30,0,1
2,3,1,7,0,8,0,0,60,0,0
2,3,1,6,1,0,0,0,60,0,0
2,3,1,12,0,2,0,0,60,0,0
2,3,1,6,0,7,0,0,60,0,0
2,3,1,1,0,7,0,0,90,0,1
2,3,1,4,1,8,0,1,60,0,1
2,3,1,8,0,9,0,0,60,0,0
2,3,1,8,0,4,0,0,150,1,1
2,3,1,6,0,5,0,0,30,0,0
2,3,0,7,0,9,0,0,90,0,0
2,3,1,7,0,1,0,0,30,0,0
2,3,0,5,0,2,0,0,120,0,1
2,3,1,11,1,2,0,0,90,0,0
2,3,0,4,0,10,0,0,120,0,0
2,3,1,1,1,1,0,0,120,0,1
2,3,1,4,0,6,0,0,90,0,1
2,3,1,7,0,3,0,0,120,1,1
2,3,1,0,0,6,0,0,120,0,0
2,3,0,3,0,3,0,0,90,0,0
2,3,1,0,0,3,1,0,60,0,1
2,3,1,6,0,6,0,0,90,1,0
2,3,0,1,0,3,0,0,90,0,1
2,3,1,10,0,7,0,0,180,0,1
2,3,1,1,0,9,0,0,90,0,0
2,3,1,4,0,10,1,0,120,1,0
2,3,1,9,0,0,0,0,150,0,1
2,3,1,8,0,3,0,0,60,0,0
2,3,1,11,0,0,0,0,120,1,1
2,3,0,6,0,4,0,0,120,0,0
2,3,0,9,0,8,1,0,60,0,1
2,3,1,7,0,1,0,0,60,0,0
2,3,0,5,0,8,0,0,150,0,0
2,3,0,12,0,2,0,0,360,1,1
2,3,1,3,0,1,1,0,120,0,1
2,3,1,3,2,1,1,0,90,0,1
2,3,1,11,0,4,0,0,120,1,1
2,3,1,9,1,1,0,0,150,1,0
2,3,1,6,0,3,0,0,60,0,1
2,3,1,4,0,7,0,0,120,0,0
2,3,1,3,1,3,0,0,120,0,1
2,3,1,4,1,10,0,0,30,0,0
2,3,1,11,0,5,0,0,120,0,0
2,3,1,9,0,2,0,0,90,0,1
2,3,1,4,0,4,0,0,30,0,1
2,3,0,10,1,1,0,0,30,0,0
2,3,1,0,1,7,1,0,60,0,0
2,3,1,3,0,6,0,0,90,0,1
2,3,1,1,0,5,0,0,150,0,1
2,3,1,3,1,1,1,0,150,0,1
2,3,0,0,0,9,0,0,120,0,0
2,3,0,12,0,1,0,0,90,0,0
2,3,0,11,1,0,0,0,150,0,1
2,3,1,10,0,5,0,0,60,0,0
2,3,0,3,0,1,0,0,60,0,0
2,3,1,10,1,2,0,0,150,0,1
2,3,1,5,1,2,0,0,90,0,1
2,3,0,0,0,9,1,0,60,0,1
2,3,1,0,0,4,1,0,120,0,1
2,3,0,0,0,2,0,0,120,0,1
2,3,1,0,0,3,0,0,90,0,1
2,3,1,0,1,8,2,0,60,0,1
2,3,1,1,0,7,1,0,90,0,1
2,3,1,10,0,0,0,0,120,0,0
2,3,1,9,1,4,0,0,180,0,1
2,3,1,9,0,3,0,0,120,0,0
2,3,1,3,0,0,0,0,120,0,0
2,3,1,12,0,3,0,0,60,0,0
2,3,1,10,1,7,0,0,150,0,0
2,3,0,11,0,4,0,0,90,0,0
2,3,0,8,0,2,1,0,90,0,1
2,3,0,3,0,0,0,0,120,0,0
2,3,1,4,1,10,1,0,120,0,1
2,3,1,6,1,3,0,0,120,0,0
2,3,1,0,0,4,0,0,90,0,0
2,3,1,3,0,8,1,0,120,0,0
2,3,0,0,0,2,0,0,150,0,1
2,3,1,8,0,9,0,0,60,0,0
2,3,1,3,0,0,0,0,120,0,0
2,3,1,8,1,9,0,0,120,0,1
2,3,1,5,1,0,0,0,240,0,1
2,3,0,5,0,0,0,0,120,0,0
2,3,1,8,1,1,0,0,60,1,1
2,3,1,11,1,5,0,0,30,0,0
2,3,1,9,0,7,0,0,90,0,0
2,3,1,9,1,7,0,0,110,0,0
2,3,1,4,0,6,0,0,120,0,1
2,3,1,8,0,4,0,0,120,0,1
2,3,1,11,1,2,0,0,90,0,1
2,3,1,9,0,0,0,0,120,1,1
2,3,0,10,0,4,1,0,90,0,0
2,3,1,7,0,3,0,0,150,0,1
2,3,1,4,0,6,0,0,60,0,0
2,3,0,1,1,3,0,0,120,0,0
2,3,1,12,0,8,0,0,60,0,0
2,3,1,3,0,3,0,0,60,0,1
2,3,1,5,1,0,0,0,90,0,1
2,3,1,9,0,1,0,0,120,1,0
2,3,0,0,1,7,0,0,60,0,0
2,3,1,0,0,5,0,0,120,0,1
2,3,1,6,0,7,0,0,120,0,0
2,3,0,1,0,5,0,0,60,0,1
2,3,0,5,0,3,0,0,30,0,1
2,3,1,5,1,0,0,0,60,0,1
2,3,1,3,0,2,1,0,120,0,1
2,3,1,1,0,9,0,0,60,0,0
2,3,1,12,0,1,0,0,180,0,0
2,3,1,6,0,4,0,0,120,0,0
2,3,1,3,1,1,0,0,120,0,1
2,3,0,7,0,8,0,0,120,0,0
2,3,1,12,0,0,0,0,120,0,1
2,3,1,11,0,1,0,0,120,1,1
2,3,1,9,0,1,0,0,120,0,0
2,3,0,5,0,3,1,0,60,0,0
2,3,1,10,0,1,0,0,120,0,1
2,3,1,6,0,6,0,0,120,0,0
2,3,1,0,0,8,0,0,90,0,1
2,3,0,10,0,1,0,0,60,0,0
2,3,0,6,1,8,1,0,60,0,0
2,3,1,0,0,3,0,0,60,0,0
2,3,1,3,0,6,0,0,120,1,1
2,3,0,3,2,0,0,0,60,0,1
2,3,1,7,0,8,0,0,60,0,0
2,3,1,9,1,4,0,0,210,1,1
2,3,0,11,0,3,0,0,60,0,0
2,3,1,8,0,8,0,0,120,0,0
2,3,1,2,0,4,0,0,60,0,0
2,3,1,5,1,4,0,0,120,0,1
2,3,0,1,0,2,0,0,90,0,1
2,3,0,5,0,2,1,0,120,0,1
2,3,1,3,1,2,1,0,60,0,0
2,3,0,5,0,1,0,0,120,0,1
2,3,1,11,0,0,0,0,90,0,1
2,3,1,12,1,0,0,0,120,0,1
2,3,0,3,0,3,0,0,90,0,1
2,3,1,1,0,8,0,0,120,0,1
2,3,1,3,0,9,0,0,120,0,0
2,3,1,1,0,7,0,0,120,0,1
2,3,0,0,1,2,0,0,120,0,1
2,3,0,0,0,4,0,0,60,0,1
2,3,0,0,1,5,0,0,90,0,0
2,3,1,11,1,5,0,0,60,0,1
2,3,1,4,0,9,0,0,60,0,0
2,3,1,1,0,0,0,0,120,0,1
2,3,1,5,1,4,0,0,210,0,1
2,3,1,5,1,3,0,0,120,0,0
2,3,1,5,0,6,0,0,270,0,1
2,3,0,10,1,1,0,0,120,0,1
2,3,1,7,1,8,0,0,240,0,0
2,3,1,3,1,2,1,0,60,0,1
2,3,0,1,0,6,1,0,180,0,0
2,3,1,9,0,8,0,0,60,0,0
2,3,1,2,0,7,1,0,90,0,1
2,3,1,3,1,2,0,0,90,0,1
2,3,0,12,1,5,0,0,90,0,1
2,3,1,1,0,5,0,0,90,0,0
2,3,1,11,0,3,0,0,120,0,1
2,3,1,12,0,0,0,0,120,0,1
2,3,1,5,1,0,0,0,120,0,1
2,3,1,2,0,7,0,0,60,0,0
2,3,0,5,2,0,0,0,90,0,0
2,3,0,1,0,4,0,0,90,0,1
2,3,1,12,1,2,0,0,120,0,1
2,3,1,12,0,1,1,0,120,0,0
2,3,1,9,0,6,0,0,90,1,1
2,3,1,8,1,4,0,0,90,0,0
2,3,0,6,0,5,0,0,60,0,0
2,3,1,3,0,4,0,0,90,0,0
2,3,1,6,0,7,0,0,90,1,1
2,3,1,10,0,5,0,0,120,0,1
2,3,1,1,0,8,0,0,90,0,1
2,3,1,6,1,7,0,0,60,0,0
2,3,0,0,0,7,0,0,60,0,1
2,3,1,10,1,2,0,0,60,0,0
2,3,0,0,0,4,0,0,60,0,1
2,3,0,3,0,3,0,0,150,0,0
2,3,1,7,0,1,0,0,120,0,1
2,3,1,11,1,0,0,0,120,0,1
2,3,1,8,0,7,1,0,60,0,0
2,3,1,8,1,6,1,0,90,0,1
2,3,0,0,0,4,1,0,120,0,0
2,3,0,9,0,2,0,0,180,0,1
2,3,1,3,1,3,0,0,120,0,0
2,3,0,4,0,7,0,0,60,0,0
2,3,1,6,0,5,0,0,90,0,1
2,3,1,3,0,9,1,0,90,0,0
2,3,1,12,0,0,0,0,120,0,1
2,3,1,5,0,3,0,0,120,0,0
2,3,1,3,0,2,0,0,150,0,1
2,3,1,1,0,5,0,0,30,0,1
2,3,1,1,0,8,0,0,30,0,0
2,3,1,9,0,1,0,0,120,0,0
2,3,1,8,0,5,0,0,60,0,1
2,3,1,5,0,0,0,0,60,0,0
2,3,0,3,0,1,0,0,120,0,0
2,3,1,11,1,2,1,0,120,0,1
2,3,1,7,1,1,1,0,120,0,1
2,3,1,7,1,2,0,0,120,0,1
2,3,1,0,0,8,0,0,90,0,0
2,3,1,8,0,1,0,0,60,0,0
2,3,1,4,0,0,0,0,120,0,1
2,3,1,0,0,8,0,0,90,0,1
2,3,0,11,0,0,0,0,120,0,0
2,3,1,7,1,3,0,0,120,0,1
2,3,1,7,0,1,0,0,120,0,1
2,3,1,10,1,5,0,0,120,0,0
2,3,1,9,0,3,0,0,120,0,0
2,3,1,3,0,2,0,0,60,0,1
2,3,1,4,0,3,0,0,60,0,0
2,3,1,8,0,8,0,0,120,1,1
2,3,1,7,0,3,1,0,90,0,1
2,3,1,5,1,1,0,0,120,0,1
2,3,0,4,0,1,0,0,180,0,1
2,3,1,4,0,0,1,0,120,0,0
2,3,1,7,0,3,0,0,90,0,1
2,3,0,9,0,3,0,0,120,0,0
2,3,1,7,1,1,0,0,90,0,1
2,3,0,12,0,4,0,0,60,0,1
2,3,0,0,2,7,0,0,60,0,0
2,3,1,9,1,1,1,0,90,0,1
2,3,1,6,1,6,0,0,60,0,1
2,3,1,10,0,3,0,0,150,0,0
2,3,1,4,0,10,1,0,60,1,0
2,3,1,0,1,5,0,0,120,0,0
2,3,1,12,1,0,0,0,120,0,0
2,3,0,5,0,0,0,0,120,0,0
2,3,1,7,0,5,1,0,60,0,1
2,3,1,3,0,6,0,0,30,0,1
2,3,0,2,0,1,1,0,90,0,1
2,3,1,3,0,6,0,0,120,1,0
2,3,1,4,1,0,0,0,150,0,1
2,3,1,6,0,6,0,0,120,0,0
2,3,1,8,1,6,0,0,30,0,0
2,3,0,8,0,2,0,0,150,1,1
2,3,1,3,0,2,0,0,60,0,1
2,3,1,4,0,0,0,0,120,0,1
2,3,1,1,0,8,0,0,90,0,1
2,3,1,0,0,8,0,0,120,0,1
2,3,1,11,0,3,0,0,150,0,0
2,3,1,11,1,6,0,0,120,0,0
2,3,1,10,0,8,0,0,120,1,1
2,3,1,1,0,6,1,0,60,0,0
2,3,0,4,1,10,0,0,120,0,0
2,3,1,7,0,5,1,0,60,0,1
2,3,1,0,0,1,0,0,90,1,1
2,3,0,9,0,5,0,0,120,0,0
2,3,1,12,1,3,0,0,120,0,1
2,3,1,1,1,2,0,0,120,0,1
2,3,0,6,0,8,1,0,30,0,0
2,3,1,11,1,7,0,0,60,0,0
2,3,1,2,0,4,0,0,120,0,0
2,3,0,11,1,5,0,0,120,1,1
2,3,1,0,0,9,0,0,120,0,0
2,3,1,0,0,7,1,0,90,0,1
2,3,1,3,1,1,0,0,120,0,1
2,3,1,0,1,2,0,0,120,0,1
2,3,1,0,0,8,0,0,90,0,0
2,3,1,5,0,6,0,0,120,0,0
2,3,1,4,2,10,0,0,60,0,0
2,3,1,8,0,9,0,0,120,0,1
2,3,0,4,0,10,0,0,90,0,1
2,3,1,9,1,0,0,0,120,0,1
2,3,0,1,0,6,0,0,120,0,1
2,3,0,3,0,1,0,0,210,0,0
2,3,1,5,1,7,0,0,90,0,1
2,3,1,4,1,0,0,0,120,0,1
2,3,1,5,0,8,0,0,120,0,0
2,3,1,6,1,2,0,0,60,0,0
2,3,1,8,0,4,0,0,120,0,1
2,3,1,0,1,7,1,0,180,0,1
2,3,1,3,0,9,0,0,150,0,0
2,3,1,10,0,8,0,0,60,1,1
2,3,1,10,0,6,0,0,120,0,0
2,3,0,8,2,9,0,0,120,0,0
2,3,1,1,1,8,0,0,240,0,1
2,3,1,6,0,5,0,0,60,0,0
2,3,1,4,0,3,0,0,210,0,0
2,3,1,4,0,10,0,0,60,0,0
2,3,0,3,1,3,0,0,240,0,1
2,3,1,8,1,7,0,0,90,0,0
2,3,1,4,1,0,1,0,30,0,0
2,3,1,4,1,2,0,0,60,0,1
2,3,1,10,0,7,0,0,90,0,1
2,3,0,10,1,3,0,0,30,1,0
2,3,1,5,1,3,1,0,60,0,1
2,3,0,9,0,4,0,0,90,0,0
2,3,1,12,1,0,0,0,60,0,1
2,3,0,3,0,6,0,0,60,0,0
2,3,0,3,1,2,0,0,60,0,0
2,3,0,9,0,3,0,0,150,0,0
2,3,0,10,0,1,0,0,120,0,1
2,3,1,6,0,9,0,0,60,0,0
2,3,1,10,0,7,0,0,120,0,1
2,3,1,12,0,3,0,0,150,0,0
2,3,1,3,0,9,1,0,60,0,0
2,3,1,6,0,4,0,0,90,0,0
2,3,1,3,1,0,0,0,150,0,0
2,3,0,0,1,4,0,0,120,0,1
2,3,0,3,1,1,0,0,30,0,1
2,3,1,1,0,7,0,0,90,0,1
2,3,0,3,0,8,1,0,180,0,0
2,3,0,0,1,6,1,0,120,0,0
2,3,1,3,0,1,0,0,120,0,0
2,3,0,1,0,5,1,0,60,0,0
2,3,1,6,1,5,0,0,120,0,1
2,3,0,12,1,1,0,0,60,0,1
2,3,0,9,0,1,0,0,150,0,0
2,3,1,1,0,1,0,0,120,0,1
2,3,0,12,0,3,0,0,120,0,1
2,3,1,6,0,2,0,0,240,0,1
2,3,1,8,0,7,0,0,60,0,0
2,3,1,3,1,3,0,0,90,0,1
2,3,1,8,1,8,1,0,180,0,1
2,3,0,0,0,0,0,0,120,0,0
2,3,1,0,1,9,0,0,90,0,1
2,3,1,10,0,9,1,0,60,0,0
2,3,1,12,1,5,0,0,120,0,0
2,3,0,5,1,2,0,0,120,1,0
2,3,1,9,1,3,0,0,120,0,1
2,3,1,1,0,9,0,0,120,0,0
2,3,1,6,0,1,0,0,120,0,0
2,3,1,10,1,4,0,0,90,0,1
2,3,1,10,0,9,0,0,120,0,0
2,3,0,4,1,5,0,0,120,0,1
2,3,0,7,0,2,0,0,90,0,0
2,3,0,11,0,4,0,0,120,0,1
2,3,0,12,0,5,0,0,90,0,0
2,3,1,5,1,3,1,0,90,0,1
2,3,0,1,0,9,0,0,60,0,1
2,3,0,8,1,7,0,0,120,0,1
2,3,1,6,1,4,1,0,60,0,0
2,3,1,9,1,7,0,0,120,0,0
2,3,1,3,0,1,0,0,150,0,0
2,3,0,12,1,1,0,0,60,0,0
2,3,1,10,1,2,0,0,90,0,1
2,3,0,11,1,1,0,0,60,0,0
2,3,0,5,0,7,0,0,120,0,1
2,3,1,6,0,8,0,0,30,0,0
2,3,1,10,1,1,0,0,150,0,0
2,3,1,8,1,3,0,0,30,0,0
2,3,1,0,0,9,0,0,120,0,0
2,3,0,6,0,2,0,0,120,1,0
2,3,1,3,0,3,1,0,120,1,0
2,3,1,5,1,3,0,0,90,1,1
2,3,0,7,1,1,0,0,180,0,1
2,3,1,6,0,3,1,0,60,0,0
2,3,1,3,0,3,0,0,60,0,0
2,3,1,0,0,8,0,0,120,0,1
2,3,0,3,1,1,0,0,120,0,0
2,3,0,8,0,7,0,0,60,0,1
2,3,0,7,0,3,1,0,30,0,0
2,3,0,11,1,1,0,0,120,0,0
2,3,1,5,1,0,1,0,120,0,1
2,3,1,2,0,10,0,0,120,0,0
2,3,1,3,1,4,0,0,60,0,1
2,3,0,9,0,4,0,0,30,1,0
2,3,1,8,1,3,0,0,60,0,1
2,3,1,0,1,7,0,0,60,0,1
2,3,1,10,0,6,0,0,90,0,1
2,3,1,9,1,4,0,0,120,0,1
2,3,1,9,1,6,0,0,60,0,1
2,3,1,6,0,5,0,0,30,0,1
2,3,1,10,0,2,0,0,60,0,0
2,3,1,5,0,1,0,0,120,0,0
2,3,1,4,1,10,1,0,60,1,1
2,3,0,1,0,9,0,0,90,0,0
2,3,1,3,0,2,0,0,120,0,1
2,3,1,9,0,8,0,0,120,0,0
2,3,1,1,1,8,0,0,240,0,1
2,3,1,8,0,2,1,0,120,0,0
2,3,0,12,0,7,0,0,90,0,0
2,3,1,4,1,10,1,0,60,0,0
2,3,0,12,0,1,0,0,30,0,1
2,3,0,3,0,6,0,0,180,0,1
2,3,1,3,0,0,0,0,90,0,0
2,3,0,3,1,1,0,0,120,1,1
2,3,1,6,1,8,0,0,60,0,1
2,3,1,0,0,5,0,0,120,0,0
2,3,0,8,0,0,0,0,120,0,1
2,3,1,7,0,7,0,0,60,0,0
2,3,1,0,1,4,0,0,120,0,1
2,3,1,6,1,6,1,0,60,0,0
2,3,1,5,0,9,0,0,90,0,0
2,3,1,11,1,0,0,0,90,0,1
2,3,1,10,0,1,0,0,150,0,0
2,3,1,4,0,1,0,0,60,0,0
2,3,1,4,1,10,0,0,30,0,0
2,3,1,6,1,7,0,0,120,1,0
2,3,1,1,0,1,1,0,60,0,0
2,3,1,12,0,2,0,0,60,0,0
2,3,1,11,1,0,0,0,90,0,1
2,3,1,4,1,10,0,0,30,0,0
2,3,1,11,0,3,0,0,150,0,1
2,3,1,3,0,3,0,0,120,0,0
2,3,0,3,0,7,0,0,90,0,1
2,3,1,6,0,3,0,0,60,0,0
2,3,1,0,0,9,0,0,120,0,0
2,3,1,5,1,2,0,0,120,0,0
2,3,0,9,1,2,1,0,60,1,0
2,3,0,1,0,9,0,0,150,0,0
2,3,1,6,1,1,0,0,90,0,0
2,3,0,7,0,0,0,0,90,0,1
2,3,1,12,0,2,0,0,120,0,1
2,3,0,6,0,5,1,0,180,1,1
2,3,1,9,1,1,0,0,120,0,1
2,3,1,0,0,7,0,0,210,0,1
2,3,1,8,0,3,1,0,90,0,0
2,3,1,6,1,3,0,0,120,0,0
2,3,1,3,0,7,0,0,120,0,0
2,3,1,4,1,10,0,0,120,0,0
2,3,1,8,0,7,0,0,60,0,0
2,3,0,9,0,5,0,0,210,0,1
2,3,1,12,0,1,0,0,90,0,1
2,3,0,4,1,10,1,0,120,0,0
2,3,1,4,1,10,0,0,120,0,0
2,3,1,8,0,8,0,0,120,0,0
2,3,1,1,0,5,0,0,120,0,0
2,3,0,5,0,9,0,0,120,1,0
2,3,1,7,0,1,0,0,120,0,0
2,3,1,5,0,0,0,0,60,0,1
2,3,1,3,1,1,0,0,150,1,1
2,3,1,8,0,9,0,0,150,0,1
2,3,0,3,0,0,0,0,120,0,0
2,3,1,7,1,7,0,0,90,0,1
2,3,1,11,0,0,0,0,90,0,0
2,3,0,0,0,5,0,0,60,0,0
2,3,1,0,0,8,0,0,60,0,1
2,3,1,11,1,1,1,0,240,0,1
2,3,1,8,0,6,0,0,90,0,1
2,3,0,3,1,1,1,0,120,1,1
2,3,1,8,0,6,0,0,120,0,0
2,3,1,4,0,7,0,0,60,0,0
2,3,1,0,0,5,0,0,60,0,1
2,3,1,5,1,0,0,0,90,0,0
2,3,0,8,0,2,0,0,120,0,1
2,3,1,3,2,2,0,0,120,0,0
2,3,0,4,0,2,0,0,120,0,1
2,3,1,11,0,2,0,0,120,1,1
2,3,1,9,0,7,0,0,120,0,1
2,3,0,6,0,9,0,0,120,0,0
2,3,1,9,0,9,0,0,120,0,1
2,3,1,9,0,7,0,0,120,0,0
2,3,1,0,0,1,0,0,90,0,0
2,3,1,0,0,0,0,0,120,0,0
2,3,1,1,0,1,0,0,30,1,1
2,3,0,11,0,0,0,0,120,0,0
2,3,1,12,1,0,1,0,90,0,1
2,3,1,4,0,4,0,0,150,0,1
2,3,1,5,0,6,0,0,120,0,0
2,3,1,1,0,8,0,0,120,1,1
2,3,0,0,0,4,0,0,180,0,1
2,3,1,11,1,4,1,0,90,0,1
2,3,1,12,0,0,0,0,120,0,1
2,3,0,0,0,8,1,0,60,0,0
2,3,0,7,0,1,0,0,90,0,0
2,3,0,6,0,5,1,0,90,0,0
2,3,1,0,1,9,0,0,120,0,1
2,3,0,5,0,0,0,0,120,1,1
2,3,1,3,0,3,0,0,120,0,1
2,3,1,0,0,6,0,0,120,0,1
2,3,0,12,0,7,0,0,90,0,0
2,3,1,6,1,8,0,0,120,0,0
2,3,0,7,0,5,0,0,60,0,0
2,3,1,3,0,4,0,0,120,0,1
2,3,1,9,0,2,0,0,150,0,0
2,3,0,2,0,8,0,0,150,0,0
2,3,1,6,1,1,1,0,90,0,0
2,3,0,6,0,2,0,0,60,0,0
2,3,1,3,2,0,0,0,120,0,1
2,3,1,4,1,10,0,0,90,0,0
2,3,1,6,0,8,1,0,60,0,0
2,3,0,6,0,4,0,0,120,0,0
2,3,1,6,0,4,1,0,240,0,1
2,3,1,3,0,2,0,0,120,0,0
2,3,1,4,1,10,1,0,60,0,1
2,3,1,11,2,3,0,0,90,0,1
2,3,1,8,1,4,0,0,60,0,0
2,3,1,0,1,8,0,0,60,0,0
2,3,1,7,0,6,0,0,180,0,1
2,3,1,5,0,3,0,0,120,0,1
2,3,1,5,1,5,0,0,180,0,1
2,3,1,8,0,7,0,0,120,0,0
2,3,1,1,0,2,0,0,120,0,0
2,3,1,9,1,1,1,0,60,0,0
2,3,0,3,0,0,0,0,120,0,1
2,3,0,6,0,4,0,0,30,0,0
2,3,0,4,0,7,0,0,120,0,0
2,3,1,10,0,3,0,0,60,0,1
2,3,1,8,0,2,0,0,90,0,1
2,3,1,0,0,1,0,0,60,0,1
2,3,0,8,0,8,0,0,30,0,0
2,3,1,9,0,5,0,0,150,0,1
2,3,0,0,0,8,0,0,120,1,0
2,3,1,6,0,9,0,0,120,0,0
2,3,0,0,0,2,0,0,60,0,0
2,3,1,1,0,2,0,0,120,0,1
2,3,1,3,0,3,0,0,120,0,0
2,3,0,2,1,1,1,0,90,0,1
2,3,1,3,1,1,0,0,120,0,1
2,3,1,6,1,4,1,0,60,0,0
2,3,1,12,2,0,0,0,240,0,1
2,3,1,5,1,0,0,0,120,0,1
2,3,1,3,0,1,0,0,90,0,1
2,3,1,11,1,0,0,0,60,1,0
2,3,1,4,1,3,0,0,90,0,1
2,3,1,6,0,8,0,0,90,0,0
2,3,1,3,0,2,0,0,180,0,1
2,3,1,7,0,3,0,0,90,0,1
2,3,1,6,0,6,0,0,90,0,1
2,3,0,6,0,8,0,0,30,0,0
2,3,0,3,0,3,0,0,150,0,0
2,3,1,12,0,1,0,0,120,0,0
2,3,1,7,0,6,0,0,120,0,1
2,3,1,5,0,8,0,0,60,0,1
2,3,1,11,0,9,0,0,120,0,0
2,3,1,8,1,4,0,0,180,1,1
2,3,1,6,0,6,0,0,90,0,0
2,3,1,4,1,10,1,0,120,0,1
2,3,1,0,0,2,0,0,90,0,1
2,3,1,3,0,2,1,0,120,0,0
2,3,1,9,0,1,0,0,120,0,0
2,3,0,1,0,9,1,0,60,0,1
2,3,0,1,0,5,0,0,120,1,0
2,3,0,5,1,0,0,0,120,0,1
2,3,1,3,0,3,0,0,120,0,0
2,3,0,11,0,1,0,0,150,1,1
2,3,1,7,0,2,0,0,60,0,0
2,3,1,4,0,10,0,0,150,0,0
2,3,1,1,0,0,0,0,120,0,1
2,3,1,1,0,8,0,0,60,0,0
2,3,0,4,1,1,0,0,210,0,1
2,3,1,3,0,4,0,0,60,0,1
2,3,1,9,1,5,0,0,120,1,1
2,3,1,0,0,8,0,0,30,1,0
2,3,1,4,0,4,0,0,120,1,1
2,3,0,3,1,5,0,0,120,0,0
2,3,0,9,0,7,0,0,60,0,0
2,3,1,6,0,0,1,0,90,1,0
2,3,1,3,0,3,0,0,120,0,1
2,3,0,3,0,2,0,0,120,0,1
2,3,1,9,0,4,1,0,180,0,1
2,3,0,9,0,5,0,0,120,0,1
2,3,1,3,0,3,0,0,240,0,1
2,3,1,7,0,8,0,0,90,0,0
2,3,0,12,0,1,0,0,150,1,1
2,3,1,0,1,9,1,0,120,0,1
2,3,1,6,0,5,0,0,120,1,0
2,3,1,9,0,7,0,0,120,0,1
2,3,1,4,1,10,0,0,120,0,0
2,3,1,6,0,3,0,0,30,0,0
2,3,1,9,0,5,2,0,60,0,1
2,3,1,6,1,5,2,0,30,0,0
2,3,1,0,0,4,1,0,120,0,0
2,3,1,1,0,8,1,0,60,0,0
2,3,1,6,0,4,1,0,60,0,0
2,3,1,6,0,8,1,0,60,0,0
2,3,1,1,0,7,1,0,180,0,1
2,3,1,1,0,6,1,0,240,0,0
2,3,1,10,0,9,1,0,60,0,1
2,3,1,8,1,7,2,0,60,0,1
2,3,0,0,0,9,1,1,220,0,1
2,3,1,1,1,8,1,0,60,0,1
2,3,1,1,0,6,1,0,150,0,0
2,3,1,4,1,10,1,0,30,0,0
2,3,0,2,1,5,1,1,30,0,1
2,3,0,0,1,4,1,0,120,0,0
2,3,0,0,0,3,1,0,90,0,0
2,3,1,9,0,7,1,0,120,0,0
2,3,1,6,1,8,1,0,90,0,0
2,3,0,8,1,2,1,0,30,0,1
2,3,1,0,0,2,1,0,60,0,1
2,3,1,8,0,2,1,0,30,0,0
2,3,1,3,0,9,1,0,60,0,1
2,3,1,0,1,3,1,0,90,0,1
2,3,0,6,1,0,1,1,60,0,0
2,3,0,1,1,8,1,0,90,0,0
2,3,0,10,0,6,1,0,30,0,1
2,3,1,7,1,1,1,0,60,0,1
2,3,1,12,1,8,1,0,60,0,1
2,3,1,6,0,5,1,1,120,0,1
2,3,0,9,1,8,1,0,60,0,1
2,3,1,12,0,1,1,0,30,0,0
2,3,1,0,0,7,1,0,150,0,0
2,3,1,8,0,6,1,0,60,0,1
2,3,1,0,0,4,1,0,120,1,0
2,3,1,2,1,10,1,0,60,0,1
2,3,0,5,0,5,1,0,30,0,0
2,3,0,0,0,8,1,0,60,0,0
2,3,1,8,0,8,1,0,45,0,0
2,3,1,1,0,3,1,0,70,0,0
2,3,0,6,0,6,1,1,30,0,1
2,3,0,0,1,1,1,0,90,0,1
2,3,1,4,1,7,1,1,30,0,0
2,3,1,9,0,3,1,0,30,0,1
2,3,1,6,0,7,1,0,60,1,1
2,3,1,10,1,1,1,0,60,0,0
2,3,0,1,1,7,1,0,150,0,1
2,3,1,11,0,3,1,1,30,0,0
2,3,0,3,0,2,1,0,30,0,0
2,3,1,8,0,6,0,0,60,0,0
2,3,0,11,0,5,1,0,150,0,0
2,3,0,12,0,4,1,0,60,0,1
2,3,1,3,1,3,1,0,60,0,1
2,3,0,6,1,8,0,0,90,0,0
2,3,1,1,1,5,1,1,90,0,1
2,3,0,6,0,4,0,0,60,1,0
2,3,1,6,0,1,1,0,30,1,0
2,3,1,8,1,7,1,0,30,0,1
2,3,0,8,0,9,1,0,30,0,1
2,3,1,8,0,4,1,0,60,0,0
2,3,0,9,0,6,1,0,60,0,1
2,3,0,1,1,8,0,0,120,0,0
2,3,1,1,0,4,1,0,60,0,1
2,3,0,7,0,5,1,0,60,0,0
2,3,1,4,1,4,1,0,30,0,0
2,3,1,0,1,7,1,0,150,0,1
2,3,1,8,0,8,0,0,30,0,1
2,3,0,4,1,10,1,0,120,0,1
2,3,1,7,0,6,1,0,60,0,0
2,3,0,5,0,1,1,0,60,1,1
2,3,1,6,0,9,1,0,30,0,0
2,3,1,2,1,1,1,0,30,0,0
2,3,1,6,0,4,0,0,60,0,0
2,3,1,1,0,8,1,0,30,0,1
2,3,1,9,0,2,1,1,30,0,0
2,3,1,6,0,3,1,0,60,0,0
2,3,1,1,0,6,1,0,30,0,1
2,3,1,10,1,9,1,0,90,0,1
2,3,0,9,0,2,1,0,60,1,1
2,3,1,6,0,6,1,1,30,0,1
2,3,1,8,0,7,0,0,30,0,0
2,3,0,6,1,1,1,0,30,0,0
2,3,0,6,0,6,1,0,60,0,1
2,3,1,5,1,0,1,0,30,0,1
2,3,1,7,1,9,1,0,90,0,1
2,3,0,6,0,3,1,0,30,0,0
2,3,0,6,0,8,1,0,60,0,1
2,3,1,1,0,5,0,0,60,0,0
2,3,0,4,1,10,1,0,90,0,1
2,3,1,9,0,4,0,0,90,0,1
2,3,1,2,1,7,0,1,60,0,1
2,3,1,12,2,3,0,0,90,0,1
2,3,1,7,0,9,1,0,30,0,1
2,3,1,11,0,6,1,0,90,0,1
2,3,1,5,1,0,1,1,60,0,1
2,3,1,8,1,3,1,0,30,0,0
2,3,0,3,0,4,1,0,90,0,0
2,3,0,7,1,8,0,0,30,0,1
2,3,1,1,0,6,0,0,150,0,0
2,3,1,9,0,3,0,0,120,0,0
2,3,1,1,1,1,1,0,30,0,1
2,3,1,5,1,3,0,0,60,0,0
2,3,1,12,1,7,0,0,60,0,1
2,3,0,5,1,0,0,0,60,0,0
2,3,1,3,0,9,1,0,30,0,0
2,3,1,5,0,0,0,0,60,0,0
2,3,0,9,0,9,0,1,210,0,1
2,3,1,5,0,0,0,0,30,0,0
2,3,1,2,1,10,1,0,30,0,0
2,3,1,11,1,8,0,1,30,0,1
2,3,1,3,1,1,0,0,90,0,1
2,3,1,3,1,6,0,0,30,0,0
2,3,0,5,0,1,0,0,30,0,1
2,3,1,0,1,5,0,0,90,0,0
2,3,0,5,1,1,1,0,30,0,1
2,3,0,8,0,9,0,0,60,1,0
2,3,0,11,0,3,0,1,130,0,0
2,3,1,6,0,9,0,0,30,0,1
2,3,1,5,0,2,1,1,220,0,0
2,3,0,3,0,6,0,0,60,0,0
2,3,0,5,0,2,0,0,150,0,0
2,3,1,12,0,3,0,1,30,0,0
2,3,1,9,0,2,0,0,90,1,1
2,3,0,0,0,7,0,0,60,0,1
2,3,1,0,1,3,0,0,90,0,1
2,3,0,0,0,6,1,0,120,1,1
2,3,1,3,1,8,1,0,90,0,0
2,3,0,11,0,1,0,0,180,0,1
2,3,1,7,1,2,0,0,60,0,0
2,3,0,1,0,9,0,0,60,1,0
2,3,1,3,0,1,0,0,60,0,0
2,3,1,1,0,1,1,0,120,1,0
2,3,1,11,0,5,0,1,100,0,1
2,3,0,3,1,2,1,0,240,0,1
2,3,0,6,0,3,0,0,60,1,1
2,3,1,7,1,4,0,0,120,0,0
2,3,1,3,0,8,1,0,30,1,1
2,3,0,5,1,1,0,0,90,1,1
2,3,1,3,0,9,0,0,120,0,0
2,3,1,9,0,5,1,0,110,0,0
2,3,0,9,1,6,0,0,60,0,0
2,3,0,7,0,9,1,0,30,0,0
2,3,1,8,1,4,1,0,90,0,1
2,3,1,8,0,3,0,1,30,0,1
2,3,1,8,1,8,1,0,30,1,0
2,3,0,3,0,1,0,0,120,0,0
2,3,1,5,0,0,1,1,60,1,1
2,3,0,8,1,9,0,0,60,0,1
2,3,1,5,0,0,0,0,60,0,1
2,3,1,9,0,8,1,0,30,0,1
2,3,0,11,0,4,0,1,60,0,0
2,3,0,6,0,8,1,0,90,0,0
2,3,1,9,1,5,0,0,30,0,0
2,3,1,9,1,3,0,0,90,0,0
2,3,1,9,0,8,1,0,150,0,1
2,3,1,9,1,1,1,0,30,1,1
2,3,0,6,0,3,0,0,240,0,0
2,3,1,3,0,8,1,0,30,0,1
2,3,1,8,0,8,0,0,120,0,1
2,3,1,6,0,8,0,0,30,0,1
2,3,1,6,0,0,0,0,60,0,1
2,3,1,8,0,8,1,0,180,0,0
2,3,1,11,0,2,0,0,60,1,0
2,3,1,8,1,4,0,0,120,1,1
2,3,1,5,0,0,1,0,30,0,0
2,3,1,3,1,3,1,0,120,0,0
2,3,1,6,1,1,1,0,60,0,0
2,3,1,9,1,9,0,0,60,0,1
2,3,1,9,0,6,0,1,60,1,1
2,3,1,10,0,8,0,0,120,0,1
2,3,1,8,1,7,0,0,30,0,0
2,3,1,0,0,8,1,0,45,0,0
2,3,0,8,1,8,0,0,30,0,0
2,3,1,3,0,3,1,0,30,0,0
2,3,1,4,1,10,1,0,90,0,1
2,3,0,6,0,4,0,0,120,0,1
2,3,1,0,1,7,1,1,90,0,1
2,3,1,11,0,6,1,0,60,0,0
2,3,0,11,1,8,1,1,60,0,0
2,3,1,3,1,0,0,1,120,0,0
3,0,0,0,0,4,0,0,90,0,1
3,0,1,1,1,2,1,0,60,0,1
3,0,1,1,1,8,0,2,180,0,1
3,0,0,10,1,0,1,2,120,0,0
3,0,1,4,0,6,1,1,60,0,1
3,0,0,5,1,3,0,0,60,0,0
3,0,0,11,0,10,0,0,60,0,0
3,0,1,8,1,4,1,0,60,0,0
3,0,1,2,1,3,0,1,60,0,0
3,0,0,3,1,2,0,0,120,1,0
3,0,0,0,1,8,0,4,60,0,0
3,0,1,1,1,9,0,0,60,0,1
3,0,0,11,1,6,0,1,120,0,0
3,0,1,5,0,3,1,0,120,1,0
3,0,1,11,0,5,0,0,180,1,0
3,0,0,4,1,0,0,1,60,1,0
3,0,0,6,1,3,0,2,90,0,0
3,0,0,9,1,4,0,0,60,0,0
3,0,1,11,0,3,0,0,90,0,1
3,0,1,9,0,2,0,0,60,0,1
3,0,0,3,1,7,0,0,90,0,0
3,0,1,4,1,3,0,0,60,0,0
3,0,1,9,1,3,0,0,90,1,1
3,0,1,11,0,1,0,1,60,0,1
3,0,0,7,1,9,1,0,60,0,1
3,0,0,10,1,4,0,0,270,1,0
3,0,1,5,1,1,1,0,60,0,0
3,0,0,5,0,1,1,0,150,1,1
3,0,1,0,0,8,1,3,150,0,1
3,0,1,1,0,8,1,1,60,0,0
3,0,0,3,0,4,1,1,90,0,0
3,0,1,9,0,6,2,0,120,0,1
3,0,0,0,1,0,0,2,60,0,0
3,0,1,9,0,4,0,0,60,0,0
3,0,1,12,1,7,1,0,60,0,1
3,0,1,5,1,4,1,0,90,0,1
3,0,1,3,0,6,0,0,60,0,0
3,0,1,9,0,4,0,0,60,0,0
3,0,1,6,0,8,0,0,60,0,0
3,0,1,4,1,1,0,0,60,1,1
3,0,0,12,0,7,0,1,120,0,1
3,0,1,11,0,4,0,0,90,0,0
3,0,1,6,1,7,1,1,120,0,0
3,0,1,8,0,4,0,2,60,0,0
3,0,1,12,1,8,1,1,60,0,1
3,0,0,4,1,6,1,0,60,0,0
3,0,1,7,1,2,1,0,60,0,0
3,0,0,3,0,8,0,2,70,0,0
3,0,1,12,0,8,0,1,60,0,1
3,0,1,3,2,2,1,2,220,0,1
3,0,0,7,1,4,0,0,60,0,0
3,0,1,6,0,2,0,0,60,1,0
3,0,1,4,0,10,0,0,60,0,0
3,0,1,4,1,3,0,0,60,0,0
3,0,1,7,1,2,0,1,160,0,1
3,0,1,3,0,4,0,0,60,0,0
3,0,1,10,1,2,0,2,180,1,1
3,0,0,7,0,4,0,0,60,0,0
3,0,0,9,0,8,1,0,70,0,0
3,0,0,6,1,3,0,0,120,0,0
3,0,1,5,1,0,1,0,60,0,0
3,0,1,5,0,6,1,0,60,0,0
3,0,1,6,0,1,0,1,150,1,0
3,0,1,9,1,4,0,0,60,1,0
3,0,0,7,1,7,0,1,120,0,1
3,0,1,1,0,7,0,0,60,0,0
3,0,0,6,1,1,0,0,120,1,0
3,0,1,5,1,3,0,1,210,0,1
3,0,0,8,1,1,1,0,60,0,1
3,0,0,3,1,1,1,0,60,0,0
3,0,1,2,0,4,0,4,120,0,0
3,0,1,3,1,4,1,0,60,0,0
3,0,0,6,1,1,0,0,240,0,0
3,0,0,10,0,7,0,3,60,0,1
3,0,0,9,0,3,0,0,60,0,1
3,0,1,10,1,4,0,0,60,0,0
3,0,1,3,0,2,0,1,150,0,0
3,0,1,9,0,4,0,1,120,0,0
3,0,0,11,0,1,0,0,60,0,1
3,0,0,0,1,1,0,4,60,0,0
3,0,0,3,1,2,0,3,120,0,0
3,0,1,5,0,9,0,0,180,0,1
3,0,0,11,1,1,0,1,120,0,0
3,0,1,9,0,2,0,0,60,0,0
3,0,1,11,1,0,0,0,60,0,0
3,0,0,3,0,7,0,0,60,0,0
3,0,1,8,0,9,0,2,130,0,0
3,0,1,3,1,2,1,0,60,0,1
3,0,1,4,0,10,1,0,60,0,0
3,0,1,8,0,3,1,0,60,0,0
3,0,1,3,0,9,0,0,90,0,1
3,0,1,7,0,8,0,1,90,0,0
3,0,1,9,0,6,1,0,60,0,1
3,0,1,0,0,3,0,0,60,0,0
3,0,1,12,1,0,0,2,60,0,1
3,0,0,9,0,6,1,4,120,0,0
3,0,0,10,1,0,0,0,60,0,0
3,0,0,11,0,8,1,0,60,0,0
3,0,0,7,1,3,0,2,150,0,0
3,0,0,4,0,4,0,1,280,0,0
3,0,0,8,0,2,0,1,60,0,0
3,0,0,8,0,8,0,0,60,1,0
3,0,0,8,1,8,0,2,60,0,0
3,0,0,9,0,5,0,0,115,0,1
3,0,1,5,0,8,0,0,180,0,1
3,0,1,11,0,0,0,1,120,0,1
3,0,1,7,1,3,0,0,60,0,0
3,0,0,0,0,4,0,0,60,0,0
3,0,1,7,0,6,0,1,120,1,0
3,0,0,0,1,8,0,0,60,1,0
3,0,0,6,1,6,0,0,60,0,1
3,0,1,5,0,2,0,0,60,0,0
3,0,1,4,0,4,1,1,60,0,0
3,0,0,8,0,2,0,2,60,0,1
3,0,0,10,0,9,0,2,120,0,0
3,0,1,5,1,2,1,0,70,0,0
3,0,1,12,1,1,0,0,90,0,0
3,0,0,11,1,0,0,0,60,0,0
3,0,0,0,0,5,0,2,120,0,1
3,0,0,11,1,0,0,0,90,0,0
3,0,0,1,1,7,0,1,70,0,0
3,0,1,6,0,3,1,0,60,1,1
3,0,1,5,2,2,0,1,120,0,0
3,0,1,11,1,9,1,2,120,0,0
3,0,0,1,0,7,0,1,60,0,1
3,0,0,10,1,5,0,0,150,0,0
3,0,1,9,1,4,1,0,60,0,0
3,0,0,10,0,3,1,0,90,0,0
3,0,1,0,0,9,0,1,60,0,1
3,0,1,0,1,9,0,0,60,1,0
3,0,1,6,0,5,0,2,60,0,0
3,0,1,6,0,8,0,0,60,0,0
3,0,0,12,0,7,0,0,120,0,1
3,0,1,8,1,4,0,0,60,1,0
3,0,1,8,0,8,0,0,90,0,0
3,0,1,11,1,2,0,0,60,1,1
3,0,1,11,1,10,0,0,70,0,0
3,0,1,5,0,4,0,0,120,0,1
3,0,0,0,1,2,0,0,180,1,1
3,0,0,3,0,1,0,0,120,0,1
3,0,0,6,1,2,0,0,90,1,0
3,0,0,2,0,9,0,0,60,0,1
3,0,1,9,0,2,0,3,120,0,0
3,0,0,2,1,6,0,1,120,0,0
3,0,1,6,0,4,0,1,120,1,1
3,0,1,6,0,0,0,0,60,1,1
3,0,0,9,1,1,0,1,210,0,1
3,0,1,1,0,6,0,0,240,0,1
3,0,1,0,0,2,0,2,60,0,0
3,0,1,7,1,9,0,0,60,0,0
3,0,0,3,0,8,0,3,240,0,0
3,0,1,8,1,0,0,0,60,0,1
3,0,0,7,0,4,1,0,60,0,0
3,0,1,5,1,0,0,2,120,0,0
3,0,0,8,0,9,1,2,120,0,0
3,0,1,4,1,5,0,1,210,0,1
3,0,0,6,1,5,1,0,120,0,0
3,0,1,8,1,0,0,0,120,0,0
3,0,1,7,0,9,0,2,60,0,0
3,0,1,8,1,9,0,0,90,0,0
3,0,1,10,0,1,0,0,90,0,0
3,0,0,6,0,4,0,1,120,1,0
3,0,0,0,0,7,1,1,225,0,1
3,0,0,10,0,7,1,0,60,0,0
3,0,0,6,0,3,0,0,60,1,1
3,0,0,5,0,6,1,0,180,0,1
3,0,1,11,0,2,0,1,120,0,0
3,0,1,9,0,3,0,0,60,0,0
3,0,0,11,0,0,0,0,60,0,0
3,0,1,3,0,2,0,2,130,0,1
3,0,0,0,0,7,0,1,60,0,1
3,0,1,5,1,7,0,0,60,0,1
3,0,1,12,0,3,0,0,60,0,0
3,0,0,1,1,6,0,2,120,0,0
3,0,1,11,1,6,1,1,120,0,1
3,0,0,10,1,0,1,0,60,0,1
3,0,1,8,1,6,1,0,70,0,1
3,0,1,4,1,3,0,1,120,0,0
3,0,1,9,0,5,0,0,75,0,1
3,0,0,9,0,6,0,0,60,0,0
3,0,1,11,0,5,0,1,60,0,0
3,0,1,8,0,8,0,0,90,0,0
3,0,0,7,0,1,0,0,60,0,0
3,0,0,6,1,8,1,1,120,0,1
3,0,0,7,1,2,0,1,150,0,1
3,0,1,9,0,7,0,1,150,0,0
3,0,0,12,0,4,0,0,210,0,1
3,0,1,3,1,8,1,0,80,0,0
3,0,1,8,0,9,0,0,180,0,1
3,0,0,9,0,8,0,0,60,0,0
3,0,1,3,0,4,0,0,60,0,0
3,0,1,9,1,8,0,0,60,0,0
3,0,0,8,1,1,1,0,60,0,0
3,0,1,12,0,0,0,1,180,0,0
3,0,1,10,1,1,0,0,60,0,1
3,0,0,7,1,2,1,1,210,0,0
3,0,0,1,1,3,1,1,240,1,1
3,0,1,3,0,6,1,0,90,0,0
3,0,1,7,1,8,0,0,90,0,0
3,0,1,4,1,2,0,0,60,0,0
3,0,0,9,1,5,1,0,60,0,0
3,0,1,12,1,5,0,0,60,0,0
3,0,0,10,1,4,0,0,60,0,1
3,0,1,4,1,1,0,0,60,0,0
3,0,1,10,0,1,0,0,60,0,0
3,0,1,5,1,0,0,0,120,0,0
3,0,1,7,1,8,0,0,90,0,0
3,0,1,3,0,4,0,0,60,0,0
3,0,1,5,1,2,1,2,120,0,0
3,0,1,11,1,2,1,1,120,1,0
3,0,1,0,1,8,0,0,60,0,1
3,0,0,12,0,5,1,0,60,0,0
3,0,0,3,0,2,1,0,60,0,0
3,0,0,3,1,0,0,1,120,0,0
3,0,0,12,0,3,0,1,120,0,0
3,0,0,3,0,3,0,0,60,1,0
3,0,1,0,1,3,0,0,60,0,1
3,0,0,0,0,9,0,0,60,1,1
3,0,1,4,0,8,0,0,60,0,1
3,0,1,9,2,2,0,2,60,0,1
3,0,0,9,1,6,1,0,60,0,1
3,0,0,4,1,2,0,0,60,0,0
3,0,1,8,1,5,0,0,60,1,0
3,0,1,8,0,9,0,1,60,0,0
3,0,0,9,0,4,0,0,60,0,1
3,0,0,4,0,0,1,0,60,0,1
3,0,1,4,0,1,0,1,60,0,0
3,0,1,10,0,8,0,1,120,0,0
3,0,1,1,1,4,0,1,120,0,1
3,0,0,0,1,1,0,0,60,0,1
3,0,0,7,0,9,0,0,60,0,0
3,0,0,7,0,7,0,0,60,0,0
3,0,1,12,0,1,1,0,60,0,0
3,0,0,9,0,2,0,0,90,0,1
3,0,1,3,1,5,0,1,120,0,0
3,0,0,1,0,2,1,0,60,1,0
3,0,1,3,0,2,0,0,70,0,0
3,0,0,10,1,9,0,0,180,0,1
3,0,1,1,1,9,1,0,60,0,0
3,0,0,9,1,5,0,0,60,0,0
3,0,1,4,1,10,0,1,130,0,1
3,0,1,6,0,4,0,0,60,0,0
3,0,0,8,0,5,0,0,60,0,0
3,0,0,11,0,0,0,1,120,0,1
3,0,0,0,0,4,0,2,250,0,0
3,0,0,7,0,1,0,2,60,0,0
3,0,1,2,0,10,1,0,60,0,0
3,0,0,1,0,7,1,0,60,0,0
3,0,0,3,1,5,0,2,150,0,0
3,0,1,12,1,0,0,3,210,0,1
3,0,0,8,0,2,0,0,90,0,1
3,0,0,6,0,9,0,0,60,0,0
3,0,1,6,1,8,0,0,60,0,1
3,0,1,10,1,7,0,0,60,0,0
3,0,0,4,0,0,1,0,180,0,1
3,0,0,0,1,2,0,2,60,0,1
3,0,0,11,0,7,1,0,60,0,0
3,0,0,9,0,7,1,0,80,0,0
3,0,1,8,1,9,0,3,120,0,0
3,0,0,9,0,7,0,1,120,0,0
3,0,0,8,0,7,0,0,60,0,0
3,0,1,6,1,9,0,0,60,0,1
3,0,0,3,1,8,0,1,210,0,1
3,0,1,6,1,0,0,0,60,0,0
3,0,0,3,1,6,1,0,60,0,0
3,0,0,5,0,0,0,1,120,0,0
3,0,1,5,0,9,0,2,120,0,1
3,0,1,11,0,3,1,0,60,0,0
3,0,1,8,0,7,1,0,60,0,0
3,0,1,8,1,6,0,0,120,0,0
3,0,0,6,1,7,0,0,60,0,0
3,0,0,9,1,6,1,0,60,1,0
3,0,0,9,0,7,0,0,130,0,1
3,0,1,6,0,9,0,0,90,0,0
3,0,0,1,0,6,0,0,60,0,0
3,0,0,7,1,6,1,0,60,0,1
3,0,1,9,0,9,0,0,60,0,0
3,0,1,10,0,0,0,0,120,0,0
3,0,1,10,1,2,0,0,60,0,0
3,0,1,4,0,10,0,0,60,0,1
3,0,1,3,0,4,0,1,240,0,1
3,0,1,9,0,4,0,1,60,0,1
3,0,0,3,0,5,0,0,240,0,1
3,0,1,7,1,8,0,1,60,0,0
3,0,0,0,1,6,0,0,60,0,0
3,0,0,3,0,1,0,0,120,1,1
3,0,0,5,0,6,1,0,60,0,1
3,0,1,1,1,1,0,1,180,0,1
3,0,1,3,0,2,0,1,150,0,1
3,0,0,12,0,1,0,0,60,0,1
3,0,0,11,0,0,0,1,120,1,0
3,0,0,1,0,3,0,0,60,0,0
3,0,1,0,1,8,0,0,60,0,1
3,0,0,0,0,6,0,1,60,0,0
3,0,1,0,1,4,0,1,240,0,0
3,0,1,9,0,6,1,1,130,0,0
3,0,0,6,1,5,0,1,180,0,1
3,0,1,7,1,5,0,1,120,0,1
3,0,1,8,0,7,0,0,80,0,0
3,0,0,5,0,5,0,0,105,0,1
3,0,1,2,1,3,0,1,60,0,0
3,0,1,5,1,2,0,0,60,0,0
3,0,0,6,0,5,0,0,120,0,0
3,0,1,8,0,1,0,0,60,0,0
3,0,0,11,1,1,0,1,120,0,1
3,0,1,8,1,9,0,0,75,0,0
3,0,1,9,1,7,1,0,60,0,0
3,0,1,12,1,5,0,0,60,0,0
3,0,0,9,0,8,0,0,60,0,0
3,0,1,7,1,7,0,0,60,0,0
3,0,0,9,1,6,0,0,60,0,0
3,0,1,0,1,3,1,0,60,0,0
3,0,0,11,1,0,0,2,180,0,0
3,0,0,10,1,8,0,0,60,0,0
3,0,1,8,0,5,0,0,60,0,0
3,0,1,4,1,10,0,0,60,0,0
3,0,0,0,0,3,0,0,60,0,0
3,0,0,5,0,0,0,0,90,1,1
3,0,1,6,0,3,0,2,120,0,0
3,0,0,8,0,5,0,0,60,1,0
3,0,1,0,0,8,0,0,120,0,0
3,0,1,7,0,1,0,0,60,1,0
3,0,1,0,1,7,0,0,60,0,1
3,0,1,0,1,3,0,0,120,0,1
3,0,1,1,0,7,1,0,120,0,0
3,0,0,1,1,5,0,2,180,1,1
3,0,1,0,1,7,1,0,60,1,0
3,0,0,1,1,3,1,0,60,1,0
3,0,1,11,0,0,0,1,60,0,0
3,0,0,8,1,3,0,0,90,1,1
3,0,0,10,1,9,0,0,60,0,0
3,0,1,7,0,4,0,0,60,0,0
3,0,0,0,1,8,0,1,210,0,0
3,0,0,10,0,3,0,0,190,0,0
3,0,1,5,0,1,0,1,120,0,1
3,0,1,6,0,6,0,0,105,0,1
3,0,1,8,0,7,1,1,90,0,0
3,0,1,7,0,3,1,0,60,0,0
3,0,1,11,1,4,0,0,60,0,1
3,0,1,10,1,1,0,1,150,1,1
3,0,1,8,0,9,1,0,60,0,0
3,0,1,2,1,0,0,0,120,0,0
3,0,0,6,0,6,0,1,120,0,1
3,0,0,7,1,8,1,1,60,0,1
3,0,1,8,1,8,0,0,60,0,0
3,0,1,1,1,6,0,1,180,0,0
3,0,0,2,1,0,0,0,120,0,0
3,0,1,5,1,0,1,0,60,0,1
3,0,1,1,0,6,1,0,60,0,0
3,0,1,9,1,4,1,1,240,1,0
3,0,1,3,1,0,0,1,150,0,1
3,0,1,5,1,0,0,0,60,1,0
3,0,1,8,1,9,1,0,60,0,0
3,0,0,12,1,6,0,1,120,0,0
3,0,1,1,0,4,0,1,150,0,0
3,0,0,5,1,4,0,1,120,0,1
3,0,1,11,1,1,0,0,180,0,1
3,0,1,5,0,0,0,0,60,0,1
3,0,0,9,0,2,0,0,60,1,1
3,0,1,4,0,7,1,0,120,0,0
3,0,0,4,0,1,0,0,60,0,0
3,0,0,11,1,4,0,1,120,0,0
3,0,1,1,0,5,0,0,60,0,0
3,0,1,8,0,9,0,0,60,1,0
3,0,0,5,0,5,0,1,180,0,1
3,0,1,0,1,8,0,0,70,1,1
3,0,1,10,0,2,1,0,120,0,1
3,0,1,5,0,3,0,1,120,1,0
3,0,0,0,1,1,0,1,120,0,0
3,0,1,6,0,3,1,0,70,0,0
3,0,0,12,0,1,0,0,60,0,0
3,0,0,8,0,10,0,0,120,0,0
3,0,1,5,1,2,0,0,180,0,0
3,0,1,7,0,8,0,0,90,0,0
3,0,0,8,0,6,0,1,120,0,0
3,0,1,4,1,1,0,0,180,1,0
3,0,1,6,1,1,0,0,120,0,1
3,0,1,11,1,0,1,1,120,0,1
3,0,1,3,1,3,0,0,60,0,0
3,0,1,8,1,7,0,0,120,0,1
3,0,1,1,0,1,0,1,180,0,0
3,0,0,5,0,2,0,0,120,0,1
3,0,1,0,0,5,0,1,180,0,0
3,0,1,2,0,10,0,0,60,0,0
3,0,0,0,2,1,0,0,60,0,1
3,0,1,2,0,5,0,1,210,0,1
3,0,0,6,1,0,1,0,60,1,1
3,0,0,5,1,5,1,1,120,0,0
3,0,1,11,1,3,1,0,60,0,0
3,0,0,9,0,2,0,0,60,0,0
3,0,1,8,0,6,0,1,120,0,0
3,0,1,5,1,1,0,1,210,1,1
3,0,0,0,1,8,1,1,210,1,1
3,0,1,8,0,1,0,0,60,0,0
3,0,0,9,0,3,0,0,60,1,0
3,0,0,12,0,7,0,0,60,0,0
3,0,1,0,0,6,0,0,60,0,0
3,0,1,5,0,0,0,1,180,0,1
3,0,0,0,0,4,0,0,60,0,1
3,0,0,5,0,1,0,0,60,0,0
3,0,1,5,0,3,0,0,80,0,0
3,0,1,6,1,9,1,0,90,0,0
3,0,0,6,0,1,0,0,60,1,0
3,0,0,1,1,2,0,0,90,1,1
3,0,0,9,0,5,0,0,60,0,1
3,0,1,3,0,6,0,0,60,0,0
3,0,1,9,0,9,0,0,60,0,0
3,0,1,10,1,5,0,0,60,0,1
3,0,0,7,0,4,0,0,120,0,0
3,0,1,5,1,7,1,0,60,0,1
3,0,0,5,0,3,0,0,90,1,1
3,0,0,9,0,3,0,0,145,0,1
3,0,0,6,0,8,0,0,70,1,0
3,0,0,0,1,6,0,1,120,1,1
3,0,0,9,0,9,0,0,150,0,1
3,0,0,8,0,9,1,0,60,0,0
3,0,1,11,0,2,0,0,120,0,0
3,0,0,9,0,5,0,0,180,1,0
3,0,1,6,0,9,0,0,60,0,0
3,0,1,12,0,2,0,1,210,1,0
3,0,0,2,0,0,0,0,120,0,0
3,0,0,9,1,4,0,0,60,0,0
3,0,0,0,0,6,0,0,60,0,1
3,0,1,2,1,10,0,0,120,0,0
3,0,0,8,0,3,0,0,60,0,0
3,0,0,4,0,10,0,0,120,0,0
3,0,1,7,0,6,0,0,60,0,0
3,0,1,1,1,9,0,1,120,0,0
3,0,1,8,1,9,0,1,180,0,1
3,0,0,4,1,10,0,0,60,0,0
3,0,1,12,1,6,0,0,120,0,1
3,0,1,8,1,4,1,0,120,0,0
3,0,1,8,0,7,0,0,120,0,0
3,0,0,9,1,8,0,0,60,0,0
3,0,1,7,1,9,0,0,60,0,0
3,0,1,9,0,5,2,0,90,0,0
3,0,0,0,0,7,0,0,60,0,0
3,0,0,11,0,3,0,1,120,0,1
3,0,0,0,1,5,0,0,60,0,0
3,0,1,3,1,4,0,0,120,0,0
3,0,0,11,0,3,0,0,60,0,0
3,0,1,5,1,0,0,0,120,0,0
3,0,0,10,1,9,0,0,60,0,0
3,0,1,1,0,7,0,0,120,0,0
3,0,0,5,0,6,0,1,210,0,1
3,0,1,3,1,2,0,0,60,0,0
3,0,0,9,1,4,1,0,60,0,0
3,0,1,0,1,7,0,1,240,1,1
3,0,1,6,0,9,0,0,60,0,1
3,0,0,9,0,2,0,1,180,0,0
3,0,1,3,0,4,0,0,60,0,0
3,0,1,7,0,6,1,0,120,0,1
3,0,0,11,1,2,0,1,120,0,0
3,0,1,0,0,4,0,1,120,0,1
3,0,0,4,0,4,1,1,150,0,0
3,0,0,8,1,3,1,0,60,1,1
3,0,1,1,0,1,0,0,60,0,0
3,0,0,11,1,7,0,0,60,0,0
3,0,0,5,1,6,1,0,60,0,1
3,0,0,3,0,2,0,0,120,0,0
3,0,0,5,0,0,0,0,180,1,1
3,0,0,9,0,4,0,1,120,0,0
3,0,0,5,1,1,0,1,120,0,1
3,0,1,5,1,2,1,0,60,0,1
3,0,1,0,1,1,1,0,60,0,0
3,0,1,11,0,3,0,1,120,0,1
3,0,0,7,1,9,0,0,60,0,1
3,0,0,7,0,2,0,1,180,0,0
3,0,1,5,1,1,1,1,120,1,0
3,0,0,8,0,8,0,0,120,0,1
3,0,1,9,1,3,0,0,60,1,0
3,0,0,7,0,7,1,0,60,0,0
3,0,1,6,0,0,1,1,180,0,0
3,0,0,12,0,4,0,0,60,0,1
3,0,0,5,0,7,0,0,120,0,0
3,0,1,3,0,8,0,0,60,0,0
3,0,0,4,2,10,0,0,60,0,0
3,0,1,6,0,6,0,1,120,0,0
3,0,0,1,0,8,0,1,150,0,0
3,0,1,6,0,7,1,0,120,0,1
3,0,1,11,1,0,0,1,120,0,1
3,0,1,6,0,1,1,1,120,1,0
3,0,1,4,1,1,0,0,60,1,0
3,0,1,4,1,10,0,0,120,0,0
3,0,1,0,0,3,0,0,60,0,1
3,0,0,6,0,2,0,0,60,0,0
3,0,1,1,1,8,1,0,60,0,0
3,0,0,7,0,5,0,0,120,0,1
3,0,1,12,0,0,0,0,120,0,1
3,0,1,11,1,1,0,0,120,1,1
3,0,1,3,0,1,0,1,120,0,0
3,0,0,10,1,8,0,0,60,0,1
3,0,0,1,0,1,0,1,120,0,0
3,0,1,0,0,5,0,0,60,0,0
3,0,1,1,0,8,0,0,120,0,0
3,0,1,5,1,1,0,0,120,0,0
3,0,0,4,1,2,0,1,120,0,1
3,0,0,3,0,5,0,0,180,0,1
3,0,1,11,0,1,0,0,60,0,0
3,0,0,9,1,4,1,1,180,1,1
3,0,1,7,1,5,1,1,120,0,1
3,0,0,10,1,0,1,0,60,0,0
3,0,1,1,1,1,0,0,120,0,1
3,0,0,5,0,1,0,0,60,0,1
3,0,1,9,1,5,0,1,120,0,0
3,0,0,10,1,7,0,0,70,0,0
3,0,1,5,0,6,0,0,120,0,1
3,0,0,5,0,4,1,0,60,0,0
3,0,0,9,0,2,1,0,60,0,0
3,0,1,8,0,5,0,1,180,0,0
3,0,0,4,1,10,0,0,90,0,0
3,0,1,10,1,6,1,0,90,0,0
3,0,0,10,1,5,0,0,60,0,1
3,0,0,0,1,4,0,0,120,0,0
3,0,1,5,0,2,0,1,180,0,0
3,0,1,6,1,6,0,0,60,0,0
3,0,1,10,0,8,0,1,120,0,0
3,0,1,10,1,7,0,0,60,0,1
3,0,0,8,1,3,0,1,120,1,1
3,0,1,3,1,1,1,1,120,0,1
3,0,0,5,1,9,0,0,60,0,0
3,0,0,3,1,1,0,1,120,0,0
3,0,0,1,0,5,0,0,120,0,1
3,0,1,2,0,8,0,0,160,1,1
3,0,1,0,0,9,0,0,60,0,1
3,0,1,0,1,2,0,0,60,0,0
3,0,1,10,0,6,0,0,60,0,0
3,0,0,0,0,6,0,0,75,0,0
3,0,1,10,0,9,0,0,75,0,1
3,0,0,3,0,1,0,0,60,0,1
3,0,0,10,1,4,0,0,130,0,1
3,0,1,5,1,0,0,1,120,0,0
3,0,1,8,0,3,1,0,60,0,0
3,0,1,12,0,5,0,0,120,0,1
3,0,1,5,0,1,0,0,60,0,0
3,0,0,5,1,5,0,1,120,0,1
3,0,1,12,1,8,0,0,60,0,1
3,0,1,1,1,1,0,0,120,0,0
3,0,1,0,1,2,0,0,60,0,0
3,0,1,10,1,4,0,0,60,0,0
3,0,1,5,1,2,0,0,90,1,1
3,0,1,3,1,3,0,0,90,0,1
3,0,0,8,0,9,0,0,60,0,0
3,0,1,8,0,8,0,0,100,0,1
3,0,1,9,1,3,0,0,90,0,1
3,0,1,3,1,7,0,0,90,0,1
3,0,1,9,1,8,0,0,60,0,0
3,0,1,0,1,6,1,0,60,1,1
3,0,1,4,1,2,1,1,120,0,0
3,0,1,1,0,7,0,0,60,0,0
3,0,0,0,1,2,0,1,180,0,1
3,0,0,5,1,2,0,0,60,1,0
3,0,1,10,0,0,0,0,60,0,0
3,0,0,0,1,4,0,0,90,0,1
3,0,0,8,0,4,0,0,90,0,0
3,0,0,5,0,0,0,0,120,0,1
3,0,1,3,0,4,1,1,135,0,1
3,0,1,3,1,6,0,1,120,0,1
3,0,1,11,0,10,0,0,60,0,0
3,0,1,12,1,9,0,0,60,0,0
3,0,1,12,0,9,0,0,90,0,1
3,0,0,0,0,9,0,0,60,0,0
3,0,0,11,0,2,0,0,60,0,0
3,0,1,11,0,4,0,0,60,1,0
3,0,1,9,0,7,0,0,60,0,0
3,0,1,0,0,8,0,0,60,0,0
3,0,0,0,0,2,0,0,60,0,0
3,0,1,9,1,2,0,0,60,0,0
3,0,0,9,0,4,0,0,60,0,1
3,0,1,7,1,5,0,0,60,0,0
3,0,1,12,1,0,0,0,60,0,0
3,0,1,1,1,4,0,0,60,0,0
3,0,0,0,0,9,0,0,60,0,1
3,0,1,3,0,3,0,0,120,0,1
3,0,1,9,1,1,0,0,90,0,0
3,0,0,3,1,3,1,0,60,0,1
3,0,1,4,1,10,1,0,90,0,0
3,0,1,2,0,0,0,0,60,0,0
3,0,1,11,1,3,0,0,60,0,1
3,0,1,12,0,2,0,0,60,0,1
3,0,1,9,1,5,0,0,90,0,0
3,0,0,2,0,1,0,0,60,0,1
3,0,1,12,1,0,0,0,60,0,1
3,0,0,9,1,1,1,0,60,0,0
3,0,0,1,0,2,0,0,60,0,0
3,0,0,4,2,10,0,0,70,0,0
3,0,1,10,0,2,0,0,60,0,0
3,0,1,8,1,6,0,0,90,1,1
3,0,1,2,1,0,0,0,120,1,1
3,0,1,11,0,4,0,0,60,0,0
3,0,1,4,1,10,0,0,60,0,0
3,0,0,6,0,7,1,0,60,0,0
3,0,1,6,0,3,0,0,60,0,0
3,0,1,4,1,10,1,0,60,1,1
3,0,1,2,0,9,0,0,60,0,0
3,0,0,1,0,3,0,0,60,0,0
3,0,1,3,0,0,0,0,60,0,0
3,0,1,0,1,6,0,0,60,0,0
3,0,1,5,0,6,1,0,60,0,0
3,0,0,5,0,0,0,0,60,1,0
3,0,0,8,1,7,1,0,60,0,1
3,0,0,10,1,2,0,0,60,0,0
3,0,1,5,0,2,0,0,60,0,0
3,0,1,3,0,9,1,0,60,0,1
3,0,1,1,1,5,0,0,60,0,0
3,0,0,1,1,2,1,0,120,0,1
3,0,0,4,2,10,0,0,60,0,0
3,0,0,4,1,10,0,0,60,0,0
3,0,1,12,0,0,0,0,60,0,0
3,0,0,12,0,6,0,0,60,0,0
3,0,1,1,0,5,0,0,60,0,0
3,0,0,9,0,5,0,0,60,0,0
3,0,1,6,0,5,0,0,60,0,0
3,0,0,1,0,3,0,0,120,0,1
3,0,0,0,0,9,1,0,60,0,0
3,0,1,5,1,0,0,0,60,0,1
3,0,1,6,1,3,0,0,60,0,1
3,0,0,12,0,7,0,0,60,0,1
3,0,1,2,0,0,0,0,90,0,0
3,0,0,10,0,2,0,0,60,0,0
3,0,0,5,1,0,0,0,60,0,0
3,0,0,8,0,4,0,0,60,0,0
3,0,1,0,0,3,0,0,60,1,0
3,0,1,9,0,3,0,0,120,0,0
3,0,1,11,0,1,0,0,60,0,1
3,0,0,5,1,0,1,0,120,0,1
3,0,1,9,1,9,0,0,60,0,0
3,0,1,4,0,4,1,0,120,0,1
3,0,0,10,0,5,0,0,60,0,0
3,0,1,5,1,2,0,0,60,0,0
3,0,1,5,1,1,0,0,60,0,0
3,0,1,9,0,6,0,0,60,0,0
3,0,0,8,1,8,0,0,90,0,0
3,0,0,12,2,0,0,0,60,0,1
3,0,0,11,0,0,0,0,60,0,0
3,0,1,12,0,2,0,0,60,0,1
3,0,1,7,1,7,0,0,60,1,1
3,0,1,4,0,0,0,0,120,0,0
3,0,1,11,0,0,0,0,120,0,0
3,0,0,9,1,4,0,0,60,0,1
3,0,1,12,1,5,0,0,60,0,0
3,0,1,0,0,9,1,0,60,0,0
3,0,1,5,0,0,0,0,90,0,0
3,0,0,0,1,2,1,0,60,0,0
3,0,1,5,1,6,1,0,60,0,0
3,0,1,7,1,3,0,0,60,0,0
3,0,1,12,1,3,0,0,60,0,1
3,0,0,11,0,6,0,0,90,0,0
3,0,1,5,1,7,1,0,60,0,1
3,0,1,5,0,3,0,0,60,0,0
3,0,1,4,0,3,0,0,60,0,1
3,0,1,9,1,7,1,0,60,0,1
3,0,0,4,1,6,0,0,60,0,1
3,0,1,8,1,9,0,0,90,0,0
3,0,1,7,1,5,0,0,60,0,0
3,0,0,11,1,3,0,0,60,0,1
3,0,0,5,0,0,0,0,75,0,0
3,0,1,3,1,3,0,0,60,0,0
3,0,1,5,0,0,0,0,90,0,1
3,0,1,6,1,4,1,0,60,0,1
3,0,1,11,1,1,0,0,60,1,0
3,0,1,12,0,2,0,0,60,1,0
3,0,1,6,0,1,1,0,180,0,1
3,0,1,0,1,9,0,0,180,0,0
3,0,1,0,1,2,0,0,120,0,0
3,0,1,8,0,8,0,0,60,0,0
3,0,0,0,0,8,0,0,60,0,0
3,0,1,6,0,3,1,0,60,0,0
3,0,1,8,1,1,0,0,60,0,0
3,0,0,3,0,0,0,0,90,0,1
3,0,1,9,0,5,0,0,60,0,0
3,0,0,9,0,6,0,0,60,0,1
3,0,1,2,1,0,0,0,90,0,1
3,0,1,3,0,5,0,0,60,0,0
3,0,1,12,1,6,1,0,60,0,0
3,0,1,9,1,8,1,0,60,0,0
3,0,1,4,0,0,0,0,60,0,0
3,0,1,4,1,10,1,0,60,0,1
3,0,1,10,0,4,1,0,60,0,0
3,0,1,5,1,6,0,0,60,0,0
3,0,1,12,1,0,0,0,60,0,1
3,0,1,5,1,4,0,0,60,0,0
3,0,0,0,1,8,0,0,120,0,0
3,0,1,0,0,6,0,0,60,1,0
3,0,1,5,0,0,0,0,90,0,0
3,0,1,9,1,2,0,0,60,1,1
3,0,1,8,1,8,0,0,120,1,0
3,0,1,12,0,3,0,0,60,0,0
3,0,1,7,1,7,0,0,60,1,0
3,0,1,12,1,4,0,0,60,0,1
3,0,1,9,1,6,0,0,60,0,0
3,0,1,8,0,8,1,0,60,0,0
3,0,0,6,0,3,0,0,60,0,0
3,0,1,2,0,2,0,0,60,0,0
3,0,0,1,1,7,1,0,60,0,0
3,0,0,6,0,3,0,0,60,1,1
3,0,1,5,1,6,0,0,60,0,1
3,0,1,1,0,8,0,0,60,1,1
3,0,0,2,0,7,0,0,60,0,0
3,0,0,6,1,7,1,0,60,0,1
3,0,1,9,0,4,0,0,60,0,0
3,0,0,3,1,5,1,0,60,0,0
3,0,0,3,0,3,0,0,60,0,0
3,0,0,11,1,0,0,0,60,0,1
3,0,0,11,0,2,0,0,60,1,0
3,0,1,6,0,8,1,0,60,0,0
3,0,0,8,1,6,0,0,60,0,1
3,0,1,4,1,10,0,0,60,0,0
3,0,0,8,1,4,0,0,60,0,0
3,0,1,3,1,5,0,0,60,0,0
3,0,0,6,0,3,1,0,60,0,0
3,0,0,1,1,9,1,0,60,0,1
3,0,0,6,1,3,0,0,60,0,0
3,0,0,8,1,5,0,0,60,1,1
3,0,1,0,1,6,0,0,60,1,1
3,0,0,6,1,4,0,0,90,0,1
3,0,0,11,0,0,0,0,60,0,0
3,0,1,7,0,6,0,0,60,0,0
3,0,1,5,1,6,0,0,60,0,1
3,0,0,0,1,8,0,0,60,0,1
3,0,0,0,0,4,0,0,60,0,0
3,0,0,6,0,5,0,0,60,0,0
3,0,1,5,0,2,0,0,60,0,0
3,0,0,11,0,3,0,0,60,0,1
3,0,1,2,1,10,1,0,60,0,0
3,0,0,7,0,5,0,0,60,1,0
3,0,1,8,0,6,0,0,60,0,0
3,0,0,7,1,5,0,0,60,0,1
3,0,1,2,0,7,0,0,60,0,0
3,0,1,0,1,3,0,0,60,0,0
3,0,1,0,1,2,0,0,60,1,1
3,0,1,5,0,8,0,0,60,0,0
3,0,1,6,1,3,1,0,60,0,1
3,0,1,9,1,2,0,0,60,0,1
3,0,0,10,0,8,0,0,60,0,0
3,0,0,11,1,9,0,0,90,0,1
3,0,1,10,1,8,0,0,60,0,0
3,0,1,9,0,3,0,0,120,0,0
3,0,0,8,0,5,0,0,60,1,0
3,0,1,5,1,0,0,0,60,0,1
3,0,0,3,0,4,0,0,60,0,1
3,0,1,4,1,0,0,0,60,0,1
3,0,1,10,1,8,1,0,120,0,0
3,0,0,3,1,1,0,0,60,1,1
3,0,1,6,1,4,1,0,60,0,0
3,0,1,7,1,3,0,0,60,0,0
3,0,1,0,1,1,1,0,60,0,1
3,0,0,5,0,0,0,0,60,0,0
3,0,0,9,0,7,0,0,60,0,0
3,0,1,1,1,1,0,0,60,0,0
3,0,1,6,1,7,0,0,60,0,0
3,0,1,0,1,7,0,0,60,0,0
3,0,0,9,0,1,0,0,60,0,0
3,0,1,5,1,0,1,0,60,0,0
3,0,0,3,1,1,0,0,60,0,0
3,0,0,1,0,4,0,0,60,1,1
3,0,1,9,0,5,0,0,60,0,1
3,0,1,1,0,5,0,0,60,0,0
3,0,1,0,0,1,1,0,60,0,0
3,0,0,7,0,4,0,0,60,0,1
3,0,1,4,0,1,0,0,60,0,1
3,0,1,7,1,7,0,0,60,1,0
3,0,1,9,1,4,0,0,60,0,1
3,0,0,6,0,6,0,0,60,0,0
3,0,0,11,1,8,0,0,60,0,1
3,0,1,3,0,0,1,0,60,0,0
3,0,1,9,0,1,0,0,60,0,0
3,0,1,12,1,3,0,0,60,0,0
3,0,1,4,0,0,0,0,60,0,0
3,0,1,3,1,1,0,0,60,1,0
3,0,1,4,0,10,0,0,60,0,0
3,0,0,7,0,6,0,0,60,0,0
3,0,0,2,1,10,1,0,60,0,0
3,0,1,9,0,5,2,0,90,0,0
3,0,1,3,0,0,0,0,120,0,0
3,0,1,2,0,2,0,0,60,0,0
3,0,1,11,1,3,0,0,60,0,1
3,0,1,6,1,0,0,0,60,0,0
3,0,0,9,1,8,0,0,60,0,1
3,0,0,9,1,5,0,0,60,0,0
3,0,1,11,1,10,0,0,60,0,0
3,0,1,5,0,2,0,0,90,0,1
3,0,1,9,0,4,0,0,60,0,1
3,0,0,11,1,3,1,0,60,0,0
3,0,1,0,1,3,1,0,60,0,0
3,0,0,0,0,5,0,0,60,0,0
3,0,1,8,1,8,0,0,60,0,0
3,0,0,9,0,7,0,0,60,0,0
3,0,1,2,0,9,0,0,60,0,0
3,0,0,5,1,3,0,0,60,0,1
3,0,0,1,1,3,0,0,60,0,0
3,0,0,0,1,3,0,0,60,0,0
3,0,1,0,0,8,0,0,60,0,1
3,0,1,6,0,5,0,0,60,0,1
3,0,1,5,1,0,0,0,60,0,0
3,0,0,12,1,3,0,0,90,0,1
3,0,1,5,0,6,0,0,120,0,0
3,0,1,2,1,10,0,0,60,0,0
3,0,1,0,1,3,0,0,60,0,0
3,0,1,5,0,1,1,0,90,1,0
3,0,1,11,0,6,0,0,60,0,0
3,0,0,5,1,7,0,0,60,0,0
3,0,0,5,0,4,0,0,60,0,0
3,0,1,10,1,3,0,0,60,0,1
3,0,1,5,1,4,1,0,60,1,1
3,0,1,12,1,4,1,0,60,0,1
3,0,1,11,1,2,0,0,60,0,0
3,0,1,11,1,0,0,0,90,0,0
3,0,1,12,0,2,1,0,60,0,0
3,0,1,4,0,10,0,0,150,0,0
3,0,0,11,1,5,0,0,60,0,1
3,0,1,5,1,7,0,0,60,0,1
3,0,1,11,1,1,1,0,60,0,0
3,0,1,8,0,7,0,0,60,0,0
3,0,1,0,1,9,0,0,60,0,1
3,0,1,9,0,5,0,0,60,0,0
3,0,1,3,0,1,0,0,60,1,0
3,0,1,8,0,6,0,0,60,0,0
3,0,1,5,0,5,0,0,100,0,0
3,0,1,7,1,0,0,0,60,0,1
3,0,1,0,0,9,1,0,60,0,0
3,0,0,11,0,6,0,0,60,0,1
3,0,1,10,1,4,0,0,60,0,0
3,0,1,4,0,10,0,0,60,0,0
3,0,1,4,1,10,0,0,60,0,0
3,0,0,11,1,0,0,0,60,0,1
3,0,0,10,1,6,0,0,60,1,0
3,0,1,9,1,2,0,0,60,0,1
3,0,1,10,1,2,0,0,60,0,1
3,0,1,8,1,8,1,0,60,1,0
3,0,0,1,1,0,0,0,60,0,0
3,0,1,3,1,2,0,0,120,0,1
3,0,1,8,0,8,0,0,60,0,0
3,0,0,8,0,5,0,0,120,0,1
3,0,1,7,1,4,0,0,60,0,0
3,0,1,1,0,2,0,0,60,0,0
3,0,0,4,1,10,0,0,60,0,0
3,0,1,0,0,7,1,0,90,0,0
3,0,1,11,0,3,0,0,60,0,0
3,0,0,12,0,5,0,0,60,0,0
3,0,1,3,1,2,1,0,60,0,0
3,0,1,0,0,3,0,0,60,0,0
3,0,0,5,1,1,0,0,180,1,1
3,0,1,6,0,2,0,0,60,1,0
3,0,0,12,0,0,0,0,60,1,1
3,0,1,3,1,5,0,0,90,0,0
3,0,1,9,1,5,0,0,60,0,0
3,0,0,3,0,4,0,0,60,0,1
3,0,1,6,0,9,0,0,60,0,0
3,0,0,3,1,4,0,0,60,0,1
3,0,0,1,0,9,0,0,60,0,0
3,0,1,1,0,0,0,0,60,0,1
3,0,0,8,0,5,0,0,60,0,1
3,0,0,5,0,2,0,0,60,0,0
3,0,1,0,0,5,0,0,60,1,1
3,0,1,4,0,10,1,0,60,0,0
3,0,1,4,0,5,0,0,60,0,0
3,0,1,5,1,0,0,0,60,0,1
3,0,1,9,0,7,0,0,60,0,1
3,0,1,9,0,4,0,0,60,0,0
3,0,0,4,0,4,0,0,60,0,0
3,0,0,1,0,1,0,0,60,0,0
3,0,1,6,0,7,1,0,60,0,0
3,0,1,5,1,7,1,0,60,0,1
3,0,1,12,1,3,1,0,60,0,1
3,0,0,9,0,3,0,0,60,1,0
3,0,0,9,1,2,0,0,60,1,0
3,0,1,0,0,5,0,0,60,0,0
3,0,0,6,1,0,0,0,60,0,1
3,0,1,9,1,5,0,0,60,0,1
3,0,0,3,0,2,0,0,60,0,0
3,0,1,11,0,3,0,0,60,0,0
3,0,0,8,0,7,0,0,60,0,1
3,0,1,6,1,4,1,0,60,0,0
3,0,0,5,0,1,0,0,60,0,0
3,0,1,9,0,4,0,0,60,0,0
3,0,1,6,1,5,0,0,120,0,1
3,0,1,1,1,4,0,0,60,0,1
3,0,1,8,0,7,0,0,60,0,0
3,0,0,0,1,5,0,0,60,0,0
3,0,1,4,0,10,0,0,60,0,0
3,0,0,4,1,10,0,0,60,0,0
3,0,0,9,0,5,1,0,60,0,0
3,0,1,4,0,2,0,0,60,0,0
3,0,1,1,1,6,0,0,60,0,0
3,0,1,5,1,4,0,0,60,0,0
3,0,1,6,0,2,0,0,60,0,0
3,0,1,12,1,7,0,0,60,0,0
3,0,1,9,0,8,1,0,60,0,0
3,0,1,5,0,9,0,0,60,0,0
3,0,1,0,0,4,0,0,60,0,0
3,0,1,5,0,1,0,0,60,1,0
3,0,0,8,0,4,0,0,90,0,1
3,0,1,4,1,10,0,0,60,0,0
3,0,1,0,1,5,0,0,60,0,0
3,0,1,0,0,7,1,0,60,0,0
3,0,1,1,0,1,0,0,60,0,0
3,0,0,9,1,4,1,0,60,0,1
3,0,1,0,0,3,0,0,60,0,1
3,0,1,4,1,10,1,0,60,0,1
3,0,1,3,0,4,0,0,60,0,1
3,0,1,11,0,4,1,0,60,0,0
3,0,0,1,1,2,0,0,90,1,1
3,0,0,9,1,2,1,6,130,0,1
3,0,1,4,1,2,1,0,60,0,0
3,0,1,0,1,3,1,0,120,0,1
3,0,1,6,0,4,1,0,75,0,0
3,0,1,3,0,2,1,0,90,0,1
3,0,1,8,0,9,1,0,60,0,0
3,0,0,0,1,9,1,0,60,0,0
3,0,0,2,0,6,1,1,120,0,1
3,0,1,8,0,8,1,0,60,0,0
3,0,1,0,0,8,1,0,60,0,0
3,0,1,7,0,6,1,1,90,0,0
3,0,1,7,1,1,1,0,60,0,0
3,0,1,11,1,7,1,0,120,0,1
3,0,0,1,0,6,1,0,60,0,0
3,0,0,8,0,8,1,0,70,1,0
3,0,1,9,1,5,1,0,90,0,0
3,0,0,5,0,0,1,0,60,0,0
3,0,1,8,1,9,1,1,270,1,0
3,0,1,0,0,9,1,0,120,0,0
3,0,1,0,1,8,1,0,60,0,1
3,0,0,7,0,9,1,0,70,0,0
3,0,1,6,1,0,1,1,60,0,0
3,0,1,0,1,2,0,0,60,0,0
3,0,1,10,0,8,1,0,60,0,0
3,0,1,5,0,3,1,0,60,0,0
3,0,0,7,1,8,0,1,120,0,1
3,0,1,6,0,6,1,0,60,0,0
3,0,1,0,1,0,1,1,180,0,0
3,0,1,6,0,5,1,0,60,0,0
3,0,0,0,0,9,1,1,150,0,1
3,0,1,7,1,8,1,0,70,0,1
3,0,0,9,0,1,1,0,75,0,1
3,0,0,11,0,3,0,0,60,0,0
3,0,1,0,1,9,1,0,60,0,1
3,0,0,3,0,0,1,1,120,0,1
3,0,1,8,0,9,1,0,60,0,1
3,0,1,5,1,0,1,0,60,0,0
3,0,0,8,0,9,2,0,80,0,1
3,0,0,0,0,4,0,1,120,0,1
3,0,1,9,0,4,0,1,120,0,1
3,0,1,3,0,0,1,0,70,0,0
3,0,1,1,1,5,0,0,60,0,0
3,0,1,3,0,9,1,0,60,0,1
3,0,1,10,0,7,1,0,90,0,0
3,0,1,5,0,3,0,0,60,0,1
3,0,1,4,1,4,0,0,60,0,0
3,0,1,3,1,4,1,0,90,0,0
3,0,0,9,1,5,1,0,60,0,1
3,0,1,5,1,6,0,0,180,0,1
3,0,1,6,0,0,0,0,70,0,0
3,0,1,6,1,5,0,0,60,0,0
3,0,1,3,0,9,0,1,60,0,1
3,0,1,0,0,6,1,0,60,0,1
3,0,1,1,1,2,1,0,60,1,1
3,0,0,12,1,0,1,0,60,0,1
3,0,0,4,0,6,1,1,120,0,1
3,0,1,3,1,4,0,0,60,0,0
3,0,0,5,0,3,1,0,60,0,0
3,0,1,6,1,7,0,1,90,0,0
3,0,1,4,0,1,0,0,180,0,1
3,0,1,9,0,5,2,0,90,0,0
3,0,1,1,1,0,1,0,60,0,0
3,0,0,8,0,9,1,1,60,0,0
3,0,1,11,1,2,1,1,240,0,1
3,0,1,11,0,7,1,1,180,0,1
3,0,1,8,0,3,1,0,150,0,1
3,0,0,5,1,0,0,0,60,0,0
3,0,1,9,0,2,0,0,60,0,0
3,0,1,6,0,9,1,0,60,0,0
3,0,0,6,1,2,0,1,60,0,1
3,0,1,5,1,0,0,0,60,0,1
3,0,1,0,1,7,0,0,60,0,0
3,0,0,7,1,9,1,0,60,0,0
3,0,1,0,1,5,0,0,60,1,0
3,0,1,0,0,8,0,2,120,0,1
3,0,0,8,0,9,1,0,60,0,0
3,0,0,8,0,8,0,1,120,1,0
3,0,0,7,0,1,0,1,120,1,0
3,0,0,11,0,3,0,3,120,0,0
3,0,1,10,0,3,0,0,60,1,1
3,0,0,5,1,3,0,1,160,0,0
3,0,0,8,0,9,0,0,60,1,0
3,0,1,9,0,4,1,1,120,0,0
3,0,1,5,1,7,0,0,60,0,0
3,0,1,0,1,6,0,1,60,0,0
3,0,1,5,0,3,1,2,120,1,1
3,0,1,0,0,7,1,2,130,0,1
3,0,1,1,0,1,1,0,60,0,0
3,0,0,11,0,1,0,0,60,0,0
3,0,0,10,0,2,0,0,60,0,0
3,0,0,3,1,3,0,0,60,0,0
3,0,0,6,1,2,0,0,60,0,1
3,0,0,4,1,10,1,1,315,0,1
3,0,0,4,1,10,0,0,60,1,0
3,0,1,0,0,6,0,0,60,0,0
3,0,0,1,1,1,1,1,120,0,0
3,0,0,7,0,8,0,0,60,0,0
3,0,1,12,0,4,0,0,90,0,1
3,0,0,8,1,8,0,3,130,0,0
3,0,1,5,1,2,0,0,120,0,0
3,0,1,0,1,4,0,0,60,0,0
3,0,1,1,0,8,0,0,60,0,1
3,0,1,6,1,2,1,0,60,1,0
3,0,0,5,0,0,1,0,120,0,0
3,0,1,8,0,9,1,0,90,1,0
3,0,1,4,0,10,0,0,100,0,1
3,0,0,9,1,5,0,1,120,1,0
3,0,1,5,0,2,0,3,120,0,0
3,0,1,8,1,4,1,0,60,0,0
3,0,1,5,1,4,1,1,120,1,0
3,0,1,5,0,7,1,1,60,0,1
3,0,1,5,1,2,0,0,60,0,1
3,0,0,3,1,2,0,0,60,0,0
3,0,1,7,1,5,0,2,180,1,0
3,0,1,8,1,4,1,0,60,0,1
3,0,0,0,1,4,0,0,120,0,0
3,0,0,5,0,6,1,0,60,0,0
3,0,1,9,1,5,1,1,60,0,0
3,0,0,0,0,7,0,1,200,1,0
3,0,0,11,0,8,0,0,60,0,0
3,0,0,11,1,2,0,1,120,0,1
3,0,0,1,0,9,0,4,300,1,1
3,0,0,1,0,7,0,0,120,0,1
3,0,1,3,0,5,0,0,60,0,0
3,0,1,8,0,4,1,0,110,0,0
3,0,1,0,0,0,0,0,60,0,0
3,0,0,9,1,5,0,0,60,1,0
3,0,1,1,1,1,0,0,60,0,0
3,0,1,0,1,8,0,0,60,0,0
3,0,0,10,1,4,1,0,120,0,1
3,0,1,10,0,5,0,0,60,0,0
3,0,0,4,0,10,0,0,60,0,0
3,0,1,11,0,7,0,0,60,0,0
3,0,0,12,0,1,1,1,120,0,1
3,0,0,0,0,8,0,2,180,1,0
3,0,1,11,1,7,0,0,120,0,0
3,0,1,11,0,8,1,1,150,0,0
3,0,0,6,0,6,0,0,120,0,0
3,0,0,8,1,5,0,1,60,0,1
3,0,1,8,1,1,0,5,60,0,0
3,0,1,6,0,8,0,0,60,0,1
3,0,1,1,1,0,1,1,60,0,1
3,0,1,11,2,3,0,0,60,0,0
3,0,0,6,0,3,1,0,90,0,1
3,0,1,0,0,4,0,0,60,0,0
3,0,1,0,0,6,0,0,180,0,0
3,0,1,9,0,3,1,2,120,0,1
3,0,0,9,1,3,0,1,60,1,0
3,0,1,9,0,0,0,2,90,0,0
3,0,0,8,0,8,0,0,70,0,0
3,0,0,0,2,7,0,1,120,0,0
3,0,1,0,1,4,1,0,60,0,0
3,0,1,3,1,7,0,0,60,1,0
3,0,1,9,0,3,0,1,180,1,1
3,0,0,0,0,9,0,0,120,0,1
3,0,1,10,1,4,0,0,90,0,1
3,0,0,12,1,5,1,0,60,0,0
3,0,0,1,0,1,0,0,60,1,0
3,0,0,0,0,6,0,0,60,0,0
3,0,0,1,1,6,0,0,120,0,0
3,0,1,5,1,0,0,0,60,0,0
3,1,1,9,1,6,0,0,60,0,1
3,1,0,0,1,3,0,0,60,1,0
3,1,1,1,0,8,0,0,60,0,0
3,1,1,7,0,0,1,2,60,0,0
3,1,1,5,0,4,1,1,60,0,0
3,1,0,1,0,3,1,0,120,0,1
3,1,1,7,0,5,1,2,60,1,1
3,1,1,11,1,3,0,0,60,0,1
3,1,0,9,0,2,0,0,90,0,0
3,1,1,7,0,6,1,0,60,1,1
3,1,1,1,1,3,0,0,60,0,0
3,1,1,5,0,9,0,0,60,0,0
3,1,0,11,1,0,0,0,60,0,0
3,1,0,8,0,9,0,0,60,0,1
3,1,1,1,1,2,1,1,60,0,0
3,1,0,7,0,0,0,0,60,0,0
3,1,0,0,1,4,0,0,180,1,0
3,1,0,3,0,0,0,0,60,0,1
3,1,0,0,0,7,0,0,120,0,0
3,1,1,0,0,3,0,1,60,0,1
3,1,0,0,0,5,0,1,70,1,0
3,1,0,8,1,9,0,0,240,0,1
3,1,0,5,1,6,0,1,160,0,0
3,1,1,10,0,8,1,0,60,0,0
3,1,1,2,0,0,1,0,180,0,0
3,1,1,6,0,6,1,1,60,0,0
3,1,0,3,1,2,0,2,60,0,0
3,1,0,4,0,10,1,1,60,0,0
3,1,1,3,0,9,0,0,180,0,1
3,1,1,9,1,8,0,1,150,0,1
3,1,1,7,1,5,1,0,60,0,0
3,1,1,8,0,5,0,1,60,0,1
3,1,0,10,1,6,0,0,120,0,0
3,1,1,11,1,3,1,0,60,0,1
3,1,0,11,1,3,0,0,60,0,0
3,1,1,8,1,8,0,1,120,0,1
3,1,1,9,1,8,0,0,60,0,0
3,1,1,4,0,10,1,0,120,0,1
3,1,0,8,1,8,0,0,120,0,1
3,1,0,8,0,5,0,0,60,1,0
3,1,0,10,0,4,0,0,70,0,0
3,1,1,2,0,9,0,1,60,1,1
3,1,1,10,1,5,0,3,60,0,0
3,1,0,0,0,4,1,1,60,0,0
3,1,0,9,0,7,1,0,165,0,0
3,1,1,10,0,4,0,0,90,0,0
3,1,0,9,0,7,0,0,60,0,0
3,1,1,9,0,7,1,0,60,0,1
3,1,0,0,0,7,1,1,120,1,1
3,1,1,3,0,1,0,0,70,1,0
3,1,0,9,0,7,0,1,120,0,1
3,1,1,0,1,3,0,1,60,0,0
3,1,1,4,1,10,0,0,60,0,0
3,1,0,12,1,2,0,0,120,0,1
3,1,1,0,1,8,0,1,60,0,0
3,1,1,12,0,3,0,0,60,0,0
3,1,1,0,0,7,0,1,60,0,0
3,1,1,6,0,5,0,0,90,1,0
3,1,0,5,1,7,0,0,120,0,1
3,1,0,6,0,3,0,1,70,1,0
3,1,1,10,0,9,0,0,120,0,0
3,1,0,1,0,4,0,0,120,0,0
3,1,1,12,0,8,0,0,150,0,0
3,1,0,4,0,1,0,0,60,0,0
3,1,1,9,0,6,2,1,60,0,0
3,1,1,11,0,7,0,0,60,0,0
3,1,0,11,1,7,0,0,60,0,0
3,1,1,6,0,1,0,0,60,1,0
3,1,1,8,0,9,0,0,60,0,0
3,1,1,12,1,7,0,0,60,0,0
3,1,0,0,0,2,1,0,60,0,0
3,1,1,4,1,1,0,1,60,1,1
3,1,1,7,0,0,0,0,60,0,1
3,1,0,0,0,0,0,0,60,1,0
3,1,1,11,1,1,0,2,150,0,1
3,1,1,0,0,7,0,0,60,0,0
3,1,1,4,1,7,0,0,90,0,0
3,1,1,5,0,5,0,2,60,0,0
3,1,0,6,1,3,0,1,60,0,0
3,1,1,12,1,9,0,0,60,0,0
3,1,0,12,1,4,0,0,210,0,0
3,1,1,0,0,5,0,0,60,0,1
3,1,0,11,1,3,0,0,120,0,0
3,1,0,11,0,4,0,0,120,0,1
3,1,1,11,0,3,0,0,120,0,0
3,1,1,5,2,0,1,0,60,0,0
3,1,1,8,1,9,0,0,60,0,0
3,1,0,10,1,8,0,1,90,0,0
3,1,0,3,2,2,0,0,120,0,0
3,1,1,5,0,7,0,0,90,0,0
3,1,1,12,1,7,0,0,60,0,0
3,1,0,4,1,2,1,0,120,0,0
3,1,0,11,1,0,0,0,180,1,1
3,1,1,3,0,2,0,1,60,0,0
3,1,1,11,0,6,0,0,150,0,0
3,1,1,8,1,5,0,0,60,0,0
3,1,0,10,1,6,1,2,180,0,1
3,1,1,12,1,0,0,0,60,0,1
3,1,0,4,0,2,0,0,60,0,0
3,1,1,9,0,9,0,1,60,0,0
3,1,1,11,1,8,0,0,60,0,1
3,1,1,5,0,3,0,0,60,0,0
3,1,0,7,0,6,0,0,60,0,1
3,1,0,11,0,1,1,1,150,0,1
3,1,1,1,0,4,0,0,120,0,1
3,1,0,8,0,7,1,0,90,0,0
3,1,1,8,1,1,0,0,60,1,0
3,1,1,9,0,5,0,0,120,0,0
3,1,1,8,1,9,0,0,120,1,1
3,1,1,3,0,1,0,2,60,0,1
3,1,1,5,1,7,0,0,120,0,0
3,1,0,7,0,8,0,2,60,0,0
3,1,0,3,0,2,1,0,90,1,1
3,1,1,5,1,6,0,0,60,0,0
3,1,0,7,1,1,0,1,60,0,0
3,1,1,0,1,9,1,0,60,0,0
3,1,1,1,0,5,0,0,60,0,0
3,1,0,11,0,2,0,2,90,1,0
3,1,0,4,0,10,0,0,60,0,0
3,1,1,8,1,3,1,0,60,0,0
3,1,1,9,0,7,1,0,75,0,0
3,1,1,3,0,4,0,0,60,0,0
3,1,0,5,0,2,0,0,60,0,0
3,1,1,8,0,8,0,0,120,0,0
3,1,1,5,0,3,0,1,180,0,1
3,1,0,0,0,4,1,0,60,0,0
3,1,0,0,0,8,0,0,150,0,1
3,1,1,4,0,1,0,0,120,0,1
3,1,1,8,1,7,0,0,120,0,0
3,1,0,8,1,1,0,0,120,0,1
3,1,1,8,1,5,0,1,120,0,0
3,1,0,4,1,1,0,0,60,0,0
3,1,1,4,0,10,1,0,60,0,0
3,1,0,8,0,7,0,0,60,0,0
3,1,0,9,0,4,0,0,90,1,1
3,1,0,6,1,6,0,1,60,0,0
3,1,1,12,0,3,0,0,90,1,0
3,1,1,12,0,0,1,2,120,0,0
3,1,0,5,1,4,0,0,90,1,1
3,1,1,8,0,4,1,0,90,1,1
3,1,0,0,1,0,0,1,60,0,0
3,1,0,8,1,5,0,0,60,0,0
3,1,1,1,1,4,0,1,60,0,0
3,1,1,1,1,2,1,0,120,0,0
3,1,0,10,0,4,1,0,60,0,0
3,1,1,10,0,2,1,0,120,0,0
3,1,1,8,1,9,0,0,60,0,0
3,1,1,9,0,3,0,0,90,0,0
3,1,1,1,0,0,0,1,150,0,1
3,1,0,1,0,5,0,0,60,0,1
3,1,1,4,1,3,0,1,210,1,1
3,1,0,1,0,2,0,0,60,1,0
3,1,0,0,0,2,0,0,120,0,1
3,1,1,3,0,3,0,0,60,0,1
3,1,0,7,1,8,0,0,120,0,1
3,1,1,7,1,3,0,0,60,0,1
3,1,1,6,0,9,0,0,60,0,0
3,1,0,1,1,4,0,5,120,0,1
3,1,0,0,0,2,0,0,60,0,0
3,1,1,0,0,9,0,0,120,0,1
3,1,0,3,0,1,0,0,90,0,1
3,1,0,12,0,7,0,1,180,0,0
3,1,0,0,0,9,0,0,60,0,0
3,1,1,11,1,1,0,0,60,0,0
3,1,1,5,1,0,0,0,60,0,1
3,1,0,5,0,0,0,0,90,0,1
3,1,1,11,1,5,0,0,120,0,0
3,1,0,6,1,3,0,0,70,0,1
3,1,1,1,1,4,0,2,60,1,0
3,1,0,5,0,1,0,0,105,0,0
3,1,1,11,0,0,0,2,180,0,0
3,1,0,3,0,1,0,1,120,0,1
3,1,1,5,1,7,0,0,60,0,0
3,1,0,9,1,6,0,1,120,0,1
3,1,1,6,0,0,0,1,60,1,1
3,1,1,9,1,5,0,0,90,0,1
3,1,0,9,1,1,0,0,90,0,1
3,1,0,4,0,1,0,1,60,0,1
3,1,1,7,1,1,0,0,120,0,1
3,1,1,7,0,6,0,1,60,0,0
3,1,1,11,0,5,0,0,60,0,0
3,1,1,7,0,5,0,1,60,1,1
3,1,0,12,1,4,0,0,180,1,1
3,1,1,7,0,5,0,1,60,0,0
3,1,1,9,0,6,0,0,60,0,0
3,1,0,0,1,3,0,0,60,0,0
3,1,0,3,0,5,0,0,90,0,0
3,1,1,5,0,4,0,0,90,0,1
3,1,0,5,1,0,0,0,150,0,0
3,1,1,9,1,5,0,0,60,0,0
3,1,1,2,0,9,0,0,60,0,0
3,1,0,9,0,2,0,0,90,0,0
3,1,0,6,1,2,0,0,90,0,1
3,1,1,1,0,7,0,1,130,0,0
3,1,1,5,0,3,0,0,60,0,0
3,1,1,8,1,7,0,0,60,0,0
3,1,0,7,1,3,0,0,60,0,0
3,1,1,5,1,7,1,0,120,0,0
3,1,1,4,1,10,0,0,60,0,0
3,1,0,3,1,5,0,1,100,0,1
3,1,1,0,0,5,0,0,60,0,0
3,1,0,7,0,3,0,0,60,0,1
3,1,1,12,0,5,0,1,60,0,1
3,1,1,9,0,3,0,0,60,0,0
3,1,0,8,1,8,0,0,60,1,0
3,1,1,5,2,1,0,3,60,0,0
3,1,0,5,1,0,0,0,60,0,1
3,1,1,0,1,6,0,0,60,0,0
3,1,1,11,1,6,1,2,60,0,1
3,1,0,3,0,2,0,1,180,0,0
3,1,1,6,0,0,0,0,90,0,1
3,1,0,9,0,8,0,0,60,0,1
3,1,1,0,0,6,0,0,70,0,0
3,1,0,5,1,4,0,0,120,0,0
3,1,1,11,0,7,0,0,120,0,0
3,1,1,9,0,5,0,1,60,0,0
3,1,0,7,1,8,0,0,60,0,0
3,1,1,3,0,4,0,1,90,0,0
3,1,1,5,2,1,0,0,120,0,1
3,1,1,11,0,2,0,2,120,0,0
3,1,1,8,1,8,0,0,90,0,1
3,1,1,6,1,7,0,0,60,1,1
3,1,1,3,0,4,0,1,90,0,0
3,1,0,3,0,4,0,0,60,1,0
3,1,0,5,1,2,1,1,60,0,0
3,1,0,1,1,8,0,0,120,0,1
3,1,0,12,0,5,0,0,60,0,0
3,1,0,5,0,9,1,1,150,0,0
3,1,1,6,0,1,0,0,90,0,0
3,1,0,3,0,3,0,0,120,0,0
3,1,0,11,0,5,0,0,60,0,1
3,1,1,8,0,1,0,0,60,0,0
3,1,0,8,1,7,0,0,90,0,0
3,1,1,10,1,1,0,1,60,0,0
3,1,0,10,1,5,1,0,120,1,1
3,1,1,4,0,2,0,0,120,0,0
3,1,0,3,0,2,0,2,60,1,0
3,1,1,1,1,4,0,0,120,0,0
3,1,1,8,0,5,0,0,210,0,0
3,1,1,5,1,1,0,1,60,0,0
3,1,0,8,0,5,0,0,120,0,1
3,1,1,5,0,0,0,0,120,0,1
3,1,0,10,1,0,0,0,90,0,0
3,1,0,4,1,2,0,1,60,0,1
3,1,1,0,0,1,0,1,120,1,0
3,1,0,10,0,4,0,1,120,1,1
3,1,1,12,0,2,0,0,60,0,0
3,1,1,6,1,8,0,0,240,0,1
3,1,1,12,1,3,0,0,60,0,0
3,1,1,1,1,3,0,0,60,0,0
3,1,1,0,1,8,0,0,60,0,0
3,1,0,11,0,7,0,2,70,1,0
3,1,1,1,1,3,0,0,150,0,1
3,1,0,7,1,8,0,0,60,0,1
3,1,0,9,0,0,0,2,60,0,1
3,1,0,7,1,7,0,0,180,0,1
3,1,0,1,1,1,0,1,150,1,0
3,1,1,9,0,3,0,0,60,0,1
3,1,1,2,0,5,0,0,120,0,0
3,1,1,5,0,2,0,2,120,0,1
3,1,1,9,0,2,0,0,120,0,0
3,1,0,3,0,1,0,2,70,0,0
3,1,0,4,1,5,0,0,90,0,0
3,1,1,5,0,2,0,0,60,0,0
3,1,1,0,0,9,0,0,90,0,0
3,1,1,11,2,0,0,1,120,0,1
3,1,1,6,0,5,0,0,150,0,0
3,1,1,5,0,0,0,0,60,0,0
3,1,0,9,1,3,0,0,60,0,0
3,1,0,3,0,3,0,0,60,0,1
3,1,1,6,0,3,0,0,60,0,0
3,1,0,12,1,0,0,0,165,0,1
3,1,1,10,0,9,0,0,120,0,0
3,1,1,0,0,3,1,0,60,0,1
3,1,1,8,1,7,1,0,60,0,0
3,1,0,9,0,1,0,0,90,1,1
3,1,1,7,1,5,0,0,90,0,1
3,1,0,9,0,2,0,0,60,0,1
3,1,1,0,0,9,0,0,60,0,0
3,1,0,9,1,6,1,1,60,0,0
3,1,1,10,0,3,0,0,120,0,0
3,1,0,6,1,0,0,0,60,0,0
3,1,1,0,0,5,0,2,60,0,0
3,1,1,0,1,3,1,0,60,0,0
3,1,0,9,0,4,0,1,60,0,1
3,1,0,3,1,0,0,1,180,1,0
3,1,0,8,0,7,0,0,60,0,0
3,1,1,8,0,9,1,0,60,0,0
3,1,1,11,0,6,0,0,60,0,0
3,1,0,9,0,7,1,1,60,0,1
3,1,1,5,1,3,0,0,60,0,0
3,1,0,8,1,5,0,1,60,0,1
3,1,1,10,0,1,0,2,60,0,0
3,1,1,7,0,0,0,2,60,0,0
3,1,1,7,0,2,0,0,60,0,0
3,1,1,10,1,3,0,0,120,0,1
3,1,1,11,0,5,0,0,60,1,0
3,1,0,8,1,3,0,2,120,0,0
3,1,1,11,0,3,0,0,270,0,1
3,1,1,5,1,5,0,0,70,0,0
3,1,0,4,1,10,0,1,300,0,1
3,1,1,4,1,1,1,0,60,0,1
3,1,0,3,2,5,0,0,75,0,0
3,1,1,8,0,9,0,0,120,0,0
3,1,0,0,0,5,0,2,120,0,0
3,1,1,0,0,9,0,0,120,0,0
3,1,0,11,0,0,0,2,60,0,0
3,1,1,4,1,10,0,0,60,0,0
3,1,1,8,0,5,0,0,90,0,0
3,1,1,9,1,6,0,2,60,0,0
3,1,0,3,0,3,0,1,60,0,0
3,1,1,6,0,9,1,0,60,0,0
3,1,1,0,0,6,0,0,120,0,1
3,1,0,8,0,2,1,1,60,0,0
3,1,1,11,0,3,0,0,60,0,0
3,1,1,6,0,8,0,1,60,0,0
3,1,0,1,0,6,0,0,90,1,1
3,1,0,5,0,6,0,1,120,0,0
3,1,0,8,0,7,1,0,60,0,1
3,1,1,1,1,3,1,0,60,0,1
3,1,1,5,1,6,0,0,80,0,0
3,1,0,0,0,2,0,0,180,0,0
3,1,1,1,1,1,0,1,180,1,1
3,1,0,11,0,6,0,0,120,0,1
3,1,0,1,0,5,0,1,60,1,0
3,1,1,7,0,9,0,0,90,0,0
3,1,1,6,1,7,0,0,60,0,1
3,1,1,8,1,2,0,0,60,1,0
3,1,1,0,0,3,0,0,60,1,0
3,1,1,0,1,7,0,0,60,0,0
3,1,0,5,1,4,1,0,90,0,1
3,1,0,3,0,1,0,0,180,0,1
3,1,1,12,0,7,0,1,150,0,1
3,1,0,8,0,6,0,0,60,0,1
3,1,0,5,1,0,0,1,100,0,0
3,1,1,11,1,6,0,0,60,0,0
3,1,1,9,0,3,0,0,60,0,0
3,1,0,12,0,1,0,0,120,0,1
3,1,1,4,0,10,0,1,80,0,0
3,1,1,0,1,3,0,0,120,1,1
3,1,0,6,0,2,1,0,60,0,0
3,1,0,5,0,0,1,0,120,0,1
3,1,0,1,0,3,0,0,60,0,0
3,1,0,10,1,8,0,1,60,0,0
3,1,0,11,2,0,0,1,70,0,0
3,1,1,1,1,6,1,2,90,0,0
3,1,1,3,0,2,0,2,180,0,0
3,1,1,10,1,7,0,2,60,0,1
3,1,0,3,1,0,0,0,60,0,0
3,1,0,3,1,3,0,0,180,0,1
3,1,1,4,1,10,1,1,60,0,0
3,1,1,5,0,3,0,0,60,0,0
3,1,1,8,1,4,0,2,60,0,0
3,1,1,4,2,10,0,0,150,0,0
3,1,1,0,0,8,0,0,90,1,0
3,1,0,6,1,3,0,0,60,0,1
3,1,0,9,0,2,0,0,60,0,0
3,1,0,9,0,5,0,0,90,1,0
3,1,0,1,0,9,0,0,90,0,0
3,1,1,6,0,6,1,0,90,0,0
3,1,0,10,1,7,1,0,60,0,0
3,1,1,0,1,6,0,0,60,0,0
3,1,1,8,1,1,1,0,90,0,0
3,1,0,11,1,1,0,1,60,0,0
3,1,1,7,1,7,0,0,60,0,0
3,1,1,7,1,9,0,0,120,1,1
3,1,1,12,0,3,0,0,90,0,0
3,1,0,3,1,3,0,0,90,0,0
3,1,1,6,1,4,1,0,60,0,0
3,1,0,4,0,5,0,0,120,0,0
3,1,1,4,0,7,0,0,60,0,0
3,1,0,11,1,2,0,0,60,0,0
3,1,0,0,1,7,0,0,60,0,0
3,1,0,10,1,4,0,0,120,1,1
3,1,0,3,1,0,0,1,60,0,0
3,1,0,3,1,5,1,0,60,0,0
3,1,1,9,0,8,0,0,60,0,0
3,1,0,4,0,0,0,0,60,0,1
3,1,0,11,0,7,0,0,90,0,1
3,1,1,6,1,2,0,1,60,0,0
3,1,0,7,1,8,0,1,60,0,0
3,1,0,6,0,2,0,0,60,0,1
3,1,0,1,0,2,0,0,60,0,1
3,1,1,9,0,6,0,1,120,0,0
3,1,0,12,1,5,0,0,90,0,0
3,1,0,9,0,1,0,0,60,1,1
3,1,0,11,0,5,0,0,60,0,0
3,1,0,11,0,6,1,0,60,0,0
3,1,0,1,1,5,0,3,60,1,1
3,1,0,10,1,0,0,0,60,0,0
3,1,0,8,1,3,0,1,180,1,1
3,1,0,12,0,5,0,0,60,0,0
3,1,0,9,0,8,0,1,120,0,0
3,1,1,1,0,9,0,0,60,0,1
3,1,0,11,0,0,0,2,90,0,1
3,1,1,6,0,9,0,0,90,0,0
3,1,0,0,2,7,0,0,70,0,1
3,1,1,0,0,6,0,0,60,0,0
3,1,1,9,1,9,0,0,180,1,0
3,1,1,11,1,4,0,1,240,0,1
3,1,0,2,0,3,0,0,150,0,0
3,1,1,5,1,1,0,0,120,0,0
3,1,0,7,1,8,1,2,60,0,0
3,1,0,0,1,8,1,0,60,0,0
3,1,1,8,1,6,0,0,180,0,0
3,1,1,9,0,8,0,0,60,0,1
3,1,1,6,1,9,1,0,120,0,1
3,1,1,11,1,9,1,0,300,0,1
3,1,1,5,1,0,1,1,60,0,1
3,1,1,7,1,1,0,1,90,0,0
3,1,0,5,1,5,0,1,60,0,1
3,1,1,9,0,2,0,0,60,0,0
3,1,1,8,1,6,1,0,60,0,0
3,1,0,0,0,4,0,1,60,0,0
3,1,1,3,1,8,1,0,120,0,0
3,1,0,3,0,4,0,0,60,0,0
3,1,0,1,0,3,0,0,60,0,1
3,1,0,1,0,6,0,0,60,0,0
3,1,1,5,1,2,0,1,70,0,0
3,1,0,9,0,5,0,0,60,0,0
3,1,0,0,1,9,0,1,60,0,0
3,1,1,5,0,8,0,0,60,0,0
3,1,1,11,0,1,0,0,60,0,1
3,1,0,8,1,8,0,0,165,0,1
3,1,0,5,0,5,0,2,60,0,1
3,1,0,4,0,10,0,0,60,0,0
3,1,0,5,0,9,0,0,60,0,0
3,1,1,3,0,2,0,0,120,0,0
3,1,0,8,0,8,0,0,60,0,0
3,1,1,5,1,1,0,1,60,0,0
3,1,0,6,0,6,0,0,120,0,1
3,1,0,8,1,7,1,0,60,0,0
3,1,0,6,0,3,0,0,60,0,1
3,1,0,0,0,3,0,0,60,0,1
3,1,1,7,1,6,0,0,60,0,0
3,1,1,0,1,9,1,1,60,0,0
3,1,1,5,1,2,0,1,60,0,0
3,1,1,6,1,1,0,1,60,0,1
3,1,1,12,1,3,0,1,60,0,1
3,1,0,9,0,9,0,0,60,0,0
3,1,1,5,1,0,0,1,60,0,0
3,1,1,8,1,7,0,1,60,0,1
3,1,0,9,1,9,0,1,120,0,0
3,1,0,11,0,1,0,0,120,0,0
3,1,0,5,0,2,0,1,60,0,0
3,1,0,11,0,3,0,1,120,0,0
3,1,1,10,1,7,1,0,60,0,0
3,1,0,6,0,7,0,0,90,0,0
3,1,1,1,1,0,1,0,210,0,1
3,1,0,2,0,6,1,0,60,0,0
3,1,0,3,1,1,0,0,180,0,1
3,1,1,7,0,6,0,0,150,0,0
3,1,1,0,0,5,0,0,60,0,0
3,1,0,5,0,6,0,1,120,0,0
3,1,1,8,1,7,0,1,60,0,0
3,1,1,6,1,2,0,0,60,0,1
3,1,1,9,0,3,1,1,80,0,0
3,1,1,11,0,7,0,1,60,0,1
3,1,0,1,0,9,1,0,60,0,0
3,1,0,11,1,8,0,0,120,0,0
3,1,0,5,1,4,0,0,120,0,0
3,1,0,7,1,9,0,0,120,1,1
3,1,1,6,1,1,0,0,150,1,1
3,1,1,10,1,0,0,1,60,0,1
3,1,1,7,1,3,0,1,210,1,1
3,1,0,11,0,4,0,0,60,0,1
3,1,0,2,1,1,0,1,60,0,0
3,1,1,0,2,6,0,0,120,0,1
3,1,1,10,1,1,1,0,60,1,0
3,1,1,10,0,4,0,1,120,0,1
3,1,0,9,0,4,0,0,60,0,0
3,1,0,5,1,1,0,0,60,1,1
3,1,0,7,0,4,0,0,120,1,1
3,1,0,11,1,6,0,0,60,0,1
3,1,0,11,0,2,1,0,60,0,0
3,1,0,7,1,5,1,0,60,0,0
3,1,1,3,0,2,0,0,90,0,1
3,1,1,6,0,6,0,1,120,1,1
3,1,0,3,0,3,0,0,120,1,1
3,1,1,0,1,4,1,0,60,0,0
3,1,1,4,1,3,0,1,60,1,1
3,1,0,1,1,2,0,1,60,1,1
3,1,0,8,0,5,1,0,60,0,1
3,1,1,9,0,7,0,0,60,1,0
3,1,1,8,0,9,0,1,60,1,0
3,1,0,12,1,4,0,0,120,0,1
3,1,0,5,1,0,0,0,90,0,0
3,1,1,5,1,7,1,1,60,0,0
3,1,0,11,0,3,0,0,120,0,0
3,1,1,12,0,0,0,0,120,0,0
3,1,1,0,0,4,0,1,90,1,0
3,1,1,10,1,1,1,0,240,1,1
3,1,0,12,1,2,0,0,60,0,0
3,1,0,8,0,2,0,0,120,0,1
3,1,1,9,1,2,0,0,60,0,1
3,1,1,9,1,4,0,0,60,1,0
3,1,1,10,1,0,0,0,120,0,0
3,1,1,8,1,9,0,0,60,0,0
3,1,1,5,1,7,0,0,60,0,1
3,1,0,6,1,3,0,0,90,1,1
3,1,0,0,0,6,1,1,60,1,1
3,1,0,8,0,5,1,0,60,1,1
3,1,1,8,1,9,1,0,60,0,0
3,1,0,5,0,2,0,1,120,0,1
3,1,0,8,0,4,0,1,120,0,1
3,1,0,8,1,4,1,0,90,0,1
3,1,0,3,1,4,1,0,120,0,1
3,1,1,4,0,4,0,1,120,0,1
3,1,1,3,1,0,1,0,150,0,1
3,1,0,7,0,6,0,0,90,0,0
3,1,1,7,1,8,0,0,90,0,0
3,1,1,0,0,7,1,0,60,0,0
3,1,0,7,1,7,0,0,60,0,0
3,1,0,0,0,0,0,1,60,0,0
3,1,0,2,0,0,0,0,120,0,1
3,1,0,0,0,3,1,0,120,1,1
3,1,0,3,0,1,0,0,60,0,0
3,1,1,0,1,4,0,1,60,0,0
3,1,1,0,1,6,0,0,90,0,1
3,1,1,10,1,5,1,1,60,0,0
3,1,1,12,1,0,0,0,120,0,1
3,1,0,0,1,2,0,0,240,0,1
3,1,0,1,1,5,0,0,120,1,1
3,1,1,10,1,9,0,0,60,0,0
3,1,0,0,1,3,0,0,60,1,1
3,1,0,3,0,6,1,0,60,0,0
3,1,1,11,0,5,0,1,60,0,1
3,1,0,5,0,6,0,2,120,0,0
3,1,0,12,0,5,0,0,60,0,0
3,1,1,2,0,4,0,0,120,0,0
3,1,1,8,0,2,0,0,60,0,0
3,1,1,11,0,3,1,0,60,0,0
3,1,1,11,0,3,0,0,120,0,0
3,1,1,11,1,10,0,1,90,0,0
3,1,0,11,0,7,0,0,120,0,0
3,1,0,1,0,1,0,0,120,0,1
3,1,1,10,1,9,0,1,60,0,0
3,1,0,8,0,9,0,0,60,0,0
3,1,1,7,0,7,0,0,150,0,0
3,1,1,1,0,6,0,0,60,0,0
3,1,0,0,0,9,1,0,120,0,0
3,1,0,11,0,5,0,0,120,0,1
3,1,1,0,0,5,0,0,120,1,1
3,1,1,7,1,9,0,0,60,1,0
3,1,0,3,1,2,0,0,60,0,0
3,1,0,12,0,2,0,0,120,0,0
3,1,0,5,0,1,0,0,90,0,0
3,1,1,9,0,3,0,0,60,0,0
3,1,1,1,0,1,0,0,120,1,1
3,1,1,12,0,0,0,0,120,1,1
3,1,1,5,1,5,0,1,60,0,0
3,1,1,8,1,7,1,0,60,0,0
3,1,1,10,0,7,0,0,90,1,1
3,1,1,1,0,0,0,0,60,1,0
3,1,1,1,0,4,0,1,90,0,0
3,1,0,10,0,1,0,0,60,0,1
3,1,0,1,0,9,1,0,75,0,0
3,1,1,4,1,4,0,1,120,0,1
3,1,1,1,1,4,1,0,60,0,0
3,1,1,2,0,2,0,0,60,0,0
3,1,0,0,0,6,0,0,60,0,0
3,1,0,9,1,9,0,1,60,0,0
3,1,0,2,0,3,0,1,90,0,0
3,1,0,7,1,9,0,1,60,0,1
3,1,1,7,0,5,0,0,90,0,1
3,1,0,6,1,0,0,0,60,0,0
3,1,0,5,0,0,0,0,60,0,1
3,1,0,0,0,6,0,0,150,0,1
3,1,1,6,1,6,0,0,60,1,0
3,1,1,1,1,5,0,1,60,0,0
3,1,1,9,1,6,0,1,60,0,0
3,1,1,11,0,7,1,0,60,0,0
3,1,1,6,0,7,0,0,75,0,0
3,1,1,10,0,0,0,0,60,0,0
3,1,0,9,1,4,0,0,60,0,1
3,1,1,1,1,2,0,0,60,0,1
3,1,1,7,0,8,0,1,60,0,0
3,1,1,12,1,3,1,0,60,0,0
3,1,1,12,0,2,0,0,60,0,0
3,1,1,0,0,4,0,0,60,0,1
3,1,1,1,0,3,0,1,120,0,1
3,1,0,11,1,7,0,1,120,0,0
3,1,1,8,1,5,0,0,90,0,0
3,1,1,12,0,8,0,0,90,0,0
3,1,0,4,1,10,0,0,60,0,0
3,1,0,3,0,5,0,1,60,0,1
3,1,0,1,0,9,1,0,150,0,1
3,1,1,9,0,4,0,1,60,0,0
3,1,0,10,0,4,0,1,60,0,0
3,1,1,10,0,9,0,0,60,0,0
3,1,1,2,0,1,0,1,120,0,1
3,1,0,3,0,2,1,0,120,1,1
3,1,1,11,1,4,0,0,60,0,1
3,1,0,4,0,6,1,0,90,0,1
3,1,0,6,0,6,0,0,60,0,0
3,1,0,9,1,3,0,0,120,0,0
3,1,0,11,1,9,0,0,60,0,1
3,1,0,12,1,4,0,0,120,0,0
3,1,1,1,1,9,0,1,60,0,1
3,1,0,0,0,0,0,0,60,1,0
3,1,1,0,1,5,0,0,60,0,0
3,1,0,0,2,1,0,1,60,0,1
3,1,1,8,1,8,1,0,60,0,0
3,1,0,9,0,4,0,0,60,0,0
3,1,0,1,0,7,0,0,90,0,1
3,1,0,12,0,7,1,0,60,0,0
3,1,0,12,0,2,0,0,90,0,0
3,1,0,5,1,0,0,0,60,0,0
3,1,1,7,1,1,1,0,60,0,0
3,1,0,5,0,9,0,0,210,0,0
3,1,1,0,0,7,0,0,120,0,0
3,1,0,4,0,10,0,0,120,0,0
3,1,1,9,0,3,0,0,90,0,0
3,1,0,0,0,1,0,0,60,0,0
3,1,1,5,1,6,0,0,100,0,1
3,1,1,0,0,6,0,1,60,0,0
3,1,0,12,0,2,0,0,60,0,0
3,1,1,12,1,8,0,1,60,0,1
3,1,0,3,0,8,0,0,60,0,0
3,1,1,8,0,5,0,1,180,0,1
3,1,1,8,1,4,0,0,60,0,1
3,1,1,12,0,1,0,0,60,0,0
3,1,0,11,1,7,1,0,120,0,1
3,1,0,0,1,4,1,1,60,0,0
3,1,0,8,0,6,0,0,60,0,0
3,1,1,3,0,4,1,2,60,0,0
3,1,0,6,0,7,0,0,60,0,1
3,1,1,9,1,3,0,0,60,0,0
3,1,1,0,1,9,0,1,90,1,0
3,1,1,11,1,3,1,0,60,0,0
3,1,1,12,0,6,1,0,60,0,0
3,1,1,11,1,8,0,1,60,0,0
3,1,1,0,1,9,0,0,60,0,1
3,1,1,5,1,5,0,0,120,0,0
3,1,0,5,0,0,0,0,60,0,0
3,1,0,2,0,1,0,1,90,0,1
3,1,0,5,1,0,0,0,60,0,0
3,1,1,0,0,6,0,0,60,0,0
3,1,1,2,1,0,0,1,60,1,1
3,1,0,8,1,7,1,1,90,0,1
3,1,0,4,1,10,0,0,90,0,1
3,1,0,1,0,5,0,0,60,1,0
3,1,0,7,0,4,1,1,60,0,0
3,1,1,0,1,7,0,0,60,0,0
3,1,0,5,0,9,0,0,60,0,0
3,1,1,1,1,2,0,0,60,1,0
3,1,0,11,0,5,0,0,120,0,1
3,1,0,0,0,8,1,0,60,0,0
3,1,1,12,1,4,0,0,150,0,0
3,1,0,0,1,7,1,0,60,1,0
3,1,1,0,1,0,0,1,60,0,0
3,1,0,9,1,4,0,0,240,1,0
3,1,0,4,1,4,0,0,60,0,1
3,1,1,0,0,9,1,0,60,0,0
3,1,1,0,1,4,0,0,90,0,0
3,1,0,8,0,6,0,0,120,1,0
3,1,1,6,1,4,1,1,60,0,0
3,1,0,8,0,9,1,0,60,0,0
3,1,1,4,1,5,0,0,120,0,0
3,1,1,9,0,5,1,0,180,0,1
3,1,1,5,1,1,0,0,120,0,1
3,1,0,10,1,1,0,1,180,0,1
3,1,1,2,0,8,0,0,60,1,0
3,1,0,7,1,9,1,0,120,1,1
3,1,1,3,0,9,0,0,90,0,0
3,1,1,4,1,10,1,1,60,0,1
3,1,1,3,1,1,0,0,60,0,0
3,1,0,9,0,9,0,0,60,0,0
3,1,0,0,1,7,0,0,60,0,0
3,1,1,5,0,7,0,0,120,0,0
3,1,1,0,0,0,0,0,90,0,0
3,1,1,9,1,6,1,0,60,0,0
3,1,1,10,0,7,0,0,90,0,0
3,1,1,5,1,6,0,1,180,0,1
3,1,0,9,0,4,0,0,60,0,0
3,1,0,8,1,0,0,0,60,0,1
3,1,0,0,0,1,0,0,60,0,0
3,1,1,10,0,0,0,1,120,0,1
3,1,1,8,1,9,1,0,60,0,0
3,1,1,12,1,7,0,0,60,0,0
3,1,0,3,1,6,0,0,60,0,0
3,1,0,8,1,5,0,1,120,1,0
3,1,0,5,0,0,0,0,60,0,0
3,1,0,0,1,8,0,1,60,0,0
3,1,0,9,1,7,1,0,60,0,1
3,1,1,12,1,0,0,0,60,0,1
3,1,0,7,0,2,0,0,120,0,0
3,1,1,3,0,4,0,1,90,0,0
3,1,1,0,0,6,0,0,120,0,1
3,1,1,2,0,5,0,0,60,0,1
3,1,1,11,1,2,1,0,60,1,1
3,1,0,7,0,4,0,1,60,0,1
3,1,1,7,1,5,1,0,60,0,0
3,1,1,6,1,7,1,0,120,0,1
3,1,1,9,1,5,0,0,90,0,0
3,1,1,12,1,7,1,0,60,0,0
3,1,1,7,0,6,0,0,60,0,0
3,1,1,8,1,8,0,0,60,0,0
3,1,0,3,0,3,0,1,120,0,1
3,1,1,1,0,5,0,0,60,0,0
3,1,1,3,1,8,0,0,60,0,1
3,1,0,3,0,9,1,0,120,0,1
3,1,1,1,1,2,0,1,90,0,1
3,1,0,6,1,7,0,0,60,0,0
3,1,1,6,0,7,0,0,120,1,0
3,1,0,0,1,5,1,0,60,0,0
3,1,1,9,0,4,0,0,240,1,0
3,1,0,8,0,5,0,0,120,0,0
3,1,1,5,1,2,0,0,60,0,0
3,1,1,0,1,4,0,0,60,0,0
3,1,1,11,0,4,0,0,60,0,0
3,1,0,0,1,9,0,0,60,0,0
3,1,1,4,1,4,0,0,210,0,1
3,1,1,9,0,4,0,0,60,0,0
3,1,1,6,0,7,1,0,60,0,0
3,1,1,5,1,4,1,1,60,1,0
3,1,0,12,0,7,0,0,60,0,0
3,1,1,9,1,1,0,0,120,1,0
3,1,0,12,0,7,0,0,180,0,1
3,1,1,5,0,5,0,0,240,0,1
3,1,1,4,1,2,0,0,60,0,0
3,1,0,6,0,5,0,0,60,1,0
3,1,1,8,0,2,0,0,120,0,0
3,1,1,2,0,8,0,0,60,0,1
3,1,1,10,1,4,0,0,220,0,1
3,1,0,12,0,0,0,1,60,1,1
3,1,0,11,1,5,0,0,60,1,1
3,1,1,3,0,5,0,0,60,0,0
3,1,1,4,1,10,0,0,60,0,0
3,1,0,5,1,1,0,0,120,0,1
3,1,1,5,0,5,0,0,60,0,0
3,1,0,6,1,0,0,1,120,0,0
3,1,0,12,1,2,0,0,60,0,0
3,1,1,12,0,8,1,0,60,0,0
3,1,1,0,0,9,0,0,60,1,0
3,1,0,6,0,8,0,0,60,0,0
3,1,1,3,0,3,0,0,150,0,0
3,1,1,11,0,1,0,0,60,1,1
3,1,1,4,0,6,0,0,60,0,0
3,1,1,5,0,7,0,0,120,0,1
3,1,1,11,1,2,0,0,60,0,1
3,1,1,12,0,3,1,1,120,0,0
3,1,1,4,1,3,0,0,60,0,0
3,1,0,9,0,6,1,0,120,0,0
3,1,0,7,0,9,0,0,60,0,0
3,1,1,11,0,8,0,0,60,0,0
3,1,0,8,0,2,0,0,60,0,1
3,1,0,5,0,5,0,0,60,0,0
3,1,0,0,0,4,0,0,60,0,0
3,1,1,6,1,5,1,0,60,0,0
3,1,0,10,0,0,0,0,120,1,0
3,1,1,0,1,7,0,0,60,0,0
3,1,1,9,0,5,0,0,60,0,0
3,1,1,4,1,10,1,1,120,0,0
3,1,1,0,0,7,0,0,60,0,0
3,1,0,11,0,5,0,0,120,0,0
3,1,1,7,0,1,0,0,120,0,1
3,1,1,7,0,3,0,0,60,0,0
3,1,0,3,0,1,1,0,60,0,1
3,1,1,0,1,6,0,0,60,0,0
3,1,0,5,0,5,0,0,120,0,0
3,1,0,4,0,0,1,0,60,0,1
3,1,1,5,0,2,1,0,60,1,1
3,1,0,5,0,0,0,0,60,1,1
3,1,1,7,0,5,0,0,90,0,0
3,1,1,0,1,3,0,0,90,0,1
3,1,0,3,0,3,0,0,120,0,1
3,1,1,12,1,0,0,0,60,0,1
3,1,0,7,2,6,0,0,90,0,1
3,1,1,12,0,2,0,0,120,0,0
3,1,0,5,0,0,0,0,180,1,1
3,1,1,0,1,7,0,0,120,0,1
3,1,1,5,1,1,0,0,120,0,1
3,1,1,9,1,4,0,0,60,1,0
3,1,1,11,1,7,0,0,60,0,1
3,1,1,11,1,0,0,0,90,0,0
3,1,1,7,0,5,0,0,90,1,0
3,1,0,2,1,2,0,0,75,0,1
3,1,1,0,0,4,0,0,60,0,0
3,1,1,5,1,3,1,0,60,0,0
3,1,1,3,1,3,0,0,60,0,0
3,1,0,5,1,3,0,0,120,1,1
3,1,0,12,0,6,0,0,60,0,0
3,1,1,6,0,9,0,0,60,1,0
3,1,1,5,1,0,0,0,60,0,0
3,1,1,1,1,8,0,0,60,0,0
3,1,1,11,0,10,0,0,90,0,0
3,1,0,1,1,2,0,0,60,0,0
3,1,0,7,0,6,0,0,60,0,1
3,1,1,5,1,0,0,0,60,0,1
3,1,0,11,0,0,1,0,120,0,0
3,1,0,4,0,2,0,0,120,0,0
3,1,0,5,0,5,0,0,60,0,1
3,1,0,3,0,3,0,0,120,0,1
3,1,1,11,1,3,0,0,60,0,0
3,1,1,5,1,0,0,0,90,0,0
3,1,1,0,0,9,0,0,120,0,0
3,1,0,4,0,3,0,0,60,0,1
3,1,1,7,0,8,0,0,90,0,1
3,1,1,2,0,8,1,0,60,0,0
3,1,1,3,1,4,0,0,60,0,0
3,1,1,8,1,9,1,0,60,0,0
3,1,1,5,1,9,0,0,210,0,0
3,1,0,10,0,8,0,0,60,0,0
3,1,1,12,0,3,0,0,60,0,0
3,1,1,0,1,2,1,0,120,0,1
3,1,1,6,1,5,0,0,60,0,0
3,1,0,11,1,4,1,0,60,1,0
3,1,1,9,1,3,1,0,120,0,0
3,1,1,1,1,5,0,0,150,0,1
3,1,1,0,1,0,0,0,60,0,0
3,1,0,12,0,6,0,0,60,0,0
3,1,1,11,0,3,0,0,60,0,0
3,1,1,0,1,0,0,0,60,0,1
3,1,1,0,1,8,1,0,60,0,0
3,1,1,0,0,4,0,0,60,0,0
3,1,0,8,0,5,1,0,60,0,1
3,1,0,12,0,3,0,0,60,0,0
3,1,1,5,0,3,0,0,90,0,0
3,1,1,10,0,4,0,0,120,0,0
3,1,1,10,1,0,0,0,60,0,0
3,1,1,12,0,4,0,0,120,0,1
3,1,1,7,0,8,0,0,150,0,0
3,1,0,0,0,8,0,0,120,0,0
3,1,1,5,0,0,0,0,165,0,0
3,1,0,5,0,2,0,0,60,0,0
3,1,0,4,1,10,0,0,120,0,1
3,1,1,8,0,9,0,0,70,0,0
3,1,1,4,0,10,0,0,60,0,0
3,1,1,2,0,9,0,0,120,1,0
3,1,0,11,0,0,0,0,120,0,0
3,1,0,3,0,3,0,0,90,1,0
3,1,1,11,0,3,0,0,120,0,0
3,1,1,0,1,6,0,0,195,0,1
3,1,1,10,1,9,0,0,120,0,0
3,1,1,10,1,6,0,0,60,0,0
3,1,1,12,0,2,0,0,60,0,0
3,1,1,5,0,0,0,0,60,0,1
3,1,0,8,0,3,0,0,120,0,0
3,1,1,8,0,5,1,0,120,0,0
3,1,1,0,0,3,0,0,120,1,1
3,1,1,9,1,1,0,0,60,0,0
3,1,1,7,2,2,0,0,60,0,0
3,1,1,4,0,10,0,0,120,0,0
3,1,1,11,0,0,1,0,90,0,0
3,1,1,5,2,0,1,0,90,0,1
3,1,1,12,1,5,1,0,60,0,0
3,1,1,12,0,4,0,0,120,0,1
3,1,1,9,1,4,1,0,60,1,0
3,1,1,0,0,5,0,0,120,0,1
3,1,1,6,1,0,0,0,60,0,1
3,1,1,5,1,3,1,0,120,0,0
3,1,1,7,0,2,1,0,120,1,1
3,1,0,3,0,1,0,0,60,0,0
3,1,0,6,1,4,0,0,150,1,0
3,1,1,12,1,5,0,0,120,0,0
3,1,0,12,0,0,0,0,120,0,0
3,1,1,10,1,1,0,0,60,0,0
3,1,1,1,0,4,1,0,120,1,1
3,1,1,12,0,7,1,0,60,0,0
3,1,0,9,0,7,0,0,60,0,0
3,1,1,11,0,1,0,0,120,0,0
3,1,1,9,0,3,0,0,60,0,0
3,1,1,7,0,8,0,0,120,0,0
3,1,0,9,0,3,0,0,90,0,0
3,1,1,6,0,3,0,0,60,0,0
3,1,0,11,1,1,0,0,60,0,1
3,1,0,4,1,8,0,0,150,0,1
3,1,1,0,1,4,0,0,150,0,1
3,1,1,2,0,1,0,0,60,0,0
3,1,1,3,0,0,0,0,120,0,0
3,1,1,11,0,4,0,0,120,0,0
3,1,0,4,0,4,0,0,120,0,1
3,1,0,1,1,4,0,0,120,0,0
3,1,1,0,1,6,1,0,60,0,0
3,1,1,1,1,7,0,0,120,0,0
3,1,1,6,0,8,0,0,120,1,0
3,1,1,3,1,7,0,0,120,0,0
3,1,1,11,0,6,2,0,60,0,0
3,1,0,7,0,4,0,0,90,0,0
3,1,1,3,1,1,0,0,60,0,0
3,1,0,8,0,9,0,0,60,1,1
3,1,0,7,0,6,0,0,60,0,1
3,1,1,7,0,5,0,0,120,0,0
3,1,1,7,0,7,0,0,120,0,1
3,1,0,7,0,4,0,0,60,0,0
3,1,0,0,0,4,1,0,210,0,1
3,1,0,0,1,7,0,0,120,0,1
3,1,1,8,1,1,0,0,120,0,0
3,1,0,11,1,7,0,0,120,0,1
3,1,0,8,1,8,0,0,60,0,0
3,1,1,5,0,2,0,0,120,0,1
3,1,1,1,1,6,0,0,60,0,0
3,1,0,4,1,0,0,0,60,0,1
3,1,1,6,0,8,0,0,120,0,0
3,1,0,9,0,3,0,0,60,0,0
3,1,0,5,0,4,0,0,240,0,1
3,1,1,4,0,1,0,0,60,0,1
3,1,1,2,0,1,0,0,60,0,0
3,1,0,11,1,5,0,0,120,0,0
3,1,1,8,1,6,1,0,60,0,1
3,1,0,9,1,5,0,0,60,1,1
3,1,0,12,0,7,0,0,60,0,0
3,1,0,12,0,6,0,0,60,0,1
3,1,0,7,0,6,0,0,60,0,0
3,1,0,9,0,1,0,0,120,0,0
3,1,0,1,0,3,0,0,120,0,0
3,1,1,0,1,7,0,0,60,0,1
3,1,0,7,0,9,0,0,60,0,1
3,1,1,4,1,10,0,0,60,0,0
3,1,1,5,0,3,0,0,60,0,0
3,1,1,10,0,3,0,0,60,1,0
3,1,0,8,1,9,0,0,60,0,0
3,1,0,9,0,2,0,0,120,0,0
3,1,1,12,1,1,0,0,60,0,1
3,1,1,4,1,3,0,0,60,0,1
3,1,1,5,0,3,1,0,60,0,0
3,1,1,11,0,0,0,0,60,0,0
3,1,0,0,0,3,0,0,60,0,0
3,1,0,6,1,3,0,0,60,0,1
3,1,1,0,1,2,0,0,60,0,0
3,1,0,2,0,8,0,0,60,0,0
3,1,1,0,0,0,0,0,120,0,1
3,1,1,8,1,9,0,0,60,0,0
3,1,1,3,1,3,0,0,120,1,1
3,1,1,9,0,4,0,0,90,0,0
3,1,0,1,1,1,1,0,60,0,1
3,1,1,5,0,0,1,0,60,0,0
3,1,0,1,0,3,1,0,60,0,1
3,1,1,0,0,6,0,0,60,0,1
3,1,1,8,1,8,0,0,60,0,1
3,1,0,9,0,9,0,0,90,0,0
3,1,1,0,1,7,1,0,120,0,1
3,1,1,7,0,9,0,0,60,0,0
3,1,1,2,0,8,1,0,75,0,0
3,1,1,0,0,7,0,0,120,0,0
3,1,1,8,1,2,0,0,60,0,0
3,1,0,7,0,9,0,0,120,0,0
3,1,1,4,0,1,0,0,120,0,0
3,1,1,6,0,8,0,0,60,0,0
3,1,1,0,1,8,1,0,120,0,0
3,1,0,2,1,10,0,0,60,0,0
3,1,1,1,0,7,1,0,60,0,0
3,1,0,6,0,1,0,0,120,1,1
3,1,1,5,1,2,0,0,90,0,0
3,1,1,12,1,4,0,0,90,0,0
3,1,0,8,1,4,0,0,120,1,1
3,1,1,8,0,9,0,0,60,1,0
3,1,0,8,1,8,0,0,60,0,1
3,1,0,11,0,1,0,0,90,1,1
3,1,0,3,1,7,0,0,90,0,1
3,1,1,3,0,8,0,0,120,0,1
3,1,0,1,0,8,0,0,60,0,1
3,1,1,3,1,8,0,0,60,0,0
3,1,1,10,1,9,0,0,60,0,0
3,1,1,1,1,1,0,0,120,0,1
3,1,0,1,0,8,0,0,60,1,0
3,1,0,8,1,0,0,0,60,0,1
3,1,1,9,1,9,0,0,60,0,1
3,1,1,0,0,9,1,0,90,0,0
3,1,0,8,0,6,0,0,60,0,0
3,1,1,0,0,7,0,0,180,0,0
3,1,1,11,0,1,0,0,90,0,0
3,1,1,2,1,10,0,0,60,0,0
3,1,0,11,1,5,0,0,90,0,0
3,1,0,7,0,7,0,0,90,0,0
3,1,1,8,1,2,0,0,60,0,0
3,1,0,5,0,7,0,0,60,0,0
3,1,1,6,1,2,0,0,75,0,1
3,1,1,5,1,0,0,0,60,0,0
3,1,1,12,1,0,0,0,90,0,0
3,1,1,6,0,1,0,0,90,0,0
3,1,1,8,0,9,0,0,60,0,0
3,1,0,6,0,4,0,0,120,1,0
3,1,1,0,0,7,0,0,90,0,0
3,1,0,5,1,8,0,0,120,0,0
3,1,0,3,1,3,0,0,60,0,0
3,1,1,1,0,8,0,0,180,0,0
3,1,1,5,0,0,0,0,60,0,0
3,1,1,0,1,4,1,0,120,0,1
3,1,1,11,0,6,0,0,60,0,1
3,1,1,12,0,6,0,0,60,0,0
3,1,0,4,0,5,1,0,60,0,0
3,1,1,10,1,6,0,0,120,0,1
3,1,0,7,0,8,0,0,60,0,0
3,1,0,3,0,4,1,0,60,0,1
3,1,1,3,0,3,0,0,90,0,0
3,1,0,7,1,8,0,0,240,0,1
3,1,0,2,0,10,0,0,180,0,1
3,1,1,11,0,5,0,0,60,0,0
3,1,0,0,0,1,0,0,60,0,0
3,1,0,7,1,4,0,0,120,0,0
3,1,0,0,0,9,0,0,60,0,0
3,1,1,0,1,1,0,0,60,0,0
3,1,0,11,1,6,1,0,60,0,1
3,1,1,8,1,8,0,0,60,0,0
3,1,0,8,0,5,0,0,60,0,0
3,1,1,7,0,6,0,0,60,0,1
3,1,1,4,0,10,0,0,60,0,0
3,1,0,8,0,9,0,0,60,0,0
3,1,1,0,0,6,0,0,60,0,0
3,1,1,2,1,10,0,0,120,0,0
3,1,1,12,0,0,0,0,60,0,1
3,1,1,0,1,4,1,0,90,0,0
3,1,1,3,1,4,0,0,120,0,0
3,1,1,3,1,1,0,0,120,0,0
3,1,1,12,1,5,0,0,60,0,1
3,1,1,10,1,5,0,0,120,0,1
3,1,0,4,1,10,0,0,195,0,0
3,1,1,3,0,1,0,0,120,0,1
3,1,0,9,0,3,0,0,120,1,1
3,1,1,7,1,8,0,0,60,0,0
3,1,1,10,0,3,0,0,60,0,0
3,1,1,9,1,0,0,0,120,0,0
3,1,0,3,0,9,0,0,300,0,1
3,1,0,8,0,6,1,0,70,0,0
3,1,1,9,0,3,1,0,60,0,0
3,1,1,5,1,2,0,0,120,0,0
3,1,1,8,1,9,1,0,60,1,0
3,1,0,5,0,3,0,0,60,0,0
3,1,1,11,1,1,0,0,120,0,1
3,1,0,9,1,3,0,0,60,0,0
3,1,0,6,0,9,0,0,60,0,0
3,1,0,6,1,4,1,0,60,0,0
3,1,1,5,0,2,0,0,150,0,1
3,1,0,9,1,3,0,0,180,0,1
3,1,1,1,0,2,0,0,120,0,0
3,1,1,7,0,3,0,0,120,0,0
3,1,1,6,0,4,0,0,150,0,1
3,1,0,6,0,6,0,0,120,0,0
3,1,0,0,0,4,0,0,120,1,0
3,1,0,12,0,0,0,0,90,0,1
3,1,1,1,1,5,0,0,120,1,1
3,1,0,9,1,2,0,0,60,0,1
3,1,1,8,0,4,0,0,120,1,0
3,1,0,9,0,0,0,0,120,1,1
3,1,1,12,1,2,0,0,120,0,1
3,1,0,8,0,6,0,0,120,0,0
3,1,0,8,0,5,1,0,120,1,1
3,1,0,5,0,1,0,0,120,0,0
3,1,1,1,0,6,0,0,60,0,0
3,1,1,8,1,9,0,0,120,0,0
3,1,1,11,0,9,0,0,60,0,0
3,1,0,0,0,9,0,0,60,1,1
3,1,1,3,0,3,0,0,60,1,0
3,1,0,8,0,9,1,0,60,1,0
3,1,0,3,0,1,0,0,60,0,0
3,1,0,0,1,8,0,0,210,0,1
3,1,1,3,0,3,0,0,60,0,0
3,1,1,11,1,2,0,0,120,1,1
3,1,1,12,1,0,0,0,120,0,1
3,1,1,9,0,6,0,0,90,1,0
3,1,1,5,0,1,0,0,120,0,1
3,1,0,10,1,4,0,0,60,0,1
3,1,1,6,1,5,0,0,60,0,0
3,1,0,5,1,7,1,0,60,0,0
3,1,0,4,0,0,1,0,60,0,0
3,1,1,1,1,3,0,0,60,0,1
3,1,1,6,1,1,1,0,60,0,0
3,1,1,1,0,9,0,0,60,0,0
3,1,1,8,0,9,0,0,120,0,0
3,1,1,3,0,0,0,0,60,0,1
3,1,1,4,1,8,0,0,60,0,1
3,1,1,11,1,1,0,0,60,0,1
3,1,1,12,1,0,0,0,60,0,0
3,1,1,7,0,9,0,0,60,0,1
3,1,1,7,1,5,0,0,120,0,0
3,1,1,7,1,2,0,0,120,0,1
3,1,0,5,1,0,0,0,60,0,0
3,1,1,6,1,0,1,0,60,0,0
3,1,0,0,1,9,0,0,60,1,1
3,1,1,5,0,3,1,0,120,0,1
3,1,0,5,0,0,0,0,60,0,1
3,1,1,4,0,10,0,0,180,0,1
3,1,1,9,0,7,0,0,60,0,0
3,1,1,6,0,7,0,0,120,0,0
3,1,1,8,0,8,0,0,60,0,0
3,1,1,12,0,3,0,0,60,0,0
3,1,1,7,0,3,0,0,60,0,0
3,1,0,9,0,4,0,0,60,0,0
3,1,1,3,0,3,0,0,60,0,0
3,1,1,9,0,3,1,0,60,0,0
3,1,1,6,0,2,0,0,60,0,1
3,1,0,7,0,4,0,0,60,0,0
3,1,1,7,1,5,0,0,90,0,0
3,1,1,8,0,9,0,0,60,0,1
3,1,1,11,1,2,1,0,60,0,0
3,1,1,4,1,6,0,0,90,0,0
3,1,1,0,1,6,1,0,90,0,0
3,1,1,4,0,3,0,0,60,0,0
3,1,0,9,0,1,0,0,180,0,1
3,1,1,5,0,4,1,0,60,0,1
3,1,0,12,0,8,1,0,60,0,0
3,1,1,12,0,4,0,0,60,0,0
3,1,1,1,0,2,1,0,60,0,0
3,1,0,10,0,6,0,0,150,0,0
3,1,0,9,0,0,0,0,120,1,1
3,1,1,0,0,8,0,0,120,0,0
3,1,1,8,0,1,0,0,120,0,1
3,1,0,12,0,2,0,0,60,0,1
3,1,1,11,0,7,0,0,120,0,0
3,1,0,6,1,5,0,0,60,0,0
3,1,1,9,0,1,0,0,120,1,1
3,1,1,7,1,4,1,0,120,0,1
3,1,0,11,0,4,0,0,60,0,0
3,1,0,4,1,10,0,0,60,0,0
3,1,0,11,0,1,0,0,120,1,0
3,1,0,10,0,5,0,0,120,0,0
3,1,1,0,1,4,0,0,120,0,1
3,1,1,6,0,2,0,0,90,0,1
3,1,1,11,0,1,0,0,60,0,0
3,1,1,0,1,3,0,0,60,0,1
3,1,0,8,0,6,0,0,60,0,0
3,1,1,8,1,8,0,0,60,0,0
3,1,0,0,1,4,0,0,90,0,0
3,1,1,8,1,10,1,0,60,0,0
3,1,1,6,1,3,0,0,180,0,1
3,1,1,9,1,7,0,0,60,0,1
3,1,1,5,0,2,0,0,60,0,0
3,1,1,5,0,4,0,0,60,0,1
3,1,1,2,1,10,1,0,60,0,0
3,1,1,1,0,4,1,0,60,1,1
3,1,1,1,0,8,0,0,60,1,0
3,1,0,2,0,10,0,0,60,0,0
3,1,1,12,0,7,1,0,60,0,0
3,1,1,1,1,5,0,0,90,0,0
3,1,0,9,0,3,0,0,90,0,0
3,1,1,2,0,5,0,0,60,0,1
3,1,0,10,0,5,1,0,120,0,1
3,1,1,7,2,2,0,0,60,0,0
3,1,1,6,0,3,0,0,120,0,0
3,1,1,2,1,1,0,0,60,0,1
3,1,0,7,0,2,0,0,120,1,1
3,1,1,0,1,3,0,0,90,0,1
3,1,1,5,1,2,0,0,120,0,0
3,1,0,1,1,2,0,0,120,0,1
3,1,0,11,0,1,0,0,90,0,0
3,1,0,9,1,0,0,0,60,0,0
3,1,0,8,0,9,0,0,60,0,0
3,1,1,6,0,4,0,0,60,0,1
3,1,1,8,1,9,1,0,60,0,0
3,1,0,1,0,1,0,0,120,0,0
3,1,0,5,0,8,1,0,120,0,0
3,1,1,7,1,5,0,0,60,1,0
3,1,1,0,1,9,0,0,120,0,1
3,1,1,8,1,0,0,0,120,0,1
3,1,0,3,1,5,0,0,120,0,1
3,1,0,6,0,0,0,0,120,1,1
3,1,1,7,0,5,1,0,60,1,0
3,1,1,11,1,2,0,0,90,0,0
3,1,1,7,0,8,0,0,120,0,0
3,1,0,5,0,1,0,0,120,1,0
3,1,1,0,1,7,0,0,120,1,0
3,1,1,2,1,10,1,0,60,0,0
3,1,1,6,1,7,0,0,90,0,0
3,1,0,11,0,0,0,0,90,0,0
3,1,1,8,0,10,0,0,120,0,0
3,1,1,10,0,4,0,0,60,0,0
3,1,1,11,1,0,1,0,120,0,1
3,1,1,12,0,7,1,0,60,0,0
3,1,1,6,1,0,0,0,60,0,0
3,1,1,0,0,0,0,0,60,0,1
3,1,0,7,0,6,1,0,60,1,0
3,1,1,8,0,4,0,0,60,0,1
3,1,1,5,0,2,0,0,120,0,0
3,1,1,6,1,1,0,0,60,0,0
3,1,1,1,1,6,0,0,60,0,0
3,1,0,12,0,6,0,0,240,0,1
3,1,1,10,1,2,0,0,150,0,1
3,1,1,9,1,2,0,0,90,0,1
3,1,0,0,0,8,1,0,60,0,0
3,1,1,8,0,7,0,0,120,0,0
3,1,1,8,1,9,0,0,90,0,0
3,1,0,3,0,5,0,0,90,0,0
3,1,1,5,0,8,0,0,90,0,0
3,1,1,12,1,0,0,0,60,0,1
3,1,1,9,0,9,0,0,120,0,1
3,1,1,10,0,2,0,0,120,0,0
3,1,0,4,2,10,0,0,120,0,0
3,1,0,7,0,9,0,0,120,0,1
3,1,1,11,1,1,0,0,120,0,1
3,1,0,5,1,4,0,0,90,0,0
3,1,1,8,1,5,1,0,60,0,0
3,1,1,0,0,9,0,0,60,0,0
3,1,0,4,1,10,0,0,60,0,1
3,1,0,5,0,5,0,0,60,0,0
3,1,0,7,0,4,0,0,90,0,1
3,1,0,2,1,2,0,0,60,0,0
3,1,0,10,0,8,1,0,60,0,0
3,1,1,5,0,1,0,0,60,0,1
3,1,0,6,0,4,0,0,90,0,0
3,1,1,5,0,0,0,0,120,0,0
3,1,0,8,0,6,0,0,120,0,1
3,1,1,0,0,5,0,0,60,1,0
3,1,0,10,0,1,0,0,60,0,0
3,1,1,12,0,0,0,0,90,0,0
3,1,1,1,0,6,0,0,120,0,0
3,1,1,6,0,2,0,0,60,0,0
3,1,0,9,0,4,0,0,210,0,1
3,1,1,11,1,0,0,0,60,0,0
3,1,0,3,0,6,0,0,120,0,1
3,1,0,4,0,7,0,0,60,0,1
3,1,1,9,0,8,0,0,120,0,0
3,1,0,3,0,1,0,0,90,0,0
3,1,1,0,0,3,0,0,60,0,0
3,1,0,9,1,7,1,0,60,0,0
3,1,1,0,0,5,1,0,60,0,0
3,1,1,11,1,3,0,0,120,0,1
3,1,1,11,0,4,0,0,60,0,0
3,1,1,8,0,9,0,0,60,0,0
3,1,1,11,1,1,0,0,60,1,0
3,1,1,6,0,8,0,0,60,0,0
3,1,1,6,1,5,0,0,90,0,0
3,1,0,1,1,2,0,1,60,1,1
3,1,1,12,0,3,0,0,90,0,0
3,1,1,0,0,9,0,0,60,0,0
3,1,1,9,0,5,0,0,90,0,0
3,1,0,12,0,5,0,0,180,0,1
3,1,1,2,1,0,0,0,60,0,1
3,1,1,3,0,3,1,0,150,1,1
3,1,0,12,0,2,0,0,120,0,0
3,1,1,0,0,5,0,0,60,0,0
3,1,1,9,0,5,0,0,90,0,1
3,1,1,5,0,0,1,0,60,0,0
3,1,1,5,0,1,0,0,90,0,0
3,1,0,11,0,8,0,0,60,0,0
3,1,1,6,1,3,0,0,60,0,0
3,1,1,9,0,1,0,0,60,0,1
3,1,0,1,0,5,0,0,90,0,1
3,1,1,1,1,6,1,0,120,0,0
3,1,1,6,0,5,1,0,90,0,1
3,1,1,8,1,6,0,0,120,0,0
3,1,1,0,0,8,0,0,60,0,0
3,1,1,3,2,2,0,0,60,0,0
3,1,0,8,1,8,1,0,90,0,1
3,1,1,10,0,7,0,0,60,0,0
3,1,0,11,1,2,0,0,130,1,0
3,1,1,3,0,6,0,0,60,0,1
3,1,0,5,0,1,0,0,60,0,0
3,1,1,7,0,8,0,0,60,0,0
3,1,1,6,0,9,1,0,60,0,0
3,1,0,8,1,3,0,0,60,0,1
3,1,1,11,0,1,0,0,120,1,1
3,1,0,5,0,0,0,0,120,0,0
3,1,0,6,0,8,0,0,60,0,1
3,1,1,9,0,6,0,0,60,0,0
3,1,1,5,0,8,0,0,120,0,0
3,1,0,1,0,0,0,0,60,0,1
3,1,0,12,0,0,0,0,60,0,0
3,1,1,8,1,9,1,0,60,0,0
3,1,1,5,1,2,0,0,120,0,0
3,1,0,3,1,2,0,0,90,0,0
3,1,1,1,1,1,0,0,120,0,1
3,1,1,5,0,3,0,0,60,0,0
3,1,0,4,1,6,1,0,120,0,0
3,1,0,3,1,4,0,0,60,0,1
3,1,1,7,0,7,0,0,60,0,0
3,1,1,7,1,6,0,0,90,0,0
3,1,1,6,0,6,0,0,60,1,0
3,1,1,8,1,3,0,0,120,0,0
3,1,1,1,1,1,0,0,60,0,0
3,1,1,12,1,6,0,0,60,0,1
3,1,1,9,1,2,0,0,60,0,0
3,1,1,0,1,4,0,0,120,0,1
3,1,0,8,0,8,1,0,60,0,0
3,1,1,1,1,4,0,0,90,1,1
3,1,1,0,1,8,0,0,120,0,0
3,1,1,6,0,5,0,0,60,0,0
3,1,1,11,1,7,0,0,60,0,1
3,1,0,5,0,9,0,0,120,1,0
3,1,1,8,1,8,0,0,60,1,1
3,1,0,9,0,8,0,0,60,0,1
3,1,0,6,0,0,1,0,120,1,1
3,1,0,8,0,7,0,0,120,0,0
3,1,0,5,0,0,0,0,120,0,1
3,1,1,11,0,5,0,0,120,0,0
3,1,1,0,0,8,0,0,60,0,0
3,1,1,5,0,7,0,0,90,0,1
3,1,0,12,1,5,1,0,60,0,0
3,1,1,4,1,0,0,0,90,0,1
3,1,1,11,1,7,0,0,60,0,0
3,1,1,7,1,8,0,0,60,0,0
3,1,0,4,1,2,0,0,120,0,1
3,1,0,8,0,6,0,0,120,0,0
3,1,1,1,1,5,1,0,60,0,1
3,1,1,8,1,6,0,0,120,0,0
3,1,0,8,0,3,0,0,180,0,1
3,1,0,2,1,8,0,0,60,0,0
3,1,0,4,1,10,0,0,60,0,0
3,1,1,5,0,3,0,0,60,0,1
3,1,1,11,1,7,0,0,120,0,1
3,1,0,5,0,0,0,0,60,0,0
3,1,0,9,1,3,0,0,90,0,0
3,1,1,11,0,4,1,0,60,0,0
3,1,1,7,0,7,0,0,60,0,0
3,1,1,4,0,10,0,0,60,0,1
3,1,1,11,1,1,0,0,120,0,0
3,1,1,5,0,4,1,0,60,0,0
3,1,1,0,1,4,0,0,60,0,0
3,1,0,6,1,5,0,0,120,0,1
3,1,1,0,0,7,0,0,60,0,1
3,1,0,3,0,1,0,0,90,1,0
3,1,1,2,1,4,0,0,60,0,0
3,1,0,3,0,7,0,0,120,0,0
3,1,1,1,0,3,0,0,60,0,1
3,1,0,0,1,7,0,0,90,0,0
3,1,1,5,1,2,0,0,60,0,1
3,1,1,5,0,6,0,0,60,0,0
3,1,0,7,0,8,0,0,90,0,0
3,1,1,3,0,3,0,0,210,0,1
3,1,0,8,1,6,0,0,150,1,0
3,1,0,4,1,10,0,0,60,0,0
3,1,1,12,0,4,0,0,120,1,1
3,1,0,10,0,9,0,0,60,0,0
3,1,0,7,0,6,0,0,60,1,0
3,1,1,11,1,0,0,0,60,0,1
3,1,0,2,0,4,0,0,120,0,1
3,1,0,8,0,6,0,0,60,0,0
3,1,0,3,0,1,0,0,120,1,1
3,1,1,7,1,6,0,0,60,0,1
3,1,1,5,1,8,0,0,120,0,0
3,1,1,12,0,4,0,0,60,0,0
3,1,1,8,0,8,0,0,60,0,0
3,1,0,12,1,8,0,0,90,0,0
3,1,1,6,0,9,1,0,120,0,0
3,1,1,2,0,10,1,0,60,0,1
3,1,1,9,0,2,0,0,120,1,1
3,1,0,7,0,3,0,0,60,1,0
3,1,1,3,0,2,0,0,60,0,0
3,1,1,1,0,0,0,0,60,1,0
3,1,1,12,0,4,0,0,90,0,0
3,1,1,0,0,7,0,0,120,0,1
3,1,1,5,1,5,0,0,60,0,1
3,1,0,0,0,6,1,0,120,0,0
3,1,1,7,0,9,1,0,60,0,1
3,1,1,1,0,3,1,0,120,0,1
3,1,1,6,1,4,1,0,60,0,1
3,1,1,4,1,1,0,0,120,0,1
3,1,0,4,0,3,0,0,120,0,1
3,1,1,5,0,8,0,0,120,0,0
3,1,0,8,0,6,0,0,120,0,0
3,1,1,3,0,2,0,0,60,0,0
3,1,0,0,0,4,0,0,60,0,1
3,1,0,4,2,1,0,0,180,0,1
3,1,1,5,1,2,0,0,90,0,0
3,1,1,0,1,7,1,0,60,1,1
3,1,1,12,0,9,0,0,90,0,0
3,1,1,10,0,0,0,0,60,0,1
3,1,1,7,0,5,0,0,90,0,0
3,1,1,5,0,4,0,0,60,0,0
3,1,1,10,0,7,0,0,90,1,1
3,1,0,7,1,6,0,0,120,0,1
3,1,1,8,0,9,0,0,90,0,0
3,1,1,8,0,8,0,0,60,0,1
3,1,0,1,0,8,0,0,90,0,0
3,1,1,0,1,3,0,0,90,1,1
3,1,0,5,1,2,0,0,120,0,1
3,1,1,8,1,5,0,0,60,0,1
3,1,1,4,0,10,0,0,120,0,0
3,1,1,5,1,2,0,0,90,1,0
3,1,0,5,1,4,1,0,60,0,0
3,1,1,7,0,6,0,0,60,0,0
3,1,0,3,0,4,0,0,90,0,0
3,1,1,4,0,3,0,0,60,0,1
3,1,1,8,0,9,0,0,120,0,0
3,1,1,3,0,2,0,0,90,1,0
3,1,1,6,1,9,0,0,60,0,0
3,1,0,8,0,9,0,0,180,0,1
3,1,1,3,0,4,0,0,90,0,0
3,1,1,0,1,8,0,0,90,0,1
3,1,0,9,1,5,0,0,90,1,0
3,1,1,9,1,3,0,0,120,0,0
3,1,1,3,1,5,0,0,60,0,0
3,1,0,8,1,8,0,0,90,0,0
3,1,1,7,0,4,0,0,60,0,0
3,1,1,12,0,2,0,0,60,0,0
3,1,0,7,1,4,0,0,60,0,0
3,1,1,11,1,4,0,0,60,1,1
3,1,1,6,0,2,0,0,120,0,1
3,1,1,5,0,2,0,0,90,0,0
3,1,1,12,1,9,0,0,60,1,0
3,1,1,6,0,2,0,0,90,0,0
3,1,1,8,0,7,0,0,120,0,1
3,1,0,6,0,5,0,0,60,0,0
3,1,1,0,0,7,0,0,60,0,0
3,1,1,11,0,3,0,0,90,0,0
3,1,0,6,1,1,0,0,60,0,0
3,1,0,9,1,5,0,0,150,1,1
3,1,1,6,0,8,0,0,60,1,0
3,1,0,4,0,10,0,0,90,0,0
3,1,1,5,1,6,0,0,120,0,1
3,1,1,6,0,5,0,0,60,0,0
3,1,1,6,0,3,0,0,60,0,0
3,1,1,7,0,7,1,0,60,0,0
3,1,0,5,1,3,0,0,120,0,0
3,1,0,12,0,5,1,0,120,0,1
3,1,0,4,0,1,0,0,90,0,1
3,1,1,8,0,8,0,0,60,1,0
3,1,1,7,0,7,0,0,60,0,1
3,1,0,2,1,0,0,0,60,0,0
3,1,1,2,0,10,0,0,120,0,1
3,1,1,4,1,10,1,0,120,0,0
3,1,1,9,0,0,0,0,60,0,0
3,1,1,11,0,0,0,0,120,0,0
3,1,0,8,0,1,0,0,60,0,0
3,1,1,6,0,7,0,0,60,0,0
3,1,1,12,0,0,0,0,120,0,0
3,1,1,11,0,0,0,0,60,0,1
3,1,1,0,1,5,0,0,90,0,0
3,1,0,6,0,5,0,0,60,0,0
3,1,0,5,0,7,0,0,120,0,1
3,1,1,0,1,0,0,0,120,0,0
3,1,0,9,1,3,0,0,120,1,1
3,1,0,0,1,7,0,0,90,0,0
3,1,1,3,0,2,0,0,120,0,0
3,1,1,9,1,8,1,0,120,0,1
3,1,1,5,1,1,0,0,60,0,0
3,1,0,3,0,5,1,0,60,0,1
3,1,0,7,0,3,1,0,60,0,0
3,1,0,9,0,7,0,0,60,0,0
3,1,0,9,0,3,0,0,60,1,1
3,1,0,11,0,0,0,0,60,0,0
3,1,1,4,1,10,0,0,60,0,0
3,1,1,12,0,4,2,0,60,0,0
3,1,0,8,0,3,0,0,90,1,1
3,1,1,8,1,4,0,0,120,0,1
3,1,0,3,0,3,0,0,120,0,0
3,1,1,8,0,6,0,0,60,0,0
3,1,1,4,0,10,0,0,90,0,0
3,1,1,5,0,5,0,0,60,0,0
3,1,0,4,0,10,0,0,90,0,0
3,1,0,4,0,2,0,0,60,1,0
3,1,0,10,1,8,1,0,60,0,1
3,1,0,10,1,8,0,0,60,0,1
3,1,1,5,0,4,1,0,60,0,1
3,1,0,10,1,4,1,0,60,0,1
3,1,0,8,0,9,0,0,90,0,0
3,1,0,5,1,0,0,0,60,0,1
3,1,0,2,1,2,0,0,120,0,0
3,1,1,9,0,3,0,0,60,0,0
3,1,0,4,1,10,0,0,60,0,0
3,1,1,10,1,3,0,0,60,0,0
3,1,1,11,1,7,1,0,90,0,0
3,1,1,8,0,8,0,0,120,0,0
3,1,1,2,0,10,0,0,60,0,0
3,1,0,11,0,5,0,0,240,0,0
3,1,0,7,0,6,0,0,60,0,0
3,1,1,5,0,2,2,0,120,0,1
3,1,1,0,0,3,1,0,90,0,0
3,1,1,11,1,4,1,0,120,0,0
3,1,0,1,1,1,1,0,60,0,1
3,1,1,10,1,6,1,2,60,0,0
3,1,0,6,0,4,1,0,60,0,0
3,1,0,0,0,7,1,0,60,1,0
3,1,0,6,0,0,1,0,60,1,0
3,1,1,8,0,2,1,0,60,0,1
3,1,0,0,0,3,1,0,90,0,0
3,1,1,1,1,8,1,0,60,0,0
3,1,0,1,1,8,1,0,60,0,0
3,1,1,9,0,2,1,0,60,0,0
3,1,0,5,0,4,1,0,60,0,0
3,1,1,1,0,3,1,0,60,0,0
3,1,1,1,1,6,1,1,90,0,0
3,1,0,8,1,6,1,0,60,0,1
3,1,0,0,1,5,1,0,60,1,0
3,1,1,6,0,4,1,2,90,0,0
3,1,1,6,0,8,1,0,60,0,0
3,1,1,6,0,8,0,0,135,1,0
3,1,1,5,1,8,2,0,60,0,1
3,1,0,4,0,10,1,0,60,0,0
3,1,1,0,1,6,1,0,60,1,0
3,1,1,8,1,1,1,0,60,0,0
3,1,1,7,1,8,1,1,60,0,0
3,1,1,9,0,4,1,0,60,0,0
3,1,0,0,1,4,1,0,60,0,1
3,1,1,8,1,9,0,0,60,0,1
3,1,1,0,0,8,1,0,90,0,1
3,1,0,12,1,5,1,0,60,0,1
3,1,1,5,0,3,1,0,60,1,0
3,1,1,0,1,4,1,0,120,0,1
3,1,0,8,0,9,2,1,60,0,0
3,1,1,9,0,4,0,2,60,0,1
3,1,1,1,1,8,0,0,60,0,0
3,1,1,5,1,0,0,0,60,1,0
3,1,1,8,0,8,0,0,60,0,0
3,1,0,1,0,3,1,0,60,1,1
3,1,0,4,1,10,1,0,60,0,0
3,1,1,7,1,9,1,0,120,0,1
3,1,1,6,1,8,1,0,70,0,1
3,1,1,3,0,9,0,2,60,0,1
3,1,1,0,0,6,1,1,60,0,1
3,1,0,9,0,3,1,1,70,0,0
3,1,0,0,0,4,0,0,60,0,1
3,1,0,10,1,0,0,0,240,0,1
3,1,1,0,1,1,0,0,120,0,1
3,1,0,8,1,4,1,0,90,0,1
3,1,1,2,0,10,1,0,60,0,0
3,1,1,2,1,7,0,0,90,0,0
3,1,0,6,1,5,1,0,120,0,0
3,1,1,8,0,3,1,1,120,0,0
3,1,0,0,0,3,0,0,220,0,0
3,1,1,12,1,1,1,0,60,0,0
3,1,1,12,0,2,0,1,120,1,1
3,1,1,0,1,0,0,0,60,0,1
3,1,0,12,0,4,0,0,60,0,0
3,1,1,4,1,0,0,0,60,0,1
3,1,1,2,1,8,0,0,60,0,0
3,1,1,0,1,6,0,1,60,0,0
3,1,0,10,0,3,1,0,120,0,0
3,1,1,1,0,9,0,0,60,0,1
3,1,0,1,1,1,1,0,150,1,1
3,1,0,4,1,4,0,1,70,0,1
3,1,1,3,0,0,1,0,60,0,0
3,1,0,7,0,8,1,0,180,0,1
3,1,0,6,1,9,0,0,60,0,0
3,1,0,11,0,0,0,4,60,0,0
3,1,1,3,0,9,1,0,60,0,0
3,1,1,9,1,5,1,1,60,0,0
3,1,0,5,1,3,1,0,180,0,1
3,1,1,9,1,2,0,0,60,1,0
3,1,0,9,0,9,0,0,120,0,0
3,1,1,12,1,2,1,0,60,0,0
3,1,1,5,0,2,0,0,90,0,0
3,1,0,6,0,0,1,1,330,0,1
3,1,1,10,0,3,0,1,60,1,0
3,1,0,5,0,1,0,0,60,0,0
3,1,0,12,0,1,0,0,120,0,0
3,1,1,6,0,5,0,3,60,0,0
3,1,1,6,0,3,0,0,70,0,0
3,1,0,11,0,7,0,0,90,1,1
3,1,0,1,0,9,0,0,60,0,1
3,1,1,10,0,2,0,0,270,0,1
3,1,1,0,1,7,1,0,60,0,0
3,1,1,12,0,3,0,0,90,0,0
3,1,1,12,0,3,1,0,60,0,0
3,1,0,1,1,6,0,0,60,1,0
3,1,1,6,0,1,1,1,60,1,0
3,1,0,9,0,5,0,1,150,0,1
3,1,1,0,1,2,0,0,90,0,0
3,1,0,11,1,5,0,0,120,1,1
3,1,1,5,0,6,0,0,90,0,0
3,1,1,1,0,6,0,0,60,0,0
3,1,0,3,1,7,1,0,60,0,0
3,1,0,5,0,2,0,0,120,0,0
3,1,1,8,1,9,1,0,70,0,0
3,1,0,6,1,2,0,1,60,0,0
3,1,1,9,1,4,1,0,60,0,0
3,1,0,6,1,2,1,1,120,0,1
3,1,0,4,1,10,0,0,60,0,0
3,1,1,2,1,3,1,0,60,0,0
3,1,0,10,0,7,0,0,60,0,1
3,1,1,11,0,2,0,0,60,0,1
3,1,0,8,1,3,0,0,120,1,1
3,1,0,12,1,8,0,0,120,0,0
3,1,1,6,1,1,0,1,60,0,0
3,1,1,10,0,3,0,0,60,0,1
3,1,1,5,1,2,0,1,90,0,1
3,1,0,5,0,0,0,1,60,0,1
3,1,1,8,1,4,1,1,60,0,0
3,1,1,8,0,3,0,0,90,0,0
3,1,0,5,1,0,1,1,60,0,0
3,1,1,3,0,4,0,0,60,0,0
3,1,0,11,1,0,0,0,60,1,0
3,1,1,7,1,6,1,0,60,0,1
3,1,1,8,0,8,1,1,90,0,0
3,1,1,7,1,7,1,0,120,0,0
3,1,0,5,1,3,1,0,60,0,0
3,1,1,9,0,6,0,0,90,0,0
3,1,1,5,1,3,0,0,120,0,1
3,1,1,11,0,2,0,0,60,1,1
3,1,1,3,0,5,0,0,60,0,0
3,1,1,5,0,0,0,2,60,0,0
3,1,1,7,1,8,0,0,60,0,1
3,1,1,0,1,7,1,0,60,1,0
3,1,1,6,1,5,0,1,60,0,1
3,1,1,8,1,3,0,0,60,0,1
3,1,1,8,0,9,1,0,60,0,1
3,1,1,9,1,1,0,1,60,0,1
3,1,1,1,1,5,0,0,90,0,0
3,1,0,1,1,4,0,0,120,0,1
3,1,1,4,0,7,0,0,60,0,0
3,1,1,6,1,4,0,1,120,0,0
3,1,1,10,0,4,0,0,60,0,1
3,1,0,3,0,8,0,1,60,0,0
3,1,0,3,1,2,0,0,60,0,1
3,1,0,9,1,8,0,1,210,0,0
3,1,1,1,1,3,0,0,120,0,0
3,1,0,12,0,3,0,0,120,0,1
3,1,1,6,1,4,1,0,70,0,0
3,1,0,12,0,1,1,2,120,0,0
3,1,1,0,0,6,0,0,90,0,0
3,1,0,6,1,0,1,2,120,1,1
3,1,1,6,0,7,0,0,60,0,0
3,1,0,9,0,2,0,1,60,0,0
3,1,1,6,0,8,0,1,60,0,1
3,1,1,1,1,6,0,0,60,1,1
3,1,0,3,1,1,1,0,60,0,1
3,1,1,8,1,7,0,0,60,0,0
3,1,0,9,1,5,0,0,120,0,0
3,1,0,8,0,3,1,2,60,0,0
3,1,1,6,0,4,0,2,60,0,1
3,1,1,0,1,5,1,2,60,0,0
3,1,1,6,0,5,1,1,60,0,1
3,1,0,7,1,6,0,0,60,0,0
3,1,0,6,0,4,0,0,120,0,0
3,1,1,1,1,2,0,0,60,0,1
3,1,1,0,1,7,1,2,100,0,1
3,1,1,8,0,6,0,0,60,0,1
3,1,1,8,0,6,1,0,330,0,1
3,1,0,1,1,5,0,1,120,0,1
3,1,1,6,0,6,0,0,90,0,0
3,1,0,8,0,6,0,0,120,1,1
3,1,0,0,0,9,0,1,120,0,1
3,1,0,5,1,2,0,1,60,1,0
3,1,0,8,0,9,2,0,60,0,0
3,1,1,0,1,8,0,0,120,0,1
3,2,0,0,0,4,0,1,60,0,0
3,2,1,0,0,6,1,0,60,0,1
3,2,0,1,0,3,1,1,120,0,1
3,2,0,5,1,0,0,0,120,0,0
3,2,0,0,0,6,1,0,60,0,0
3,2,1,1,1,1,0,1,60,0,1
3,2,1,5,0,6,0,0,60,0,1
3,2,1,11,0,6,0,0,60,0,0
3,2,1,10,1,9,0,1,60,0,1
3,2,1,1,0,7,0,0,60,0,0
3,2,1,10,1,5,0,0,180,0,0
3,2,1,11,1,3,0,1,120,0,0
3,2,1,0,0,3,1,0,60,0,1
3,2,0,8,0,2,0,0,60,0,0
3,2,1,9,1,8,0,2,150,0,0
3,2,1,5,0,1,0,0,60,0,0
3,2,0,1,0,5,1,0,120,0,1
3,2,1,1,0,8,0,4,210,0,1
3,2,0,1,1,6,0,0,150,1,1
3,2,1,4,0,10,1,1,120,0,0
3,2,0,5,1,1,0,1,180,0,0
3,2,1,10,1,3,1,0,60,0,0
3,2,0,6,0,9,0,0,60,1,0
3,2,1,6,0,4,0,0,60,1,0
3,2,1,3,1,4,0,0,120,0,0
3,2,1,8,1,6,0,0,60,0,1
3,2,0,12,1,2,0,1,120,0,1
3,2,1,8,0,7,0,0,60,0,0
3,2,1,9,1,3,0,1,60,1,0
3,2,1,2,0,10,0,0,60,0,0
3,2,0,6,0,6,0,1,100,1,1
3,2,0,5,1,3,1,0,210,1,1
3,2,0,8,1,5,0,0,60,0,0
3,2,1,11,0,6,0,0,60,0,1
3,2,0,1,1,0,0,1,120,0,1
3,2,0,11,1,0,1,2,60,0,1
3,2,1,7,1,2,0,0,60,1,1
3,2,1,0,0,6,0,0,60,0,0
3,2,1,4,1,1,0,0,60,0,0
3,2,1,9,0,8,0,0,60,0,0
3,2,0,11,1,3,0,2,60,0,0
3,2,1,12,0,5,0,1,120,0,1
3,2,1,11,1,1,0,3,150,0,1
3,2,1,5,0,3,1,0,60,0,0
3,2,1,0,1,7,0,0,60,0,1
3,2,0,9,0,4,0,0,60,0,0
3,2,1,0,0,7,0,0,60,0,0
3,2,1,12,1,0,1,0,60,0,1
3,2,1,8,0,8,0,0,60,1,1
3,2,0,9,0,8,1,4,80,1,1
3,2,0,12,1,4,0,1,210,0,1
3,2,0,11,0,4,0,1,120,0,0
3,2,1,2,1,0,0,0,90,0,0
3,2,1,7,0,4,0,0,60,0,0
3,2,0,1,1,0,1,0,135,0,1
3,2,1,11,0,2,0,0,120,0,0
3,2,1,11,1,2,0,0,60,0,1
3,2,0,9,0,0,0,0,60,1,0
3,2,1,1,0,8,0,1,60,0,1
3,2,0,8,0,3,0,0,60,0,0
3,2,0,9,0,5,0,1,60,0,0
3,2,1,4,1,10,0,0,60,0,0
3,2,1,1,0,5,0,1,90,0,0
3,2,0,7,1,1,1,0,60,1,1
3,2,0,1,1,4,1,1,60,0,1
3,2,0,1,0,8,1,0,60,0,0
3,2,1,8,0,8,1,0,60,0,0
3,2,1,3,0,9,0,1,120,0,0
3,2,0,12,1,4,0,0,60,0,0
3,2,1,5,0,1,0,1,540,0,1
3,2,0,3,0,3,0,0,135,0,1
3,2,0,5,1,3,1,0,60,0,1
3,2,1,2,1,7,0,0,120,0,1
3,2,1,11,0,2,0,1,60,1,0
3,2,1,1,1,0,0,0,60,0,0
3,2,1,4,1,8,0,2,120,0,0
3,2,0,9,1,3,0,0,90,1,1
3,2,0,0,1,6,1,0,60,0,1
3,2,0,11,0,2,0,0,120,0,0
3,2,0,1,0,5,0,1,90,1,0
3,2,0,7,1,8,0,1,120,0,0
3,2,1,4,1,3,0,0,60,0,0
3,2,0,1,1,4,0,6,120,0,0
3,2,1,12,1,1,0,0,60,1,1
3,2,1,3,0,1,0,0,60,0,1
3,2,0,0,1,5,0,1,60,0,0
3,2,1,7,0,3,0,1,60,0,1
3,2,1,11,0,0,0,0,90,0,0
3,2,0,7,0,5,0,2,120,0,0
3,2,1,3,2,2,1,2,150,0,0
3,2,1,1,0,7,0,0,60,0,0
3,2,0,12,1,4,0,1,180,1,1
3,2,1,3,1,3,1,0,180,0,1
3,2,1,0,0,6,0,1,60,0,1
3,2,1,0,0,9,0,3,90,0,0
3,2,1,5,1,3,0,0,60,0,0
3,2,1,1,1,3,0,0,60,0,0
3,2,0,11,1,2,0,0,60,0,1
3,2,1,9,0,1,0,0,60,0,0
3,2,1,10,1,5,0,0,90,0,0
3,2,1,11,1,0,0,1,60,1,0
3,2,0,7,0,2,0,0,70,0,0
3,2,0,8,1,8,0,2,60,0,1
3,2,1,1,1,1,0,0,60,0,1
3,2,0,7,0,6,0,0,60,0,0
3,2,1,11,0,9,1,0,60,0,0
3,2,0,0,0,9,0,0,60,1,1
3,2,1,9,0,1,1,0,60,0,1
3,2,0,8,1,8,0,1,120,0,1
3,2,1,9,0,7,0,2,90,0,0
3,2,1,0,0,1,1,2,60,0,1
3,2,1,4,1,10,0,0,120,0,0
3,2,0,12,0,6,0,1,60,0,0
3,2,1,10,1,0,1,0,60,0,0
3,2,1,11,1,6,0,0,120,0,1
3,2,1,8,0,9,1,2,120,0,0
3,2,1,3,1,0,0,0,60,0,0
3,2,0,9,1,1,0,0,60,0,0
3,2,1,11,0,5,0,0,60,0,0
3,2,1,6,1,8,0,1,180,0,1
3,2,0,3,0,9,0,0,120,0,0
3,2,0,3,0,1,0,0,120,0,0
3,2,1,0,1,1,0,0,120,0,1
3,2,0,3,1,1,0,0,60,0,1
3,2,0,9,0,4,1,0,160,0,0
3,2,1,0,0,3,0,0,150,0,0
3,2,0,3,0,7,1,1,60,0,0
3,2,1,8,0,7,0,0,60,0,0
3,2,0,11,0,0,0,2,70,0,0
3,2,0,9,1,0,1,2,60,1,0
3,2,1,5,0,4,0,0,60,0,0
3,2,1,2,0,7,0,0,60,0,1
3,2,0,10,1,8,1,0,60,0,1
3,2,1,5,1,3,0,0,150,0,0
3,2,0,0,1,4,0,4,60,0,1
3,2,1,0,1,3,0,2,120,0,0
3,2,0,5,1,0,0,0,60,1,1
3,2,1,3,1,5,0,0,120,0,0
3,2,0,2,0,0,0,3,60,0,0
3,2,0,4,0,10,0,0,60,0,0
3,2,0,3,1,2,0,3,60,0,1
3,2,1,11,1,2,0,1,150,0,1
3,2,1,4,1,8,0,2,60,0,0
3,2,1,12,0,2,0,2,150,1,1
3,2,0,0,1,1,0,1,90,0,0
3,2,1,12,0,2,0,0,60,0,0
3,2,1,10,1,3,0,1,120,0,0
3,2,0,3,1,2,0,0,60,0,1
3,2,0,3,0,2,0,0,60,0,1
3,2,0,0,1,5,1,0,120,0,1
3,2,1,8,0,5,0,3,120,0,0
3,2,1,6,0,9,0,0,120,0,0
3,2,0,10,2,3,1,0,90,0,1
3,2,1,0,0,3,0,0,330,1,1
3,2,0,1,1,5,0,0,60,0,0
3,2,1,0,0,4,0,1,60,0,0
3,2,1,5,0,1,0,0,60,0,0
3,2,1,1,1,1,0,2,120,1,0
3,2,0,8,0,7,0,1,120,0,0
3,2,1,6,1,0,0,1,60,0,0
3,2,0,4,0,10,0,1,60,0,0
3,2,1,11,1,6,0,2,120,0,0
3,2,1,9,0,6,0,0,60,0,1
3,2,0,7,0,8,0,0,60,0,1
3,2,0,5,0,0,0,1,120,1,1
3,2,0,0,0,6,1,1,150,0,0
3,2,1,9,0,4,0,2,120,0,1
3,2,0,0,1,7,0,0,60,0,0
3,2,1,4,0,4,0,1,120,0,0
3,2,1,9,1,3,0,1,60,1,1
3,2,1,3,0,7,0,1,60,0,0
3,2,1,10,0,1,0,1,60,0,1
3,2,0,9,0,3,0,0,60,0,0
3,2,0,12,0,2,0,0,120,0,1
3,2,1,6,0,4,0,0,60,0,0
3,2,1,0,1,8,0,0,60,0,0
3,2,0,11,0,9,0,1,60,0,0
3,2,1,10,1,6,0,1,150,0,0
3,2,1,5,0,8,0,1,60,0,0
3,2,0,4,0,0,0,0,60,0,1
3,2,0,11,0,2,0,0,60,1,0
3,2,0,1,1,1,1,0,120,0,0
3,2,1,8,1,9,0,0,60,0,0
3,2,1,9,0,8,0,1,60,0,1
3,2,1,11,0,7,0,0,60,0,0
3,2,0,7,0,2,0,0,60,0,0
3,2,1,8,0,7,0,0,60,0,0
3,2,1,10,1,5,0,1,60,0,0
3,2,0,0,0,5,0,1,70,0,0
3,2,1,11,1,3,0,0,120,0,1
3,2,0,7,1,3,1,0,150,0,0
3,2,0,8,1,3,0,2,180,1,1
3,2,1,9,0,4,0,2,120,1,1
3,2,1,0,0,0,0,1,90,0,0
3,2,1,10,1,1,0,0,90,0,0
3,2,1,9,1,2,0,0,60,1,1
3,2,1,3,0,4,0,0,60,0,0
3,2,1,3,1,7,1,1,120,0,1
3,2,0,5,0,4,1,1,120,0,0
3,2,1,12,1,6,0,1,60,0,0
3,2,1,11,0,9,0,1,150,0,0
3,2,1,12,1,5,0,0,60,0,0
3,2,0,7,1,4,1,0,75,0,1
3,2,1,6,1,9,1,1,120,0,1
3,2,1,3,1,0,0,3,150,0,0
3,2,1,5,1,0,0,1,60,1,0
3,2,1,0,1,9,0,3,150,0,0
3,2,0,1,1,7,0,2,130,0,0
3,2,1,8,0,0,0,0,60,0,0
3,2,0,11,0,4,0,2,75,0,1
3,2,0,6,0,6,0,1,120,0,0
3,2,0,3,0,6,0,0,70,0,1
3,2,0,3,0,1,0,0,130,0,0
3,2,1,0,1,1,0,2,150,0,1
3,2,0,7,0,1,1,2,120,1,0
3,2,1,0,0,1,0,1,90,0,0
3,2,0,11,1,0,0,0,60,0,1
3,2,1,12,0,8,0,0,60,0,0
3,2,0,4,0,0,0,0,60,0,0
3,2,0,7,1,9,0,1,120,1,0
3,2,0,7,0,4,0,2,180,0,0
3,2,1,0,2,6,0,1,120,0,1
3,2,1,5,1,4,0,0,60,0,0
3,2,1,3,1,7,0,1,60,1,0
3,2,0,4,1,5,0,2,60,0,0
3,2,1,2,1,10,1,0,120,0,1
3,2,1,8,0,4,0,1,180,1,1
3,2,1,6,0,6,0,2,120,1,1
3,2,0,0,0,4,0,1,60,0,1
3,2,1,5,1,0,0,0,60,0,1
3,2,0,9,1,3,0,0,150,0,0
3,2,1,12,0,2,0,1,60,0,1
3,2,0,0,1,6,0,2,90,1,0
3,2,1,0,1,5,0,0,60,0,1
3,2,1,4,0,7,0,0,60,0,1
3,2,1,10,1,1,1,1,240,1,1
3,2,0,3,0,7,0,0,60,0,1
3,2,1,7,1,2,0,0,120,1,0
3,2,0,11,0,5,0,0,180,0,1
3,2,1,2,0,4,0,0,60,0,0
3,2,0,8,0,4,0,2,120,0,1
3,2,1,5,0,1,1,0,60,0,1
3,2,1,5,0,4,1,0,60,0,0
3,2,0,3,1,4,1,1,120,0,0
3,2,1,0,0,5,0,1,60,1,0
3,2,1,4,0,4,0,2,120,0,0
3,2,1,5,0,7,0,0,60,0,0
3,2,0,1,1,5,0,1,120,1,0
3,2,1,12,0,4,0,0,90,1,0
3,2,1,3,0,6,0,0,60,0,1
3,2,0,12,1,7,0,0,60,0,1
3,2,1,12,1,0,0,0,60,1,1
3,2,1,12,0,6,0,0,120,0,1
3,2,1,5,1,3,0,0,60,0,1
3,2,0,8,1,8,0,0,60,0,1
3,2,0,1,2,2,0,1,60,0,1
3,2,1,4,1,1,0,0,60,0,1
3,2,1,12,0,0,0,1,120,1,1
3,2,1,7,0,1,0,1,60,1,1
3,2,1,5,1,2,1,2,120,0,0
3,2,1,11,0,0,0,1,60,0,0
3,2,0,4,2,10,0,0,60,0,0
3,2,1,7,1,3,1,2,60,0,0
3,2,1,5,1,0,0,1,120,0,0
3,2,1,11,0,2,0,1,120,0,0
3,2,1,6,1,6,0,0,60,1,1
3,2,0,9,0,6,0,1,90,0,1
3,2,1,8,1,7,0,1,120,0,1
3,2,0,7,0,7,1,1,120,0,0
3,2,1,8,0,6,0,0,60,0,1
3,2,1,5,0,7,1,1,120,0,1
3,2,1,4,0,7,0,2,60,0,0
3,2,0,1,0,9,1,1,150,0,1
3,2,0,0,1,2,0,0,60,0,0
3,2,0,3,0,2,1,1,120,1,0
3,2,0,9,1,6,0,1,60,0,0
3,2,0,5,0,1,0,1,120,0,0
3,2,1,12,1,3,0,0,120,0,0
3,2,0,0,0,6,0,0,60,0,0
3,2,1,3,1,1,0,0,60,0,0
3,2,0,6,1,1,0,0,90,0,1
3,2,0,3,1,1,0,3,90,0,0
3,2,1,11,0,2,0,0,120,0,1
3,2,1,8,0,8,1,0,60,0,1
3,2,1,5,1,1,0,0,60,0,1
3,2,1,8,1,7,0,0,60,0,0
3,2,1,0,1,6,1,2,120,1,1
3,2,0,11,1,7,1,1,120,0,0
3,2,0,0,1,2,0,2,60,0,1
3,2,1,4,0,10,1,0,120,0,1
3,2,1,9,0,7,0,1,60,0,0
3,2,1,6,0,5,1,0,90,0,0
3,2,0,9,0,1,0,0,60,0,0
3,2,1,9,1,7,0,0,210,0,1
3,2,0,0,0,9,0,0,60,0,0
3,2,1,4,1,10,1,1,60,1,1
3,2,0,11,0,0,1,0,180,0,1
3,2,0,12,0,0,0,0,270,0,0
3,2,0,2,1,0,0,0,120,1,1
3,2,0,1,0,3,0,2,120,0,0
3,2,1,3,1,1,2,0,60,0,0
3,2,0,7,0,8,0,0,60,0,0
3,2,0,11,0,5,0,1,120,0,1
3,2,0,8,1,8,0,2,90,0,0
3,2,0,5,0,0,0,0,60,0,0
3,2,1,7,0,8,0,0,120,0,0
3,2,0,2,1,1,1,0,210,0,1
3,2,0,12,0,7,0,0,60,0,1
3,2,0,12,0,5,0,0,60,0,0
3,2,0,1,1,5,1,0,60,0,1
3,2,0,10,1,1,0,2,180,0,1
3,2,0,7,1,9,1,1,120,1,0
3,2,1,12,0,3,0,1,60,0,1
3,2,0,10,1,5,1,0,60,0,0
3,2,1,11,1,6,0,0,60,0,1
3,2,1,5,1,6,0,2,240,0,1
3,2,1,8,0,7,1,0,60,0,0
3,2,1,1,0,8,0,1,60,1,0
3,2,0,1,1,9,1,1,60,0,1
3,2,0,5,1,6,0,1,210,0,1
3,2,0,12,0,4,0,0,180,0,1
3,2,1,0,0,4,0,0,60,0,0
3,2,1,5,0,2,0,1,60,0,0
3,2,1,10,0,5,1,1,120,0,1
3,2,1,0,0,6,0,1,120,0,1
3,2,0,8,1,7,0,0,60,0,1
3,2,1,8,0,9,0,0,60,0,0
3,2,0,4,0,0,0,0,60,0,0
3,2,1,4,0,0,0,1,90,0,0
3,2,0,4,1,0,0,0,210,0,1
3,2,0,9,1,8,0,0,120,0,0
3,2,1,8,1,3,1,0,120,1,1
3,2,0,0,0,4,0,0,60,0,0
3,2,1,5,1,9,0,0,90,0,0
3,2,0,3,0,9,1,1,120,0,0
3,2,1,5,0,2,0,1,90,0,0
3,2,1,5,1,2,0,1,120,0,1
3,2,1,4,1,10,0,1,60,0,0
3,2,0,11,1,1,0,1,120,0,1
3,2,1,1,1,3,0,0,60,0,1
3,2,1,8,0,4,0,0,120,0,1
3,2,1,8,0,4,0,0,60,0,1
3,2,0,6,1,1,0,2,150,0,0
3,2,1,8,0,7,0,2,150,0,0
3,2,1,0,1,9,0,1,60,0,0
3,2,0,0,0,3,0,0,90,0,1
3,2,0,3,1,4,0,0,60,0,0
3,2,1,12,1,4,0,1,120,0,1
3,2,1,8,1,4,1,0,60,0,0
3,2,1,10,1,8,1,0,60,0,1
3,2,1,7,1,3,0,0,60,1,0
3,2,1,0,0,8,0,0,150,0,1
3,2,1,1,0,0,0,1,60,0,1
3,2,1,11,0,7,0,0,180,0,0
3,2,1,9,1,3,0,0,60,0,0
3,2,1,8,0,8,0,2,120,0,0
3,2,1,11,1,4,1,0,60,0,0
3,2,1,1,0,5,0,1,180,0,0
3,2,0,3,0,3,0,0,120,1,0
3,2,1,4,2,10,0,0,120,0,1
3,2,1,12,1,0,0,0,60,0,1
3,2,0,1,0,8,0,0,120,0,0
3,2,0,3,1,2,0,0,60,0,0
3,2,0,9,1,3,1,0,60,0,0
3,2,0,8,0,1,1,0,60,0,1
3,2,1,0,1,7,0,1,120,0,0
3,2,0,8,0,2,1,0,60,0,0
3,2,1,11,0,6,0,0,90,0,0
3,2,0,0,1,3,0,0,60,1,0
3,2,1,0,1,9,0,0,60,0,0
3,2,0,4,1,2,0,0,120,0,1
3,2,0,1,0,6,0,0,60,0,1
3,2,1,1,0,7,0,0,60,0,1
3,2,0,7,1,6,0,0,60,0,1
3,2,0,6,1,8,0,0,60,0,0
3,2,1,10,0,7,0,0,60,0,0
3,2,1,6,0,0,0,0,60,1,0
3,2,1,5,0,2,1,0,60,0,0
3,2,1,9,1,7,1,0,60,0,0
3,2,0,8,1,2,0,0,90,0,0
3,2,1,7,0,5,0,1,240,0,0
3,2,1,5,1,1,0,0,60,0,0
3,2,0,10,0,4,0,1,180,0,0
3,2,0,12,0,3,1,1,120,0,0
3,2,1,1,0,6,0,0,60,0,1
3,2,1,5,1,6,1,0,60,0,0
3,2,1,1,1,1,0,0,60,0,0
3,2,1,8,0,9,0,0,120,1,1
3,2,1,12,2,3,0,0,60,0,0
3,2,0,12,1,0,0,1,180,0,0
3,2,0,5,1,2,0,0,60,1,0
3,2,1,0,1,6,0,1,180,0,0
3,2,1,12,1,0,1,0,60,1,1
3,2,0,10,1,6,1,0,60,0,1
3,2,1,0,1,2,0,0,60,0,0
3,2,1,4,0,1,1,0,120,0,1
3,2,0,6,0,2,0,0,60,0,1
3,2,0,2,1,1,0,1,180,0,1
3,2,1,5,1,0,0,0,120,0,0
3,2,0,7,0,9,0,0,60,0,0
3,2,0,0,0,3,0,0,60,0,1
3,2,1,9,0,7,0,0,180,0,0
3,2,1,7,0,9,1,0,60,0,0
3,2,1,9,0,5,0,0,120,0,0
3,2,1,3,1,3,0,1,120,1,0
3,2,1,9,0,3,0,1,120,0,0
3,2,0,6,1,1,0,0,70,0,0
3,2,1,8,0,6,0,0,60,0,0
3,2,0,0,1,1,0,0,120,0,1
3,2,0,12,0,5,0,0,120,0,1
3,2,0,8,1,4,0,0,150,1,1
3,2,0,11,1,9,0,1,180,0,1
3,2,1,9,0,2,0,0,60,0,0
3,2,0,3,1,2,0,0,60,1,0
3,2,1,6,0,5,0,0,90,1,0
3,2,1,8,1,8,1,1,120,1,1
3,2,0,2,0,10,1,1,180,0,0
3,2,1,5,1,0,1,0,240,1,0
3,2,1,7,1,4,0,1,180,0,0
3,2,1,8,1,9,0,0,60,1,0
3,2,0,2,0,0,1,0,60,0,0
3,2,0,5,0,1,0,0,60,0,0
3,2,1,11,0,1,1,0,120,0,1
3,2,1,12,0,7,0,0,60,0,0
3,2,1,11,1,1,0,1,120,0,0
3,2,1,5,0,2,0,1,150,0,1
3,2,0,9,1,3,0,1,180,0,0
3,2,1,1,0,4,0,0,120,0,0
3,2,1,5,1,0,0,1,120,0,1
3,2,0,12,1,2,0,0,60,0,1
3,2,0,0,1,8,0,1,210,0,1
3,2,1,3,1,0,0,0,60,0,1
3,2,0,0,0,4,0,0,60,0,0
3,2,0,10,0,3,0,0,150,0,0
3,2,1,1,0,8,0,0,120,0,1
3,2,1,9,0,3,0,0,120,0,1
3,2,1,1,0,6,0,0,120,0,0
3,2,0,11,0,8,0,0,120,0,1
3,2,1,5,0,3,1,1,120,0,1
3,2,1,10,0,8,0,1,210,1,1
3,2,1,4,0,10,0,1,180,0,1
3,2,1,12,1,5,0,1,120,0,0
3,2,0,1,1,6,1,0,90,1,1
3,2,1,8,1,4,0,0,60,0,0
3,2,1,4,0,6,0,0,120,0,0
3,2,1,7,0,1,0,0,120,1,1
3,2,1,12,1,5,0,0,60,0,1
3,2,1,4,0,3,1,0,60,0,0
3,2,1,7,1,4,1,1,120,0,1
3,2,1,0,1,4,0,1,120,0,1
3,2,1,6,1,3,0,1,180,0,0
3,2,0,9,0,3,0,0,120,1,1
3,2,1,0,0,8,0,0,60,0,0
3,2,0,10,0,5,1,1,120,0,0
3,2,0,12,0,1,0,0,60,0,0
3,2,0,9,0,6,0,0,60,0,1
3,2,0,3,0,6,0,0,120,0,0
3,2,1,0,1,9,0,1,120,0,1
3,2,1,4,0,1,0,0,60,0,0
3,2,0,6,0,0,0,1,120,1,1
3,2,1,12,0,6,0,1,120,0,0
3,2,0,9,1,4,0,0,60,0,0
3,2,1,4,1,2,0,0,90,0,1
3,2,1,1,0,3,0,0,60,0,0
3,2,1,0,1,2,0,0,60,0,0
3,2,1,4,1,10,0,0,120,0,0
3,2,0,7,0,9,0,1,120,0,0
3,2,1,8,0,4,1,0,60,0,0
3,2,1,8,0,7,0,0,60,0,1
3,2,0,10,0,8,0,0,60,0,0
3,2,1,9,0,1,0,0,120,0,0
3,2,0,3,0,2,1,0,60,0,0
3,2,1,6,0,9,0,1,120,0,0
3,2,0,1,1,1,0,1,120,1,1
3,2,1,6,1,9,0,0,70,0,1
3,2,1,5,1,2,0,0,120,0,1
3,2,0,9,0,0,1,0,120,0,1
3,2,1,3,0,6,0,0,60,0,0
3,2,1,7,1,3,0,0,60,0,0
3,2,0,12,0,0,0,1,180,0,1
3,2,0,6,0,9,0,0,60,0,0
3,2,1,8,0,5,1,0,60,0,0
3,2,1,9,1,3,1,0,180,0,1
3,2,0,7,0,7,0,1,120,0,0
3,2,1,10,1,7,1,0,60,0,0
3,2,1,4,1,10,0,0,60,0,0
3,2,0,6,1,5,0,1,120,0,1
3,2,0,7,0,9,0,0,60,0,1
3,2,0,1,1,6,1,0,60,0,1
3,2,1,3,0,3,0,1,210,0,0
3,2,1,0,0,4,0,0,60,0,0
3,2,1,0,0,7,0,0,60,0,0
3,2,1,11,1,3,0,0,60,0,0
3,2,0,3,1,1,0,0,120,0,0
3,2,1,11,0,2,0,0,60,1,0
3,2,1,4,0,8,0,0,60,0,1
3,2,1,9,0,2,0,1,120,1,0
3,2,1,6,1,1,0,0,60,0,0
3,2,0,8,1,4,0,0,120,0,0
3,2,1,10,0,5,0,1,135,0,1
3,2,0,4,2,1,0,1,180,0,1
3,2,1,11,0,8,0,0,120,0,1
3,2,0,6,0,3,0,1,120,1,1
3,2,0,9,0,2,0,0,60,0,0
3,2,1,11,1,1,0,0,60,0,1
3,2,1,0,1,9,0,0,120,0,0
3,2,0,8,0,9,0,1,180,0,0
3,2,0,11,0,3,0,0,60,0,0
3,2,1,1,0,5,0,0,90,0,1
3,2,1,3,0,3,0,0,120,0,0
3,2,1,10,1,5,0,0,60,0,0
3,2,0,8,1,2,0,0,60,0,1
3,2,0,10,1,2,0,0,60,0,0
3,2,0,8,0,1,0,1,120,0,1
3,2,0,4,0,10,0,0,90,0,1
3,2,1,1,1,8,0,0,120,0,0
3,2,0,2,1,3,0,0,90,0,1
3,2,1,4,1,5,0,0,60,0,0
3,2,1,2,0,7,0,0,60,0,0
3,2,0,0,1,7,1,0,60,0,1
3,2,1,8,0,3,1,0,60,0,0
3,2,1,3,1,3,0,1,120,1,1
3,2,1,6,0,8,0,0,120,0,0
3,2,1,4,0,10,0,0,120,0,0
3,2,1,10,1,5,0,0,150,1,1
3,2,1,10,0,4,0,0,120,0,0
3,2,1,9,1,8,1,1,120,0,1
3,2,0,12,1,0,0,0,120,0,0
3,2,0,1,1,0,0,0,60,1,0
3,2,1,0,1,7,0,0,60,0,1
3,2,0,6,1,9,0,0,120,0,1
3,2,1,0,0,6,0,1,180,0,0
3,2,1,7,0,1,0,1,180,0,1
3,2,1,10,0,7,0,0,60,0,0
3,2,1,11,1,0,0,0,60,0,1
3,2,1,8,1,8,0,0,120,0,1
3,2,1,8,1,4,0,1,120,0,1
3,2,0,4,1,10,0,0,90,1,1
3,2,1,10,1,8,0,0,60,0,0
3,2,1,7,0,6,0,1,120,0,0
3,2,1,12,1,0,1,0,60,1,0
3,2,0,1,1,6,0,0,60,0,0
3,2,0,8,1,6,0,0,120,0,1
3,2,1,8,0,6,0,0,60,0,0
3,2,1,7,0,9,0,0,60,0,0
3,2,1,5,0,6,0,0,60,0,1
3,2,1,5,1,0,0,0,90,0,1
3,2,1,1,1,0,0,0,60,0,1
3,2,0,11,1,0,0,0,60,0,0
3,2,1,3,0,5,0,0,90,0,1
3,2,1,0,0,4,0,0,60,0,0
3,2,1,0,0,4,1,0,60,0,0
3,2,1,6,1,8,0,0,60,0,0
3,2,1,7,1,4,1,0,60,0,1
3,2,0,7,0,9,0,0,60,0,0
3,2,1,7,0,6,0,0,60,0,1
3,2,0,0,1,5,0,0,60,0,1
3,2,0,6,1,7,0,0,75,0,0
3,2,0,6,1,1,0,0,90,0,1
3,2,1,10,0,3,0,0,60,0,0
3,2,0,2,0,3,1,0,120,0,1
3,2,1,11,0,5,0,0,60,0,0
3,2,0,0,0,3,0,0,60,0,0
3,2,0,3,1,2,0,0,60,0,1
3,2,1,5,1,0,0,0,90,0,1
3,2,1,11,1,9,0,0,90,0,1
3,2,1,12,1,0,0,0,60,0,0
3,2,0,2,0,10,1,0,60,0,0
3,2,1,6,0,9,0,0,60,0,0
3,2,1,7,0,8,0,0,60,0,0
3,2,0,12,1,9,0,0,120,0,1
3,2,1,11,0,5,0,0,60,0,0
3,2,1,8,0,4,1,0,60,0,0
3,2,1,6,1,4,0,0,60,1,0
3,2,1,10,0,9,0,0,60,0,1
3,2,1,4,1,10,0,0,70,0,0
3,2,0,0,1,4,0,0,60,1,0
3,2,1,8,1,5,1,0,120,1,0
3,2,0,7,1,4,0,0,60,0,1
3,2,1,12,0,0,0,0,90,0,1
3,2,1,10,1,7,0,0,60,0,0
3,2,1,6,0,0,0,0,90,1,0
3,2,1,8,0,7,0,0,60,0,0
3,2,1,5,1,6,0,0,120,0,1
3,2,1,3,0,1,0,0,60,0,1
3,2,1,0,0,3,0,0,60,0,0
3,2,1,3,1,8,0,0,90,0,0
3,2,0,0,1,6,0,0,60,0,1
3,2,1,3,0,5,0,0,60,0,1
3,2,1,4,1,5,0,0,90,0,0
3,2,0,1,0,5,0,0,60,0,1
3,2,1,8,0,8,0,0,70,0,0
3,2,1,4,1,10,0,0,70,0,0
3,2,1,1,1,9,0,0,60,0,1
3,2,0,5,0,3,0,0,60,1,1
3,2,1,3,1,2,1,0,60,0,0
3,2,0,0,0,7,0,0,60,1,1
3,2,0,4,1,0,1,0,60,0,0
3,2,1,0,1,4,0,0,60,0,1
3,2,0,11,0,4,0,0,60,0,0
3,2,1,7,1,5,0,0,90,0,1
3,2,1,5,0,3,0,0,60,0,1
3,2,1,8,0,6,0,0,60,0,0
3,2,0,6,0,1,0,0,60,0,1
3,2,1,0,0,4,1,0,60,0,0
3,2,1,9,1,9,0,0,60,0,0
3,2,1,8,0,1,0,0,60,0,0
3,2,1,1,1,7,0,0,90,0,0
3,2,0,0,1,2,1,0,120,0,1
3,2,1,9,0,3,0,0,60,0,0
3,2,0,0,0,2,0,0,90,1,1
3,2,0,9,0,8,0,0,90,1,0
3,2,1,10,1,3,1,0,60,0,0
3,2,0,8,1,6,0,0,60,1,1
3,2,1,9,0,5,0,0,60,0,0
3,2,0,1,0,4,0,0,60,0,0
3,2,1,1,1,6,1,0,60,0,1
3,2,1,1,0,1,0,0,60,0,0
3,2,0,0,1,5,0,0,60,0,1
3,2,1,7,0,1,0,0,60,1,1
3,2,1,0,1,3,0,0,60,0,0
3,2,0,4,1,10,0,0,60,0,0
3,2,0,4,0,8,0,0,60,0,1
3,2,1,8,1,3,0,0,60,0,1
3,2,0,6,1,8,0,0,75,0,0
3,2,0,12,0,2,0,0,60,1,1
3,2,0,8,0,6,0,0,60,0,1
3,2,1,6,1,6,0,0,60,0,0
3,2,1,5,0,6,0,0,60,0,1
3,2,1,9,1,8,0,0,90,0,0
3,2,1,4,0,3,0,0,60,0,1
3,2,0,8,0,6,0,0,60,0,0
3,2,1,11,1,1,0,0,90,0,1
3,2,0,5,0,1,0,0,60,0,0
3,2,1,0,1,8,2,0,60,0,0
3,2,1,2,0,6,0,0,60,0,0
3,2,0,0,0,3,0,0,60,0,1
3,2,1,8,0,9,1,0,60,0,0
3,2,1,8,1,6,0,0,60,0,0
3,2,0,10,0,7,0,0,60,0,1
3,2,1,6,1,1,1,0,60,0,1
3,2,0,9,0,3,0,0,90,1,1
3,2,1,3,0,4,0,0,60,0,0
3,2,1,11,1,4,0,0,60,0,0
3,2,1,3,0,3,0,0,90,0,0
3,2,1,2,0,8,0,0,60,0,0
3,2,1,3,1,8,0,0,60,0,0
3,2,1,10,1,9,0,0,60,0,0
3,2,1,5,0,2,1,0,60,1,0
3,2,0,7,1,8,0,0,60,0,1
3,2,1,8,1,0,0,0,120,0,1
3,2,0,1,1,5,0,0,60,0,0
3,2,1,5,1,0,0,0,60,0,0
3,2,1,5,1,3,0,0,60,0,0
3,2,0,5,0,5,0,0,120,0,0
3,2,0,6,0,3,0,0,60,0,0
3,2,1,9,0,3,0,0,60,0,1
3,2,1,8,1,7,0,0,60,0,0
3,2,0,8,0,8,0,0,90,0,0
3,2,1,8,0,6,0,0,60,1,0
3,2,1,1,0,5,0,0,60,0,1
3,2,1,1,0,4,0,0,60,1,1
3,2,1,5,0,9,0,0,60,0,1
3,2,0,8,1,2,0,0,60,0,0
3,2,1,1,0,1,0,0,60,0,0
3,2,1,3,0,0,0,0,60,0,1
3,2,1,7,0,2,0,0,60,0,0
3,2,1,9,1,3,0,0,60,0,0
3,2,0,7,0,2,0,0,120,0,1
3,2,1,3,0,0,0,0,60,0,1
3,2,1,8,1,4,1,0,60,0,0
3,2,1,5,1,1,0,0,60,0,1
3,2,1,7,1,7,0,0,60,0,0
3,2,0,0,0,8,1,0,60,0,0
3,2,1,4,0,8,0,0,60,0,0
3,2,0,7,0,4,0,0,60,0,1
3,2,1,9,0,0,0,0,60,0,0
3,2,0,1,1,3,1,0,60,1,1
3,2,0,1,0,2,0,0,60,0,1
3,2,1,3,0,4,1,0,60,1,0
3,2,0,10,0,0,0,0,90,0,0
3,2,0,3,0,2,1,0,90,0,1
3,2,0,4,0,10,1,0,60,0,0
3,2,1,6,0,6,0,0,60,0,1
3,2,0,11,0,6,0,0,60,0,0
3,2,1,1,0,1,0,0,60,0,0
3,2,1,12,0,1,0,0,60,0,1
3,2,1,6,0,8,0,0,120,0,1
3,2,1,10,0,5,0,0,60,0,0
3,2,1,5,1,2,0,0,60,0,0
3,2,1,0,1,3,1,0,60,0,1
3,2,1,3,0,8,0,0,60,0,1
3,2,0,5,0,0,1,0,90,0,0
3,2,1,8,0,9,0,0,90,0,0
3,2,0,4,1,10,0,0,60,0,1
3,2,1,8,1,5,0,0,60,1,1
3,2,1,8,1,3,1,0,120,0,0
3,2,1,12,0,2,0,0,60,0,0
3,2,1,4,1,3,0,0,60,0,1
3,2,1,6,0,3,0,0,60,0,0
3,2,1,11,0,3,0,0,60,0,0
3,2,1,7,1,1,0,0,60,0,1
3,2,0,0,0,0,0,0,60,0,0
3,2,1,3,0,5,1,0,60,0,1
3,2,1,7,1,0,1,0,60,0,0
3,2,1,11,0,0,0,0,60,0,0
3,2,0,5,1,7,0,0,60,0,0
3,2,1,0,0,7,0,0,120,0,0
3,2,0,10,0,1,0,0,60,0,1
3,2,1,3,1,7,0,0,60,0,1
3,2,1,5,1,1,0,0,60,0,0
3,2,1,3,1,1,1,0,60,0,0
3,2,1,0,1,2,0,0,60,0,0
3,2,0,4,0,6,0,0,60,0,1
3,2,1,4,1,10,1,0,60,0,1
3,2,1,12,1,1,0,0,90,0,0
3,2,0,1,0,3,0,0,60,0,0
3,2,1,6,1,9,1,0,60,0,0
3,2,1,5,1,6,0,0,60,0,0
3,2,1,7,1,5,0,0,60,0,1
3,2,0,4,1,2,0,0,120,0,1
3,2,1,2,1,3,1,0,60,0,0
3,2,1,0,1,3,0,0,60,0,0
3,2,0,8,0,9,0,0,60,1,0
3,2,1,11,0,5,0,0,60,0,0
3,2,1,8,0,2,0,0,90,0,1
3,2,1,12,1,4,0,0,60,0,1
3,2,1,12,0,1,0,0,60,0,0
3,2,0,7,1,6,1,0,60,0,0
3,2,0,0,0,0,0,0,60,0,1
3,2,0,6,0,6,0,0,60,0,1
3,2,0,7,1,2,0,0,60,0,1
3,2,1,10,1,7,0,0,60,0,1
3,2,0,5,0,3,0,0,60,0,0
3,2,1,8,0,9,0,0,60,0,0
3,2,0,6,0,0,0,0,120,0,0
3,2,0,6,1,2,0,0,60,1,0
3,2,0,9,0,4,0,0,60,0,0
3,2,0,1,0,8,0,0,60,0,0
3,2,0,3,0,7,0,0,60,0,0
3,2,0,12,0,5,0,0,120,0,1
3,2,1,8,0,9,0,0,60,0,1
3,2,1,10,0,8,0,0,60,0,0
3,2,1,10,1,8,0,0,90,0,0
3,2,1,8,0,9,1,0,60,0,0
3,2,1,4,0,2,0,0,60,0,1
3,2,1,2,0,10,0,0,60,0,0
3,2,0,8,1,6,0,0,60,0,1
3,2,0,5,1,0,0,0,60,0,0
3,2,0,9,0,7,0,0,60,0,0
3,2,1,1,1,0,0,0,60,0,1
3,2,1,5,1,5,1,0,60,0,0
3,2,1,4,0,5,0,0,60,0,0
3,2,0,9,0,5,0,0,60,0,0
3,2,1,10,1,2,0,0,90,0,1
3,2,1,0,1,9,0,0,60,0,0
3,2,1,10,0,2,1,0,60,1,1
3,2,1,6,0,2,0,0,60,0,0
3,2,0,11,0,1,0,0,120,0,0
3,2,1,5,0,1,0,0,60,0,0
3,2,0,6,0,6,0,0,60,0,0
3,2,1,7,1,1,1,0,120,0,0
3,2,0,1,0,7,0,0,60,0,1
3,2,1,11,1,1,0,0,60,0,1
3,2,1,6,0,8,0,0,60,0,0
3,2,0,9,0,5,0,0,60,0,1
3,2,1,9,1,1,1,0,60,1,0
3,2,0,4,0,2,0,0,60,1,1
3,2,1,12,1,1,0,0,60,0,1
3,2,0,0,0,8,0,0,60,0,0
3,2,0,0,0,9,0,0,120,0,1
3,2,0,7,0,4,0,0,60,0,0
3,2,1,9,0,6,0,0,60,0,0
3,2,0,11,0,0,0,0,60,0,0
3,2,1,7,0,8,0,0,60,0,0
3,2,1,7,1,2,0,0,60,0,0
3,2,1,1,0,6,0,0,60,0,0
3,2,1,5,1,0,0,0,60,0,1
3,2,1,7,1,9,0,0,60,1,0
3,2,1,3,0,4,1,0,60,0,0
3,2,0,0,0,8,0,0,60,0,1
3,2,0,8,0,7,0,0,60,1,0
3,2,0,8,0,4,0,0,60,0,0
3,2,1,9,0,6,0,0,60,1,0
3,2,1,8,0,8,0,0,120,0,1
3,2,0,11,0,6,0,0,60,0,0
3,2,1,6,0,2,0,0,90,0,0
3,2,1,5,1,2,1,0,60,0,0
3,2,1,8,0,5,0,0,60,0,0
3,2,0,7,1,5,1,0,60,0,0
3,2,1,8,1,4,0,0,120,1,1
3,2,1,0,0,5,0,0,60,1,1
3,2,0,1,1,6,0,0,60,0,0
3,2,1,11,0,3,0,0,60,0,1
3,2,1,10,0,9,0,0,60,0,0
3,2,1,6,0,0,0,0,60,1,0
3,2,1,6,0,2,0,0,60,0,1
3,2,1,2,0,3,0,0,60,0,0
3,2,0,4,0,10,0,0,90,0,0
3,2,1,3,0,0,0,0,60,0,0
3,2,1,12,1,5,0,0,60,0,1
3,2,1,0,0,8,1,0,60,0,1
3,2,0,5,0,1,0,0,90,1,1
3,2,1,0,0,7,0,0,60,0,0
3,2,1,9,0,7,0,0,60,0,0
3,2,1,10,0,8,1,0,60,0,1
3,2,1,6,1,0,0,0,60,0,1
3,2,1,0,0,2,0,0,200,0,1
3,2,1,4,1,5,0,0,120,0,1
3,2,1,5,0,7,0,0,60,0,0
3,2,1,7,0,7,0,0,90,1,1
3,2,1,0,1,8,0,0,60,1,0
3,2,1,9,1,5,0,0,60,0,0
3,2,1,3,0,0,0,0,60,0,0
3,2,0,5,0,9,0,0,60,1,0
3,2,0,12,0,7,0,0,60,0,0
3,2,1,5,0,6,0,0,60,0,0
3,2,0,5,1,2,0,0,60,0,1
3,2,1,4,0,10,0,0,60,0,0
3,2,1,2,0,5,0,0,90,0,0
3,2,1,8,1,7,0,0,90,0,0
3,2,1,8,0,6,0,0,60,1,1
3,2,0,1,0,6,0,0,90,0,0
3,2,1,12,1,3,0,0,60,0,0
3,2,1,1,0,4,0,0,60,0,1
3,2,0,9,0,5,0,0,60,0,0
3,2,1,4,1,1,0,0,90,0,1
3,2,1,4,1,1,0,0,60,0,1
3,2,0,0,0,6,0,0,90,0,0
3,2,1,6,1,0,0,0,60,0,0
3,2,0,6,1,2,0,0,60,0,0
3,2,1,3,1,6,1,0,60,0,0
3,2,1,8,1,2,0,0,60,0,1
3,2,1,6,0,9,0,0,60,0,0
3,2,1,1,0,8,0,0,120,0,0
3,2,0,7,1,8,0,0,60,0,0
3,2,1,11,0,2,0,0,60,0,1
3,2,1,5,0,8,0,0,60,0,0
3,2,1,5,0,0,0,0,60,0,0
3,2,0,4,0,10,0,0,60,0,0
3,2,1,1,0,9,0,0,60,0,1
3,2,1,0,1,3,0,0,60,0,0
3,2,1,3,1,4,0,0,60,0,1
3,2,1,9,0,7,0,0,60,0,1
3,2,1,8,1,2,0,0,60,0,0
3,2,1,9,0,9,0,0,60,0,1
3,2,0,0,1,3,0,0,60,0,1
3,2,1,12,1,8,0,0,60,0,1
3,2,0,5,0,2,0,0,60,0,1
3,2,1,5,1,5,0,0,60,0,0
3,2,0,3,1,7,1,0,60,0,0
3,2,0,5,0,1,0,0,60,0,0
3,2,1,11,0,7,0,0,60,0,0
3,2,1,11,0,0,0,0,60,0,0
3,2,0,9,1,4,0,0,150,0,1
3,2,1,7,0,5,0,0,60,0,0
3,2,0,0,0,3,0,0,60,1,1
3,2,0,0,1,7,0,0,60,0,0
3,2,0,9,1,2,0,0,60,0,1
3,2,0,6,0,8,1,0,120,0,1
3,2,1,7,0,6,0,0,60,0,0
3,2,0,11,0,4,0,0,90,0,1
3,2,1,5,1,1,0,0,60,0,0
3,2,1,10,0,7,1,0,60,0,0
3,2,0,0,0,9,0,0,60,1,0
3,2,0,12,0,5,0,0,60,0,0
3,2,1,0,0,7,0,0,60,0,0
3,2,0,5,0,0,0,0,60,0,1
3,2,0,4,1,4,0,0,120,0,0
3,2,1,3,0,2,0,0,90,0,1
3,2,1,11,1,1,0,0,60,0,1
3,2,1,0,1,5,0,0,60,0,0
3,2,1,0,1,5,0,0,60,0,1
3,2,1,10,0,3,0,0,60,0,0
3,2,0,0,1,9,0,0,60,0,1
3,2,1,11,1,10,0,0,60,0,0
3,2,0,11,0,9,0,0,60,0,1
3,2,0,5,0,7,0,0,90,0,1
3,2,0,0,1,5,0,0,60,0,0
3,2,0,4,1,2,0,0,60,0,0
3,2,1,7,1,6,0,0,90,0,1
3,2,1,0,1,9,0,0,60,0,0
3,2,0,8,0,8,0,0,60,0,1
3,2,0,3,0,3,0,0,60,0,0
3,2,0,11,0,0,0,0,60,0,0
3,2,1,11,0,4,0,0,60,0,1
3,2,1,9,0,6,1,0,60,0,0
3,2,0,7,0,9,0,0,60,0,0
3,2,1,12,1,5,0,0,60,0,0
3,2,1,3,0,7,0,0,60,0,0
3,2,1,0,1,6,0,0,60,0,0
3,2,0,11,0,1,0,0,60,0,0
3,2,1,9,0,3,1,0,90,0,0
3,2,0,11,0,4,0,0,60,0,1
3,2,1,4,1,8,0,0,60,0,0
3,2,0,10,0,0,0,0,60,0,0
3,2,1,4,1,3,0,0,60,0,0
3,2,1,0,0,9,0,0,60,0,0
3,2,1,2,1,10,1,0,60,0,1
3,2,1,4,0,10,0,0,60,0,0
3,2,1,1,1,1,0,0,60,0,0
3,2,0,2,1,10,0,0,60,0,0
3,2,1,3,0,3,0,0,60,0,1
3,2,0,1,0,8,0,0,60,0,0
3,2,1,12,0,2,0,0,60,0,0
3,2,1,8,0,7,1,0,120,0,0
3,2,1,8,0,9,0,0,60,0,0
3,2,1,11,0,6,0,0,60,0,0
3,2,1,6,0,8,0,0,60,0,0
3,2,1,0,0,2,0,0,60,0,0
3,2,1,11,0,4,1,0,60,0,1
3,2,1,5,0,2,2,1,120,0,1
3,2,1,1,0,8,1,0,60,0,0
3,2,0,10,2,0,1,1,60,0,1
3,2,1,5,0,3,1,0,120,0,0
3,2,1,3,1,7,1,0,90,0,1
3,2,1,5,1,8,2,0,60,0,0
3,2,1,8,0,2,1,0,60,0,0
3,2,1,3,0,9,1,2,150,0,1
3,2,1,7,1,1,1,0,90,0,0
3,2,0,0,0,4,1,0,120,0,1
3,2,0,0,0,7,1,0,60,0,1
3,2,0,4,1,7,1,1,60,0,1
3,2,1,6,1,3,1,0,60,0,1
3,2,1,0,0,5,1,0,60,0,0
3,2,1,11,0,7,1,0,90,0,0
3,2,1,11,1,7,1,0,60,0,0
3,2,0,6,0,5,1,1,240,1,0
3,2,1,4,1,2,1,0,120,0,0
3,2,0,0,1,6,1,0,60,0,1
3,2,1,5,0,2,1,1,60,1,1
3,2,1,0,1,9,1,1,60,0,0
3,2,0,3,0,0,1,2,150,0,1
3,2,1,10,1,1,1,0,60,0,0
3,2,1,0,1,4,1,1,120,0,0
3,2,0,12,0,4,1,0,60,0,0
3,2,0,3,1,2,1,0,210,0,0
3,2,0,11,0,8,1,0,60,0,0
3,2,1,0,0,9,0,0,60,0,0
3,2,1,3,0,9,1,1,60,0,0
3,2,1,1,0,4,1,0,120,1,1
3,2,1,5,1,3,1,1,60,1,1
3,2,0,10,1,5,1,1,120,1,1
3,2,1,5,0,3,0,1,60,0,0
3,2,1,7,1,9,1,1,120,0,1
3,2,1,7,1,3,0,0,130,0,0
3,2,1,5,1,6,1,0,60,0,0
3,2,0,6,1,3,1,0,60,0,0
3,2,1,3,1,3,1,1,90,1,1
3,2,1,5,1,1,1,0,60,1,1
3,2,1,6,0,8,0,0,60,0,0
3,2,1,1,0,5,0,0,60,0,0
3,2,1,9,1,5,1,0,60,0,0
3,2,0,6,0,9,0,0,75,1,0
3,2,1,3,0,7,0,0,60,0,0
3,2,1,11,0,7,1,2,170,0,1
3,2,1,5,1,5,1,0,60,0,0
3,2,0,3,0,7,0,0,60,0,0
3,2,0,8,0,5,1,0,60,0,1
3,2,1,0,0,4,1,0,60,0,0
3,2,0,3,1,2,1,0,60,0,0
3,2,1,8,1,10,1,0,60,0,0
3,2,0,7,0,8,1,1,120,0,0
3,2,0,12,0,7,0,1,150,0,0
3,2,1,0,0,9,1,0,120,0,0
3,2,0,5,1,3,1,1,180,0,1
3,2,0,2,0,0,0,0,60,1,0
3,2,0,9,1,6,1,0,120,1,1
3,2,1,9,1,2,1,0,90,0,1
3,2,1,0,1,6,0,0,60,0,0
3,2,0,11,0,3,0,0,90,0,0
3,2,0,1,1,1,1,1,120,0,0
3,2,1,10,0,2,1,1,180,0,1
3,2,1,4,0,8,0,1,100,0,0
3,2,0,5,1,7,0,0,60,0,0
3,2,0,3,0,2,0,1,120,0,0
3,2,1,5,1,2,1,1,90,0,0
3,2,1,10,0,5,0,0,60,0,1
3,2,0,12,0,7,0,2,90,0,1
3,2,0,0,1,9,0,0,60,0,0
3,2,0,4,0,4,0,0,60,0,0
3,2,1,3,1,0,0,0,60,0,0
3,2,0,11,1,5,0,1,120,1,0
3,2,0,6,1,2,1,2,120,0,0
3,2,0,10,1,2,0,0,120,0,0
3,2,0,9,0,6,0,0,60,0,0
3,2,1,12,0,4,0,2,130,0,1
3,2,1,10,1,1,1,0,60,0,0
3,2,1,10,0,5,0,0,60,0,0
3,2,0,9,1,4,1,1,60,0,1
3,2,0,3,0,2,1,0,60,0,1
3,2,1,1,0,8,1,2,120,0,0
3,2,1,1,0,8,0,0,60,0,0
3,2,1,3,1,7,0,0,60,1,1
3,2,0,9,1,1,1,0,60,0,0
3,2,1,3,1,5,1,0,60,0,0
3,2,1,5,0,0,0,2,60,0,1
3,2,1,5,1,3,0,1,120,0,1
3,2,1,5,1,1,0,1,120,1,1
3,2,0,2,1,7,1,0,90,0,1
3,2,0,5,0,3,1,2,60,1,0
3,2,0,2,1,4,0,0,60,0,1
3,2,0,8,0,10,0,0,60,0,0
3,2,1,6,0,6,0,0,90,0,0
3,2,1,11,1,4,0,0,60,0,1
3,2,1,11,1,2,0,1,150,1,0
3,2,1,12,0,7,0,0,60,0,1
3,2,0,12,0,2,0,0,60,0,1
3,2,0,8,0,3,0,0,90,0,1
3,2,1,7,1,2,0,0,60,1,1
3,2,0,7,1,8,0,0,90,1,1
3,2,0,0,0,5,0,0,120,0,0
3,2,1,2,1,1,0,0,60,0,1
3,2,0,4,1,8,0,0,60,0,0
3,2,0,7,0,6,0,0,60,0,0
3,2,0,8,1,8,0,1,120,1,1
3,2,1,10,1,6,0,2,120,0,0
3,2,0,9,0,7,0,1,70,1,0
3,2,1,1,0,8,0,0,60,0,0
3,2,1,3,0,3,0,0,60,0,1
3,2,0,1,1,3,0,0,60,0,0
3,2,0,12,0,5,0,0,120,0,0
3,2,1,8,0,6,1,1,300,0,1
3,2,0,1,1,5,0,2,120,0,0
3,2,1,0,0,2,0,1,120,0,0
3,2,0,0,1,3,0,2,60,1,0
3,2,1,11,0,8,0,0,60,0,0
3,2,0,1,1,6,0,1,60,1,1
3,2,1,10,1,4,0,1,90,0,0
3,2,1,8,1,8,0,0,70,0,0
3,2,0,2,1,10,1,1,120,0,0
3,2,0,3,1,8,0,3,210,0,0
3,2,0,9,0,5,0,0,60,0,0
3,2,1,5,1,0,0,1,60,0,0
3,3,1,9,1,6,0,1,60,0,1
3,3,1,7,0,5,1,3,60,1,0
3,3,1,0,1,8,1,2,60,0,0
3,3,1,11,1,3,0,1,60,0,1
3,3,1,7,0,6,1,1,60,1,0
3,3,1,11,1,7,0,1,120,1,1
3,3,0,10,0,9,1,0,120,0,1
3,3,1,5,1,4,0,0,60,0,1
3,3,0,4,1,0,0,1,180,1,1
3,3,0,8,0,8,0,0,60,0,0
3,3,0,5,1,4,0,0,120,0,1
3,3,1,6,0,8,0,0,60,1,0
3,3,1,10,1,9,0,2,60,0,0
3,3,0,9,0,4,0,1,110,1,0
3,3,0,0,1,7,1,1,60,0,0
3,3,1,9,1,4,0,1,60,0,1
3,3,1,6,1,7,0,0,60,0,0
3,3,0,1,1,5,0,0,90,1,1
3,3,0,1,1,8,0,0,60,0,0
3,3,1,5,0,4,0,0,120,0,0
3,3,0,1,0,5,1,1,180,0,1
3,3,1,1,1,2,0,0,60,0,0
3,3,0,1,1,6,0,1,150,1,0
3,3,1,8,1,8,0,2,90,0,0
3,3,1,10,0,5,1,0,60,0,0
3,3,1,11,1,3,0,1,60,0,0
3,3,0,0,0,5,0,0,60,0,0
3,3,0,7,1,6,0,0,90,0,0
3,3,1,8,0,3,0,0,60,0,0
3,3,0,7,1,8,0,0,70,0,1
3,3,1,0,1,7,0,1,60,0,0
3,3,0,12,0,0,1,0,60,0,0
3,3,1,6,0,0,0,0,270,0,1
3,3,1,9,0,7,1,1,60,0,0
3,3,0,12,1,4,0,0,60,0,0
3,3,1,2,1,5,1,0,60,0,0
3,3,1,8,0,5,1,1,60,0,1
3,3,1,0,1,3,0,2,60,0,0
3,3,0,6,0,6,0,2,60,1,1
3,3,1,0,1,6,0,1,120,0,1
3,3,0,5,1,7,0,1,60,0,0
3,3,0,5,0,0,0,0,120,0,1
3,3,0,5,0,1,1,1,60,1,1
3,3,1,9,0,2,0,0,60,0,0
3,3,1,12,0,9,0,0,120,0,0
3,3,1,12,0,3,0,0,60,0,0
3,3,1,3,0,8,1,0,60,1,0
3,3,0,0,0,0,0,0,120,0,0
3,3,0,1,0,1,1,0,60,0,0
3,3,0,0,0,8,0,0,90,0,0
3,3,0,8,0,5,0,0,60,0,0
3,3,1,7,0,9,0,0,60,0,1
3,3,1,0,0,6,0,2,90,0,0
3,3,1,7,0,0,0,1,60,0,0
3,3,1,10,1,3,1,0,60,0,0
3,3,0,5,1,3,1,0,120,1,1
3,3,0,8,0,8,0,0,60,0,0
3,3,0,11,0,5,0,0,60,0,0
3,3,1,9,1,6,0,1,60,0,0
3,3,1,6,0,7,0,0,90,0,0
3,3,1,8,0,8,0,1,90,1,0
3,3,0,10,0,0,0,0,120,1,0
3,3,1,7,0,8,0,0,90,0,0
3,3,1,9,1,6,0,0,60,0,1
3,3,1,1,1,8,0,0,60,0,1
3,3,0,11,1,3,0,1,120,0,0
3,3,1,7,1,1,0,0,90,0,0
3,3,0,12,0,2,0,0,90,0,1
3,3,0,8,0,8,0,1,120,0,1
3,3,1,11,0,6,0,1,180,0,1
3,3,1,4,1,10,1,0,60,0,0
3,3,0,11,1,0,0,1,60,1,1
3,3,1,5,1,8,0,0,60,0,0
3,3,0,3,0,4,1,0,90,0,1
3,3,1,12,1,0,0,1,120,0,1
3,3,1,7,1,2,1,0,60,0,0
3,3,0,9,1,9,0,0,120,0,0
3,3,1,5,1,8,0,0,60,0,1
3,3,1,12,1,5,0,0,60,0,0
3,3,0,5,1,2,0,0,120,0,0
3,3,0,3,0,1,0,0,120,1,1
3,3,0,11,0,0,0,3,60,1,0
3,3,0,9,1,1,0,0,60,1,1
3,3,0,6,0,6,0,0,60,1,0
3,3,1,6,1,5,0,0,90,0,0
3,3,1,4,0,1,0,1,120,0,0
3,3,0,12,0,6,1,0,60,0,0
3,3,1,10,0,9,0,1,60,0,0
3,3,1,7,0,6,0,2,120,1,1
3,3,0,3,0,3,0,3,70,0,1
3,3,0,9,1,3,0,1,90,1,0
3,3,1,6,0,1,1,1,60,0,0
3,3,1,1,0,5,0,0,60,0,0
3,3,1,1,0,3,0,0,120,0,0
3,3,1,7,1,3,1,1,90,0,1
3,3,0,8,1,9,1,0,60,0,0
3,3,0,1,1,8,0,0,60,0,0
3,3,0,8,1,9,0,0,60,0,1
3,3,0,7,1,0,0,0,60,0,1
3,3,1,7,1,1,0,4,60,0,0
3,3,0,3,0,7,0,0,60,0,1
3,3,1,0,0,8,0,0,120,0,1
3,3,1,0,0,8,0,0,60,0,0
3,3,0,1,1,5,0,2,120,1,1
3,3,1,10,0,1,0,2,120,0,0
3,3,0,5,1,5,0,0,120,0,1
3,3,0,10,1,2,1,0,180,0,0
3,3,1,0,0,3,0,0,60,0,0
3,3,1,5,0,4,0,1,120,0,0
3,3,1,0,0,9,0,0,60,0,0
3,3,1,11,0,5,0,3,60,1,1
3,3,0,0,1,5,1,0,60,0,0
3,3,0,5,1,0,1,0,120,0,1
3,3,1,11,1,1,0,1,120,1,1
3,3,0,11,0,1,0,0,100,1,1
3,3,1,12,1,0,1,0,120,1,1
3,3,1,12,0,3,1,0,60,0,1
3,3,0,8,0,9,0,0,120,0,0
3,3,1,9,1,0,1,0,120,1,1
3,3,1,3,1,6,0,1,60,0,0
3,3,1,3,0,4,0,0,120,0,0
3,3,1,0,0,3,1,0,120,0,0
3,3,0,5,1,0,1,0,120,0,1
3,3,0,6,0,2,0,1,60,0,0
3,3,0,12,0,1,1,1,60,0,0
3,3,0,3,1,5,0,2,60,0,0
3,3,1,4,0,2,0,1,60,0,1
3,3,1,10,0,3,0,0,60,0,0
3,3,1,0,1,7,0,0,60,0,0
3,3,1,3,0,2,0,4,120,0,1
3,3,0,5,0,4,0,0,60,0,0
3,3,0,12,1,5,0,0,60,0,0
3,3,0,9,1,4,0,0,120,1,0
3,3,0,6,0,5,0,0,60,0,0
3,3,0,5,1,0,0,1,60,0,0
3,3,0,8,0,3,0,1,60,0,0
3,3,1,4,0,4,0,0,60,0,0
3,3,1,0,0,4,0,0,60,1,0
3,3,0,5,1,8,0,0,150,0,1
3,3,0,0,0,8,0,0,60,0,0
3,3,1,4,0,1,0,1,60,0,0
3,3,0,7,0,2,1,0,120,0,1
3,3,0,11,1,0,0,0,120,0,1
3,3,0,6,0,8,0,0,90,0,0
3,3,1,5,2,2,0,0,120,0,1
3,3,1,11,1,6,0,1,60,0,0
3,3,0,3,0,3,0,1,150,0,1
3,3,0,7,0,4,1,0,60,0,1
3,3,1,5,0,0,0,1,60,0,0
3,3,0,4,0,10,0,0,60,0,0
3,3,1,11,1,4,0,0,60,0,1
3,3,1,0,0,7,0,0,60,0,1
3,3,0,9,0,5,0,0,60,0,0
3,3,1,11,0,4,0,0,60,0,0
3,3,1,10,0,2,1,1,60,0,0
3,3,1,12,1,6,0,0,60,0,0
3,3,1,11,1,2,0,0,60,1,0
3,3,1,9,0,3,0,1,120,0,0
3,3,0,3,1,1,0,1,60,0,1
3,3,1,6,0,2,0,0,60,0,1
3,3,0,6,1,5,0,0,60,0,1
3,3,0,11,1,8,0,0,120,0,0
3,3,0,8,1,3,0,0,120,0,1
3,3,0,9,1,5,0,1,90,0,0
3,3,1,9,1,9,0,0,60,1,0
3,3,0,10,1,1,1,2,60,1,0
3,3,1,0,0,3,1,1,60,0,0
3,3,1,9,0,9,1,0,120,0,0
3,3,0,10,1,8,1,1,60,0,0
3,3,1,7,1,5,0,1,60,0,0
3,3,1,9,2,2,0,3,120,0,1
3,3,1,1,1,5,0,0,120,0,0
3,3,1,7,0,4,0,0,120,0,1
3,3,1,11,1,2,0,2,150,0,1
3,3,1,6,0,0,0,0,60,1,0
3,3,1,5,0,0,1,0,60,1,1
3,3,0,1,1,1,0,1,60,0,1
3,3,1,11,0,4,1,0,60,0,1
3,3,0,0,0,8,0,0,60,0,0
3,3,0,7,1,4,0,0,120,0,0
3,3,1,4,0,6,0,1,60,0,0
3,3,1,4,1,1,0,0,60,0,1
3,3,0,4,0,3,0,0,60,0,0
3,3,0,11,1,4,0,0,190,0,1
3,3,0,9,0,5,0,1,120,0,0
3,3,0,6,0,5,0,0,100,0,0
3,3,0,3,0,2,0,1,60,1,1
3,3,1,1,0,2,0,0,90,0,0
3,3,0,1,0,6,0,1,90,1,0
3,3,0,3,0,3,0,0,120,0,0
3,3,0,7,0,3,0,0,60,1,0
3,3,0,0,0,6,0,0,60,0,0
3,3,1,11,1,1,0,1,120,1,1
3,3,1,3,1,1,0,0,120,0,1
3,3,1,7,1,7,0,0,60,0,1
3,3,1,12,0,9,0,0,120,0,0
3,3,0,3,0,2,0,0,90,0,0
3,3,0,9,0,4,0,0,120,0,0
3,3,1,12,0,7,0,2,120,0,1
3,3,0,2,0,5,0,1,60,0,0
3,3,1,9,0,6,0,1,60,0,1
3,3,1,7,1,4,1,0,60,0,1
3,3,1,3,0,8,1,0,60,1,0
3,3,0,3,1,7,1,0,60,0,0
3,3,0,4,0,5,0,1,60,0,0
3,3,0,8,0,8,1,1,60,1,1
3,3,0,3,1,3,0,1,120,0,1
3,3,1,10,0,1,0,2,60,0,0
3,3,0,4,0,8,1,0,60,0,0
3,3,0,12,0,2,0,1,120,0,0
3,3,1,0,1,8,0,1,120,0,1
3,3,0,9,1,9,0,0,60,0,1
3,3,1,12,0,0,0,1,60,0,0
3,3,0,6,0,2,0,0,85,1,0
3,3,0,6,1,1,0,0,70,0,1
3,3,0,8,0,1,0,0,60,0,0
3,3,0,5,0,9,0,0,60,0,0
3,3,0,12,0,8,1,0,60,0,1
3,3,0,7,1,4,0,0,120,1,1
3,3,1,2,0,2,0,0,60,0,0
3,3,1,7,0,9,1,0,60,0,0
3,3,0,9,1,3,0,0,60,1,0
3,3,1,5,1,0,0,0,60,0,1
3,3,1,3,0,3,0,0,90,0,1
3,3,1,5,0,4,0,0,120,0,0
3,3,1,5,1,7,1,0,120,0,0
3,3,0,9,1,6,0,0,60,0,0
3,3,1,3,1,7,1,0,60,0,0
3,3,1,12,0,8,0,1,90,0,0
3,3,1,8,0,4,0,0,60,0,1
3,3,1,0,0,2,0,0,120,0,1
3,3,0,9,0,5,0,0,120,0,0
3,3,0,7,0,3,1,0,60,0,0
3,3,1,6,0,9,0,0,120,0,0
3,3,0,1,0,2,0,0,120,0,0
3,3,0,9,0,8,0,0,90,1,0
3,3,1,9,1,3,0,0,60,0,0
3,3,1,9,1,6,1,0,60,0,0
3,3,0,10,1,0,0,1,60,0,0
3,3,0,8,0,0,0,0,60,0,0
3,3,1,2,1,6,0,0,90,0,0
3,3,1,9,0,4,0,3,60,1,1
3,3,1,3,1,5,0,0,210,0,1
3,3,0,12,0,4,1,0,60,0,0
3,3,1,1,1,6,1,0,60,0,0
3,3,0,1,1,6,0,0,60,0,0
3,3,1,9,0,6,0,0,60,0,0
3,3,1,11,0,7,0,0,60,0,0
3,3,1,9,1,2,0,1,90,1,0
3,3,0,0,1,4,0,0,150,0,0
3,3,0,6,0,6,0,2,60,0,1
3,3,1,11,1,2,0,0,60,0,0
3,3,1,0,1,9,0,0,150,0,0
3,3,0,0,0,4,0,0,150,0,1
3,3,0,12,0,3,0,1,120,0,0
3,3,1,0,0,6,0,0,60,0,1
3,3,1,7,1,1,0,2,60,0,0
3,3,1,11,1,1,0,1,60,0,1
3,3,1,7,1,2,0,0,120,1,0
3,3,1,4,1,10,1,0,60,0,0
3,3,0,11,1,4,0,0,60,0,0
3,3,1,3,0,2,0,0,180,0,1
3,3,1,3,1,6,1,0,60,0,0
3,3,0,7,0,5,0,2,60,0,0
3,3,1,0,1,2,0,0,240,1,1
3,3,1,9,0,6,1,1,120,0,0
3,3,0,6,0,3,0,1,60,0,0
3,3,0,12,1,0,0,0,60,0,0
3,3,0,7,0,4,1,0,60,0,0
3,3,0,6,0,5,1,0,60,0,0
3,3,0,9,1,3,0,0,240,0,1
3,3,0,3,0,6,0,1,180,0,1
3,3,1,11,0,4,0,1,120,0,1
3,3,0,8,0,6,0,0,60,0,0
3,3,1,1,1,5,0,0,120,0,0
3,3,0,8,0,2,0,0,180,0,1
3,3,0,8,0,2,0,1,60,1,1
3,3,1,7,1,5,0,0,60,1,0
3,3,0,5,1,0,0,1,60,0,1
3,3,1,11,0,7,0,0,60,0,0
3,3,1,6,1,2,0,1,60,0,1
3,3,1,9,0,5,0,0,60,0,0
3,3,1,7,1,3,0,2,90,1,1
3,3,1,12,1,1,0,0,120,0,1
3,3,1,7,1,9,0,0,60,0,0
3,3,1,12,1,9,0,0,60,0,0
3,3,0,11,1,6,0,1,60,0,0
3,3,1,2,1,10,1,1,60,0,0
3,3,0,6,0,4,0,0,60,0,1
3,3,1,5,0,0,1,0,120,1,1
3,3,1,3,0,2,0,1,60,0,0
3,3,1,4,1,10,0,0,60,1,0
3,3,1,9,1,7,0,0,60,0,0
3,3,1,7,1,6,1,0,60,0,0
3,3,1,11,1,0,0,0,60,0,1
3,3,0,8,0,5,1,1,60,0,1
3,3,1,6,1,5,0,0,60,0,0
3,3,1,8,1,4,1,0,60,0,0
3,3,0,5,0,2,0,0,120,1,1
3,3,1,5,0,4,1,0,60,0,1
3,3,1,5,1,7,0,1,120,0,1
3,3,0,0,0,6,1,2,60,1,0
3,3,1,11,1,3,0,0,60,0,0
3,3,0,2,0,0,0,1,120,0,1
3,3,0,0,0,3,1,2,60,1,0
3,3,0,6,0,5,0,0,60,0,0
3,3,1,0,1,6,0,1,60,0,0
3,3,0,8,0,8,0,0,60,0,0
3,3,1,8,0,2,1,0,60,0,1
3,3,1,8,0,2,0,0,120,0,1
3,3,1,8,1,6,0,1,60,0,0
3,3,1,11,1,10,0,2,60,0,0
3,3,1,12,0,6,0,0,60,0,1
3,3,0,4,0,5,0,0,60,0,0
3,3,1,5,1,3,0,1,60,0,0
3,3,0,4,1,6,0,0,60,0,0
3,3,0,1,0,2,0,0,120,0,1
3,3,0,0,0,3,0,0,60,0,0
3,3,0,6,0,5,1,0,60,0,0
3,3,0,8,1,3,0,1,90,0,1
3,3,1,1,0,2,0,0,60,0,0
3,3,0,12,1,1,0,0,60,0,0
3,3,0,4,1,1,1,1,60,0,1
3,3,1,4,1,4,0,2,120,0,1
3,3,1,3,1,4,0,1,120,0,0
3,3,1,4,0,7,0,0,60,0,0
3,3,1,2,0,0,0,0,90,0,0
3,3,1,8,0,6,0,0,60,0,1
3,3,0,1,0,1,0,0,75,1,0
3,3,0,8,0,8,0,0,120,0,1
3,3,1,10,0,6,1,0,60,0,1
3,3,1,8,1,7,0,2,60,0,0
3,3,1,12,0,1,0,0,120,0,0
3,3,1,8,0,9,0,0,90,0,1
3,3,1,1,1,1,0,1,60,0,1
3,3,0,9,1,1,0,0,120,0,0
3,3,1,8,1,6,0,0,60,1,0
3,3,1,8,1,5,0,0,60,0,0
3,3,0,10,0,1,0,2,90,0,0
3,3,0,8,1,3,0,2,90,1,1
3,3,0,11,1,1,0,0,120,1,1
3,3,1,11,1,1,0,1,90,0,1
3,3,1,0,1,2,0,1,60,0,1
3,3,0,12,0,4,0,0,150,0,1
3,3,1,8,0,5,0,0,120,0,1
3,3,1,8,1,8,0,0,60,0,0
3,3,1,5,0,7,0,0,60,0,0
3,3,0,7,0,5,0,0,60,1,1
3,3,1,0,1,9,0,1,60,0,0
3,3,1,5,1,5,0,1,60,0,0
3,3,0,11,0,1,1,0,60,0,0
3,3,0,10,1,5,1,0,150,1,1
3,3,1,12,1,2,0,0,60,1,0
3,3,1,12,0,6,1,0,60,0,0
3,3,1,11,1,0,0,0,240,0,1
3,3,0,6,0,6,0,0,120,0,0
3,3,0,1,1,5,1,1,120,0,1
3,3,1,0,1,7,0,0,180,0,1
3,3,1,4,1,10,1,2,60,0,1
3,3,0,12,1,5,0,0,120,0,1
3,3,0,7,0,2,0,0,60,0,0
3,3,1,11,1,6,0,1,60,0,0
3,3,1,4,1,3,0,0,60,0,0
3,3,1,4,0,10,0,1,60,0,1
3,3,1,12,1,0,0,1,60,0,1
3,3,1,2,0,5,0,1,60,0,0
3,3,0,11,1,1,1,0,60,0,1
3,3,0,7,0,4,0,2,60,0,0
3,3,0,3,1,5,0,0,60,0,0
3,3,1,6,1,7,1,1,60,0,0
3,3,0,5,1,4,0,0,120,0,1
3,3,1,10,0,7,0,0,60,0,0
3,3,1,5,1,0,0,0,220,0,1
3,3,0,9,1,5,0,1,120,0,0
3,3,1,1,1,6,1,0,120,0,0
3,3,1,8,0,5,0,0,60,0,0
3,3,0,11,0,7,0,0,150,0,1
3,3,1,11,1,6,0,0,120,1,1
3,3,0,7,0,3,1,0,120,0,1
3,3,1,7,0,1,0,0,60,0,0
3,3,1,12,0,2,1,1,90,0,1
3,3,1,8,0,4,0,1,90,0,1
3,3,1,0,0,7,0,0,90,0,0
3,3,0,0,0,3,0,1,90,0,0
3,3,1,10,1,8,1,1,60,0,0
3,3,0,3,1,5,0,0,60,0,0
3,3,0,5,1,1,0,1,120,1,1
3,3,1,6,0,2,0,1,120,1,0
3,3,1,3,0,5,0,1,60,0,1
3,3,0,9,1,5,0,0,60,0,0
3,3,1,7,0,7,0,0,60,0,0
3,3,0,8,1,6,0,0,60,0,0
3,3,1,8,1,6,0,0,120,0,1
3,3,1,9,0,3,0,0,60,0,0
3,3,1,3,0,4,0,1,120,0,0
3,3,0,5,1,7,0,0,60,0,0
3,3,1,5,0,2,1,1,60,1,1
3,3,0,6,1,6,1,0,210,1,1
3,3,0,7,1,8,0,0,60,1,1
3,3,0,11,0,0,0,0,120,0,1
3,3,1,1,1,7,1,0,60,0,0
3,3,0,11,0,5,0,0,60,0,0
3,3,1,8,1,6,0,0,60,0,1
3,3,0,2,1,2,0,1,60,0,0
3,3,0,10,0,6,0,1,60,0,1
3,3,0,4,1,2,0,1,120,0,1
3,3,0,5,0,5,0,0,60,0,0
3,3,0,8,0,1,0,0,60,0,0
3,3,1,5,1,0,0,1,60,0,1
3,3,1,10,1,6,0,0,60,0,0
3,3,0,3,0,3,0,1,120,0,1
3,3,0,3,1,4,0,0,120,0,1
3,3,0,4,0,3,0,1,60,0,0
3,3,1,9,0,1,0,0,90,1,1
3,3,1,2,0,7,0,1,60,0,0
3,3,0,0,0,4,0,0,90,1,1
3,3,1,6,0,4,0,0,60,0,0
3,3,1,7,1,2,0,0,60,0,0
3,3,0,5,0,4,0,0,120,0,1
3,3,0,5,0,5,0,0,90,0,0
3,3,1,9,0,9,0,0,60,0,0
3,3,0,8,1,6,0,0,90,0,1
3,3,0,3,0,1,1,0,90,0,0
3,3,0,2,0,10,0,0,60,0,0
3,3,0,0,0,3,0,0,60,0,0
3,3,0,10,1,6,1,1,60,0,0
3,3,1,5,0,0,0,1,60,0,1
3,3,0,8,0,6,1,0,60,0,0
3,3,1,4,0,1,1,1,60,0,1
3,3,1,5,0,2,1,1,60,1,0
3,3,1,1,0,4,1,1,60,1,0
3,3,1,11,1,1,0,0,120,0,1
3,3,0,2,1,1,0,2,60,0,1
3,3,0,5,0,7,0,0,150,0,0
3,3,1,4,0,0,0,0,60,0,0
3,3,0,8,0,2,0,0,60,0,1
3,3,0,8,0,9,0,1,60,1,0
3,3,0,3,1,6,0,0,60,0,0
3,3,1,5,0,2,1,1,60,0,0
3,3,1,0,1,1,0,0,60,0,0
3,3,0,5,1,7,0,0,60,0,0
3,3,0,10,0,2,0,0,60,0,0
3,3,0,10,1,6,1,0,120,0,0
3,3,1,0,0,4,0,0,60,0,0
3,3,1,5,1,5,0,0,60,0,1
3,3,1,4,1,3,0,1,60,0,1
3,3,0,12,0,0,0,0,120,0,0
3,3,0,8,0,9,0,0,60,0,0
3,3,0,5,0,3,0,0,120,0,1
3,3,0,5,0,3,0,0,70,1,1
3,3,0,5,1,0,0,0,60,0,0
3,3,1,5,1,5,0,0,90,0,0
3,3,1,1,0,8,0,0,60,0,0
3,3,0,1,0,3,1,1,60,0,0
3,3,0,0,1,6,0,1,60,0,0
3,3,0,0,1,6,1,0,120,0,0
3,3,0,6,0,1,0,1,60,1,0
3,3,1,1,1,2,0,0,120,0,1
3,3,1,8,1,8,0,0,60,0,0
3,3,1,11,0,5,0,1,60,0,0
3,3,0,11,0,1,0,1,90,1,0
3,3,0,3,1,7,0,1,120,0,0
3,3,0,6,0,4,0,0,60,0,0
3,3,1,9,1,8,1,0,60,0,0
3,3,0,11,1,9,0,2,120,0,1
3,3,0,6,0,6,1,0,60,0,0
3,3,0,8,1,0,0,1,60,0,0
3,3,0,0,1,1,1,0,60,0,0
3,3,1,11,0,9,0,0,60,0,0
3,3,1,9,0,7,0,0,60,0,0
3,3,1,0,1,4,0,0,60,0,0
3,3,0,2,1,10,1,0,60,0,0
3,3,0,1,0,4,1,0,60,0,0
3,3,0,3,0,7,0,0,60,0,0
3,3,1,5,0,0,0,1,60,0,0
3,3,1,0,0,5,0,0,60,0,1
3,3,0,7,0,0,0,0,60,0,0
3,3,1,8,1,9,0,0,120,0,0
3,3,1,10,1,5,0,1,120,0,1
3,3,0,11,0,4,0,0,60,0,1
3,3,0,3,1,6,0,0,60,0,1
3,3,1,3,1,2,1,0,120,0,1
3,3,1,5,0,2,0,2,90,0,1
3,3,0,9,0,0,0,1,150,1,1
3,3,1,6,0,2,0,1,90,0,0
3,3,1,9,1,6,0,0,120,0,0
3,3,0,0,0,7,0,0,60,0,0
3,3,1,5,1,5,0,0,150,0,0
3,3,0,7,0,5,1,0,60,0,0
3,3,0,9,0,5,1,0,60,0,0
3,3,0,4,0,2,0,0,60,1,0
3,3,0,10,1,4,0,1,60,0,0
3,3,1,6,0,6,0,0,60,0,0
3,3,1,1,1,2,0,0,60,0,0
3,3,0,10,0,3,0,0,60,0,1
3,3,0,11,0,9,0,0,120,0,0
3,3,0,11,0,8,0,1,60,0,0
3,3,1,10,0,3,0,0,120,1,1
3,3,1,0,0,5,0,0,60,0,0
3,3,0,8,0,8,0,1,90,0,0
3,3,1,4,0,10,0,2,120,0,0
3,3,1,4,0,6,0,0,60,0,0
3,3,0,7,0,8,0,1,90,0,1
3,3,1,10,1,3,0,0,60,0,0
3,3,1,8,1,5,1,0,180,1,1
3,3,1,7,1,4,0,0,120,0,0
3,3,1,11,0,6,1,0,60,0,0
3,3,1,10,1,1,0,0,180,0,1
3,3,1,10,0,0,0,1,120,0,1
3,3,1,7,0,8,1,0,60,0,0
3,3,0,1,1,4,0,0,60,0,0
3,3,0,1,0,1,0,0,120,0,1
3,3,0,8,0,1,0,0,60,0,0
3,3,0,4,1,0,0,0,70,0,0
3,3,0,9,0,4,0,0,60,0,0
3,3,1,9,0,6,0,0,60,0,0
3,3,0,10,0,9,1,0,60,0,1
3,3,1,5,0,1,0,0,60,0,0
3,3,0,1,1,2,0,1,60,0,0
3,3,1,5,0,0,1,0,60,0,0
3,3,0,6,0,0,1,2,60,1,1
3,3,0,8,0,8,0,0,60,0,0
3,3,1,0,0,9,0,0,90,0,0
3,3,0,0,0,7,0,0,180,0,1
3,3,1,6,0,4,0,0,60,0,0
3,3,1,8,1,4,1,0,60,0,0
3,3,1,4,1,2,0,1,60,0,0
3,3,1,4,0,10,0,0,60,0,0
3,3,1,8,0,7,0,1,210,0,0
3,3,0,12,1,5,1,0,60,0,0
3,3,0,0,0,9,1,0,60,0,0
3,3,1,7,1,6,0,0,60,0,0
3,3,0,6,0,4,0,0,60,0,0
3,3,1,11,1,0,0,0,60,0,0
3,3,1,10,1,9,0,0,60,0,0
3,3,1,10,0,8,0,0,60,0,0
3,3,0,8,0,6,0,1,60,0,1
3,3,1,8,1,8,0,0,60,0,0
3,3,1,12,0,7,0,0,60,0,0
3,3,0,8,0,9,0,0,60,0,0
3,3,1,4,0,1,0,0,60,0,1
3,3,0,1,1,2,0,2,120,1,1
3,3,0,6,1,7,0,0,60,0,0
3,3,1,3,1,5,1,0,60,0,0
3,3,1,7,0,7,1,0,60,0,0
3,3,0,6,0,2,0,0,60,0,1
3,3,1,3,1,2,0,0,60,0,0
3,3,1,9,0,5,0,0,270,0,1
3,3,1,1,0,8,0,0,60,0,0
3,3,1,11,0,1,0,1,240,1,1
3,3,1,3,0,2,0,0,60,0,0
3,3,1,0,1,7,1,0,60,1,1
3,3,0,1,0,0,0,1,60,0,0
3,3,0,11,0,9,0,0,60,0,0
3,3,1,11,1,2,0,0,60,0,1
3,3,1,7,1,6,0,0,60,0,0
3,3,0,9,0,8,0,1,60,0,1
3,3,0,6,0,0,1,2,60,1,0
3,3,1,3,0,4,0,0,120,0,1
3,3,1,8,1,8,1,0,60,0,0
3,3,1,3,1,7,0,0,150,0,0
3,3,1,0,0,3,0,0,60,1,1
3,3,1,7,0,8,0,0,120,0,1
3,3,1,1,1,6,1,0,60,0,0
3,3,1,5,1,2,0,1,60,0,0
3,3,0,1,1,7,1,0,60,0,0
3,3,1,4,1,10,0,0,60,0,0
3,3,0,8,0,9,1,0,60,0,0
3,3,1,4,0,10,0,0,120,0,0
3,3,1,5,1,2,0,0,60,0,0
3,3,0,1,0,2,0,0,120,0,1
3,3,0,0,2,6,0,0,60,0,1
3,3,1,9,0,7,0,0,60,0,1
3,3,1,8,1,10,0,0,60,0,0
3,3,1,8,1,7,0,0,60,0,0
3,3,1,9,0,0,0,0,180,0,1
3,3,1,5,1,2,0,0,60,0,0
3,3,1,5,1,2,0,0,60,0,0
3,3,1,4,0,10,0,1,120,0,0
3,3,0,5,1,4,1,1,130,0,0
3,3,1,4,0,3,0,1,90,0,1
3,3,0,6,0,8,0,0,120,0,0
3,3,1,7,0,6,0,0,120,0,1
3,3,1,1,0,5,0,1,90,0,0
3,3,1,0,1,8,0,1,60,0,0
3,3,1,5,0,2,0,0,60,0,0
3,3,1,4,0,2,0,0,120,0,1
3,3,1,4,0,1,0,0,60,0,1
3,3,1,9,1,7,1,0,60,0,0
3,3,1,8,0,7,0,1,60,0,0
3,3,1,7,1,6,0,0,60,0,0
3,3,1,7,1,5,1,0,60,0,0
3,3,1,5,0,2,0,1,60,0,0
3,3,1,11,0,9,0,0,120,0,0
3,3,1,9,0,9,0,0,60,0,0
3,3,0,11,1,1,0,1,120,0,0
3,3,0,1,0,1,0,0,120,1,0
3,3,1,9,0,7,0,0,60,0,0
3,3,0,9,1,3,0,1,60,1,1
3,3,1,5,1,1,0,1,120,0,1
3,3,1,11,0,9,0,0,60,0,0
3,3,1,2,1,10,0,0,60,0,0
3,3,1,7,0,1,0,2,150,0,1
3,3,1,5,1,0,0,0,60,0,0
3,3,1,5,0,5,0,1,120,0,0
3,3,0,8,1,6,0,1,60,0,1
3,3,0,1,1,0,0,0,210,0,1
3,3,1,0,0,8,0,0,90,0,0
3,3,1,8,1,3,0,0,60,0,0
3,3,1,0,0,6,0,0,60,0,0
3,3,0,8,1,9,0,0,60,0,1
3,3,0,8,0,6,0,2,90,0,1
3,3,1,0,0,7,0,0,120,0,1
3,3,0,8,0,4,0,0,60,1,0
3,3,1,1,1,0,0,1,60,0,0
3,3,1,3,0,5,0,1,60,0,0
3,3,1,10,0,0,0,0,120,0,0
3,3,0,2,0,3,1,1,60,0,0
3,3,1,4,1,10,0,0,60,0,1
3,3,1,7,1,8,0,0,60,0,1
3,3,1,11,1,3,1,1,70,0,0
3,3,0,7,1,4,0,1,120,0,1
3,3,0,0,1,1,0,0,60,0,1
3,3,0,8,0,8,1,0,60,0,0
3,3,0,11,0,6,0,0,60,0,1
3,3,1,3,0,1,0,1,60,0,1
3,3,0,5,0,3,0,1,60,1,1
3,3,0,9,0,5,0,0,120,0,1
3,3,1,11,0,1,0,1,120,0,0
3,3,0,11,0,4,0,0,60,0,0
3,3,0,5,0,1,0,0,60,0,1
3,3,0,7,0,1,1,0,60,1,1
3,3,0,8,0,9,0,0,120,1,1
3,3,1,7,0,4,0,0,60,0,0
3,3,0,5,1,2,0,0,120,1,1
3,3,0,8,1,6,1,0,90,0,0
3,3,0,4,0,8,0,1,120,0,1
3,3,0,0,0,2,0,0,60,0,0
3,3,0,6,1,4,0,1,120,0,1
3,3,1,3,0,1,0,0,120,0,0
3,3,0,7,1,8,0,1,90,0,0
3,3,1,8,0,9,0,0,90,0,1
3,3,1,6,0,8,0,1,90,1,0
3,3,1,12,1,2,0,0,60,0,0
3,3,0,9,0,3,0,0,60,0,1
3,3,0,7,0,2,0,1,60,0,0
3,3,1,9,0,0,0,0,150,0,0
3,3,1,11,1,1,0,0,60,0,1
3,3,1,11,0,8,0,0,60,0,1
3,3,0,9,0,3,0,0,60,0,0
3,3,0,3,1,4,0,0,60,0,0
3,3,0,3,0,9,0,0,60,0,0
3,3,0,0,2,4,0,0,120,0,1
3,3,1,0,1,9,1,0,120,0,1
3,3,0,3,0,0,1,0,60,0,0
3,3,0,3,0,3,0,0,60,0,0
3,3,1,12,1,6,0,0,60,0,0
3,3,1,12,1,8,0,0,60,0,0
3,3,1,0,1,7,0,0,120,0,1
3,3,1,5,1,3,1,0,60,0,0
3,3,1,1,0,4,1,1,120,0,1
3,3,1,11,1,7,1,0,60,0,1
3,3,1,8,0,4,0,0,60,0,0
3,3,1,4,1,10,1,0,60,0,0
3,3,1,5,0,3,0,0,60,0,0
3,3,0,0,0,9,0,0,60,0,0
3,3,1,8,1,6,0,0,60,0,0
3,3,1,5,1,0,0,1,60,0,1
3,3,0,1,1,1,0,0,330,1,1
3,3,1,4,0,2,0,1,60,0,1
3,3,0,1,0,4,0,0,300,0,1
3,3,1,8,0,9,0,0,120,0,0
3,3,1,6,1,4,0,0,120,0,1
3,3,0,5,0,0,0,0,120,0,0
3,3,0,12,0,5,1,0,60,0,0
3,3,1,5,1,1,0,0,120,1,0
3,3,0,1,0,7,0,1,60,0,1
3,3,0,9,0,5,0,1,120,0,1
3,3,1,11,1,2,0,0,60,0,0
3,3,0,0,0,8,0,0,60,0,1
3,3,1,3,1,4,0,0,60,0,0
3,3,0,9,0,0,0,0,120,0,0
3,3,1,8,0,8,0,1,60,0,0
3,3,1,11,0,2,0,0,60,0,0
3,3,0,3,0,1,0,0,60,1,0
3,3,0,4,0,10,0,0,60,0,0
3,3,1,6,1,4,0,1,120,0,1
3,3,1,5,1,0,1,0,60,0,1
3,3,0,5,0,2,0,1,120,0,1
3,3,1,11,0,2,0,0,60,1,0
3,3,0,8,0,6,0,0,60,0,0
3,3,1,8,1,8,1,0,60,0,0
3,3,0,11,0,2,0,0,60,0,0
3,3,1,8,0,9,0,0,60,0,1
3,3,1,9,0,6,0,0,60,1,0
3,3,1,0,1,5,0,0,60,0,1
3,3,1,12,0,1,0,0,60,0,0
3,3,1,0,0,7,1,0,60,0,0
3,3,1,8,0,8,0,0,60,0,0
3,3,1,11,0,2,0,1,60,0,0
3,3,0,0,1,3,1,0,60,0,1
3,3,0,7,1,6,1,1,120,1,1
3,3,1,11,1,0,0,0,120,0,1
3,3,1,1,0,9,0,1,60,0,1
3,3,0,9,1,9,0,0,90,0,0
3,3,1,3,1,3,0,0,120,0,0
3,3,1,12,0,2,0,0,150,0,1
3,3,0,4,1,10,0,0,60,0,0
3,3,0,6,0,9,0,1,60,0,0
3,3,0,0,0,3,0,1,120,1,0
3,3,0,6,0,8,1,1,120,0,1
3,3,0,7,0,4,1,0,60,0,0
3,3,1,3,0,4,0,0,60,0,1
3,3,0,5,0,7,0,0,210,0,1
3,3,0,5,0,2,1,0,120,0,1
3,3,1,4,1,2,0,0,60,0,0
3,3,0,11,0,9,0,1,60,0,0
3,3,1,6,1,6,0,0,120,1,0
3,3,1,12,0,0,0,0,60,1,0
3,3,1,11,1,3,0,0,60,0,1
3,3,0,6,0,1,0,0,120,1,0
3,3,1,11,0,4,0,1,90,0,0
3,3,1,10,0,9,0,0,60,0,0
3,3,1,2,0,1,0,0,60,0,0
3,3,0,10,1,2,1,0,120,0,0
3,3,0,9,0,2,1,0,90,0,1
3,3,1,3,0,3,0,1,60,0,0
3,3,1,6,0,7,0,0,60,0,0
3,3,1,1,0,7,0,0,120,1,1
3,3,0,8,0,2,0,0,60,0,0
3,3,0,3,2,2,0,0,120,0,1
3,3,0,4,0,1,1,0,120,0,0
3,3,1,1,0,7,0,0,60,1,0
3,3,1,0,0,4,1,0,60,0,0
3,3,0,12,0,8,0,0,120,0,0
3,3,0,5,0,2,0,0,120,0,1
3,3,1,11,1,2,0,0,90,0,0
3,3,1,1,1,1,0,0,120,0,1
3,3,0,5,0,1,0,0,120,0,0
3,3,1,5,0,5,0,0,60,0,0
3,3,0,1,0,1,0,0,120,0,0
3,3,0,11,0,0,0,0,150,0,1
3,3,1,8,0,7,0,0,70,0,0
3,3,0,0,0,4,0,0,120,1,1
3,3,0,0,0,4,1,0,120,0,0
3,3,1,3,0,1,0,0,60,0,0
3,3,1,9,0,3,0,0,60,0,1
3,3,0,9,1,7,0,0,60,0,0
3,3,1,11,0,9,0,0,120,0,0
3,3,1,11,0,9,0,0,60,0,0
3,3,1,1,0,9,0,0,90,0,0
3,3,1,8,0,9,0,0,120,0,1
3,3,1,7,1,4,0,0,60,0,0
3,3,1,5,0,4,0,0,90,0,0
3,3,1,0,1,2,0,0,120,0,0
3,3,1,11,0,0,0,0,120,1,1
3,3,1,7,1,9,0,0,90,0,1
3,3,0,10,1,7,0,0,60,1,0
3,3,1,8,1,8,0,0,120,0,1
3,3,1,12,0,1,0,0,120,0,1
3,3,0,5,0,8,0,0,60,0,0
3,3,1,5,1,3,0,0,120,0,1
3,3,0,5,1,3,0,0,120,0,0
3,3,0,1,0,0,0,0,60,0,0
3,3,1,9,1,1,0,0,150,1,0
3,3,0,8,1,9,0,0,120,0,0
3,3,1,1,0,9,1,0,60,0,0
3,3,1,8,0,10,0,0,60,0,0
3,3,1,6,0,3,0,0,60,0,0
3,3,1,2,1,7,0,0,60,0,1
3,3,0,0,1,0,0,0,120,0,0
3,3,1,4,1,10,0,0,120,0,1
3,3,0,3,0,2,0,0,90,0,0
3,3,0,0,2,2,0,0,210,1,1
3,3,1,5,1,5,0,0,60,0,0
3,3,1,9,1,0,0,0,60,0,1
3,3,0,7,1,9,0,0,60,1,0
3,3,1,1,0,2,0,0,60,0,1
3,3,0,6,0,3,1,0,60,0,0
3,3,1,3,1,5,0,0,60,0,0
3,3,0,4,1,10,1,0,120,0,1
3,3,1,7,0,3,0,0,60,0,0
3,3,0,8,0,9,1,0,60,0,0
3,3,1,7,0,3,0,0,90,0,0
3,3,1,0,0,1,0,0,120,1,0
3,3,1,1,0,5,0,0,150,0,1
3,3,1,10,1,1,1,0,90,1,1
3,3,0,0,0,2,0,0,120,0,1
3,3,0,12,0,1,0,0,90,0,0
3,3,1,0,0,8,0,0,120,1,0
3,3,0,8,1,7,0,0,120,0,1
3,3,0,6,1,0,0,0,60,0,0
3,3,0,0,0,8,0,0,60,0,0
3,3,0,10,0,4,0,0,120,0,1
3,3,1,9,0,4,1,0,60,0,0
3,3,1,6,0,7,0,0,60,0,0
3,3,0,7,0,3,0,0,180,0,1
3,3,1,3,0,0,0,0,60,0,0
3,3,1,9,0,3,0,0,120,0,0
3,3,1,7,0,5,0,0,120,0,0
3,3,1,9,0,2,0,0,60,0,1
3,3,1,12,1,2,1,0,120,0,0
3,3,0,3,0,6,0,0,120,0,0
3,3,1,3,1,3,0,0,120,0,0
3,3,1,4,1,10,1,0,120,0,1
3,3,0,8,0,5,0,0,60,0,0
3,3,1,7,1,6,0,0,60,0,1
3,3,1,9,0,1,0,0,120,0,1
3,3,1,5,0,0,0,0,240,0,0
3,3,0,9,0,7,0,0,120,1,0
3,3,0,0,1,4,0,0,60,0,1
3,3,1,10,0,5,0,0,60,0,0
3,3,0,6,1,2,0,0,120,0,0
3,3,1,0,1,7,0,0,60,0,0
3,3,1,10,1,0,0,0,60,0,0
3,3,1,8,1,9,0,0,120,0,0
3,3,0,0,0,8,0,0,120,0,1
3,3,1,5,1,0,0,0,240,0,1
3,3,1,9,0,3,0,0,120,0,0
3,3,0,5,0,1,0,0,60,0,0
3,3,0,8,1,4,0,0,330,0,1
3,3,1,7,1,9,1,0,60,0,0
3,3,0,8,0,5,0,0,120,0,1
3,3,1,9,1,7,0,0,110,0,0
3,3,1,11,0,3,0,0,60,0,0
3,3,1,5,0,0,0,0,120,0,1
3,3,1,6,0,1,0,0,120,0,0
3,3,1,1,1,5,0,0,60,0,1
3,3,1,12,1,1,0,0,240,1,1
3,3,1,8,0,4,0,0,120,0,0
3,3,1,6,0,7,0,0,60,0,1
3,3,0,3,0,4,0,0,90,1,1
3,3,1,11,1,1,0,0,180,0,1
3,3,0,8,0,8,0,0,60,0,1
3,3,1,9,0,0,0,0,120,1,1
3,3,1,5,1,2,0,0,180,0,1
3,3,0,10,0,2,1,0,90,0,1
3,3,0,0,0,7,0,0,120,0,0
3,3,1,7,0,3,0,0,150,0,0
3,3,1,11,1,3,0,0,60,0,1
3,3,0,5,0,5,0,0,120,0,0
3,3,1,9,0,1,0,0,120,1,0
3,3,1,0,0,5,0,0,120,0,1
3,3,0,9,0,3,0,0,120,0,1
3,3,1,12,1,8,0,0,90,0,1
3,3,1,2,0,7,0,0,120,0,0
3,3,0,0,0,7,0,0,120,1,0
3,3,1,11,0,4,0,0,90,0,0
3,3,0,7,0,5,0,0,90,0,0
3,3,1,5,1,0,0,0,60,0,0
3,3,0,9,1,8,0,0,60,0,0
3,3,1,9,0,6,0,0,60,0,0
3,3,1,10,0,2,1,0,90,0,0
3,3,0,1,0,9,0,0,60,0,0
3,3,1,9,0,1,0,0,120,0,0
3,3,1,3,1,8,0,0,150,1,1
3,3,0,1,0,4,0,0,60,0,0
3,3,1,6,1,2,1,0,120,1,1
3,3,0,0,2,2,0,0,240,1,0
3,3,1,8,0,9,0,0,60,0,0
3,3,0,4,1,0,0,0,120,0,0
3,3,0,5,0,7,0,0,120,0,0
3,3,1,11,0,6,0,0,120,0,1
3,3,0,6,0,4,0,0,90,1,0
3,3,1,11,0,0,0,0,120,1,0
3,3,1,9,1,4,0,0,210,1,1
3,3,1,8,0,4,0,0,120,0,1
3,3,1,5,1,0,0,0,120,0,1
3,3,1,0,0,9,0,0,60,0,0
3,3,0,9,0,3,0,0,60,0,0
3,3,0,1,0,2,0,0,90,0,0
3,3,0,5,0,1,0,0,120,0,1
3,3,1,1,0,6,0,0,60,0,0
3,3,0,0,1,4,0,0,90,0,0
3,3,0,6,0,1,0,0,60,1,0
3,3,0,8,1,6,0,0,150,0,0
3,3,1,5,1,4,0,0,210,0,1
3,3,1,0,0,4,0,0,90,0,0
3,3,1,5,1,3,0,0,120,0,0
3,3,1,11,0,1,0,0,120,0,0
3,3,1,8,0,8,0,0,60,0,1
3,3,0,6,0,7,0,0,60,0,0
3,3,0,12,1,2,0,0,180,0,1
3,3,1,7,1,8,0,0,240,0,0
3,3,0,6,0,5,0,0,60,0,1
3,3,0,8,0,10,0,0,60,0,0
3,3,1,9,1,8,0,0,120,1,0
3,3,1,3,1,5,1,0,120,0,0
3,3,1,9,0,4,0,0,120,1,0
3,3,1,7,1,8,0,0,60,0,0
3,3,1,6,0,1,1,0,60,1,0
3,3,0,6,1,0,0,0,180,0,1
3,3,1,3,0,2,0,0,120,0,0
3,3,1,11,0,3,0,0,120,0,1
3,3,1,12,0,0,0,0,120,0,0
3,3,0,6,0,8,0,0,60,0,0
3,3,0,6,0,7,0,0,90,0,0
3,3,1,9,0,5,0,0,120,0,0
3,3,1,12,1,2,0,0,60,0,1
3,3,1,12,0,1,1,0,120,0,1
3,3,1,9,0,6,0,0,90,1,0
3,3,1,4,1,10,0,0,120,0,0
3,3,1,1,0,0,0,0,60,0,0
3,3,1,3,0,4,0,0,60,0,0
3,3,1,12,0,0,0,0,210,1,1
3,3,1,12,0,0,0,0,60,1,0
3,3,1,10,0,5,0,0,120,0,1
3,3,0,1,0,9,0,0,90,0,0
3,3,1,12,0,8,0,0,60,0,0
3,3,0,11,0,2,1,0,180,0,1
3,3,0,11,0,7,0,0,120,0,0
3,3,1,7,0,1,0,0,120,0,1
3,3,1,6,1,7,0,0,120,0,0
3,3,1,10,0,7,0,0,60,0,0
3,3,1,7,0,8,0,0,60,0,0
3,3,0,6,0,3,0,0,120,1,1
3,3,1,11,0,3,0,0,70,0,0
3,3,1,8,0,1,0,0,90,0,0
3,3,1,2,1,10,1,0,60,0,0
3,3,1,1,1,1,0,0,90,0,1
3,3,0,9,0,2,0,0,180,0,0
3,3,1,9,1,6,0,0,60,0,0
3,3,1,12,0,5,0,0,60,0,0
3,3,1,6,1,7,0,0,60,1,0
3,3,1,4,0,4,0,0,60,1,0
3,3,1,3,0,9,1,0,90,0,0
3,3,1,9,1,7,1,0,120,1,0
3,3,1,11,0,7,0,0,120,0,1
3,3,1,5,1,2,0,0,60,0,0
3,3,1,9,0,1,0,0,120,0,0
3,3,1,9,1,4,0,0,180,0,1
3,3,0,11,1,6,0,0,120,0,0
3,3,1,8,1,8,0,0,90,0,0
3,3,0,3,0,1,0,0,120,0,0
3,3,1,1,0,1,0,0,60,0,0
3,3,1,11,1,4,0,0,60,0,0
3,3,1,12,0,8,0,0,90,0,0
3,3,1,7,1,1,1,0,120,0,1
3,3,1,10,1,3,1,0,180,0,0
3,3,1,6,0,5,0,0,60,1,1
3,3,0,7,0,6,0,0,120,0,0
3,3,1,9,0,6,0,0,60,0,0
3,3,1,7,1,3,0,0,120,0,1
3,3,1,6,1,1,1,0,60,0,0
3,3,0,1,1,9,0,0,60,0,0
3,3,0,10,1,2,0,0,120,1,1
3,3,1,8,0,8,1,0,60,0,0
3,3,1,6,0,2,1,0,60,0,0
3,3,1,7,0,1,0,0,120,0,1
3,3,1,10,1,5,0,0,120,0,0
3,3,0,6,0,8,0,0,150,1,1
3,3,0,5,0,5,1,0,60,0,0
3,3,0,3,1,7,0,0,60,0,0
3,3,1,11,1,10,0,0,60,0,0
3,3,1,9,1,3,1,0,60,0,0
3,3,1,4,1,0,0,0,60,0,1
3,3,0,8,1,7,0,0,180,1,0
3,3,1,8,0,6,0,0,60,0,0
3,3,0,0,1,5,0,0,120,0,1
3,3,1,4,1,10,0,0,60,0,0
3,3,1,8,1,2,1,0,60,0,0
3,3,1,0,0,5,1,0,90,0,0
3,3,0,9,0,3,0,0,120,0,0
3,3,0,0,0,8,0,0,90,0,0
3,3,1,1,1,5,0,0,60,0,0
3,3,0,1,0,4,0,0,120,1,1
3,3,0,6,0,3,0,0,60,0,0
3,3,0,6,0,1,0,0,120,0,1
3,3,1,1,1,7,0,0,90,0,0
3,3,1,1,1,1,0,0,120,0,1
3,3,0,0,0,7,1,0,120,0,1
3,3,1,1,0,9,0,0,120,0,0
3,3,0,9,1,4,1,0,60,1,0
3,3,1,1,1,3,0,0,90,1,1
3,3,1,9,1,1,1,0,90,0,1
3,3,0,3,1,0,0,0,60,0,1
3,3,1,6,1,8,1,0,60,0,0
3,3,1,4,1,0,0,0,90,0,1
3,3,1,8,1,4,1,0,120,0,0
3,3,1,6,1,6,1,0,60,0,0
3,3,1,11,1,3,1,0,60,0,0
3,3,1,3,1,6,1,0,60,0,0
3,3,0,7,0,0,0,0,90,0,1
3,3,1,6,0,6,0,0,120,0,0
3,3,1,9,1,8,0,0,90,1,0
3,3,1,4,0,0,0,0,120,0,1
3,3,1,3,0,1,0,0,120,0,1
3,3,1,4,2,10,0,0,90,0,1
3,3,1,8,1,4,0,0,70,0,1
3,3,0,3,1,4,0,0,120,0,1
3,3,1,3,0,4,1,0,120,0,0
3,3,1,6,0,7,0,0,60,0,0
3,3,1,5,1,4,0,0,90,0,1
3,3,1,5,0,2,0,0,150,0,0
3,3,1,11,0,6,0,0,120,0,0
3,3,1,6,1,9,0,0,60,0,0
3,3,1,1,1,2,0,0,120,0,1
3,3,1,4,0,10,1,0,60,0,0
3,3,0,10,0,7,0,0,120,0,0
3,3,1,1,0,8,0,0,120,0,1
3,3,0,0,0,5,0,0,120,1,1
3,3,0,8,0,5,0,0,120,0,0
3,3,0,11,1,4,0,0,120,0,1
3,3,1,0,0,7,1,0,60,0,1
3,3,0,8,1,5,0,0,90,0,1
3,3,0,8,1,2,0,0,60,0,1
3,3,0,1,1,6,0,0,60,1,0
3,3,0,8,0,2,0,0,60,0,1
3,3,0,6,1,1,0,0,60,0,0
3,3,1,11,0,0,0,0,120,0,0
3,3,1,5,0,3,0,0,60,0,1
3,3,0,3,0,5,0,0,120,0,0
3,3,0,3,1,8,1,0,120,0,1
3,3,1,6,0,7,0,0,120,0,0
3,3,1,1,0,7,0,0,120,0,1
3,3,1,6,0,1,0,0,120,0,0
3,3,0,0,1,7,0,0,60,0,0
3,3,1,8,0,5,0,0,60,1,0
3,3,1,3,0,7,0,0,60,0,0
3,3,1,1,0,4,0,0,90,0,0
3,3,1,12,0,5,0,0,60,0,1
3,3,1,5,1,4,0,0,60,0,1
3,3,1,9,0,1,0,0,120,0,1
3,3,1,6,0,6,0,0,120,0,1
3,3,1,5,1,0,0,0,120,0,0
3,3,0,1,0,7,0,0,120,0,1
3,3,1,11,1,2,1,0,240,1,1
3,3,1,7,0,6,0,0,60,1,0
3,3,1,12,1,6,0,0,180,0,0
3,3,0,3,0,9,0,0,60,0,1
3,3,1,12,1,5,0,0,60,0,1
3,3,0,4,1,10,0,0,90,1,0
3,3,1,11,0,6,0,0,60,0,0
3,3,1,4,0,3,0,0,60,0,0
3,3,1,2,1,7,0,0,60,0,1
3,3,0,5,0,3,1,0,120,1,1
3,3,0,8,1,4,0,0,60,0,0
3,3,0,3,1,2,0,0,120,0,0
3,3,0,5,1,2,0,0,60,0,1
3,3,1,2,1,6,0,0,120,1,0
3,3,0,8,0,1,0,0,120,0,0
3,3,0,10,1,4,1,0,60,0,0
3,3,0,6,0,3,0,0,60,0,0
3,3,1,6,1,4,0,0,60,1,0
3,3,1,1,1,3,0,0,60,0,0
3,3,1,8,0,9,0,0,120,1,1
3,3,0,10,0,1,0,0,120,0,0
3,3,0,8,0,1,1,0,60,0,1
3,3,1,12,1,0,0,0,60,0,0
3,3,0,11,1,9,0,0,120,0,0
3,3,1,12,0,0,1,0,60,0,0
3,3,1,3,1,0,0,0,150,0,0
3,3,0,7,1,7,0,0,60,0,0
3,3,1,10,1,2,0,0,150,0,0
3,3,1,9,1,9,0,0,60,0,1
3,3,1,8,1,4,0,0,70,0,1
3,3,0,8,0,8,0,0,60,0,0
3,3,1,9,0,3,0,0,60,0,0
3,3,1,7,0,9,0,0,120,0,0
3,3,0,9,0,5,0,0,120,0,0
3,3,1,0,0,6,0,0,60,0,0
3,3,1,6,0,0,1,0,60,0,0
3,3,0,0,1,6,1,0,120,0,0
3,3,0,8,0,2,0,0,240,0,1
3,3,1,6,1,5,0,0,120,0,1
3,3,0,9,1,2,0,0,60,0,1
3,3,0,8,0,1,0,0,180,0,1
3,3,1,11,0,0,0,0,60,1,1
3,3,0,5,0,3,0,0,90,0,0
3,3,0,6,1,3,1,0,60,0,0
3,3,0,8,0,5,0,0,180,0,0
3,3,1,7,0,6,0,0,90,0,0
3,3,0,8,0,3,0,0,60,0,1
3,3,1,12,0,4,0,0,120,0,0
3,3,0,6,1,2,0,0,60,0,1
3,3,1,9,1,9,0,0,60,0,0
3,3,0,5,0,0,0,0,60,0,0
3,3,0,6,0,7,0,0,60,0,0
3,3,1,7,0,0,0,0,60,0,1
3,3,1,8,0,6,0,0,60,0,1
3,3,0,0,0,9,0,0,60,0,0
3,3,0,9,0,6,0,0,120,0,1
3,3,1,9,1,3,0,0,120,0,1
3,3,1,8,1,4,1,0,150,0,0
3,3,1,9,1,9,1,0,120,0,1
3,3,1,10,0,9,0,0,120,0,0
3,3,1,1,1,6,0,0,180,1,1
3,3,0,0,0,7,0,0,120,0,1
3,3,1,5,1,5,0,0,60,0,1
3,3,0,9,0,3,0,0,120,0,1
3,3,0,2,1,1,0,0,60,1,0
3,3,1,0,1,1,0,0,120,0,1
3,3,1,3,0,6,0,0,60,0,0
3,3,1,3,0,6,0,0,90,0,0
3,3,1,0,1,4,0,0,180,0,1
3,3,1,8,0,7,0,0,60,0,0
3,3,1,6,1,4,0,0,60,0,1
3,3,1,11,0,3,0,0,60,0,0
3,3,0,3,1,5,0,0,120,0,0
3,3,1,8,0,5,0,0,60,0,0
3,3,0,8,1,9,0,0,60,0,0
3,3,1,0,0,8,0,0,60,0,0
3,3,0,4,0,10,0,0,60,0,1
3,3,0,4,0,4,0,0,150,0,1
3,3,1,0,0,9,0,0,120,1,0
3,3,1,1,0,1,0,0,80,0,0
3,3,1,10,1,6,0,0,60,0,0
3,3,1,9,0,1,0,0,60,0,1
3,3,1,12,1,2,0,0,60,0,0
3,3,1,0,0,8,0,0,120,0,1
3,3,1,9,1,3,0,0,60,0,0
3,3,1,0,0,3,0,0,120,1,1
3,3,1,7,0,6,0,0,60,0,0
3,3,0,3,0,1,0,0,120,0,0
3,3,1,4,1,5,0,0,60,0,1
3,3,1,1,0,7,0,0,60,0,0
3,3,1,12,1,2,0,0,120,0,1
3,3,1,9,0,6,0,0,120,1,0
3,3,1,1,0,5,0,0,60,0,0
3,3,1,9,1,5,0,0,60,0,1
3,3,1,5,1,7,0,0,180,0,1
3,3,1,9,0,7,0,0,60,0,0
3,3,0,11,0,0,0,0,120,1,0
3,3,1,11,0,5,0,0,60,0,0
3,3,1,5,0,2,0,0,60,0,0
3,3,1,9,0,1,0,0,120,0,0
3,3,0,3,0,0,0,0,120,0,1
3,3,0,7,1,1,0,0,120,0,1
3,3,1,7,1,4,0,0,120,0,0
3,3,0,8,0,4,1,0,90,0,0
3,3,0,7,0,2,0,0,60,0,0
3,3,1,12,0,9,0,0,60,0,0
3,3,1,5,0,2,0,0,60,0,1
3,3,1,6,0,2,0,0,60,0,0
3,3,0,0,1,5,0,0,60,0,0
3,3,1,12,1,1,0,0,210,0,1
3,3,1,12,1,1,0,0,60,0,0
3,3,1,6,1,9,0,0,60,0,0
3,3,0,5,0,0,0,0,120,0,1
3,3,1,0,0,9,0,0,60,0,0
3,3,0,8,0,3,0,0,90,0,0
3,3,0,1,0,9,0,0,60,0,0
3,3,1,0,1,3,0,0,60,0,0
3,3,0,0,1,5,1,0,60,1,0
3,3,1,0,0,9,0,0,120,0,0
3,3,1,1,1,4,0,0,60,0,0
3,3,1,9,0,6,0,0,60,0,0
3,3,1,4,1,10,0,0,90,0,0
3,3,0,5,1,2,0,0,120,0,0
3,3,1,5,0,5,0,0,60,0,1
3,3,1,5,0,3,0,0,90,0,1
3,3,0,0,0,2,0,0,120,0,0
3,3,1,2,1,10,1,0,60,0,0
3,3,0,11,0,0,0,0,120,0,1
3,3,1,3,1,0,0,0,60,0,1
3,3,0,5,1,0,0,0,180,1,1
3,3,0,6,1,7,0,0,60,0,0
3,3,1,7,0,9,0,0,60,0,0
3,3,0,6,0,7,1,0,120,0,0
3,3,1,6,0,9,1,0,90,0,0
3,3,1,7,0,5,0,0,90,1,0
3,3,1,7,1,4,0,0,60,0,1
3,3,1,6,1,6,0,0,60,0,0
3,3,1,5,1,3,0,0,60,0,0
3,3,0,9,0,1,0,0,90,0,0
3,3,1,8,0,7,0,0,60,0,0
3,3,0,0,0,6,0,0,60,0,0
3,3,0,9,0,7,0,0,60,0,0
3,3,1,6,1,7,0,0,120,1,0
3,3,0,8,0,3,0,0,60,0,1
3,3,1,10,0,6,0,0,60,0,0
3,3,1,0,0,5,0,0,120,0,1
3,3,0,7,1,1,0,0,120,0,1
3,3,1,7,1,1,0,0,120,0,1
3,3,1,8,0,3,0,0,60,0,0
3,3,1,11,0,3,1,0,150,0,0
3,3,1,0,0,9,0,0,120,0,1
3,3,0,7,0,2,0,0,120,1,1
3,3,1,12,0,9,0,0,60,0,1
3,3,1,11,0,2,1,0,60,0,0
3,3,1,7,0,3,0,0,60,0,1
3,3,1,0,0,9,0,0,120,0,0
3,3,1,5,1,2,0,0,120,0,0
3,3,1,4,0,3,0,0,90,0,1
3,3,1,6,0,6,0,0,90,0,0
3,3,0,10,0,9,0,0,90,0,0
3,3,0,11,0,0,0,0,60,0,0
3,3,0,9,0,7,1,0,60,0,1
3,3,0,12,0,2,0,0,120,0,0
3,3,1,6,0,2,0,0,60,0,0
3,3,0,6,1,6,0,0,60,0,0
3,3,1,4,1,10,0,0,120,0,0
3,3,0,9,0,5,0,0,210,0,1
3,3,0,8,1,7,0,0,60,0,0
3,3,0,6,0,2,0,0,60,0,1
3,3,1,8,0,8,0,0,120,0,0
3,3,0,1,1,8,0,0,60,0,0
3,3,0,5,0,9,0,0,60,0,1
3,3,1,4,0,5,0,0,60,0,0
3,3,1,7,0,2,0,0,60,0,1
3,3,1,11,1,1,0,0,120,0,0
3,3,1,1,1,1,0,0,60,0,0
3,3,0,5,0,9,0,0,120,1,0
3,3,0,4,1,10,0,0,90,1,0
3,3,1,6,1,3,0,0,120,0,0
3,3,1,4,0,5,0,0,60,0,0
3,3,1,2,0,4,0,0,60,0,0
3,3,1,1,0,7,0,0,60,0,0
3,3,1,4,1,10,0,0,60,0,1
3,3,0,6,0,9,0,0,120,1,0
3,3,1,0,1,3,0,0,60,1,0
3,3,0,6,0,5,0,0,120,0,0
3,3,1,7,1,4,0,0,60,0,1
3,3,1,3,0,2,1,0,120,0,0
3,3,0,5,1,3,0,0,150,0,1
3,3,0,6,1,8,0,0,120,0,1
3,3,0,9,1,3,0,0,60,0,0
3,3,1,11,0,6,0,0,60,0,0
3,3,1,1,0,2,0,0,120,0,0
3,3,0,1,0,7,0,0,120,0,0
3,3,1,5,1,0,0,0,90,0,0
3,3,0,11,1,5,0,0,120,0,1
3,3,1,11,0,2,0,0,120,1,1
3,3,1,12,0,8,0,0,60,0,0
3,3,1,5,0,3,0,0,120,0,1
3,3,1,11,1,9,0,0,120,0,1
3,3,0,1,1,3,1,0,120,0,1
3,3,1,11,0,4,0,0,120,0,0
3,3,0,0,0,6,1,0,60,0,0
3,3,1,0,0,1,1,0,60,0,0
3,3,1,12,1,2,0,0,90,0,0
3,3,0,0,2,7,0,0,60,0,1
3,3,0,9,0,2,0,0,60,0,0
3,3,1,12,1,0,1,0,90,0,1
3,3,0,9,0,9,0,0,60,0,0
3,3,0,0,0,4,0,0,180,0,0
3,3,1,6,1,6,0,0,120,0,1
3,3,1,11,0,7,0,0,120,0,0
3,3,0,9,0,2,0,0,120,0,0
3,3,0,3,0,0,0,0,60,0,0
3,3,1,12,0,0,0,0,120,0,1
3,3,0,7,0,1,0,0,90,0,0
3,3,0,9,0,8,0,0,120,1,1
3,3,1,7,0,4,0,0,60,0,0
3,3,0,5,0,0,0,0,120,1,1
3,3,1,12,0,4,0,0,120,0,0
3,3,0,3,0,5,0,0,120,0,0
3,3,1,8,0,4,0,0,60,0,0
3,3,1,6,1,8,0,0,120,0,0
3,3,0,0,1,5,0,0,120,0,1
3,3,0,6,0,8,1,0,120,0,1
3,3,0,12,1,0,1,0,60,0,0
3,3,1,4,0,4,0,0,120,1,0
3,3,0,5,0,6,0,0,120,0,1
3,3,1,11,1,8,1,0,120,0,1
3,3,0,0,0,4,0,0,60,0,0
3,3,0,1,0,1,0,0,120,0,1
3,3,0,3,0,6,0,0,120,0,1
3,3,1,5,0,0,0,0,120,0,0
3,3,1,6,1,1,1,0,90,0,0
3,3,1,6,1,4,0,0,120,0,1
3,3,0,3,0,5,0,0,120,0,1
3,3,1,6,1,7,0,0,120,0,0
3,3,1,4,1,1,0,0,60,1,1
3,3,0,3,0,3,0,0,120,0,0
3,3,1,6,0,5,0,0,60,0,0
3,3,1,5,0,3,0,0,120,0,1
3,3,0,4,1,5,0,0,120,0,1
3,3,0,0,1,7,1,0,60,0,0
3,3,1,6,1,6,0,0,60,0,0
3,3,0,9,1,7,0,0,90,0,0
3,3,0,3,0,0,0,0,120,0,1
3,3,1,12,0,4,0,0,120,0,1
3,3,0,0,1,4,0,0,120,0,0
3,3,1,1,1,9,0,0,60,0,1
3,3,1,0,1,2,0,0,60,0,0
3,3,1,0,1,7,1,0,60,0,0
3,3,0,0,1,8,0,0,60,0,0
3,3,0,7,0,6,0,0,120,0,0
3,3,1,7,0,5,1,0,60,0,0
3,3,0,0,0,8,0,0,120,1,0
3,3,1,5,0,1,0,0,60,0,1
3,3,0,8,1,8,0,0,60,1,1
3,3,1,5,1,4,1,0,120,1,1
3,3,1,6,0,9,0,0,120,0,0
3,3,1,11,1,1,0,0,60,0,1
3,3,1,3,0,3,0,0,60,0,0
3,3,1,0,0,2,0,0,120,0,0
3,3,1,1,1,1,0,0,120,0,1
3,3,0,3,0,6,0,0,120,0,0
3,3,1,12,1,0,0,0,120,0,1
3,3,1,4,1,10,0,0,120,1,0
3,3,1,4,0,10,0,0,60,0,0
3,3,1,7,0,3,0,0,60,1,1
3,3,1,8,1,8,0,0,90,0,0
3,3,1,6,1,6,0,0,120,0,1
3,3,1,4,1,10,0,0,60,0,0
3,3,0,5,1,4,0,0,60,0,1
3,3,1,8,0,9,0,0,60,0,0
3,3,1,10,0,6,0,0,60,0,1
3,3,1,3,0,2,0,0,180,0,1
3,3,1,10,0,3,0,0,60,0,1
3,3,0,9,0,3,0,0,60,0,0
3,3,1,0,0,6,0,0,60,1,0
3,3,0,1,0,8,0,0,60,0,0
3,3,1,3,0,5,0,0,120,0,0
3,3,1,8,1,4,0,0,180,1,1
3,3,1,9,0,3,0,0,120,0,1
3,3,1,3,1,1,0,0,120,0,1
3,3,1,4,1,10,1,0,120,0,0
3,3,1,1,0,3,1,0,120,0,0
3,3,0,0,0,6,0,0,60,0,0
3,3,1,3,0,2,0,0,120,0,0
3,3,1,9,0,1,0,0,120,0,0
3,3,1,8,0,9,0,0,180,0,0
3,3,0,4,1,10,0,0,180,0,1
3,3,0,1,0,2,0,0,60,0,0
3,3,1,3,1,8,1,0,120,0,1
3,3,1,5,0,7,0,0,120,0,1
3,3,0,11,0,1,0,0,150,1,1
3,3,1,2,1,10,0,0,60,0,0
3,3,0,4,1,10,0,0,150,0,0
3,3,1,1,0,8,0,0,60,0,0
3,3,1,11,1,0,0,0,120,0,1
3,3,1,2,0,10,0,0,90,0,0
3,3,1,10,0,8,0,0,120,0,0
3,3,1,0,1,8,0,0,60,0,0
3,3,1,12,0,0,0,0,120,0,1
3,3,0,4,1,10,0,0,60,0,0
3,3,0,3,0,1,0,0,60,0,0
3,3,1,4,0,4,0,0,120,1,1
3,3,1,9,1,6,0,0,60,0,1
3,3,0,5,0,5,0,0,120,0,1
3,3,1,8,1,9,0,0,120,1,0
3,3,1,9,1,2,0,0,60,0,0
3,3,1,8,0,4,0,0,120,0,0
3,3,1,8,0,4,1,0,60,0,0
3,3,0,3,0,2,0,0,120,0,1
3,3,1,10,0,6,0,0,90,0,0
3,3,1,7,1,2,0,0,120,0,1
3,3,1,5,1,3,0,0,60,0,0
3,3,0,8,0,9,0,0,60,0,0
3,3,1,4,0,10,1,0,60,0,0
3,3,1,6,0,7,0,0,60,0,0
3,3,1,4,1,6,0,0,120,0,1
3,3,0,12,0,1,0,0,150,1,0
3,3,1,0,0,1,0,0,60,0,1
3,3,1,2,0,1,0,0,90,0,0
3,3,0,6,0,6,0,0,60,0,0
3,3,1,5,0,0,0,0,120,0,0
3,3,1,6,1,8,0,0,60,0,0
3,3,0,10,2,0,1,2,60,0,1
3,3,1,5,1,3,1,0,60,1,0
3,3,1,8,1,7,2,0,60,0,0
3,3,0,1,1,9,1,0,60,0,1
3,3,1,7,0,6,1,0,60,0,1
3,3,1,5,1,8,2,0,60,0,0
3,3,1,10,1,1,1,0,60,1,1
3,3,0,9,0,7,1,0,60,1,1
3,3,1,4,1,1,1,0,180,0,1
3,3,1,0,0,2,1,0,60,0,0
3,3,0,9,0,7,1,0,60,1,0
3,3,1,8,0,5,1,0,60,0,0
3,3,0,0,0,7,1,1,60,0,0
3,3,1,8,0,2,1,0,60,0,1
3,3,1,0,0,5,1,1,60,0,0
3,3,1,5,1,8,2,1,60,0,1
3,3,1,6,1,4,1,0,180,0,0
3,3,1,9,0,3,1,0,60,0,0
3,3,0,0,1,6,1,1,120,0,0
3,3,0,0,1,4,1,1,60,0,0
3,3,1,1,1,9,1,0,60,0,1
3,3,1,5,0,2,1,2,60,1,0
3,3,0,11,0,7,1,0,60,0,1
3,3,1,11,0,6,2,0,120,0,1
3,3,1,6,1,8,1,0,60,0,0
3,3,1,6,2,3,1,0,120,0,0
3,3,0,8,0,8,1,0,60,1,1
3,3,0,1,0,6,1,0,60,0,0
3,3,0,0,1,8,1,0,60,0,0
3,3,0,3,0,2,0,0,60,0,0
3,3,1,9,0,4,0,3,60,0,0
3,3,1,8,0,5,1,1,60,0,1
3,3,0,1,1,8,0,0,120,0,0
3,3,0,3,1,4,1,0,60,0,0
3,3,1,0,1,7,1,0,150,0,1
3,3,0,1,0,3,1,1,60,1,0
3,3,0,8,1,1,1,0,90,0,1
3,3,0,1,0,9,1,0,60,0,1
3,3,0,9,0,2,1,0,90,0,0
3,3,1,3,0,9,1,3,60,0,0
3,3,1,8,1,8,1,0,120,1,0
3,3,1,6,0,4,1,2,210,0,1
3,3,0,0,0,4,1,1,60,0,0
3,3,1,11,1,6,0,0,60,0,0
3,3,1,3,0,4,0,0,60,0,0
3,3,0,5,1,0,1,0,120,0,1
3,3,1,11,0,1,1,0,60,0,0
3,3,1,8,0,9,1,0,60,0,0
3,3,1,8,0,6,1,0,60,0,0
3,3,0,11,0,5,1,1,70,0,0
3,3,0,0,1,4,1,0,60,0,1
3,3,0,12,0,7,1,0,60,0,1
3,3,1,12,2,3,0,1,90,0,0
3,3,0,6,0,2,0,0,60,0,0
3,3,1,3,1,2,0,0,180,1,0
3,3,1,11,0,10,1,0,160,0,0
3,3,1,0,1,3,0,2,60,0,0
3,3,1,5,0,6,1,0,120,0,0
3,3,1,6,0,3,1,0,60,0,0
3,3,0,7,0,4,1,1,90,0,1
3,3,1,9,0,9,1,0,60,0,0
3,3,1,12,1,2,1,0,60,0,0
3,3,1,9,0,3,0,0,120,0,0
3,3,1,4,1,0,0,1,120,0,0
3,3,1,11,0,3,1,0,60,0,0
3,3,1,7,0,0,0,0,60,0,0
3,3,0,4,0,8,1,0,60,0,0
3,3,1,1,0,9,0,1,60,0,0
3,3,0,7,1,4,0,0,60,0,1
3,3,1,5,1,5,1,0,60,0,1
3,3,0,9,0,4,0,0,135,1,1
3,3,1,0,0,8,0,5,60,0,0
3,3,0,8,0,4,0,1,60,1,1
3,3,1,5,1,7,1,0,60,0,1
3,3,0,0,0,7,1,0,145,0,0
3,3,1,8,1,5,0,0,60,1,1
3,3,0,11,1,2,0,0,60,0,0
3,3,0,1,0,4,0,0,60,0,0
3,3,0,8,0,8,0,0,60,0,0
3,3,0,8,0,9,1,0,60,0,0
3,3,0,6,0,1,0,1,60,1,0
3,3,1,8,0,5,0,0,60,0,0
3,3,1,8,1,8,0,0,120,0,1
3,3,1,1,1,1,0,0,60,0,0
3,3,0,1,0,2,1,1,60,1,1
3,3,0,6,0,9,0,0,120,0,1
3,3,1,2,1,9,1,1,60,0,0
3,3,0,9,0,2,1,0,60,0,1
3,3,1,10,0,7,1,0,90,0,0
3,3,0,9,0,3,0,0,60,0,0
3,3,1,3,1,1,0,0,60,0,0
3,3,0,0,1,9,0,0,120,0,1
3,3,0,6,0,3,0,0,120,0,1
3,3,1,8,0,4,0,0,60,0,0
3,3,1,10,0,3,1,1,60,0,1
3,3,1,3,1,7,0,1,60,1,0
3,3,1,11,1,3,0,0,60,0,1
3,3,0,5,1,0,1,2,60,0,1
3,3,1,8,1,9,0,0,120,0,1
3,3,1,7,1,6,1,1,60,0,0
3,3,1,5,0,6,1,0,60,0,0
3,3,1,9,1,5,0,1,60,1,0
3,3,1,11,0,3,0,0,120,0,1
3,3,1,5,1,1,0,2,60,1,0
3,3,1,6,1,5,0,2,60,0,0
3,3,1,5,1,4,1,0,60,0,0
3,3,1,9,0,8,1,0,150,0,1
3,3,0,2,1,4,0,1,120,0,0
3,3,0,6,0,3,0,0,240,0,1
3,3,1,8,1,7,0,0,150,0,1
3,3,1,12,1,3,1,0,60,0,0
3,3,1,5,0,1,1,0,60,1,0
3,3,0,12,1,4,1,0,60,0,0
3,3,1,10,0,4,0,1,60,0,0
3,3,0,10,0,5,0,0,90,0,0
3,3,1,3,1,3,1,0,120,0,0
3,3,1,3,1,0,0,0,180,0,1
3,3,0,7,1,8,0,1,60,1,0
3,3,1,9,0,3,1,0,120,0,1
3,3,0,11,0,5,1,0,120,0,1
3,3,0,8,1,10,1,1,60,0,1
3,3,0,8,1,8,0,2,150,1,0
3,3,1,6,0,8,0,2,60,0,1
3,3,1,9,0,0,0,0,120,1,0
3,3,0,2,0,5,0,0,90,0,0
3,3,1,6,0,5,1,2,60,0,0
3,3,1,1,0,4,0,0,120,0,1
3,3,1,5,2,3,0,0,60,0,0
3,3,1,0,1,0,0,0,120,0,0
3,3,1,6,0,3,1,0,120,1,1
3,3,1,0,1,6,0,0,120,0,0
3,3,0,0,1,6,1,0,90,0,0
3,3,0,9,0,3,0,1,120,0,0
3,3,1,0,1,7,0,0,60,1,1
3,3,0,3,0,5,0,0,120,0,1
4,1,1,10,1,0,1,0,30,0,0
4,1,1,5,0,6,0,0,60,0,1
4,1,1,10,1,0,1,0,30,0,0
4,1,1,11,0,4,1,0,90,0,1
4,1,1,0,0,3,0,0,30,0,0
4,1,1,7,1,8,1,0,60,0,0
4,1,1,8,0,9,0,0,60,0,0
4,1,1,10,1,7,0,0,120,0,0
4,1,1,5,0,7,0,0,30,0,0
4,1,0,3,0,1,0,0,150,0,1
4,1,1,12,1,7,1,0,105,0,1
4,1,1,3,1,5,1,0,60,0,1
4,1,1,9,1,6,0,0,30,0,0
4,1,1,0,1,9,0,0,120,1,0
4,1,0,8,0,4,0,0,130,0,0
4,1,1,0,1,3,0,0,60,1,1
4,1,1,11,1,2,0,0,90,0,1
4,1,0,4,0,1,0,0,145,0,0
4,1,1,10,1,9,0,0,60,0,0
4,1,1,11,0,9,1,0,50,0,0
4,1,1,11,1,8,0,0,60,0,0
4,1,1,11,1,1,0,0,150,0,1
4,1,1,0,0,5,0,0,60,0,0
4,1,1,5,1,3,1,0,110,0,0
4,1,1,12,1,8,0,0,60,0,1
4,1,0,3,0,1,0,0,90,0,0
4,1,1,5,2,2,0,0,60,0,0
4,1,0,8,1,3,0,0,180,1,0
4,1,1,12,0,0,0,0,90,0,0
4,1,0,11,0,1,0,0,270,1,1
4,1,1,1,1,1,0,0,30,0,0
4,1,1,10,1,2,0,0,30,0,0
4,1,0,0,0,1,0,0,60,0,0
4,1,0,11,0,2,0,0,30,1,0
4,1,1,6,1,9,0,0,30,0,0
4,1,1,3,1,1,1,0,60,0,0
4,1,1,0,0,5,0,0,60,0,0
4,1,1,3,1,6,0,0,60,0,0
4,1,1,11,0,6,0,0,30,0,1
4,1,0,9,1,4,0,0,60,0,0
4,1,1,9,0,2,0,0,60,0,0
4,1,1,6,0,2,0,0,60,0,0
4,1,1,0,0,5,0,0,30,0,0
4,1,1,1,0,2,0,0,60,0,0
4,1,1,5,1,2,0,0,30,0,0
4,1,1,8,0,9,0,0,60,0,0
4,1,1,11,1,6,0,0,120,0,0
4,1,1,4,0,10,0,0,30,0,1
4,1,1,6,0,2,0,0,60,0,1
4,1,1,11,1,8,1,0,120,0,0
4,1,0,0,0,3,0,0,90,0,0
4,1,1,5,1,6,1,0,60,0,1
4,1,1,9,1,2,1,0,60,0,0
4,1,1,6,1,4,1,0,255,0,1
4,1,1,8,0,2,0,0,150,0,0
4,1,1,4,1,3,0,0,210,1,0
4,1,1,6,1,1,0,0,90,0,0
4,1,1,8,1,9,0,0,30,1,1
4,1,0,5,0,7,0,0,120,0,1
4,1,1,1,1,2,0,0,30,0,0
4,1,0,9,0,4,0,0,60,0,1
4,1,1,3,1,1,0,0,60,0,0
4,1,1,9,1,9,0,0,60,0,0
4,1,1,11,0,0,0,0,90,0,0
4,1,1,5,1,5,0,0,30,0,0
4,1,1,0,1,7,0,0,60,0,0
4,1,1,6,0,8,0,0,90,0,0
4,1,1,6,0,8,1,0,30,0,0
4,1,0,1,0,5,0,0,30,0,0
4,1,0,8,0,10,0,0,60,0,0
4,1,1,7,0,2,0,0,70,0,0
4,1,1,1,0,9,0,0,40,0,0
4,1,1,4,1,10,1,0,60,0,0
4,1,0,11,1,3,0,0,60,0,1
4,1,1,5,0,3,0,0,60,0,1
4,1,1,0,1,4,0,0,60,0,1
4,1,1,8,1,8,0,0,60,0,0
4,1,1,11,0,0,0,0,30,0,0
4,1,1,11,0,1,0,0,30,0,0
4,1,1,5,0,3,1,0,60,0,1
4,1,0,5,0,1,0,0,40,0,0
4,1,1,1,0,4,1,0,160,0,0
4,1,1,1,0,7,0,0,120,0,1
4,1,1,8,0,9,0,0,60,0,0
4,1,1,0,1,1,0,0,60,0,0
4,1,1,1,1,0,1,0,60,0,0
4,1,1,5,0,9,0,0,90,0,0
4,1,0,3,0,4,0,0,120,0,0
4,1,1,6,0,1,1,0,120,0,0
4,1,1,1,1,2,0,0,30,0,0
4,1,1,3,1,8,0,0,60,0,0
4,1,1,11,1,2,0,0,60,0,1
4,1,1,11,1,5,0,0,120,0,1
4,1,1,0,1,4,1,0,60,0,0
4,1,0,9,0,1,0,0,30,1,1
4,1,1,11,1,3,0,0,60,0,0
4,1,1,6,0,5,1,0,30,0,0
4,1,1,6,1,7,1,0,30,0,1
4,1,1,11,1,0,0,0,90,0,0
4,1,0,7,0,3,1,0,30,1,0
4,1,1,6,0,1,0,0,30,0,0
4,1,1,11,1,2,0,0,60,0,0
4,1,1,0,1,7,0,0,30,0,0
4,1,1,5,0,0,0,0,60,0,0
4,1,1,3,0,1,0,0,30,0,0
4,1,1,11,1,7,0,0,60,0,1
4,1,1,6,0,8,1,0,60,0,0
4,1,1,4,0,7,1,0,60,0,0
4,1,1,10,0,3,0,0,120,0,0
4,1,0,2,0,0,0,0,90,0,0
4,1,1,7,0,4,0,0,30,0,1
4,1,1,9,1,7,1,0,30,0,0
4,1,1,0,0,9,0,0,45,0,0
4,1,1,3,0,2,0,0,60,0,0
4,1,1,8,1,1,0,0,90,0,0
4,1,1,7,0,4,1,0,30,0,0
4,1,1,8,0,4,0,0,60,0,0
4,1,1,3,1,2,0,0,90,0,0
4,1,0,8,1,5,0,0,30,1,1
4,1,1,10,1,1,0,0,30,1,0
4,1,0,0,0,2,1,0,60,0,0
4,1,1,11,1,2,0,0,95,0,1
4,1,0,4,1,4,0,0,60,0,0
4,1,1,8,1,3,1,0,60,1,0
4,1,1,0,0,4,0,0,60,0,0
4,1,0,0,0,5,0,0,60,0,0
4,1,1,0,0,8,0,0,90,0,1
4,1,1,0,0,4,0,0,60,0,0
4,1,1,0,1,3,0,0,60,0,0
4,1,1,8,1,5,0,0,120,0,1
4,1,1,0,1,7,0,0,30,1,0
4,1,1,4,0,2,0,0,180,0,0
4,1,1,6,0,0,0,0,60,0,0
4,1,1,4,1,10,0,0,90,0,0
4,1,1,8,1,1,0,0,60,0,0
4,1,1,0,0,5,0,0,60,0,0
4,1,1,9,0,3,1,0,60,0,0
4,1,1,11,0,0,0,0,60,0,0
4,1,1,5,0,6,0,0,40,0,0
4,1,1,3,0,8,0,0,90,0,0
4,1,1,9,0,3,0,0,60,1,0
4,1,1,6,2,3,1,0,45,0,0
4,1,1,7,1,8,0,0,60,0,0
4,1,1,1,0,0,0,0,60,0,0
4,1,1,1,1,6,1,0,60,0,0
4,1,1,3,1,3,1,0,60,0,1
4,1,1,3,0,0,0,0,60,0,0
4,1,1,10,0,2,1,0,30,0,0
4,1,1,2,0,8,0,0,30,0,1
4,1,1,6,0,9,0,0,60,1,0
4,1,1,9,1,6,1,0,60,0,0
4,1,1,10,1,4,0,0,120,0,0
4,1,1,6,0,1,0,0,30,1,1
4,1,1,9,2,3,0,0,120,0,1
4,1,1,9,0,6,0,0,30,0,0
4,1,1,2,0,3,0,0,60,0,1
4,1,1,2,1,7,0,0,60,0,0
4,1,1,7,0,9,1,0,60,0,0
4,1,1,4,1,2,1,0,30,0,0
4,1,1,10,0,7,0,0,30,0,0
4,1,0,7,1,2,0,0,120,0,1
4,1,1,3,0,6,1,0,90,0,1
4,1,1,12,1,8,0,0,90,0,0
4,1,1,4,0,3,0,0,90,0,0
4,1,1,6,0,9,1,0,50,0,0
4,1,1,10,0,3,0,0,60,0,0
4,1,1,2,1,1,0,0,60,0,0
4,1,1,8,1,5,0,0,30,0,0
4,1,1,10,1,0,0,0,60,0,0
4,1,1,5,1,8,0,0,60,0,0
4,1,1,8,0,7,0,0,60,0,0
4,1,1,9,1,3,1,0,30,0,0
4,1,1,1,0,1,0,0,45,0,0
4,1,0,6,0,2,0,0,60,1,0
4,1,1,7,0,7,0,0,60,0,0
4,1,1,11,0,2,0,0,30,0,0
4,1,1,8,0,8,0,0,30,0,0
4,1,0,5,0,8,0,0,120,0,0
4,1,1,0,1,9,1,0,30,0,0
4,1,1,10,2,1,0,0,30,0,0
4,1,0,6,0,6,0,0,60,0,0
4,1,1,1,0,2,0,0,60,0,0
4,1,1,9,0,4,0,0,60,1,0
4,1,1,6,1,5,0,0,60,0,0
4,1,1,1,0,3,0,0,30,0,0
4,1,1,1,0,7,0,0,60,0,0
4,1,1,0,1,5,0,0,85,0,0
4,1,1,5,0,8,0,0,120,0,1
4,1,1,12,1,5,0,0,60,0,0
4,1,1,12,1,5,0,0,30,0,0
4,1,1,7,0,6,0,0,90,0,1
4,1,1,3,0,2,0,0,90,0,0
4,1,1,0,0,5,0,0,60,0,0
4,1,1,0,0,5,0,0,30,0,0
4,1,1,12,0,4,0,0,60,0,1
4,1,1,1,0,5,0,0,60,0,0
4,1,1,1,0,9,1,0,60,0,0
4,1,0,9,0,0,0,0,60,0,0
4,1,1,6,0,8,0,0,60,0,0
4,1,1,3,0,0,0,0,60,0,0
4,1,1,1,0,1,1,0,30,0,0
4,1,1,12,0,0,1,0,60,0,0
4,1,1,0,0,6,0,0,60,0,0
4,1,1,6,1,3,0,0,90,0,0
4,1,1,5,1,9,0,0,30,0,0
4,1,1,11,1,3,0,0,30,0,0
4,1,1,5,0,0,1,0,60,0,0
4,1,1,8,1,2,0,0,30,0,0
4,1,1,6,1,3,0,0,30,0,0
4,1,0,0,1,7,1,0,60,0,0
4,1,1,9,0,4,0,0,30,1,0
4,1,1,12,0,6,0,0,60,0,0
4,1,1,0,0,2,0,0,30,0,0
4,1,1,6,1,9,0,0,30,0,0
4,1,1,5,0,5,0,0,90,0,1
4,1,1,5,1,4,0,0,60,0,0
4,1,1,6,0,2,1,0,60,0,0
4,1,1,1,0,0,0,0,60,0,0
4,1,1,8,0,1,0,0,30,0,1
4,1,1,5,1,7,0,0,60,0,1
4,1,1,9,1,1,1,0,60,0,1
4,1,1,0,0,1,0,0,90,0,1
4,1,1,6,0,6,1,0,90,0,0
4,1,1,11,0,3,0,0,60,0,0
4,1,1,6,0,6,0,0,60,0,0
4,1,1,0,0,6,0,0,60,0,0
4,1,1,6,0,6,0,0,30,0,0
4,1,1,6,1,9,1,0,60,0,0
4,1,1,0,0,3,0,0,60,0,0
4,1,1,0,1,3,1,0,90,1,1
4,1,1,5,0,4,0,0,60,0,0
4,1,1,8,1,9,0,0,60,0,0
4,1,1,7,0,9,0,0,60,0,0
4,1,0,6,0,8,0,0,30,0,0
4,1,1,6,1,5,1,0,60,0,1
4,1,1,6,0,3,0,0,30,0,0
4,1,1,6,0,3,0,0,30,0,0
4,1,1,9,1,1,1,0,60,0,1
4,1,1,8,1,7,1,0,30,0,0
4,1,1,6,0,6,0,0,60,0,0
4,1,1,5,0,7,0,0,30,1,0
4,1,1,11,0,10,0,0,60,0,0
4,1,1,6,0,5,1,0,90,0,0
4,1,1,7,0,3,0,0,60,0,0
4,1,1,2,0,10,1,0,90,0,0
4,1,1,4,0,10,0,0,60,0,0
4,1,0,2,0,5,0,0,60,0,0
4,1,1,9,1,8,1,0,60,0,0
4,1,1,5,1,3,0,0,60,1,0
4,1,1,7,0,6,0,0,60,0,1
4,1,1,10,1,2,0,0,30,0,0
4,1,1,1,1,0,0,0,30,0,0
4,1,1,8,0,4,0,0,120,0,0
4,1,1,1,0,0,0,0,60,0,0
4,1,1,11,0,3,0,0,90,0,0
4,1,1,5,1,1,0,0,30,0,0
4,1,1,7,1,8,1,0,60,0,0
4,1,1,6,0,2,0,0,60,0,0
4,1,1,9,0,3,0,0,60,0,0
4,1,1,11,1,3,0,0,150,0,0
4,1,1,1,1,6,0,0,60,0,0
4,1,1,8,1,6,0,0,30,0,0
4,1,1,7,0,7,0,0,60,0,0
4,1,1,3,1,5,0,0,60,0,0
4,1,1,3,0,1,0,0,60,0,1
4,1,1,7,0,7,0,0,150,0,0
4,1,1,1,1,6,0,0,30,0,1
4,1,1,9,0,4,0,0,60,0,0
4,1,1,1,1,1,0,0,30,1,0
4,1,1,11,1,0,1,0,60,0,0
4,1,1,3,1,5,0,0,60,0,0
4,1,1,2,1,5,0,0,60,0,0
4,1,1,12,1,2,0,0,60,0,0
4,1,0,3,0,1,0,0,30,0,0
4,1,1,11,1,3,0,0,60,0,1
4,1,1,0,1,2,0,0,120,0,1
4,1,1,9,0,3,0,0,30,0,0
4,1,1,5,0,8,0,0,60,0,0
4,1,1,9,0,9,1,0,60,0,1
4,1,1,0,0,6,0,0,30,0,0
4,1,1,8,0,4,0,0,60,1,0
4,1,1,5,1,5,1,0,60,0,1
4,1,1,5,0,4,0,0,60,0,0
4,1,1,6,1,5,0,0,90,0,0
4,1,1,5,0,1,0,0,120,1,1
4,1,1,7,1,6,0,0,30,0,1
4,1,1,4,0,10,0,0,60,1,0
4,1,1,12,0,1,0,0,60,0,0
4,1,1,0,0,1,0,0,90,0,1
4,1,1,2,1,2,0,0,60,0,0
4,1,1,0,0,2,1,0,90,0,0
4,1,0,3,0,3,0,0,30,0,0
4,1,1,6,0,9,0,0,90,1,0
4,1,1,0,0,5,0,0,60,1,0
4,1,1,0,0,6,1,0,60,0,0
4,1,1,2,0,8,0,0,60,0,0
4,1,1,0,1,6,0,0,30,0,0
4,1,1,0,0,8,0,0,150,0,1
4,1,1,7,0,9,0,0,120,0,0
4,1,1,9,0,4,0,0,60,0,0
4,1,1,4,1,2,0,0,60,0,0
4,1,1,4,1,4,0,0,30,0,0
4,1,0,3,1,1,0,0,180,0,0
4,1,1,8,1,7,0,0,60,0,0
4,1,1,6,0,5,0,0,30,0,0
4,1,1,7,1,9,0,0,30,0,0
4,1,0,0,1,9,0,0,90,1,0
4,1,1,6,1,6,1,0,30,0,0
4,1,1,1,1,5,0,0,60,0,0
4,1,1,3,1,4,1,0,90,0,1
4,1,1,1,0,1,1,0,30,1,0
4,1,1,6,1,7,0,0,30,0,0
4,1,1,1,0,9,0,0,120,0,0
4,1,1,8,1,8,0,0,60,0,0
4,1,1,11,1,4,0,0,60,0,0
4,1,1,9,1,3,0,0,60,0,1
4,1,1,8,0,10,0,0,60,0,0
4,1,1,12,1,0,0,0,60,0,0
4,1,1,11,1,2,0,0,90,0,0
4,1,1,0,0,6,0,0,30,0,0
4,1,1,5,1,1,0,0,60,0,1
4,1,1,11,1,7,0,0,30,0,1
4,1,1,9,1,6,0,0,120,0,1
4,1,1,9,1,4,0,0,60,1,1
4,1,1,3,1,6,0,0,30,0,1
4,1,0,6,0,8,0,0,90,0,0
4,1,1,1,0,6,0,0,60,0,0
4,1,1,11,0,4,0,0,60,0,0
4,1,1,12,1,6,0,0,60,0,1
4,1,1,3,1,5,0,0,60,0,1
4,1,1,8,1,7,0,0,120,0,0
4,1,1,8,1,9,1,0,60,0,0
4,1,1,8,0,4,0,0,150,0,1
4,1,1,6,1,1,0,0,60,0,0
4,1,1,9,1,3,0,0,60,0,0
4,1,1,5,1,2,0,0,60,0,0
4,1,1,5,0,5,1,0,60,0,1
4,1,1,6,0,1,1,0,60,0,0
4,1,1,3,0,4,0,0,90,0,0
4,1,1,0,0,4,0,0,60,0,1
4,1,1,0,0,5,0,0,60,1,0
4,1,1,0,1,4,0,0,30,0,0
4,1,1,7,0,3,1,0,60,0,0
4,1,1,11,0,7,1,0,60,0,0
4,1,1,11,0,8,0,0,60,0,0
4,1,1,8,1,7,0,0,135,0,0
4,1,1,11,0,4,0,0,90,0,0
4,1,1,5,1,7,0,0,60,0,0
4,1,1,8,0,9,0,0,120,1,0
4,1,1,5,1,0,0,0,60,0,1
4,1,1,2,1,1,0,0,60,0,0
4,1,1,12,0,3,0,0,30,0,0
4,1,1,5,0,0,0,0,30,0,0
4,1,1,1,0,1,0,0,60,0,1
4,1,1,9,1,1,0,0,30,0,0
4,1,1,3,0,3,0,0,60,0,0
4,1,0,8,0,3,0,0,60,0,0
4,1,1,6,1,7,0,0,90,0,0
4,1,1,5,0,2,0,0,60,0,1
4,1,1,5,1,0,0,0,60,0,0
4,1,1,8,1,8,0,0,60,0,0
4,1,1,3,1,2,0,0,60,0,1
4,1,1,9,1,2,0,0,60,0,1
4,1,1,7,0,7,0,0,30,0,1
4,1,1,12,0,4,0,0,60,0,0
4,1,1,4,0,3,0,0,90,0,1
4,1,1,3,1,1,0,0,120,0,0
4,1,1,3,1,5,0,0,60,0,0
4,1,1,12,0,1,0,0,60,0,0
4,1,1,9,1,1,0,0,30,0,0
4,1,1,11,0,0,0,0,60,1,1
4,1,1,0,1,3,0,0,90,0,0
4,1,1,9,1,6,0,0,60,0,0
4,1,1,9,0,9,0,0,30,0,0
4,1,1,10,1,2,0,0,60,1,0
4,1,1,6,0,8,0,0,60,0,0
4,1,1,8,0,6,0,0,60,0,0
4,1,1,4,1,0,1,0,60,0,1
4,1,1,3,1,4,0,0,90,0,1
4,1,1,12,0,6,0,0,60,0,0
4,1,1,0,1,5,0,0,60,0,0
4,1,1,0,1,9,0,0,60,0,1
4,1,1,12,1,0,0,0,90,0,0
4,1,1,1,1,5,0,0,60,0,0
4,1,1,11,0,2,0,0,60,0,1
4,1,1,7,0,9,0,0,60,0,1
4,1,1,2,0,4,0,0,75,0,0
4,1,1,8,0,3,0,0,60,0,0
4,1,1,7,1,7,0,0,60,0,0
4,1,1,6,1,3,0,0,120,0,0
4,1,1,0,1,9,1,0,90,0,1
4,1,1,10,1,7,0,0,30,0,0
4,1,1,1,0,3,1,0,60,0,0
4,1,1,3,0,6,0,0,60,0,0
4,1,1,6,1,6,0,0,150,0,1
4,1,1,0,1,1,0,0,60,0,0
4,1,1,11,0,7,0,0,120,0,0
4,1,0,8,1,2,0,0,240,0,1
4,1,1,8,1,5,0,0,60,0,0
4,1,1,9,1,6,1,0,60,0,0
4,1,1,2,1,10,1,0,30,0,0
4,1,1,11,1,9,0,0,30,0,0
4,1,1,2,0,7,1,0,90,0,0
4,1,1,6,0,3,1,0,60,0,0
4,1,1,3,0,1,0,0,60,0,1
4,1,0,6,1,9,0,0,90,0,0
4,1,1,9,1,2,0,0,60,0,0
4,1,1,2,1,10,1,0,60,0,0
4,1,1,11,0,1,0,0,60,0,0
4,1,1,0,0,2,0,0,60,0,0
4,1,1,11,1,5,0,0,60,0,1
4,1,1,8,1,9,0,0,60,0,0
4,1,1,0,1,3,0,0,60,0,0
4,1,1,4,0,1,0,0,60,0,0
4,1,1,11,1,5,0,0,90,0,0
4,1,1,2,0,9,0,0,30,0,0
4,1,1,3,0,1,0,0,60,0,1
4,1,1,0,0,6,1,0,60,0,0
4,1,1,10,1,2,1,0,60,0,0
4,1,1,5,0,2,0,0,30,0,0
4,1,0,5,0,5,0,0,90,0,0
4,1,1,7,0,6,0,0,60,0,0
4,1,1,4,1,1,1,0,60,0,0
4,1,1,1,1,0,0,0,60,0,0
4,1,1,11,0,4,0,0,90,0,1
4,1,1,0,1,9,0,0,30,0,0
4,1,0,7,1,9,0,0,60,0,1
4,1,1,0,0,8,0,0,60,0,0
4,1,1,4,0,3,0,0,60,0,0
4,1,1,9,0,3,0,0,60,0,1
4,1,1,8,0,6,0,0,60,0,0
4,1,1,12,0,4,0,0,60,0,0
4,1,1,3,0,0,0,0,30,0,0
4,1,1,5,1,2,1,0,90,0,0
4,1,1,0,1,0,0,0,120,0,1
4,1,1,6,0,5,0,0,90,0,0
4,1,1,4,0,1,0,0,90,0,0
4,1,1,4,1,1,0,0,120,0,1
4,1,1,4,0,10,0,0,60,0,0
4,1,1,7,0,5,0,0,60,0,0
4,1,0,7,0,5,0,0,60,0,0
4,1,1,1,0,2,0,0,90,0,1
4,1,1,1,1,7,0,0,60,0,0
4,1,1,3,1,3,0,0,60,0,0
4,1,1,4,0,1,0,0,60,0,0
4,1,1,12,0,4,0,0,60,0,0
4,1,1,9,0,8,0,0,60,0,0
4,1,0,0,1,1,0,0,120,0,0
4,1,1,6,1,9,1,0,60,0,0
4,1,1,10,0,6,0,0,120,0,1
4,1,1,12,1,3,0,0,150,0,0
4,1,1,1,1,2,0,0,30,0,1
4,1,1,8,0,7,0,0,60,0,0
4,1,1,5,0,1,1,0,60,0,0
4,1,1,9,1,7,1,0,120,0,1
4,1,1,11,0,7,0,0,30,1,0
4,1,0,1,1,7,0,0,90,0,0
4,1,1,10,0,1,1,0,60,0,0
4,1,1,7,1,2,0,0,180,0,1
4,1,1,8,1,6,0,0,90,0,0
4,1,1,9,1,3,0,0,60,0,1
4,1,1,5,1,7,0,0,30,0,0
4,1,1,7,1,9,1,0,60,0,0
4,1,1,10,1,5,0,0,120,0,0
4,1,1,11,0,2,0,0,60,0,0
4,1,1,11,1,8,0,0,30,0,1
4,1,1,1,0,7,0,0,90,0,1
4,1,1,11,0,7,0,0,150,0,0
4,1,1,7,1,3,0,0,30,0,0
4,1,1,5,0,5,0,0,60,0,0
4,1,1,0,0,4,0,0,60,0,0
4,1,0,4,0,2,0,0,60,0,1
4,1,1,9,0,6,0,0,60,0,0
4,1,1,12,0,2,0,0,30,0,0
4,1,0,2,1,0,0,0,180,0,0
4,1,1,7,1,6,0,0,60,0,0
4,1,1,6,1,4,0,0,90,0,0
4,1,1,11,0,1,0,0,60,0,1
4,1,1,11,0,6,1,0,60,0,0
4,1,1,4,1,1,1,0,60,0,0
4,1,1,2,0,9,0,0,90,1,0
4,1,1,0,0,3,0,0,60,0,0
4,1,1,0,1,8,0,0,60,0,0
4,1,1,5,0,7,0,0,60,0,1
4,1,1,0,0,9,0,0,60,0,0
4,1,1,5,1,2,0,0,90,0,0
4,1,1,0,1,7,0,0,60,0,0
4,1,0,11,1,3,0,0,60,0,1
4,1,1,9,0,6,0,0,90,0,0
4,1,1,6,1,6,0,0,60,0,1
4,1,1,6,1,6,1,0,60,0,0
4,1,1,3,1,0,0,0,60,0,1
4,1,1,11,0,0,0,0,30,0,0
4,1,1,6,1,3,1,0,75,0,0
4,1,1,0,1,0,0,0,60,0,1
4,1,1,1,0,3,0,0,30,0,0
4,1,1,10,0,5,1,0,60,0,0
4,1,0,6,1,7,0,0,90,1,0
4,1,1,5,0,5,0,0,90,0,1
4,1,1,11,1,6,0,0,90,0,1
4,1,1,5,0,5,0,0,30,0,0
4,1,1,8,1,9,0,0,60,0,0
4,1,1,5,0,0,0,0,60,0,1
4,1,1,5,0,4,0,0,60,0,1
4,1,1,11,0,6,0,0,60,0,0
4,1,1,6,0,9,0,0,60,0,0
4,1,1,8,0,8,0,0,60,0,0
4,1,1,12,0,6,0,0,60,0,0
4,1,1,12,1,0,0,0,60,0,0
4,1,1,1,0,5,0,0,60,0,0
4,1,1,11,0,8,0,0,30,0,0
4,1,1,8,1,2,0,0,60,0,0
4,1,1,0,0,8,0,0,60,0,0
4,1,1,0,0,9,0,0,60,0,0
4,1,1,3,1,7,1,0,90,0,0
4,1,1,5,0,5,1,0,60,0,0
4,1,1,1,0,7,0,0,60,1,0
4,1,0,7,0,5,0,0,120,0,0
4,1,1,5,1,8,0,0,60,0,1
4,1,1,11,0,6,0,0,60,0,0
4,1,1,8,0,7,0,0,30,0,0
4,1,1,2,1,10,1,0,60,0,0
4,1,1,1,1,9,0,0,30,0,0
4,1,1,0,1,8,0,0,60,0,0
4,1,1,8,0,8,0,0,90,0,0
4,1,1,8,0,4,1,0,60,0,0
4,1,1,8,0,8,0,0,30,0,0
4,1,1,6,1,6,1,0,90,0,1
4,1,1,6,1,1,0,0,30,1,0
4,1,1,11,0,6,0,0,60,0,0
4,1,1,10,0,5,0,0,30,0,0
4,1,1,4,0,3,0,0,60,0,0
4,1,1,12,0,0,1,0,30,0,0
4,1,1,1,0,7,0,0,60,0,0
4,1,0,3,1,7,1,0,60,0,0
4,1,1,0,1,4,0,0,60,0,1
4,1,1,9,1,7,0,0,60,0,0
4,1,1,0,0,8,0,0,60,0,0
4,1,1,9,1,6,0,0,60,0,1
4,1,1,1,0,2,0,0,60,0,0
4,1,1,5,0,5,0,0,60,0,0
4,1,1,12,1,7,0,0,60,0,0
4,1,1,3,1,4,1,0,60,0,0
4,1,1,7,0,5,1,0,60,0,0
4,1,1,10,1,1,0,0,60,0,1
4,1,1,10,1,6,1,0,60,0,0
4,1,1,5,1,0,0,0,90,0,0
4,1,1,1,1,1,0,0,60,0,0
4,1,1,9,0,6,2,0,60,0,0
4,1,1,4,1,7,0,0,60,0,1
4,1,1,3,1,6,0,0,90,0,1
4,1,1,5,1,4,0,0,60,0,0
4,1,1,6,1,5,0,0,30,0,0
4,1,1,3,1,4,0,0,90,0,1
4,1,1,11,1,1,1,0,60,0,1
4,1,1,6,1,2,0,0,120,0,1
4,1,1,4,0,10,0,0,60,0,1
4,1,0,4,1,10,0,0,60,0,0
4,1,1,6,0,7,1,0,120,0,0
4,1,1,12,1,2,0,0,90,0,1
4,1,1,5,1,0,0,0,30,0,1
4,1,1,4,0,4,0,0,60,0,0
4,1,0,11,0,4,0,0,60,0,1
4,1,1,1,0,8,0,0,90,0,1
4,1,1,10,1,8,0,0,30,0,0
4,1,1,0,0,9,0,0,60,0,1
4,1,1,6,0,8,0,0,60,0,0
4,1,1,7,1,6,0,0,60,0,0
4,1,1,6,0,7,0,0,90,0,0
4,1,1,6,1,6,1,0,60,0,0
4,1,1,7,1,4,0,0,60,0,0
4,1,1,8,1,7,0,0,30,0,0
4,1,1,1,0,2,0,0,60,0,1
4,1,1,6,0,8,0,0,90,0,1
4,1,1,2,1,10,0,0,60,0,0
4,1,1,6,1,1,0,0,30,0,0
4,1,1,6,0,8,1,0,60,0,0
4,1,1,8,0,9,1,0,60,0,1
4,1,1,5,1,0,0,0,60,0,0
4,1,1,11,0,1,0,0,60,0,1
4,1,1,3,1,8,1,0,60,0,0
4,1,1,4,1,4,0,0,90,0,0
4,1,1,8,1,9,0,0,60,0,0
4,1,1,6,0,4,0,0,30,0,0
4,1,1,2,0,10,0,0,60,0,0
4,1,1,5,1,7,0,0,90,0,0
4,1,0,5,1,10,0,0,30,0,1
4,1,1,6,0,7,0,0,60,0,0
4,1,1,1,1,9,1,0,30,0,0
4,1,1,6,1,1,1,0,60,0,1
4,1,1,0,0,8,0,0,60,0,0
4,1,1,0,1,3,1,0,60,0,0
4,1,1,1,0,3,1,0,60,0,0
4,1,1,12,1,0,0,0,60,0,0
4,1,1,5,1,5,0,0,60,0,0
4,1,1,3,0,9,0,0,60,0,0
4,1,1,10,0,1,1,0,60,0,0
4,1,1,8,0,1,1,0,60,0,0
4,1,1,7,0,2,0,0,90,1,0
4,1,1,4,0,2,0,0,90,0,0
4,1,1,6,1,6,0,0,30,0,0
4,1,0,1,0,6,0,0,60,0,0
4,1,1,5,1,2,0,0,60,0,0
4,1,1,9,0,8,0,0,60,0,0
4,1,1,0,1,5,0,0,90,0,0
4,1,1,4,1,7,0,0,120,0,1
4,1,1,6,1,3,0,0,90,0,0
4,1,1,12,1,7,0,0,30,0,0
4,1,1,6,0,9,1,0,60,0,0
4,1,1,1,0,4,1,0,90,0,0
4,1,1,5,0,2,0,0,60,0,1
4,1,1,3,1,1,0,0,30,0,1
4,1,1,7,1,5,0,0,60,0,0
4,1,1,10,0,4,1,0,30,0,0
4,1,0,4,0,3,0,0,60,0,0
4,1,0,3,1,3,1,0,30,0,1
4,1,1,0,0,8,0,0,30,0,1
4,1,1,0,1,8,0,0,30,0,1
4,1,0,5,0,7,0,0,60,0,1
4,1,1,4,1,7,1,0,90,0,0
4,1,1,3,1,3,1,0,90,0,0
4,1,0,7,1,4,0,0,60,0,1
4,1,1,8,1,6,0,0,30,0,1
4,1,1,3,0,1,0,0,60,0,1
4,1,1,10,0,5,0,0,30,0,0
4,1,0,7,1,8,1,0,60,0,0
4,1,1,11,0,2,0,0,60,0,0
4,1,1,1,0,7,0,0,60,0,0
4,1,1,9,1,7,0,0,60,0,0
4,1,0,0,0,9,0,0,60,0,0
4,1,1,7,1,4,0,0,60,0,0
4,1,0,8,0,2,0,0,120,1,0
4,1,1,3,0,1,1,0,60,1,0
4,1,1,6,0,3,0,0,90,0,0
4,1,1,10,1,0,0,0,30,0,0
4,1,0,6,0,9,0,0,60,0,0
4,1,1,11,1,4,0,0,30,0,0
4,1,1,11,0,5,0,0,60,0,1
4,1,1,4,0,4,0,0,60,0,0
4,1,1,0,0,4,0,0,60,1,0
4,1,1,12,0,6,0,0,120,0,1
4,1,1,10,1,8,0,0,30,0,0
4,1,0,4,0,10,1,0,60,0,0
4,1,1,4,0,10,1,0,60,0,0
4,1,1,5,0,7,0,0,60,0,1
4,1,1,6,1,1,0,0,90,0,0
4,1,1,1,0,7,0,0,120,1,1
4,1,1,10,0,5,0,0,90,0,0
4,1,1,10,1,3,0,0,60,0,0
4,1,1,8,0,7,0,0,60,0,0
4,1,1,11,1,9,0,0,60,0,0
4,1,1,10,0,0,0,0,60,0,1
4,1,1,11,0,7,0,0,60,0,1
4,1,1,6,1,7,0,0,30,0,0
4,1,1,10,0,2,1,0,60,0,0
4,1,1,10,0,6,0,0,60,0,0
4,1,1,7,0,2,0,0,60,0,0
4,1,1,2,0,2,0,0,60,0,0
4,1,1,12,0,2,0,0,60,0,0
4,1,1,9,0,4,0,0,60,0,0
4,1,1,5,0,7,0,0,60,0,0
4,1,1,5,0,1,1,0,60,0,0
4,1,1,9,0,2,0,0,90,0,1
4,1,1,9,0,9,0,0,30,0,1
4,1,1,8,1,9,0,0,60,0,0
4,1,1,6,1,3,0,0,30,0,0
4,1,1,6,0,9,0,0,60,0,0
4,1,1,0,1,9,0,0,90,0,1
4,1,1,3,0,1,0,0,120,0,1
4,1,1,11,1,4,0,0,60,0,1
4,1,1,9,0,7,0,0,60,0,0
4,1,1,6,1,5,0,0,60,0,0
4,1,1,10,1,1,0,0,60,0,1
4,1,1,10,1,4,1,0,90,0,1
4,1,0,3,0,6,1,0,60,0,1
4,1,1,12,1,0,0,0,30,0,1
4,1,1,9,1,5,0,0,60,0,0
4,1,1,4,0,10,0,0,30,0,1
4,1,1,7,1,6,0,0,30,0,1
4,1,1,9,0,6,0,0,60,0,0
4,1,1,12,0,6,0,0,60,0,0
4,1,1,0,0,1,0,0,60,0,0
4,1,1,8,0,10,0,0,60,0,0
4,1,0,3,0,4,1,0,60,0,0
4,1,1,11,0,3,0,0,60,0,0
4,1,1,0,1,4,0,0,60,0,0
4,1,1,6,0,7,0,0,60,0,1
4,1,1,10,1,9,0,0,60,0,0
4,1,1,7,0,5,0,0,60,0,0
4,1,1,3,0,3,0,0,60,0,0
4,1,1,11,1,5,0,0,60,0,0
4,1,1,5,0,7,0,0,60,1,0
4,1,1,6,0,4,0,0,90,0,0
4,1,1,11,1,6,0,0,60,0,0
4,1,1,9,0,8,0,0,60,0,0
4,1,1,8,1,7,1,0,90,0,1
4,1,1,2,1,3,1,0,60,0,0
4,1,1,12,0,4,0,0,30,0,0
4,1,1,8,1,8,0,0,60,0,1
4,1,1,5,0,5,0,0,60,0,0
4,1,1,4,0,1,0,0,60,0,0
4,1,1,8,0,8,0,0,60,0,0
4,1,1,6,1,6,0,0,60,0,0
4,1,1,0,0,7,1,0,60,0,0
4,1,1,10,0,6,1,0,30,0,1
4,1,1,8,1,7,0,0,60,0,0
4,1,1,7,1,5,0,0,60,0,0
4,1,1,4,0,1,0,0,60,0,1
4,1,1,6,0,7,0,0,60,0,1
4,1,1,11,1,4,0,0,30,0,0
4,1,1,3,1,3,0,0,60,0,0
4,1,1,4,1,7,0,0,60,0,1
4,1,1,8,0,5,0,0,60,0,1
4,1,1,5,0,9,0,0,60,0,1
4,1,1,0,0,6,0,0,60,0,1
4,1,0,8,0,7,0,0,60,0,0
4,1,1,1,1,3,1,0,60,0,1
4,1,1,6,0,5,0,0,60,0,0
4,1,1,4,0,6,0,0,60,0,1
4,1,1,6,0,2,0,0,30,0,0
4,1,1,0,0,7,0,0,60,0,0
4,1,1,3,1,2,0,0,120,0,0
4,1,1,8,0,10,0,0,60,0,0
4,1,0,8,0,9,0,0,60,0,0
4,1,1,6,0,4,0,0,30,0,0
4,1,1,6,1,6,0,0,30,0,0
4,1,1,4,1,1,0,0,60,0,1
4,1,1,8,1,3,0,0,30,0,0
4,1,1,3,1,1,0,0,90,0,1
4,1,1,10,0,6,0,0,60,0,0
4,1,0,1,0,6,1,0,60,0,0
4,1,1,8,0,8,0,0,60,0,0
4,1,1,5,1,3,1,0,60,0,1
4,1,1,5,0,7,0,0,30,0,0
4,1,1,9,1,5,1,0,60,0,0
4,1,1,8,0,8,0,0,60,0,0
4,1,1,4,1,10,0,0,90,0,1
4,1,1,5,1,5,0,0,60,0,0
4,1,1,5,0,3,0,0,60,0,0
4,1,1,4,1,2,0,0,30,0,1
4,1,1,6,0,6,0,0,30,0,0
4,1,1,4,0,10,0,0,30,1,0
4,1,1,0,1,8,0,0,60,0,0
4,1,1,8,1,2,0,0,60,1,0
4,1,1,3,1,9,1,0,60,0,0
4,1,1,6,1,8,0,0,60,0,0
4,1,1,12,1,4,0,0,30,0,1
4,1,1,10,0,4,0,0,90,0,1
4,1,1,8,1,4,0,0,30,0,1
4,1,1,8,0,4,0,0,30,0,0
4,1,1,0,1,4,0,0,60,0,0
4,1,1,5,0,1,0,0,120,0,0
4,1,1,2,1,10,1,0,60,0,0
4,1,1,11,0,2,0,0,60,0,0
4,1,1,5,0,5,1,0,60,0,0
4,1,1,11,1,2,0,0,60,0,1
4,1,1,1,1,5,0,0,150,0,0
4,1,1,1,1,3,0,0,60,0,0
4,1,1,9,1,3,0,0,30,0,0
4,1,1,8,0,5,0,0,30,0,0
4,1,1,4,0,8,0,0,60,0,0
4,1,1,9,0,2,0,0,60,0,0
4,1,1,6,0,9,0,0,30,0,0
4,1,1,10,1,1,0,0,30,0,0
4,1,1,2,0,10,1,0,60,0,0
4,1,1,8,1,7,1,0,60,0,0
4,1,1,11,1,9,0,0,60,0,1
4,1,0,6,0,7,0,0,30,0,0
4,1,1,6,0,4,0,0,30,0,0
4,1,0,6,0,5,0,0,30,1,1
4,1,0,6,0,7,0,0,30,0,0
4,1,1,6,0,7,0,0,30,0,0
4,1,1,6,0,8,1,0,60,0,0
4,1,1,6,1,1,1,0,30,0,0
4,1,1,6,1,5,2,0,30,0,0
4,1,1,5,0,5,1,0,90,0,0
4,1,0,6,0,8,1,0,30,0,0
4,1,1,6,0,0,1,0,90,0,1
4,1,1,11,1,4,1,0,60,0,0
4,1,0,6,1,0,1,0,60,0,0
4,1,1,0,0,7,1,0,120,0,0
4,1,1,6,0,0,1,0,30,1,0
4,1,1,6,0,5,1,0,130,0,0
4,1,1,1,0,3,1,0,90,0,0
4,1,1,3,1,3,1,0,30,0,0
4,1,1,9,0,3,1,0,30,0,0
4,1,1,8,1,7,1,0,30,0,0
4,1,1,11,0,3,1,0,60,0,1
4,1,1,8,0,6,0,0,60,0,0
4,1,1,6,1,5,1,0,90,0,0
4,1,1,12,0,1,0,0,60,0,0
4,1,1,5,0,0,1,0,30,0,0
4,1,1,10,0,7,1,0,30,0,0
4,1,0,12,0,1,0,0,30,0,0
4,1,1,4,1,10,1,0,60,0,0
4,1,1,8,0,4,1,0,165,0,0
4,1,1,11,0,2,1,0,30,0,0
4,1,1,6,0,8,0,0,60,1,0
4,1,1,1,0,8,1,0,60,0,1
4,1,1,5,1,0,1,0,60,0,1
4,1,1,6,1,7,1,0,60,0,0
4,1,1,5,1,2,1,0,30,0,0
4,1,1,10,1,9,1,0,30,0,0
4,1,1,2,0,7,1,0,60,0,1
4,1,1,3,1,3,1,0,60,0,1
4,1,1,8,0,1,0,0,30,0,0
4,1,1,5,1,0,1,0,60,0,0
4,1,1,11,1,1,1,0,95,0,0
4,1,0,3,0,1,0,0,90,1,0
4,1,1,6,1,5,0,0,30,0,0
4,1,1,6,0,9,0,0,150,0,1
4,1,1,9,0,9,0,0,90,0,0
4,1,0,5,1,0,0,0,90,1,1
4,1,0,4,1,2,0,0,60,0,0
4,1,1,6,0,3,0,0,60,0,0
4,1,1,0,0,8,0,0,60,0,0
4,1,1,8,1,9,1,0,30,0,0
4,1,1,10,1,3,0,0,60,0,1
4,1,1,9,0,2,0,0,30,0,0
4,1,1,6,0,8,1,0,30,0,1
4,1,1,5,0,0,1,0,60,1,0
4,1,0,0,0,8,1,0,60,0,0
4,1,1,8,1,3,0,0,60,0,0
4,1,1,3,1,3,0,0,60,0,0
4,1,1,8,1,5,1,0,90,0,0
4,1,1,11,1,6,1,0,60,0,0
4,1,1,12,1,0,1,0,120,0,1
4,1,1,8,1,5,0,0,90,0,0
4,1,1,4,0,4,0,0,60,0,0
4,1,1,11,0,0,0,0,60,0,0
4,1,1,11,0,2,0,0,90,1,0
4,1,1,8,0,5,0,0,60,0,0
4,1,1,4,0,5,0,0,60,0,0
4,1,1,12,1,3,0,0,60,0,0
4,1,1,0,1,9,0,0,60,0,0
4,1,1,1,0,2,1,0,60,0,0
4,1,1,12,1,5,1,0,60,0,0
4,1,1,4,0,1,0,0,90,0,1
4,1,1,10,1,5,0,0,60,0,0
4,2,1,10,0,1,0,0,150,0,0
4,2,1,4,1,10,0,0,30,0,0
4,2,1,8,0,5,0,0,60,0,0
4,2,1,9,0,9,0,0,30,0,0
4,2,0,1,1,5,0,0,90,1,1
4,2,1,3,1,1,1,0,120,0,0
4,2,0,11,0,0,0,0,60,0,0
4,2,0,0,0,1,0,0,30,0,0
4,2,1,3,0,4,0,0,60,0,0
4,2,0,3,0,6,0,0,120,0,0
4,2,1,5,0,2,1,0,60,0,0
4,2,1,9,0,3,1,0,60,0,1
4,2,1,11,1,9,0,0,60,0,1
4,2,1,5,0,9,0,0,30,0,0
4,2,1,10,0,4,0,0,120,0,0
4,2,1,3,1,0,0,0,60,0,0
4,2,1,9,1,5,0,0,30,0,0
4,2,1,11,0,2,0,0,30,0,0
4,2,1,0,0,5,0,0,60,0,0
4,2,1,7,1,3,0,0,60,0,0
4,2,1,9,1,6,0,0,30,0,0
4,2,1,5,0,4,0,0,60,0,0
4,2,1,12,0,8,1,0,30,0,0
4,2,1,3,1,6,0,1,120,0,0
4,2,1,0,0,2,0,0,60,0,1
4,2,1,6,1,9,0,1,60,0,0
4,2,1,6,0,3,1,0,90,1,0
4,2,1,3,1,4,0,0,40,0,0
4,2,1,6,1,4,1,1,135,0,0
4,2,1,3,0,1,1,0,60,0,0
4,2,1,7,0,6,0,0,60,1,0
4,2,0,11,0,1,0,1,60,0,0
4,2,1,8,0,4,1,0,30,0,1
4,2,1,9,0,3,0,0,30,0,0
4,2,1,6,1,2,0,0,30,0,1
4,2,1,11,0,3,0,0,60,0,1
4,2,1,4,0,0,0,0,60,0,1
4,2,1,3,0,0,0,0,60,0,0
4,2,1,8,0,8,0,0,60,0,0
4,2,1,1,0,7,0,1,120,0,1
4,2,1,6,1,8,0,0,60,0,0
4,2,1,9,1,0,0,0,60,0,0
4,2,0,7,1,2,0,0,150,0,0
4,2,1,5,0,1,0,1,60,0,0
4,2,1,7,0,9,0,0,30,0,0
4,2,0,7,0,6,0,0,90,1,1
4,2,1,3,1,2,0,0,60,0,1
4,2,1,1,0,7,0,0,130,0,0
4,2,1,0,1,5,0,0,60,1,1
4,2,1,7,0,2,0,0,60,0,1
4,2,1,9,1,0,1,0,60,0,1
4,2,1,10,1,8,0,0,30,0,0
4,2,1,5,0,3,0,0,30,0,0
4,2,1,3,2,2,0,0,120,0,0
4,2,1,6,0,4,0,0,60,1,0
4,2,1,11,1,3,0,0,60,0,0
4,2,0,8,1,9,0,0,100,0,0
4,2,1,0,0,8,0,1,90,0,0
4,2,1,10,0,0,0,0,30,0,0
4,2,0,6,0,7,0,0,120,0,1
4,2,1,8,1,9,0,0,30,0,0
4,2,0,7,1,8,1,0,30,0,0
4,2,1,1,1,4,0,0,60,0,0
4,2,1,1,1,8,0,0,60,0,1
4,2,1,10,1,6,0,0,30,0,0
4,2,1,0,0,9,0,0,60,0,0
4,2,1,6,0,8,0,0,30,0,1
4,2,1,9,0,7,0,1,60,0,0
4,2,1,3,1,5,1,0,60,0,0
4,2,1,8,0,9,0,0,30,0,0
4,2,1,0,0,9,0,0,30,1,0
4,2,1,1,1,8,1,0,30,0,0
4,2,1,10,1,2,0,0,60,0,0
4,2,1,0,0,5,0,0,30,0,0
4,2,1,8,1,10,1,0,60,0,0
4,2,1,0,0,8,0,0,30,0,0
4,2,0,9,0,9,0,0,60,0,0
4,2,1,11,1,6,1,0,60,0,0
4,2,0,1,1,3,0,0,180,0,1
4,2,1,6,0,5,0,0,30,0,0
4,2,1,0,0,1,0,0,60,0,0
4,2,1,10,0,2,1,1,180,0,0
4,2,1,12,1,9,0,0,150,1,1
4,2,1,7,0,4,0,0,30,0,0
4,2,1,0,1,6,0,0,30,0,0
4,2,0,5,0,1,0,0,60,0,0
4,2,1,5,0,6,0,1,120,0,0
4,2,1,8,2,5,0,0,60,0,1
4,2,1,5,0,6,0,0,30,0,0
4,2,1,10,1,2,0,1,120,1,0
4,2,1,9,0,5,0,0,60,0,0
4,2,0,12,0,5,0,0,120,0,1
4,2,0,11,0,4,0,0,30,0,0
4,2,1,8,1,8,0,0,30,0,0
4,2,1,0,1,6,0,0,60,0,0
4,2,0,7,1,8,0,0,60,0,1
4,2,1,1,0,8,0,0,30,0,0
4,2,1,0,0,6,0,0,30,0,0
4,2,1,12,1,1,0,0,60,0,1
4,2,1,3,0,1,1,0,60,0,1
4,2,1,3,1,1,1,0,60,0,0
4,2,1,5,0,7,0,0,60,0,0
4,2,1,3,1,7,0,0,30,0,0
4,2,0,9,1,0,0,0,60,0,0
4,2,1,10,1,0,0,0,60,0,0
4,2,1,9,0,6,0,0,60,0,0
4,2,1,6,0,2,1,0,60,0,0
4,2,1,5,0,0,0,0,60,0,1
4,2,1,8,0,4,1,0,30,0,0
4,2,1,8,0,8,0,0,60,0,0
4,2,1,3,0,4,0,1,60,0,0
4,2,1,9,1,7,0,0,120,0,0
4,2,1,3,0,5,0,0,120,0,0
4,2,1,9,1,2,0,0,60,0,0
4,2,1,7,1,8,0,1,60,0,0
4,2,1,8,1,1,0,0,60,0,0
4,2,1,9,1,1,1,1,60,0,0
4,2,1,10,0,2,0,0,60,0,0
4,2,0,11,1,2,0,0,30,0,1
4,2,1,1,1,0,0,0,60,0,0
4,2,1,5,0,0,0,0,120,0,0
4,2,1,11,0,7,0,1,120,0,0
4,2,1,3,1,8,0,0,60,1,0
4,2,1,0,1,3,1,1,90,1,0
4,2,1,12,1,4,0,0,60,0,0
4,2,1,3,0,1,0,1,90,1,0
4,2,1,8,1,4,0,0,30,0,0
4,2,1,3,1,0,0,0,120,0,0
4,2,0,10,0,4,0,0,120,0,1
4,2,1,1,0,8,1,0,30,0,1
4,2,1,8,0,5,1,0,30,0,0
4,2,1,7,1,3,0,0,60,0,0
4,2,1,8,0,9,0,0,60,0,0
4,2,1,5,0,3,0,0,30,0,0
4,2,1,1,1,0,1,0,30,0,0
4,2,1,9,0,6,0,0,60,0,0
4,2,1,8,0,1,0,0,60,0,0
4,2,1,9,1,3,0,0,60,0,0
4,2,1,6,0,4,0,0,30,0,0
4,2,1,8,0,9,1,0,60,1,0
4,2,0,6,0,6,0,1,120,0,1
4,2,1,6,1,6,0,0,30,0,0
4,2,1,6,0,4,0,0,60,0,1
4,2,1,0,1,5,1,0,120,0,0
4,2,1,3,0,1,0,1,60,0,0
4,2,0,0,1,1,1,0,60,0,1
4,2,1,5,1,4,0,1,120,0,0
4,2,1,7,0,7,0,0,30,0,0
4,2,1,6,0,9,0,1,150,0,0
4,2,1,12,1,10,0,0,120,0,1
4,2,1,4,1,1,0,0,60,0,0
4,2,1,12,0,0,0,0,30,0,1
4,2,1,3,0,1,0,0,30,0,1
4,2,1,6,1,9,0,0,120,0,0
4,2,1,12,1,4,0,1,120,0,1
4,2,1,0,1,1,0,0,30,0,0
4,2,1,12,1,1,0,0,60,0,0
4,2,1,7,0,8,1,0,60,0,0
4,2,1,6,0,6,0,1,90,0,0
4,2,1,4,0,4,0,0,30,0,1
4,2,1,8,0,4,0,1,150,0,1
4,2,1,1,0,5,0,0,60,0,0
4,2,1,11,0,1,0,0,30,0,0
4,2,1,3,1,1,0,0,90,0,0
4,2,1,8,1,7,0,1,120,0,1
4,2,0,6,1,8,0,0,60,0,0
4,2,1,0,2,2,0,0,60,0,1
4,2,1,9,1,6,0,0,60,0,0
4,2,0,5,1,2,0,0,60,0,1
4,2,1,2,0,7,0,0,45,0,1
4,2,1,5,0,4,1,1,60,0,1
4,2,1,4,0,3,0,1,90,0,0
4,2,1,1,1,2,0,1,90,0,0
4,2,1,11,1,5,0,0,60,0,1
4,2,1,4,0,5,0,0,60,0,0
4,2,1,8,1,7,0,0,60,0,1
4,2,1,7,0,5,0,1,90,0,0
4,2,0,4,1,0,0,1,150,1,0
4,2,1,8,0,7,0,0,30,0,0
4,2,1,12,1,5,1,0,60,0,0
4,2,1,7,1,8,0,0,30,0,0
4,2,1,8,1,8,0,0,60,0,0
4,2,1,0,1,0,0,1,120,0,0
4,2,1,5,1,6,0,1,60,0,0
4,2,1,4,1,1,0,1,120,0,1
4,2,0,1,0,7,0,0,60,0,0
4,2,1,8,1,10,0,0,60,0,0
4,2,1,10,1,2,1,1,135,0,0
4,2,1,9,0,0,0,0,60,0,0
4,2,1,3,0,4,1,0,120,0,0
4,2,1,11,1,6,1,0,60,0,0
4,2,1,10,0,9,0,0,60,0,1
4,2,1,7,1,1,0,0,60,0,0
4,2,1,10,1,8,0,0,165,0,0
4,2,1,9,0,6,0,0,60,0,0
4,2,1,0,0,9,0,0,60,0,0
4,2,1,5,0,8,0,0,90,0,0
4,2,1,3,0,2,1,0,60,0,0
4,2,1,11,0,7,1,0,120,0,0
4,2,1,9,0,6,0,0,90,0,0
4,2,1,0,1,3,0,0,60,0,1
4,2,1,3,0,3,0,0,30,0,0
4,2,1,5,1,2,1,0,30,0,0
4,2,1,2,0,5,0,0,60,0,1
4,2,1,0,1,6,0,0,150,1,0
4,2,1,8,0,9,1,1,60,0,0
4,2,1,6,1,1,1,0,60,0,1
4,2,1,12,1,2,1,1,60,0,0
4,2,1,8,0,9,0,0,150,0,0
4,2,0,1,1,2,0,0,150,0,0
4,2,1,10,0,1,0,0,60,0,0
4,2,1,11,0,1,0,0,60,1,1
4,2,1,1,1,2,0,1,60,1,0
4,2,1,9,1,9,0,0,60,1,0
4,2,1,9,0,1,1,1,90,0,1
4,2,1,0,1,4,0,1,90,0,0
4,2,1,12,1,4,0,0,60,0,0
4,2,1,6,0,7,0,0,60,0,0
4,2,1,0,1,8,0,1,90,0,0
4,2,0,3,1,5,0,0,60,0,0
4,2,1,12,0,6,0,1,120,0,0
4,2,1,6,0,5,0,0,90,0,0
4,2,0,10,1,3,0,1,90,0,0
4,2,1,9,0,2,0,1,90,0,0
4,2,1,6,0,9,0,1,75,1,0
4,2,1,9,1,3,1,0,180,0,0
4,2,1,8,0,8,0,1,90,0,1
4,2,1,5,0,0,0,0,60,0,0
4,2,1,4,0,1,0,0,30,0,0
4,2,1,3,0,1,0,1,120,0,0
4,2,1,4,0,6,0,0,30,0,0
4,2,1,10,1,4,1,1,90,0,0
4,2,1,7,0,4,0,0,30,0,0
4,2,1,3,0,2,0,1,90,0,1
4,2,1,6,1,2,0,0,120,0,0
4,2,1,9,0,4,0,0,60,0,0
4,2,1,9,0,8,0,0,60,0,1
4,2,1,3,1,5,1,0,30,0,0
4,2,1,11,0,7,0,0,30,0,0
4,2,1,1,1,8,0,0,120,0,0
4,2,1,12,1,2,0,0,60,0,0
4,2,1,3,0,5,1,0,30,0,0
4,2,1,8,0,3,1,0,60,0,0
4,2,1,5,1,0,0,0,60,0,1
4,2,1,12,0,1,0,0,60,0,0
4,2,1,6,0,7,1,0,30,0,0
4,2,1,1,1,1,0,0,60,0,1
4,2,1,0,0,1,0,1,150,0,0
4,2,1,10,1,1,0,0,30,0,0
4,2,1,6,1,4,0,0,60,0,1
4,2,1,0,1,8,0,0,60,0,1
4,2,1,8,1,6,0,0,60,0,0
4,2,1,8,0,9,0,0,120,0,0
4,2,1,1,1,2,1,0,30,1,0
4,2,1,4,1,4,0,0,60,0,0
4,2,1,9,0,3,0,0,30,0,1
4,2,1,8,0,9,0,0,30,0,0
4,2,1,11,1,6,1,0,60,0,0
4,2,1,5,0,3,0,0,30,0,1
4,2,1,2,0,2,0,0,30,0,0
4,2,1,8,1,3,0,0,60,0,0
4,2,1,7,0,7,0,0,60,0,1
4,2,1,11,0,7,0,0,60,0,0
4,2,1,10,1,3,0,0,60,0,1
4,2,1,9,0,5,0,0,30,0,0
4,2,1,7,1,5,1,0,60,0,0
4,2,1,0,0,6,1,0,30,0,0
4,2,1,9,0,1,0,0,60,0,0
4,2,1,10,0,2,0,0,60,0,0
4,2,1,6,0,5,0,0,30,0,0
4,2,0,11,1,7,0,0,60,0,0
4,2,1,3,0,2,1,0,120,0,1
4,2,1,8,1,3,1,0,60,0,0
4,2,1,0,1,7,0,0,60,0,0
4,2,1,6,0,4,1,0,30,0,0
4,2,1,3,1,1,0,0,60,0,1
4,2,1,10,1,2,1,0,30,0,0
4,2,1,12,0,0,0,0,60,1,0
4,2,1,0,1,0,0,0,30,0,0
4,2,1,1,1,1,1,0,60,0,0
4,2,1,10,1,7,1,0,60,0,1
4,2,1,0,0,5,0,0,60,0,0
4,2,1,3,1,3,1,0,30,0,1
4,2,1,7,0,7,0,0,30,0,0
4,2,1,5,1,0,0,0,60,0,0
4,2,1,4,0,7,0,0,30,0,0
4,2,1,12,0,8,0,0,60,0,1
4,2,0,3,1,0,0,0,60,0,0
4,2,1,10,0,3,0,0,60,0,1
4,2,1,8,0,0,0,0,60,0,1
4,2,0,8,1,3,0,0,60,0,0
4,2,1,6,1,2,0,0,60,0,0
4,2,1,5,0,2,0,0,30,0,0
4,2,1,0,0,7,0,0,30,0,0
4,2,1,4,1,2,0,0,60,0,1
4,2,1,1,0,1,0,0,60,0,0
4,2,1,11,0,0,0,0,60,0,1
4,2,1,4,0,0,1,0,60,0,0
4,2,0,0,0,2,0,0,90,1,0
4,2,1,1,0,1,0,0,60,0,0
4,2,1,1,1,8,0,0,60,0,1
4,2,1,5,1,0,0,0,90,0,1
4,2,1,0,1,8,0,0,90,0,1
4,2,1,9,0,6,0,0,60,0,0
4,2,0,10,1,0,0,0,60,0,0
4,2,1,7,1,5,0,0,30,0,0
4,2,1,5,0,6,0,0,60,0,1
4,2,1,12,0,3,0,0,60,0,0
4,2,1,4,0,10,1,0,60,0,0
4,2,1,0,1,6,0,0,60,0,1
4,2,1,7,0,5,0,0,30,0,0
4,2,1,4,0,7,0,0,30,0,0
4,2,1,1,1,5,0,0,180,0,1
4,2,1,9,1,3,0,0,30,0,0
4,2,0,9,1,3,0,0,30,0,0
4,2,1,5,0,0,0,0,60,1,0
4,2,1,5,0,3,1,0,60,0,0
4,2,1,10,0,3,0,0,75,0,0
4,2,1,8,1,4,0,0,60,0,1
4,2,1,1,1,6,0,0,30,0,0
4,2,1,0,1,6,0,0,30,0,1
4,2,1,8,1,9,0,0,60,0,0
4,2,1,9,1,1,0,0,120,1,1
4,2,1,2,1,6,0,0,30,1,0
4,2,1,8,0,8,0,0,60,0,0
4,2,1,1,1,1,0,0,60,0,0
4,2,1,12,0,0,0,0,60,0,1
4,2,1,9,0,8,0,0,60,0,1
4,2,1,12,0,3,0,0,60,0,0
4,2,1,4,1,4,1,0,30,0,0
4,2,1,0,1,3,0,0,60,1,1
4,2,1,5,1,7,0,0,60,0,0
4,2,1,0,1,4,0,0,30,0,1
4,2,1,7,1,8,0,0,60,0,0
4,2,1,6,1,7,0,0,60,0,0
4,2,1,0,0,2,0,0,30,0,0
4,2,1,6,1,0,1,0,30,0,0
4,2,1,4,1,2,0,0,30,0,1
4,2,1,8,1,9,1,0,60,1,0
4,2,1,5,0,4,0,0,30,0,0
4,2,1,12,0,1,0,0,30,0,0
4,2,1,1,0,7,0,0,30,1,0
4,2,1,4,0,3,0,0,60,0,0
4,2,1,9,1,5,0,0,30,0,0
4,2,1,3,0,4,0,0,30,0,0
4,2,1,5,1,6,0,0,30,0,0
4,2,1,12,0,0,0,0,120,1,1
4,2,1,1,0,6,0,0,60,0,0
4,2,0,9,0,8,0,0,60,0,0
4,2,1,0,0,1,0,0,60,0,0
4,2,1,1,0,7,0,0,60,0,0
4,2,1,11,0,7,0,0,60,1,0
4,2,1,5,1,5,1,0,60,0,0
4,2,1,7,0,3,0,0,60,0,0
4,2,1,3,0,2,1,0,90,0,0
4,2,1,6,1,7,0,0,60,0,0
4,2,0,4,1,0,1,0,60,0,0
4,2,0,3,0,3,0,0,60,0,0
4,2,1,10,0,2,0,0,60,0,0
4,2,1,1,0,7,0,0,30,0,1
4,2,1,0,1,5,0,0,30,0,1
4,2,1,7,1,7,0,0,30,0,0
4,2,1,8,1,9,0,0,60,0,1
4,2,1,11,1,8,0,0,60,0,0
4,2,0,7,0,4,0,0,120,0,1
4,2,1,12,1,5,0,0,30,0,1
4,2,1,8,0,9,0,0,60,0,0
4,2,1,12,1,7,1,0,30,0,0
4,2,0,0,1,3,0,0,60,0,0
4,2,1,7,1,7,0,0,60,0,1
4,2,1,5,1,8,0,0,60,0,0
4,2,0,0,0,4,0,0,60,0,0
4,2,1,12,1,5,0,0,60,0,0
4,2,1,5,1,6,0,0,60,0,0
4,2,1,4,0,7,0,0,60,0,0
4,2,1,12,1,2,0,0,30,0,0
4,2,1,6,1,0,1,0,60,0,1
4,2,1,6,0,9,0,0,90,0,1
4,2,1,8,1,7,0,0,60,0,0
4,2,1,5,0,2,0,0,60,0,0
4,2,1,11,0,5,0,0,60,0,0
4,2,1,9,0,4,0,0,60,0,1
4,2,1,12,1,4,1,0,30,0,1
4,2,1,1,1,2,0,0,60,0,1
4,2,1,11,0,5,0,0,60,1,0
4,2,0,1,1,4,0,0,30,0,1
4,2,1,0,1,0,0,0,60,0,0
4,2,1,8,1,8,0,0,90,0,0
4,2,1,7,1,2,0,0,60,0,0
4,2,1,12,0,5,0,0,60,0,1
4,2,1,6,0,5,0,0,60,0,0
4,2,1,1,1,6,1,0,60,0,0
4,2,1,3,0,7,0,0,30,0,0
4,2,1,6,0,5,0,0,90,0,0
4,2,1,11,0,7,0,0,60,0,0
4,2,1,3,0,2,0,0,30,0,0
4,2,1,4,0,0,0,0,30,0,0
4,2,1,3,0,4,1,0,30,1,0
4,2,1,3,1,7,0,0,60,0,0
4,2,1,9,1,4,0,0,30,0,1
4,2,1,11,0,4,0,0,60,0,0
4,2,1,8,1,9,0,0,60,0,0
4,2,0,3,1,1,0,0,120,0,1
4,2,1,0,1,6,0,0,60,0,1
4,2,1,7,1,8,0,0,30,0,0
4,2,1,5,1,3,0,0,60,0,1
4,2,0,5,0,0,0,0,60,0,0
4,2,1,4,1,10,0,0,30,0,0
4,2,1,10,0,5,0,0,30,0,0
4,2,0,6,1,5,0,0,30,0,0
4,2,1,8,1,8,0,0,60,0,1
4,2,1,10,1,5,1,0,60,0,0
4,2,1,1,1,8,0,0,60,0,0
4,2,1,11,0,1,0,0,60,0,0
4,2,1,8,1,1,0,0,60,0,0
4,2,1,10,1,4,0,0,30,0,0
4,2,1,1,1,4,1,0,60,0,1
4,2,1,7,1,7,0,0,60,0,1
4,2,1,0,0,4,0,0,30,0,0
4,2,1,6,1,4,0,0,60,0,1
4,2,1,10,0,3,0,0,60,0,1
4,2,0,6,1,7,1,0,90,0,1
4,2,1,0,1,4,0,0,90,0,1
4,2,1,6,0,6,0,0,90,1,0
4,2,1,3,0,5,0,0,30,0,0
4,2,1,3,0,6,0,0,30,0,0
4,2,1,11,0,0,0,0,60,0,1
4,2,1,5,0,7,0,0,30,0,0
4,2,1,12,0,5,1,0,60,0,0
4,2,1,3,1,0,0,0,30,0,1
4,2,1,6,1,1,1,0,30,0,1
4,2,1,7,0,8,0,0,60,0,0
4,2,1,6,1,8,0,0,60,0,0
4,2,1,12,0,3,1,0,60,0,1
4,2,1,12,1,5,0,0,60,0,1
4,2,0,8,0,3,0,0,60,0,0
4,2,1,6,0,6,1,0,30,0,0
4,2,1,3,1,1,1,0,30,0,1
4,2,1,9,0,6,0,0,60,0,1
4,2,1,5,1,0,1,0,60,1,0
4,2,1,7,1,1,0,0,60,0,0
4,2,0,3,0,4,0,0,30,0,1
4,2,1,4,0,9,0,0,30,0,0
4,2,1,6,0,5,0,0,30,0,1
4,2,1,9,0,6,0,0,60,0,0
4,2,1,1,0,3,1,0,60,0,1
4,2,0,1,1,2,0,0,90,0,1
4,2,1,5,1,2,0,0,120,0,0
4,2,1,0,0,3,0,0,60,0,0
4,2,1,3,0,0,1,0,60,0,0
4,2,1,4,0,1,0,0,60,0,0
4,2,1,0,1,7,0,0,60,0,0
4,2,1,5,1,6,0,0,30,0,0
4,2,1,1,1,7,0,0,60,0,0
4,2,1,5,0,0,0,0,60,0,0
4,2,1,0,0,7,1,0,30,0,0
4,2,1,9,0,8,1,0,30,0,1
4,2,1,4,1,0,0,0,30,0,0
4,2,1,12,1,7,0,0,60,0,1
4,2,1,8,0,4,0,0,60,1,0
4,2,1,8,0,5,0,0,60,0,0
4,2,1,6,1,5,1,0,30,0,0
4,2,1,6,0,6,0,0,60,0,0
4,2,1,11,0,8,1,0,30,0,0
4,2,1,5,0,5,0,0,60,0,0
4,2,0,11,1,6,1,0,60,0,1
4,2,1,11,1,6,1,0,60,0,1
4,2,1,2,0,2,0,0,60,0,1
4,2,1,3,2,1,1,0,30,0,1
4,2,1,9,1,9,0,0,30,0,1
4,2,1,4,0,6,0,0,30,0,0
4,2,1,3,0,9,0,0,60,0,0
4,2,0,11,0,0,0,0,60,0,0
4,2,1,3,0,0,0,0,30,0,0
4,2,1,9,1,2,0,0,30,0,0
4,2,1,10,1,6,0,0,30,0,0
4,2,1,3,0,7,0,0,60,0,1
4,2,1,9,0,6,0,0,30,1,0
4,2,1,5,1,5,0,0,30,0,0
4,2,1,9,2,2,0,0,60,0,0
4,2,1,5,1,3,0,0,30,0,0
4,2,1,1,0,4,0,0,60,0,0
4,2,1,7,0,8,0,0,60,0,0
4,2,1,0,1,2,1,0,60,0,0
4,2,1,5,0,0,0,0,60,0,0
4,2,1,11,0,5,0,0,60,0,0
4,2,1,5,1,5,0,0,60,0,0
4,2,1,0,0,5,0,0,30,0,0
4,2,1,11,1,0,1,0,60,0,1
4,2,1,6,1,2,0,0,30,0,0
4,2,0,6,0,8,0,0,60,0,0
4,2,1,4,0,1,0,0,30,0,0
4,2,1,12,0,0,0,0,60,0,0
4,2,1,12,0,7,0,0,60,0,0
4,2,1,10,0,0,0,0,60,0,0
4,2,1,12,0,4,0,0,30,0,0
4,2,1,4,1,4,0,0,60,0,1
4,2,1,6,0,2,0,0,60,0,0
4,2,1,9,0,7,0,0,60,0,1
4,2,1,1,1,2,0,0,30,0,0
4,2,1,11,0,3,0,0,60,0,0
4,2,1,3,0,0,0,0,30,0,0
4,2,1,10,1,9,0,0,30,0,0
4,2,1,4,0,2,0,0,60,0,0
4,2,1,6,0,5,0,0,60,0,1
4,2,1,6,1,0,0,0,30,0,0
4,2,1,12,1,2,0,0,90,0,0
4,2,1,4,1,8,0,0,60,0,0
4,2,0,11,0,4,0,0,60,0,0
4,2,1,12,0,8,0,0,30,0,0
4,2,1,1,0,5,1,0,60,0,0
4,2,1,2,1,5,0,0,60,0,0
4,2,1,6,1,9,0,0,60,0,0
4,2,1,5,0,2,1,0,60,0,0
4,2,1,0,1,0,1,0,90,0,0
4,2,1,9,0,7,1,0,60,0,0
4,2,1,0,1,2,1,0,30,0,0
4,2,0,1,0,7,1,0,30,0,0
4,2,1,9,1,2,1,0,30,0,0
4,2,1,5,1,5,1,0,90,1,1
4,2,1,7,1,1,1,0,60,0,1
4,2,1,11,0,4,1,0,60,0,1
4,2,1,8,0,7,1,0,60,0,0
4,2,1,8,0,9,1,0,60,1,0
4,2,1,11,0,1,1,0,60,0,0
4,2,1,9,1,5,1,1,70,0,0
4,2,1,8,0,7,1,1,150,0,1
4,2,1,3,0,8,1,0,60,0,0
4,2,1,1,1,3,1,0,60,0,0
4,2,1,6,0,6,1,0,90,0,0
4,2,1,2,0,7,1,1,60,0,0
4,2,1,9,1,5,0,0,60,0,1
4,2,1,0,1,8,1,0,30,0,0
4,2,1,12,1,7,0,0,60,0,1
4,2,1,0,1,6,1,0,30,0,0
4,2,1,3,1,6,0,0,30,0,0
4,2,1,6,0,9,0,1,150,0,1
4,2,0,6,1,7,1,0,30,0,1
4,2,1,9,0,4,1,1,135,0,0
4,2,1,0,0,9,1,0,30,0,0
4,2,1,0,1,8,0,0,60,0,0
4,2,1,10,0,6,0,0,60,0,0
4,2,0,12,0,0,0,0,180,1,1
4,2,1,1,0,3,0,0,60,0,1
4,2,1,6,0,9,0,0,60,0,0
4,2,1,2,0,10,0,0,60,0,1
4,2,1,7,1,9,1,0,30,0,0
4,2,0,6,0,9,0,0,90,0,0
4,2,1,9,0,6,0,0,60,0,0
4,2,1,12,0,7,1,0,60,0,1
4,2,1,5,0,0,1,0,120,0,0
4,2,1,10,0,7,0,0,60,0,0
4,2,1,1,1,0,0,0,30,0,0
4,2,1,10,0,2,0,0,30,0,0
4,2,1,6,1,7,0,0,60,0,0
4,3,1,6,1,2,0,0,30,0,0
4,3,1,0,0,8,1,0,30,0,1
4,3,1,1,0,9,0,0,30,0,0
4,3,1,7,1,9,0,0,120,0,0
4,3,1,11,1,5,0,0,60,0,0
4,3,1,2,1,1,0,0,60,0,0
4,3,1,8,0,1,0,0,180,0,0
4,3,1,6,1,6,0,0,120,0,0
4,3,1,9,1,0,0,0,60,0,0
4,3,0,1,1,8,0,0,60,0,0
4,3,1,3,1,1,0,0,30,0,1
4,3,1,4,0,1,0,0,60,0,0
4,3,1,3,1,1,2,0,60,0,1
4,3,1,5,0,2,0,0,60,0,0
4,3,1,0,1,9,1,0,60,0,1
4,3,0,7,0,5,0,0,60,0,0
4,3,1,4,0,2,0,0,60,0,0
4,3,1,1,0,9,1,1,40,0,0
4,3,1,6,0,6,0,0,90,0,0
4,3,1,5,1,7,1,0,90,0,0
4,3,1,3,0,4,0,0,60,0,1
4,3,1,1,1,3,0,0,90,0,0
4,3,1,11,1,9,0,1,90,0,1
4,3,1,3,0,4,0,0,60,0,0
4,3,1,0,0,5,0,0,30,0,1
4,3,0,0,1,4,0,0,30,0,0
4,3,1,11,1,7,1,0,30,0,0
4,3,0,0,0,0,0,0,50,0,0
4,3,1,7,1,6,0,0,60,0,0
4,3,1,11,1,7,1,0,60,0,0
4,3,1,6,0,9,1,0,30,0,0
4,3,1,12,0,0,0,0,30,1,0
4,3,1,9,0,7,0,0,60,0,0
4,3,1,5,1,5,1,0,120,0,0
4,3,1,8,0,7,0,0,150,0,0
4,3,1,11,0,2,0,0,30,0,0
4,3,1,1,0,4,0,0,90,0,0
4,3,1,3,0,4,0,0,90,0,1
4,3,1,10,1,0,0,0,60,0,0
4,3,1,6,0,2,0,1,30,0,1
4,3,1,11,1,7,0,0,60,1,0
4,3,1,6,0,8,0,0,60,0,1
4,3,1,6,0,4,1,0,30,0,0
4,3,1,4,1,10,1,0,60,0,0
4,3,1,8,1,9,0,1,120,1,0
4,3,0,5,0,7,0,1,90,0,0
4,3,1,11,0,2,0,0,120,0,1
4,3,1,7,0,8,0,0,90,0,0
4,3,0,1,0,5,0,0,150,1,0
4,3,1,12,0,3,0,0,30,0,1
4,3,1,6,1,8,1,0,30,0,0
4,3,1,9,1,2,0,0,60,0,0
4,3,0,5,1,0,0,0,120,1,1
4,3,1,7,1,3,0,0,60,0,0
4,3,1,7,1,8,0,0,60,0,0
4,3,1,0,1,7,0,0,60,0,1
4,3,1,11,1,2,0,0,60,0,1
4,3,1,1,1,8,0,0,150,0,1
4,3,1,6,0,9,0,0,30,0,0
4,3,1,11,0,0,0,1,30,0,0
4,3,1,3,1,3,0,0,50,0,1
4,3,1,6,1,3,1,0,30,0,0
4,3,1,4,1,1,0,0,60,0,0
4,3,1,3,1,6,1,0,90,0,0
4,3,1,4,0,1,0,0,60,0,0
4,3,1,0,0,7,0,1,60,0,0
4,3,1,3,0,5,0,0,60,0,0
4,3,1,6,0,8,0,0,30,1,0
4,3,1,12,1,3,1,0,30,0,0
4,3,1,11,0,3,0,0,60,0,0
4,3,1,8,1,2,0,0,180,0,1
4,3,1,9,0,2,0,0,60,0,0
4,3,1,12,0,5,0,0,60,0,0
4,3,1,9,1,0,1,1,60,0,1
4,3,1,7,0,8,1,0,60,0,0
4,3,1,11,1,7,0,1,30,0,1
4,3,1,5,1,2,1,0,60,0,1
4,3,1,0,1,8,0,1,30,0,0
4,3,1,11,0,1,0,0,60,0,1
4,3,1,11,0,7,0,0,60,0,0
4,3,1,12,0,8,1,1,30,0,0
4,3,1,10,0,4,1,0,60,0,0
4,3,1,8,0,3,0,0,60,0,0
4,3,1,1,1,5,0,0,60,0,0
4,3,1,3,0,2,1,0,45,0,0
4,3,0,12,1,2,0,0,90,0,0
4,3,1,11,0,2,0,0,90,0,0
4,3,1,6,1,6,0,0,60,0,0
4,3,1,5,0,3,0,0,60,0,0
4,3,1,2,0,6,0,0,30,0,0
4,3,1,3,1,1,1,0,30,1,0
4,3,1,8,1,1,0,0,40,0,0
4,3,1,6,0,4,0,1,60,0,0
4,3,0,6,0,5,0,0,60,1,0
4,3,1,3,1,3,0,0,60,1,0
4,3,1,6,0,4,1,0,30,0,1
4,3,1,10,0,6,1,0,30,0,0
4,3,1,7,1,0,0,1,60,0,1
4,3,1,11,1,2,0,0,60,0,0
4,3,1,3,0,3,0,0,30,1,0
4,3,1,11,1,0,0,0,60,0,0
4,3,1,7,1,1,0,0,30,0,0
4,3,0,9,0,9,1,0,60,0,1
4,3,1,5,0,3,0,1,30,1,0
4,3,1,0,1,8,0,1,120,0,1
4,3,1,0,0,5,0,0,90,0,0
4,3,1,3,0,2,0,0,90,0,0
4,3,1,5,0,6,0,0,60,0,0
4,3,1,9,2,3,0,2,60,0,1
4,3,1,12,0,0,0,0,60,0,0
4,3,1,7,0,2,0,0,90,0,0
4,3,1,6,1,4,0,0,60,0,0
4,3,1,11,0,6,0,0,180,0,0
4,3,1,11,1,3,0,0,30,0,0
4,3,1,12,0,9,0,0,120,0,0
4,3,0,9,0,2,1,0,60,0,0
4,3,1,8,0,6,0,0,60,0,0
4,3,0,3,0,1,0,0,60,0,0
4,3,1,11,0,6,0,0,60,0,0
4,3,1,5,1,6,0,0,30,0,0
4,3,1,0,1,8,0,0,60,0,0
4,3,1,10,0,2,0,0,60,0,0
4,3,0,6,0,7,0,0,60,0,0
4,3,1,5,0,0,0,0,60,0,1
4,3,1,3,0,1,0,0,30,0,0
4,3,1,1,0,5,0,0,60,0,0
4,3,1,3,0,8,1,0,90,0,0
4,3,1,1,1,7,0,1,60,0,0
4,3,1,3,0,3,0,0,90,0,1
4,3,1,5,0,6,0,0,60,0,1
4,3,1,5,0,4,1,0,60,0,0
4,3,0,4,1,3,0,0,60,0,0
4,3,0,12,1,6,0,0,60,0,0
4,3,1,11,0,0,0,0,60,0,0
4,3,1,10,1,5,0,2,30,0,1
4,3,1,6,1,1,0,0,60,0,0
4,3,1,4,0,3,0,2,60,0,0
4,3,1,8,1,3,1,0,90,0,0
4,3,0,11,1,2,0,1,30,0,1
4,3,1,1,0,1,0,0,60,0,0
4,3,1,6,1,1,0,0,30,0,0
4,3,1,8,1,5,0,0,60,0,0
4,3,0,8,0,0,0,0,60,0,1
4,3,1,8,1,9,0,0,60,0,0
4,3,1,3,0,3,0,0,60,0,0
4,3,1,6,1,4,0,0,90,1,1
4,3,1,12,1,8,0,0,60,0,0
4,3,1,5,0,2,0,0,30,0,0
4,3,1,9,1,3,0,0,60,0,0
4,3,1,0,1,7,1,0,60,0,0
4,3,1,10,0,3,0,0,60,0,0
4,3,1,5,1,4,0,0,60,0,0
4,3,1,8,1,9,0,0,150,0,1
4,3,0,6,0,6,0,2,60,0,1
4,3,1,10,0,8,0,0,60,0,0
4,3,1,10,0,6,0,0,60,0,0
4,3,1,7,0,8,0,0,120,0,0
4,3,1,8,0,8,0,0,30,0,1
4,3,1,11,1,3,0,1,30,0,0
4,3,1,5,1,2,1,0,120,0,1
4,3,0,12,0,0,0,0,90,0,0
4,3,1,5,1,2,0,0,60,0,1
4,3,1,5,1,5,1,1,30,0,0
4,3,1,5,0,4,0,1,60,0,0
4,3,1,5,0,1,0,1,60,1,1
4,3,1,7,1,9,0,0,60,0,1
4,3,1,6,0,9,0,1,60,1,0
4,3,1,5,1,1,1,0,60,0,0
4,3,1,12,1,4,0,2,120,0,1
4,3,1,0,1,4,0,0,60,0,0
4,3,0,6,0,8,0,0,120,0,0
4,3,1,11,0,8,0,0,60,0,0
4,3,1,11,0,2,0,0,90,1,0
4,3,1,0,1,5,0,0,60,0,1
4,3,1,0,0,6,0,1,60,0,0
4,3,0,2,1,0,0,0,60,0,0
4,3,1,0,0,5,0,0,60,0,0
4,3,1,2,0,0,1,0,60,0,1
4,3,1,10,0,7,0,0,60,0,1
4,3,1,0,1,8,0,0,60,0,0
4,3,1,8,0,4,0,2,90,0,0
4,3,0,8,0,4,0,0,60,1,0
4,3,1,6,0,0,0,1,90,0,0
4,3,1,9,0,5,0,0,90,0,0
4,3,1,10,1,6,0,0,90,0,1
4,3,1,7,0,3,1,1,60,0,0
4,3,0,3,1,2,0,0,30,0,0
4,3,1,0,0,4,0,0,60,0,0
4,3,1,8,0,9,0,1,60,0,0
4,3,1,0,0,6,1,0,90,0,1
4,3,1,11,0,7,0,0,90,0,0
4,3,1,6,1,2,1,1,60,1,1
4,3,1,11,1,1,0,0,60,1,0
4,3,1,3,1,4,0,1,60,0,1
4,3,1,3,1,4,1,0,120,0,1
4,3,1,6,1,7,0,0,60,0,1
4,3,1,4,0,8,0,0,60,0,1
4,3,1,11,1,1,0,0,60,0,0
4,3,1,9,0,9,0,0,90,0,0
4,3,1,9,0,1,1,0,60,0,0
4,3,1,6,1,7,0,0,60,0,0
4,3,1,5,0,1,0,0,60,0,0
4,3,1,4,0,4,1,0,60,0,0
4,3,1,8,1,10,0,0,90,0,0
4,3,1,9,1,6,0,0,60,0,0
4,3,1,0,0,9,0,0,60,0,0
4,3,1,12,1,7,1,0,60,0,0
4,3,1,10,0,9,0,1,30,0,0
4,3,1,4,1,1,0,1,60,0,1
4,3,0,3,0,0,0,0,120,0,1
4,3,1,7,0,7,0,0,60,0,0
4,3,1,11,1,6,0,1,60,0,0
4,3,1,9,1,9,1,0,60,0,0
4,3,1,5,0,3,0,0,90,0,0
4,3,1,9,1,6,0,0,60,0,0
4,3,1,0,0,9,0,0,30,0,0
4,3,1,8,0,7,0,1,60,0,0
4,3,1,6,1,6,1,1,60,0,0
4,3,0,3,1,7,1,1,60,0,0
4,3,0,5,1,5,0,0,90,0,0
4,3,1,8,1,5,1,0,180,1,1
4,3,1,4,1,10,0,0,90,0,0
4,3,1,0,0,9,0,1,90,0,0
4,3,1,5,1,3,0,0,60,0,0
4,3,1,8,0,4,1,0,150,0,0
4,3,0,8,0,7,0,0,60,0,0
4,3,1,9,0,6,0,0,60,0,0
4,3,0,10,1,5,0,0,120,0,1
4,3,0,0,0,4,1,0,120,0,0
4,3,1,1,1,3,1,0,90,0,0
4,3,1,8,1,7,1,0,60,0,0
4,3,1,3,0,5,1,0,120,0,1
4,3,1,8,1,0,0,1,60,0,1
4,3,1,8,1,6,0,1,30,0,1
4,3,1,9,1,6,0,0,60,0,1
4,3,1,0,1,7,0,0,120,0,1
4,3,0,6,0,1,0,2,60,0,1
4,3,1,6,1,7,0,1,30,0,0
4,3,0,12,0,5,1,0,60,0,0
4,3,1,12,0,0,0,0,90,0,0
4,3,1,6,0,1,0,0,90,1,1
4,3,1,6,0,6,0,0,60,0,0
4,3,1,11,0,1,0,0,90,0,1
4,3,1,0,1,7,0,0,60,0,0
4,3,1,3,0,2,0,2,30,0,1
4,3,1,10,0,8,0,0,60,0,0
4,3,1,0,0,8,0,0,120,0,0
4,3,1,7,1,4,1,2,60,0,0
4,3,1,12,1,1,0,0,60,0,0
4,3,0,6,0,9,0,0,120,0,0
4,3,1,10,0,6,1,1,30,0,1
4,3,1,11,1,8,1,0,30,0,0
4,3,1,11,0,0,0,0,60,0,0
4,3,1,8,1,4,0,0,90,0,0
4,3,1,0,1,9,0,0,60,1,0
4,3,1,9,1,1,0,0,60,0,0
4,3,0,1,1,9,0,0,60,0,0
4,3,1,6,0,6,0,1,60,0,0
4,3,1,8,0,5,0,1,90,0,0
4,3,1,8,0,7,1,0,60,0,0
4,3,1,0,0,9,0,0,60,0,0
4,3,1,9,0,1,0,0,60,0,0
4,3,0,2,1,2,0,0,120,0,0
4,3,1,11,1,9,0,1,30,0,0
4,3,1,12,1,7,0,0,60,0,0
4,3,1,5,0,3,0,1,60,0,1
4,3,1,5,1,1,0,0,60,0,0
4,3,1,9,0,4,0,0,60,0,0
4,3,1,5,0,5,0,0,30,0,0
4,3,1,1,0,2,0,0,60,0,0
4,3,1,2,0,3,0,0,60,0,0
4,3,1,10,1,7,1,1,60,0,0
4,3,1,10,0,3,0,1,60,0,0
4,3,1,1,0,8,0,0,60,0,0
4,3,1,6,0,8,0,0,60,0,0
4,3,1,10,0,7,0,0,60,0,0
4,3,1,2,0,0,0,0,30,0,1
4,3,1,11,0,5,0,0,150,0,0
4,3,1,8,1,2,0,0,90,0,0
4,3,1,4,1,2,0,1,30,0,0
4,3,1,5,0,6,0,0,60,0,1
4,3,1,8,1,2,0,0,60,1,0
4,3,1,0,1,8,0,0,150,0,0
4,3,0,11,0,1,0,0,120,0,1
4,3,1,8,0,4,0,0,30,1,0
4,3,1,6,0,6,1,0,30,0,0
4,3,1,8,1,9,0,1,90,0,0
4,3,1,4,1,0,0,0,90,0,0
4,3,1,1,0,4,0,0,120,0,1
4,3,1,4,1,10,0,0,30,0,0
4,3,1,6,0,9,0,1,60,0,0
4,3,1,4,1,10,0,0,90,0,0
4,3,1,5,0,0,0,0,120,0,0
4,3,1,9,0,9,0,0,60,0,1
4,3,1,8,1,8,0,1,60,0,0
4,3,0,1,0,1,0,0,90,0,1
4,3,1,1,1,4,1,1,150,0,0
4,3,1,6,1,4,0,1,30,0,1
4,3,1,11,1,7,0,0,90,0,0
4,3,1,3,0,3,0,0,180,0,1
4,3,1,9,1,8,0,0,30,0,0
4,3,1,2,1,6,0,0,60,0,0
4,3,0,7,1,3,1,0,90,0,0
4,3,1,9,1,6,0,0,30,0,0
4,3,1,6,0,9,0,0,90,0,0
4,3,1,4,1,10,1,0,90,0,0
4,3,1,7,0,3,0,0,60,0,1
4,3,1,11,1,6,0,0,30,0,0
4,3,1,6,1,8,0,0,90,0,0
4,3,1,0,0,4,0,0,90,0,0
4,3,1,5,1,0,0,0,90,0,0
4,3,1,4,1,10,1,0,30,1,1
4,3,1,7,0,3,1,0,90,0,0
4,3,0,6,1,0,0,0,60,0,0
4,3,1,4,0,7,0,0,30,0,0
4,3,1,1,0,7,0,0,60,1,0
4,3,1,10,1,4,1,0,60,0,0
4,3,0,1,0,5,0,0,60,0,0
4,3,1,3,0,3,0,0,90,0,0
4,3,0,11,0,1,0,0,60,0,0
4,3,1,11,0,8,1,1,30,0,0
4,3,1,7,0,8,0,0,60,0,0
4,3,1,6,0,7,0,0,60,0,0
4,3,1,1,0,7,0,0,90,0,0
4,3,1,3,0,5,1,0,90,0,0
4,3,1,7,0,1,0,0,60,0,0
4,3,1,3,1,2,1,0,60,0,1
4,3,1,0,1,5,0,0,30,0,0
4,3,1,8,1,7,0,0,60,0,0
4,3,1,5,1,8,0,0,60,0,0
4,3,1,9,0,5,0,0,30,0,0
4,3,1,0,0,5,0,0,60,0,0
4,3,1,4,0,6,0,0,90,0,0
4,3,1,3,0,6,1,0,60,0,0
4,3,1,6,0,6,0,0,90,1,0
4,3,1,10,0,9,0,0,60,0,0
4,3,1,3,0,4,1,0,60,0,0
4,3,1,6,0,2,0,0,30,0,1
4,3,1,8,0,3,0,0,60,0,0
4,3,1,0,0,3,0,0,60,0,0
4,3,1,6,1,7,0,0,90,0,0
4,3,1,0,0,4,0,0,60,0,0
4,3,0,5,0,8,0,0,150,0,0
4,3,1,6,0,7,1,0,120,0,0
4,3,1,3,0,1,1,0,120,0,1
4,3,1,3,0,8,0,0,60,0,0
4,3,1,3,2,1,1,0,90,0,0
4,3,1,6,1,5,0,0,60,0,0
4,3,1,2,0,3,0,0,60,0,0
4,3,1,11,0,4,0,0,120,1,1
4,3,0,9,0,5,0,0,90,0,1
4,3,1,8,1,7,1,0,60,0,0
4,3,1,7,1,3,0,0,60,0,0
4,3,1,8,1,7,0,0,60,0,0
4,3,1,6,1,6,1,0,120,0,0
4,3,1,9,0,9,0,0,60,0,0
4,3,1,10,1,0,0,0,90,1,1
4,3,1,6,0,2,0,0,60,1,1
4,3,1,3,1,2,0,0,60,1,0
4,3,1,9,1,3,0,0,30,0,0
4,3,1,9,0,2,0,0,90,0,0
4,3,1,10,0,6,0,0,60,0,0
4,3,1,9,0,8,0,0,60,0,1
4,3,1,9,0,3,1,0,90,0,1
4,3,1,0,1,7,1,0,60,0,0
4,3,1,3,0,6,0,0,90,0,0
4,3,1,9,0,2,0,0,60,0,0
4,3,0,11,1,0,0,0,150,0,0
4,3,1,12,0,6,1,0,60,0,0
4,3,1,5,0,0,0,0,120,0,0
4,3,1,5,1,2,0,0,90,0,1
4,3,1,10,0,1,0,0,60,0,0
4,3,1,11,1,4,0,0,60,0,0
4,3,1,0,0,4,1,0,120,0,1
4,3,1,0,0,3,0,0,90,0,0
4,3,1,0,1,8,2,0,60,0,0
4,3,1,5,1,0,0,0,90,0,0
4,3,1,10,0,6,0,0,60,0,0
4,3,1,1,0,7,1,0,90,0,0
4,3,1,12,1,5,0,0,60,0,0
4,3,1,5,1,7,0,0,60,0,0
4,3,1,1,0,1,0,0,90,0,0
4,3,1,11,1,3,0,0,60,0,1
4,3,1,6,0,7,0,0,60,0,0
4,3,0,10,1,6,0,0,30,0,0
4,3,1,1,0,5,0,0,60,0,0
4,3,1,10,0,8,0,0,60,0,1
4,3,1,12,0,3,0,0,60,0,0
4,3,0,3,0,0,0,0,120,0,0
4,3,1,8,0,3,0,0,60,0,0
4,3,0,2,1,1,0,0,60,1,0
4,3,1,11,1,1,0,0,60,0,1
4,3,1,8,0,3,1,0,60,0,0
4,3,1,6,1,5,2,0,60,0,0
4,3,1,3,1,5,0,0,90,0,0
4,3,1,11,0,7,1,0,90,0,1
4,3,1,8,1,1,0,0,60,1,1
4,3,1,8,1,4,0,0,60,0,0
4,3,1,8,1,6,0,0,90,0,1
4,3,1,10,1,2,0,0,60,0,0
4,3,1,6,0,5,0,0,60,0,0
4,3,1,5,0,4,0,0,60,0,0
4,3,1,8,0,5,0,0,90,0,0
4,3,1,5,0,3,0,0,60,0,0
4,3,1,8,0,9,0,0,90,0,0
4,3,0,1,0,1,0,0,60,0,1
4,3,1,3,0,3,0,0,60,0,0
4,3,1,6,0,6,0,0,60,1,0
4,3,1,5,1,0,0,0,90,0,0
4,3,1,10,1,3,0,0,30,0,0
4,3,1,11,1,6,0,0,60,0,1
4,3,0,1,0,5,0,0,60,0,1
4,3,1,1,1,2,1,0,60,0,0
4,3,1,5,1,0,0,0,60,0,0
4,3,1,5,1,0,0,0,60,0,0
4,3,1,1,0,9,0,0,60,0,0
4,3,1,5,1,0,0,0,60,0,0
4,3,1,12,0,1,0,0,180,0,0
4,3,1,6,0,4,0,0,120,0,0
4,3,1,3,0,3,1,0,60,0,0
4,3,1,3,1,1,0,0,120,0,1
4,3,1,10,0,3,0,0,120,0,1
4,3,1,6,0,6,0,0,30,0,0
4,3,0,9,0,3,0,0,60,1,1
4,3,0,10,0,0,0,0,60,0,1
4,3,1,10,0,1,0,0,120,0,1
4,3,1,0,0,8,0,0,90,0,0
4,3,1,11,2,0,0,0,30,0,1
4,3,1,0,0,3,0,0,60,0,0
4,3,0,3,2,0,0,0,60,0,1
4,3,1,7,0,8,0,0,60,0,0
4,3,1,4,0,10,0,0,60,0,0
4,3,1,1,1,2,0,0,60,0,0
4,3,1,5,1,0,0,0,60,0,0
4,3,0,1,0,9,0,0,60,0,0
4,3,1,12,1,7,0,0,60,0,0
4,3,1,1,1,3,0,0,60,0,1
4,3,0,8,0,2,0,0,60,0,0
4,3,1,4,0,3,0,0,60,0,0
4,3,1,9,1,2,0,0,60,0,0
4,3,1,2,0,4,0,0,60,0,0
4,3,0,5,0,2,1,0,120,0,0
4,3,1,7,0,7,1,0,60,0,0
4,3,1,8,1,8,1,0,60,0,0
4,3,1,1,0,3,0,0,120,0,1
4,3,1,0,0,8,0,0,30,0,0
4,3,0,6,0,6,0,0,180,0,0
4,3,1,10,1,8,0,0,120,0,1
4,3,1,11,1,5,0,0,60,0,0
4,3,1,10,0,8,0,0,60,0,0
4,3,1,11,1,1,0,0,60,0,0
4,3,1,4,0,8,0,0,60,0,0
4,3,1,4,1,1,1,0,60,0,1
4,3,1,9,0,1,0,0,60,1,0
4,3,1,7,0,8,0,0,60,0,0
4,3,1,3,1,2,1,0,60,0,1
4,3,1,9,0,5,0,0,60,0,0
4,3,1,5,0,0,0,0,60,0,0
4,3,1,4,0,1,0,0,90,0,1
4,3,1,3,1,2,0,0,90,0,0
4,3,0,6,1,0,0,0,180,0,1
4,3,0,12,1,5,0,0,90,0,1
4,3,1,2,0,5,0,0,60,0,0
4,3,1,11,0,8,1,0,60,0,0
4,3,1,1,0,5,0,0,90,0,0
4,3,1,6,0,5,0,0,90,0,0
4,3,1,5,0,7,0,0,60,0,0
4,3,1,12,1,2,0,0,120,0,1
4,3,1,6,0,6,0,0,60,0,0
4,3,1,5,1,6,0,0,60,0,0
4,3,1,10,0,5,0,0,120,0,1
4,3,1,9,1,3,0,0,60,0,1
4,3,1,3,0,2,0,0,120,0,1
4,3,1,8,1,4,0,0,90,0,1
4,3,1,3,0,1,0,0,60,0,0
4,3,1,5,1,0,0,0,30,0,1
4,3,1,7,1,4,0,0,60,0,1
4,3,1,11,0,2,0,0,60,0,0
4,3,1,5,0,5,1,0,30,0,0
4,3,1,0,1,9,0,0,60,0,0
4,3,1,6,1,7,0,0,60,0,0
4,3,1,3,0,7,0,0,60,0,1
4,3,1,10,1,2,0,0,60,0,0
4,3,1,4,1,6,0,0,30,0,1
4,3,1,12,1,1,0,0,120,0,1
4,3,1,9,1,4,0,0,60,0,0
4,3,1,9,1,4,0,0,60,0,1
4,3,0,3,0,3,0,0,150,0,0
4,3,1,0,1,4,0,0,30,0,1
4,3,1,1,0,1,0,0,60,0,0
4,3,1,6,0,7,0,0,40,0,0
4,3,1,1,0,3,1,0,30,0,0
4,3,1,12,0,4,0,0,90,0,0
4,3,1,1,1,1,0,0,60,1,1
4,3,1,11,1,6,0,0,30,0,0
4,3,1,0,0,4,1,0,60,1,0
4,3,1,5,0,5,0,0,60,0,0
4,3,1,1,0,9,0,0,30,0,0
4,3,1,8,0,9,0,0,60,0,0
4,3,1,10,0,1,0,0,60,0,0
4,3,1,3,1,3,0,0,120,0,0
4,3,1,4,1,7,0,0,60,0,0
4,3,1,6,0,5,0,0,90,0,0
4,3,1,0,0,7,0,0,60,0,0
4,3,1,7,0,5,0,0,30,0,0
4,3,1,8,1,8,0,0,120,0,1
4,3,1,0,1,1,0,0,60,0,0
4,3,1,12,0,0,0,0,120,0,1
4,3,1,3,0,2,1,0,60,0,1
4,3,1,6,1,2,1,0,60,0,0
4,3,1,5,0,2,0,0,60,0,0
4,3,1,9,1,5,0,0,120,0,1
4,3,1,8,0,5,0,0,60,0,1
4,3,1,8,0,9,0,0,60,0,1
4,3,1,8,1,7,0,0,60,0,0
4,3,1,11,1,2,1,0,120,0,1
4,3,1,8,0,8,0,0,60,1,0
4,3,1,5,0,5,1,0,60,0,0
4,3,1,7,1,2,0,0,120,0,0
4,3,1,0,1,6,0,0,60,0,0
4,3,1,4,0,0,0,0,120,0,1
4,3,1,0,0,8,0,0,90,0,0
4,3,1,10,0,7,0,0,90,0,1
4,3,1,9,1,6,0,0,30,0,0
4,3,1,1,0,3,0,0,120,0,0
4,3,0,11,0,0,0,0,120,0,0
4,3,1,5,1,1,0,0,60,0,0
4,3,1,8,0,2,0,0,90,0,0
4,3,1,1,0,3,1,0,60,0,0
4,3,1,6,0,9,1,0,30,0,0
4,3,1,9,0,3,0,0,120,0,0
4,3,1,3,0,2,0,0,60,0,1
4,3,1,4,1,3,0,0,90,0,1
4,3,1,3,1,7,0,0,120,0,1
4,3,1,4,0,3,0,0,60,0,0
4,3,1,7,0,3,1,0,90,0,0
4,3,1,6,1,4,1,0,60,0,0
4,3,1,11,1,1,0,0,120,0,1
4,3,1,9,0,2,1,0,60,0,0
4,3,1,7,1,7,0,0,60,0,1
4,3,1,6,1,7,0,0,30,0,0
4,3,1,7,0,3,0,0,90,0,0
4,3,1,5,1,5,0,0,60,0,0
4,3,1,7,1,1,0,0,90,0,0
4,3,1,1,1,8,0,0,60,0,0
4,3,1,5,1,0,0,0,120,0,0
4,3,1,7,1,7,0,0,30,0,0
4,3,1,5,0,3,0,0,30,0,0
4,3,1,5,0,5,0,0,60,0,0
4,3,1,6,0,7,0,0,60,0,0
4,3,1,5,1,0,0,0,60,0,0
4,3,1,6,1,6,0,0,60,0,0
4,3,1,4,0,10,1,0,60,1,0
4,3,1,0,1,5,0,0,120,0,0
4,3,1,11,0,1,0,0,30,0,0
4,3,1,8,1,3,0,0,30,0,0
4,3,1,7,0,5,1,0,60,0,1
4,3,1,11,0,6,0,0,60,0,0
4,3,1,5,0,6,0,0,60,0,0
4,3,0,2,0,1,1,0,90,0,1
4,3,1,10,0,2,0,0,60,0,1
4,3,1,8,0,9,0,0,60,0,0
4,3,1,5,1,3,0,0,60,0,1
4,3,0,2,0,1,0,0,60,0,0
4,3,1,0,1,2,0,0,60,0,1
4,3,0,6,0,4,0,0,60,0,1
4,3,1,3,1,1,0,0,60,0,0
4,3,1,5,0,0,0,0,60,0,0
4,3,1,3,0,2,0,0,60,0,1
4,3,1,4,0,3,1,0,60,0,0
4,3,1,6,1,9,0,0,60,0,1
4,3,1,1,0,8,0,0,90,0,1
4,3,1,8,1,2,0,0,30,0,0
4,3,1,6,1,3,1,0,60,0,0
4,3,1,1,0,0,0,0,90,0,1
4,3,1,11,0,3,0,0,150,0,1
4,3,1,10,0,6,0,0,60,0,0
4,3,0,7,1,8,0,0,360,0,1
4,3,1,6,1,2,0,0,120,0,0
4,3,1,0,0,1,0,0,90,1,1
4,3,0,9,0,5,0,0,120,0,0
4,3,1,4,1,2,0,0,120,0,1
4,3,1,5,0,0,0,0,60,0,0
4,3,1,8,0,9,1,0,60,0,1
4,3,1,12,0,4,0,0,60,0,0
4,3,1,7,1,9,1,0,60,0,0
4,3,1,0,0,9,0,0,120,0,0
4,3,1,6,1,4,0,0,30,0,0
4,3,1,0,1,2,0,0,120,0,0
4,3,1,7,1,5,0,0,60,0,0
4,3,1,0,0,8,0,0,90,0,1
4,3,1,4,2,10,0,0,60,0,0
4,3,1,5,1,6,1,0,60,0,0
4,3,1,8,0,9,0,0,120,0,1
4,3,1,5,0,0,0,0,60,0,0
4,3,1,6,0,8,0,0,60,0,0
4,3,1,10,1,7,0,0,60,0,0
4,3,0,0,0,8,0,0,120,0,1
4,3,1,6,0,2,0,0,60,0,0
4,3,1,6,0,5,0,0,60,0,0
4,3,1,0,1,1,0,0,120,0,1
4,3,0,3,0,1,0,0,210,0,0
4,3,1,5,1,7,0,0,90,0,1
4,3,1,6,0,6,0,0,60,0,0
4,3,1,0,0,8,0,0,60,0,0
4,3,1,0,1,7,1,0,60,0,1
4,3,1,11,1,7,1,0,30,0,0
4,3,1,4,0,7,0,0,60,0,0
4,3,0,9,0,2,0,0,60,0,1
4,3,1,6,1,2,0,0,60,0,0
4,3,1,12,1,7,0,0,60,0,0
4,3,1,0,1,7,1,0,180,0,0
4,3,1,11,0,6,0,0,30,0,0
4,3,1,0,0,4,0,0,30,0,1
4,3,1,10,0,8,0,0,60,1,0
4,3,1,10,1,1,0,0,30,0,0
4,3,1,3,1,3,0,0,60,0,0
4,3,1,2,1,10,0,0,90,0,0
4,3,1,6,1,7,0,0,60,0,0
4,3,1,6,0,5,0,0,60,0,0
4,3,1,3,0,1,0,0,60,0,1
4,3,1,6,0,7,0,0,60,0,0
4,3,1,1,0,7,0,0,60,0,0
4,3,1,4,0,3,0,0,210,0,1
4,3,1,0,0,4,0,0,60,0,0
4,3,1,0,1,4,0,0,90,0,1
4,3,1,8,0,8,0,0,60,0,0
4,3,1,0,0,4,0,0,60,1,1
4,3,1,4,1,2,0,0,60,0,0
4,3,1,10,0,7,0,0,90,0,0
4,3,1,5,1,3,1,0,60,0,1
4,3,1,6,0,5,0,0,30,0,0
4,3,1,12,0,2,0,0,90,0,0
4,3,1,8,0,9,0,0,60,0,0
4,3,1,11,1,3,1,0,90,0,1
4,3,1,11,1,4,0,0,90,0,1
4,3,1,8,1,1,0,0,60,0,1
4,3,1,6,0,9,0,0,60,0,0
4,3,1,4,1,10,0,0,120,0,1
4,3,1,12,0,6,0,0,60,0,0
4,3,1,1,1,8,0,0,60,0,0
4,3,1,10,0,4,0,0,30,0,0
4,3,1,11,0,7,0,0,60,0,0
4,3,1,6,0,5,0,0,30,0,0
4,3,1,6,0,6,0,0,30,0,0
4,3,1,6,0,6,0,0,30,0,0
4,3,0,6,0,2,0,0,30,0,0
4,3,1,3,0,1,0,0,120,0,0
4,3,1,12,1,5,0,0,60,0,0
4,3,1,6,0,1,0,0,30,0,0
4,3,1,6,1,0,0,0,60,0,0
4,3,0,7,1,7,1,0,60,0,1
4,3,1,4,1,10,0,0,90,0,1
4,3,0,8,0,8,0,0,60,0,0
4,3,1,8,1,4,0,0,90,1,1
4,3,1,8,0,3,0,0,60,0,1
4,3,1,6,0,4,0,0,30,1,0
4,3,1,6,0,2,0,0,240,0,1
4,3,1,8,0,7,0,0,60,0,0
4,3,0,11,0,4,0,0,60,0,1
4,3,0,1,0,6,0,0,60,0,1
4,3,1,6,0,8,0,0,60,0,0
4,3,1,0,0,8,0,0,60,1,0
4,3,1,9,0,5,0,0,60,0,0
4,3,0,6,0,0,0,0,60,0,0
4,3,1,10,0,9,1,0,60,0,0
4,3,1,1,0,6,0,0,60,0,0
4,3,1,12,1,5,0,0,120,0,1
4,3,1,0,0,5,0,0,90,0,0
4,3,0,8,1,3,0,0,60,0,0
4,3,1,10,1,4,0,0,90,0,0
4,3,1,6,1,5,2,0,60,0,1
4,3,0,6,0,7,0,0,30,0,0
4,3,0,12,0,5,0,0,90,0,0
4,3,0,4,1,5,0,0,120,0,1
4,3,0,6,1,4,0,0,30,0,1
4,3,1,2,1,8,0,0,90,0,0
4,3,0,6,0,5,0,0,30,0,0
4,3,0,11,0,4,0,0,120,0,0
4,3,1,5,1,3,1,0,90,0,0
4,3,1,3,0,1,0,0,150,0,1
4,3,0,11,1,1,0,0,60,0,1
4,3,1,4,1,4,0,0,60,0,0
4,3,1,0,0,8,0,0,60,0,0
4,3,0,7,1,1,0,0,60,0,1
4,3,0,3,1,1,0,0,150,0,1
4,3,1,6,0,3,1,0,60,0,0
4,3,1,6,1,6,0,0,120,0,1
4,3,1,6,1,6,0,0,60,0,0
4,3,1,3,1,0,1,0,30,0,1
4,3,1,6,0,7,0,0,60,0,1
4,3,1,12,1,3,1,0,30,0,1
4,3,0,3,1,1,0,0,120,0,0
4,3,0,4,0,1,0,0,60,0,1
4,3,1,6,0,9,0,0,30,0,1
4,3,1,10,1,1,0,0,60,0,0
4,3,1,6,1,3,0,0,60,0,0
4,3,1,8,0,6,0,0,60,0,0
4,3,0,10,1,2,0,0,60,0,0
4,3,0,6,0,6,0,0,90,0,0
4,3,1,7,0,8,0,0,60,0,1
4,3,1,11,0,4,0,0,60,0,1
4,3,1,8,0,4,0,0,60,0,1
4,3,1,9,1,4,0,0,120,0,1
4,3,1,1,1,5,0,0,60,0,1
4,3,1,10,0,2,0,0,60,0,0
4,3,1,8,1,4,1,0,120,0,1
4,3,1,8,0,9,0,0,90,0,0
4,3,1,3,0,2,0,0,120,0,1
4,3,1,5,1,3,0,0,30,1,1
4,3,0,3,1,2,0,0,90,0,1
4,3,0,6,0,7,0,0,120,0,0
4,3,1,5,1,1,1,0,30,0,0
4,3,1,12,0,8,0,0,60,0,0
4,3,1,12,0,1,1,0,30,0,0
4,3,1,10,1,4,1,0,60,0,0
4,3,1,0,1,8,1,0,60,0,1
4,3,1,4,0,4,1,0,60,0,0
4,3,1,9,0,8,0,0,60,0,0
4,3,1,8,0,8,0,0,60,0,0
4,3,1,3,0,9,0,0,60,0,0
4,3,0,3,0,4,0,0,90,0,1
4,3,1,5,0,9,0,0,90,0,1
4,3,1,11,1,0,0,0,90,0,0
4,3,1,3,1,4,1,0,30,0,0
4,3,1,4,0,1,0,0,60,0,0
4,3,1,12,0,2,0,0,60,0,0
4,3,1,1,1,5,0,0,60,0,0
4,3,1,11,1,0,0,0,90,0,0
4,3,1,6,0,1,0,0,30,0,0
4,3,1,8,1,4,0,0,60,0,0
4,3,1,8,0,1,0,0,90,0,0
4,3,0,5,1,2,0,0,60,0,0
4,3,1,12,1,5,1,0,60,0,0
4,3,1,3,1,2,1,0,120,0,0
4,3,0,9,1,2,1,0,60,1,0
4,3,1,3,0,6,0,0,60,0,0
4,3,1,6,1,3,0,0,60,0,0
4,3,1,6,0,6,0,0,60,0,0
4,3,0,6,0,5,1,0,180,1,1
4,3,1,6,1,3,0,0,120,0,0
4,3,1,0,0,6,0,0,60,0,1
4,3,1,4,1,7,1,0,60,0,0
4,3,0,4,1,10,1,0,120,0,0
4,3,1,4,1,10,0,0,120,0,0
4,3,1,12,0,4,0,0,60,0,0
4,3,0,10,0,6,0,0,60,0,1
4,3,0,7,1,1,0,0,30,0,0
4,3,1,7,1,8,0,0,60,0,0
4,3,1,10,0,5,0,0,60,0,1
4,3,0,3,1,1,1,0,60,0,0
4,3,1,6,0,2,0,0,60,0,0
4,3,1,3,1,5,0,0,60,0,0
4,3,0,7,0,0,0,0,60,0,0
4,3,1,11,0,9,0,0,60,0,0
4,3,1,8,0,9,0,0,150,0,1
4,3,1,6,1,8,0,0,60,0,0
4,3,0,3,0,0,0,0,120,0,0
4,3,1,12,0,5,0,0,60,0,0
4,3,1,0,0,8,0,0,60,0,1
4,3,0,3,1,0,0,0,120,0,1
4,3,1,3,0,5,0,0,60,0,0
4,3,1,2,1,10,0,0,60,0,0
4,3,1,4,0,7,0,0,60,0,0
4,3,1,6,0,1,0,0,60,0,0
4,3,1,0,0,5,0,0,60,0,1
4,3,1,6,0,9,0,0,60,0,0
4,3,1,12,0,1,0,0,60,0,0
4,3,1,0,0,7,0,0,60,0,0
4,3,1,5,0,7,0,0,60,0,0
4,3,1,0,1,2,0,0,30,0,1
4,3,1,8,1,6,0,0,60,0,0
4,3,1,4,0,4,0,0,150,0,0
4,3,1,9,1,6,0,0,60,0,0
4,3,1,4,0,3,0,0,30,0,1
4,3,1,6,1,5,1,0,30,0,0
4,3,1,10,0,6,0,0,60,0,0
4,3,0,0,0,0,0,0,60,0,1
4,3,1,6,0,4,0,0,30,1,0
4,3,0,6,0,9,0,0,30,0,0
4,3,1,1,1,1,0,0,60,0,0
4,3,1,4,1,10,0,0,90,0,0
4,3,1,3,1,2,0,0,60,0,0
4,3,1,5,0,6,0,0,60,0,0
4,3,1,6,0,5,0,0,30,0,1
4,3,0,6,0,0,0,0,180,0,0
4,3,1,7,1,6,1,0,60,0,1
4,3,1,3,0,4,0,0,120,0,1
4,3,1,6,0,8,1,0,60,0,0
4,3,1,6,0,6,0,0,30,0,1
4,3,1,9,1,3,0,0,60,0,0
4,3,1,0,1,6,1,0,60,0,0
4,3,1,5,0,0,0,0,120,0,0
4,3,1,1,1,5,0,0,60,0,0
4,3,1,3,2,0,0,0,120,0,1
4,3,1,4,1,10,0,0,90,0,0
4,3,1,6,1,4,1,0,60,0,1
4,3,1,6,0,8,1,0,60,0,0
4,3,1,4,1,10,1,0,60,0,0
4,3,1,9,0,5,0,0,60,0,0
4,3,1,11,2,3,0,0,90,0,0
4,3,1,6,1,7,0,0,60,0,0
4,3,1,8,1,4,0,0,60,0,1
4,3,1,10,1,7,1,0,30,0,0
4,3,1,2,1,1,0,0,30,0,0
4,3,1,9,1,1,1,0,60,0,0
4,3,1,6,1,9,0,0,60,0,0
4,3,1,8,1,5,0,0,60,0,0
4,3,1,5,0,0,0,0,30,0,0
4,3,0,7,0,3,1,0,30,0,0
4,3,1,10,0,5,1,0,60,0,0
4,3,1,6,0,0,0,0,30,1,1
4,3,0,6,0,9,0,0,30,0,0
4,3,1,9,0,6,0,0,60,0,0
4,3,1,3,1,0,0,0,60,0,0
4,3,1,11,1,3,0,0,30,0,1
4,3,1,6,0,3,0,0,60,0,0
4,3,1,11,0,4,1,0,60,0,0
4,3,1,1,0,2,0,0,120,0,1
4,3,1,7,1,0,0,0,60,0,0
4,3,0,8,0,2,1,0,60,0,0
4,3,0,5,1,0,0,0,60,0,0
4,3,1,6,0,7,0,0,30,0,0
4,3,1,0,0,8,0,0,60,0,0
4,3,1,6,0,4,0,0,30,0,0
4,3,1,3,0,1,0,0,90,0,0
4,3,1,9,0,6,1,0,60,0,0
4,3,1,3,1,2,0,0,120,0,1
4,3,1,1,0,4,0,0,90,0,0
4,3,1,1,0,7,0,0,60,0,0
4,3,1,1,1,0,0,0,60,0,1
4,3,1,6,0,6,0,0,90,0,0
4,3,0,6,0,2,0,0,30,0,0
4,3,1,4,0,1,0,0,90,0,1
4,3,1,2,0,5,0,0,90,0,0
4,3,1,11,0,9,0,0,120,0,0
4,3,0,3,1,1,1,0,120,0,1
4,3,1,8,0,7,0,0,60,0,0
4,3,1,6,0,4,0,0,60,0,0
4,3,1,8,0,9,0,0,60,0,1
4,3,1,0,0,2,0,0,90,0,0
4,3,1,1,0,5,1,0,30,0,0
4,3,1,6,0,5,0,0,30,0,0
4,3,1,7,0,2,0,0,60,0,0
4,3,1,1,0,0,0,0,120,0,1
4,3,1,12,1,5,0,0,30,0,0
4,3,1,6,0,6,0,0,30,0,0
4,3,1,6,1,5,2,0,30,0,0
4,3,1,2,1,3,0,0,30,0,0
4,3,1,6,0,9,0,0,30,0,0
4,3,1,7,0,7,1,0,60,0,0
4,3,0,1,0,6,0,0,60,0,0
4,3,1,1,0,3,0,0,30,0,0
4,3,1,2,0,5,1,0,60,0,0
4,3,1,7,1,2,0,0,30,0,1
4,3,1,6,1,1,0,0,60,0,0
4,3,1,4,0,1,0,0,60,0,1
4,3,1,3,0,3,0,0,120,0,1
4,3,1,6,0,1,0,0,60,0,0
4,3,1,11,1,0,1,0,60,0,0
4,3,1,7,0,2,0,0,60,0,0
4,3,1,11,0,3,1,0,90,0,0
4,3,1,6,0,5,0,0,120,1,0
4,3,1,3,0,2,0,0,60,0,0
4,3,1,2,0,1,0,0,60,0,0
4,3,1,4,1,10,0,0,120,0,0
4,3,1,6,0,0,0,0,30,1,0
4,3,1,6,0,4,0,0,30,0,1
4,3,1,6,0,4,0,0,40,0,1
4,3,1,6,0,1,0,0,40,0,1
4,3,1,6,0,7,0,0,30,0,0
4,3,1,2,0,10,0,0,60,0,0
4,3,1,10,0,2,1,0,30,0,1
4,3,0,8,1,5,2,0,30,0,0
4,3,0,8,0,6,1,0,30,0,0
4,3,1,6,0,9,1,0,60,0,0
4,3,0,0,0,3,1,0,240,1,0
4,3,1,5,1,7,1,0,60,0,0
4,3,1,5,1,5,1,1,45,1,0
4,3,1,8,1,6,1,0,60,0,0
4,3,0,0,1,1,1,0,90,0,1
4,3,1,6,0,8,1,0,60,0,0
4,3,1,4,1,10,1,0,30,0,0
4,3,0,0,1,4,1,0,60,0,1
4,3,1,11,1,0,1,0,60,0,1
4,3,1,8,0,6,1,0,30,0,0
4,3,1,4,0,6,1,0,60,0,1
4,3,1,9,1,5,0,0,150,0,0
4,3,1,9,1,3,1,0,60,0,0
4,3,1,7,1,6,1,0,60,0,0
4,3,1,6,0,8,0,0,140,0,0
4,3,1,1,0,8,0,0,60,0,0
4,3,1,4,1,3,0,0,90,1,0
4,3,1,5,1,0,1,0,60,0,0
4,3,1,11,0,6,1,0,90,0,1
4,3,0,6,1,7,0,0,60,0,0
4,3,1,8,0,6,0,0,30,0,0
4,3,1,4,1,4,0,0,60,0,0
4,3,1,9,0,3,0,0,30,0,0
4,3,1,6,0,8,0,0,30,0,0
4,3,0,10,0,4,1,0,90,0,0
4,3,1,3,0,4,0,0,30,0,0
4,3,1,0,0,4,1,0,60,1,1
4,3,1,5,1,7,0,0,120,0,0
4,3,1,4,0,2,0,0,60,0,1
4,3,1,3,2,1,1,0,90,0,0
4,3,1,10,1,3,0,0,60,0,0
4,3,1,7,0,5,1,0,30,0,0
4,3,1,0,1,3,0,0,90,0,0
4,3,0,0,1,7,1,0,120,0,1
4,3,1,2,1,5,0,0,60,0,0
4,3,1,7,1,2,0,0,60,0,0
4,3,1,6,1,6,0,0,60,0,1
4,3,1,9,1,6,0,0,30,0,1
4,3,1,11,1,5,1,0,60,0,0
4,3,1,8,0,5,0,0,60,1,0
4,3,1,9,0,2,0,0,60,0,0
4,3,0,10,0,9,1,0,30,0,0
4,3,1,6,1,1,0,0,60,0,1
4,3,1,2,0,4,0,0,60,0,1
4,3,1,9,1,7,0,0,30,0,0
4,3,1,11,0,6,0,0,90,0,0
4,3,1,8,0,8,0,1,120,0,1
4,3,1,8,0,6,1,0,60,0,0
4,3,1,5,1,1,0,0,60,0,1
4,3,1,10,0,8,0,0,120,0,0
4,3,1,8,1,7,0,0,60,0,0
4,3,1,8,1,9,0,0,60,0,0
4,3,1,0,1,9,0,0,30,0,0
4,3,1,9,0,4,1,0,30,0,0
4,3,1,11,0,6,1,1,60,0,0
5,0,0,7,0,3,0,0,60,0,0
5,0,1,10,0,8,1,0,60,0,0
5,0,1,9,0,1,0,0,60,0,0
5,0,1,11,1,7,0,0,120,1,1
5,0,1,8,1,4,0,0,90,0,1
5,0,1,3,1,1,1,1,120,0,0
5,0,1,4,1,10,0,2,60,0,1
5,0,1,9,0,5,1,0,60,0,0
5,0,0,5,2,0,0,0,60,0,0
5,0,1,10,0,3,0,0,60,0,1
5,0,1,7,0,3,1,1,120,0,0
5,0,1,4,0,10,0,0,120,0,0
5,0,0,3,0,0,1,0,60,0,1
5,0,1,11,0,0,1,0,150,0,0
5,0,0,2,1,5,1,1,150,0,0
5,0,1,8,0,9,0,0,60,0,0
5,0,0,12,1,4,0,0,140,1,0
5,0,1,12,0,0,0,1,60,0,0
5,0,1,2,1,10,1,1,180,0,1
5,0,0,1,0,4,0,1,60,1,0
5,0,1,5,1,7,1,0,60,0,1
5,0,1,2,1,7,0,0,60,0,0
5,0,1,10,0,6,0,0,120,0,0
5,0,1,11,1,6,0,0,60,1,1
5,0,1,0,1,2,0,0,60,1,0
5,0,1,7,1,3,0,1,120,0,1
5,0,1,12,1,4,0,0,60,0,0
5,0,1,3,0,4,0,1,120,0,0
5,0,0,0,0,0,0,0,120,0,0
5,0,1,3,0,2,1,0,120,0,0
5,0,0,8,0,7,1,0,60,0,0
5,0,1,11,0,3,1,1,60,0,0
5,0,1,2,1,10,0,1,310,0,0
5,0,1,8,1,9,0,0,60,0,0
5,0,1,7,1,7,0,0,60,0,0
5,0,1,4,0,3,1,0,60,0,0
5,0,1,5,0,5,0,0,60,0,0
5,0,1,9,0,5,1,0,60,0,0
5,0,1,11,1,7,1,0,60,0,1
5,0,0,3,1,2,1,0,60,0,0
5,0,1,12,1,1,0,0,120,0,0
5,0,1,8,0,9,0,0,90,0,0
5,0,1,4,1,6,0,1,120,0,0
5,0,1,0,0,8,1,0,60,0,0
5,0,0,9,1,1,0,0,60,0,0
5,0,1,0,0,5,0,0,60,0,0
5,0,1,4,2,10,0,0,120,0,0
5,0,0,9,0,8,0,0,90,0,0
5,0,0,2,1,5,0,0,60,0,1
5,0,1,11,1,2,0,1,210,0,1
5,0,1,4,0,10,1,0,60,0,0
5,0,0,8,0,6,0,0,60,0,1
5,0,1,0,0,5,0,1,120,0,0
5,0,1,12,1,3,0,0,60,0,0
5,0,1,4,1,10,1,0,100,0,0
5,0,1,1,0,6,1,0,60,0,0
5,0,0,5,1,1,0,0,60,1,0
5,0,1,7,0,6,0,0,60,0,0
5,0,1,12,0,3,0,2,120,0,1
5,0,0,11,1,0,0,1,225,0,0
5,0,0,3,0,3,0,0,60,0,0
5,0,1,1,1,2,0,0,60,1,0
5,0,1,8,1,5,0,0,60,0,0
5,0,1,0,0,9,0,0,60,1,1
5,0,1,12,0,5,1,1,180,0,0
5,0,1,3,1,4,0,0,60,0,0
5,0,1,6,0,3,0,0,60,0,0
5,0,1,7,0,5,0,2,90,0,0
5,0,1,0,0,6,0,0,270,0,0
5,0,0,10,1,0,1,0,60,0,0
5,0,0,6,0,1,1,0,135,0,1
5,0,1,9,0,4,1,0,120,0,1
5,0,1,5,1,4,0,0,120,0,0
5,0,1,11,0,4,0,0,90,0,0
5,0,1,10,0,9,0,1,180,0,0
5,0,1,10,1,0,0,2,120,0,0
5,0,1,2,1,10,0,1,120,0,0
5,0,0,0,1,0,0,0,60,0,1
5,0,1,3,0,4,1,0,60,0,1
5,0,1,11,0,9,0,0,150,0,0
5,0,1,4,1,1,0,3,120,0,0
5,0,1,5,1,0,0,1,180,0,1
5,0,0,8,0,2,1,0,60,0,0
5,0,1,4,1,7,0,0,150,0,0
5,0,1,10,0,9,1,0,90,0,0
5,0,0,7,0,6,1,1,100,0,0
5,0,0,7,0,4,0,0,120,0,1
5,0,1,0,0,3,0,0,60,0,0
5,0,1,4,1,10,0,0,90,0,0
5,0,1,4,0,0,1,0,90,0,1
5,0,1,0,0,9,0,0,60,0,0
5,0,1,3,1,7,0,0,90,0,0
5,0,1,5,1,0,0,1,60,1,0
5,0,0,11,0,6,0,1,150,0,1
5,0,1,0,0,4,0,0,90,0,1
5,0,0,9,1,8,1,1,60,0,0
5,0,1,8,1,8,0,0,60,0,1
5,0,0,0,0,5,0,0,60,0,0
5,0,1,5,0,5,1,0,60,0,0
5,0,1,3,0,2,1,0,60,0,0
5,0,1,1,1,6,1,0,90,0,0
5,0,1,1,1,4,0,0,60,1,0
5,0,1,0,0,8,0,0,60,0,0
5,0,1,7,1,3,0,0,120,0,0
5,0,1,11,1,0,0,0,90,0,0
5,0,1,8,0,5,0,0,60,0,0
5,0,1,6,0,3,0,0,60,0,0
5,0,1,3,1,3,0,0,60,0,0
5,0,1,10,1,6,1,1,120,0,0
5,0,1,11,1,6,0,0,60,0,0
5,0,1,5,1,4,1,1,60,0,1
5,0,1,4,0,0,0,2,120,0,0
5,0,1,5,0,2,0,1,60,0,0
5,0,1,8,1,8,0,0,60,0,0
5,0,1,5,1,3,0,3,180,0,1
5,0,0,1,1,1,0,1,150,0,0
5,0,1,8,1,1,1,0,150,0,0
5,0,0,8,1,8,1,0,90,0,0
5,0,1,7,0,5,0,1,240,0,0
5,0,1,0,1,9,0,0,60,0,0
5,0,0,5,0,3,0,0,60,0,0
5,0,0,3,0,2,0,0,60,0,0
5,0,1,0,1,5,0,0,60,0,0
5,0,0,2,1,0,0,0,60,0,1
5,0,0,6,1,4,1,0,60,0,0
5,0,1,5,0,0,0,1,240,0,0
5,0,1,11,0,7,0,1,60,0,0
5,0,1,1,0,6,0,0,60,0,0
5,0,0,8,0,5,1,2,120,0,0
5,0,1,9,1,8,0,0,80,0,0
5,0,1,5,0,6,1,1,120,0,0
5,0,1,4,0,2,0,1,210,0,0
5,0,1,3,1,1,1,1,120,0,0
5,0,1,5,1,0,0,0,120,0,1
5,0,0,3,0,3,0,1,90,0,0
5,0,1,11,0,0,1,2,60,0,1
5,0,1,3,1,9,1,0,60,0,0
5,0,0,3,0,8,1,1,240,0,1
5,0,1,11,0,4,0,0,120,0,1
5,0,0,11,0,3,0,0,180,0,0
5,0,1,3,1,9,1,0,60,0,1
5,0,1,11,1,2,0,1,180,0,0
5,0,0,3,0,2,1,0,120,0,1
5,0,1,4,0,0,0,1,120,0,0
5,0,1,3,0,3,1,0,120,0,1
5,0,1,3,0,7,0,0,60,0,0
5,0,1,11,1,4,0,0,60,0,0
5,0,1,11,1,1,0,1,180,0,1
5,0,1,6,0,9,0,0,60,0,0
5,0,0,11,0,6,1,2,120,0,0
5,0,1,10,0,9,1,0,60,0,1
5,0,1,0,1,6,0,1,60,0,0
5,0,1,0,0,4,0,0,60,1,0
5,0,1,12,1,5,1,0,60,0,1
5,0,1,8,1,5,0,1,70,1,1
5,0,0,12,0,7,1,0,60,0,0
5,0,1,11,1,1,0,0,60,0,0
5,0,1,0,0,7,0,0,90,0,0
5,0,1,8,1,7,0,0,120,0,0
5,0,1,10,0,2,0,0,60,0,0
5,0,0,7,0,3,1,0,90,0,0
5,0,0,5,0,0,0,1,150,0,0
5,0,1,3,0,3,1,2,120,0,0
5,0,1,3,1,2,0,0,90,0,1
5,0,0,6,1,6,1,1,120,0,0
5,0,1,4,1,10,0,1,210,0,0
5,0,1,3,0,0,0,0,70,0,0
5,0,1,8,0,7,1,1,120,0,0
5,0,0,7,0,5,1,0,60,0,0
5,0,0,8,0,9,1,0,60,0,0
5,0,1,7,1,5,0,0,60,0,0
5,0,1,5,1,2,0,3,180,0,0
5,0,1,11,1,1,0,2,60,0,0
5,0,1,8,0,8,0,0,60,1,0
5,0,0,1,1,6,0,0,60,0,1
5,0,0,9,1,4,0,0,60,0,1
5,0,1,11,1,3,0,0,120,0,0
5,0,1,11,1,5,0,0,60,0,1
5,0,1,1,0,0,0,0,120,0,0
5,0,1,2,0,8,0,2,120,0,0
5,0,1,5,1,1,0,0,60,0,0
5,0,1,5,1,8,1,1,150,0,0
5,0,0,6,1,1,0,1,90,0,0
5,0,1,5,1,0,0,0,60,1,0
5,0,1,0,0,9,1,0,60,0,0
5,0,1,12,1,6,0,1,60,0,0
5,0,1,0,1,7,0,2,120,1,0
5,0,1,0,1,9,1,1,60,0,0
5,0,1,0,1,4,0,0,60,0,0
5,0,1,5,1,3,0,1,150,0,0
5,0,1,8,0,9,1,2,60,1,0
5,0,1,1,1,4,0,1,60,0,0
5,0,1,9,0,3,0,0,120,1,1
5,0,1,0,0,3,0,1,180,1,0
5,0,1,3,0,4,0,3,180,0,0
5,0,1,3,0,0,0,0,60,0,0
5,0,1,2,0,5,1,0,60,0,0
5,0,1,12,1,5,0,0,120,0,0
5,0,1,5,1,7,1,0,60,0,0
5,0,0,10,1,0,0,0,135,0,1
5,0,1,2,0,10,0,0,60,0,0
5,0,1,0,0,3,0,1,60,0,0
5,0,0,0,1,7,0,1,120,0,0
5,0,1,4,0,4,1,0,90,0,1
5,0,1,5,1,4,1,0,60,0,0
5,0,1,9,1,2,0,0,120,1,1
5,0,1,8,1,2,0,0,270,0,0
5,0,1,5,0,7,1,1,150,0,0
5,0,1,7,0,2,1,0,180,1,1
5,0,1,11,0,9,1,2,60,0,0
5,0,1,0,0,9,0,0,60,0,0
5,0,0,3,0,5,0,1,120,0,0
5,0,1,12,1,4,1,1,120,0,0
5,0,1,10,0,1,0,0,60,0,0
5,0,1,0,0,9,0,0,120,1,0
5,0,1,5,1,9,0,0,60,0,0
5,0,0,9,0,4,0,0,60,0,0
5,0,1,8,1,8,0,0,120,0,0
5,0,0,6,1,2,0,1,180,0,1
5,0,1,6,0,2,0,0,60,0,0
5,0,1,3,0,1,1,2,120,0,1
5,0,0,3,0,2,0,1,60,0,0
5,0,1,7,0,4,0,0,60,0,0
5,0,1,3,0,6,1,0,90,0,0
5,0,0,7,1,0,0,0,60,0,0
5,0,1,12,0,0,0,1,210,1,1
5,0,1,0,0,1,0,2,60,0,0
5,0,0,5,0,3,0,0,60,0,0
5,0,1,3,0,6,0,0,60,1,0
5,0,1,0,1,0,0,0,60,0,1
5,0,1,10,1,0,1,1,120,0,1
5,0,1,9,1,9,0,0,120,0,0
5,0,0,11,1,0,0,0,60,1,0
5,0,0,5,0,1,0,1,60,0,0
5,0,0,7,1,8,1,0,90,0,1
5,0,1,5,0,4,0,0,120,0,0
5,0,1,3,2,1,0,0,60,0,0
5,0,1,9,1,3,0,1,210,0,0
5,0,1,0,0,4,0,0,120,0,0
5,0,1,8,1,7,0,0,60,0,0
5,0,1,6,0,8,0,0,60,0,0
5,0,1,5,1,3,0,1,90,0,1
5,0,0,7,1,9,0,0,180,0,1
5,0,1,11,0,5,0,0,180,0,1
5,0,1,11,0,5,1,1,135,0,0
5,0,1,9,1,8,1,1,120,0,0
5,0,0,2,0,9,0,0,60,0,1
5,0,1,0,1,2,1,0,60,0,0
5,0,1,0,0,8,1,0,60,0,0
5,0,0,11,0,7,1,1,120,0,0
5,0,1,1,1,9,0,1,60,0,0
5,0,0,3,1,7,0,0,60,0,0
5,0,1,5,1,5,0,0,60,0,0
5,0,1,0,0,6,0,0,120,1,1
5,0,1,2,0,5,0,2,180,0,0
5,0,1,4,0,5,0,1,150,0,0
5,0,1,3,0,0,0,2,180,0,0
5,0,1,9,1,2,1,1,60,0,0
5,0,0,1,0,1,0,1,90,1,1
5,0,1,6,1,9,0,2,120,0,0
5,0,1,10,1,5,0,1,60,0,1
5,0,1,11,1,2,0,2,150,0,0
5,0,1,9,0,5,0,1,120,0,0
5,0,1,7,1,3,0,1,60,0,0
5,0,1,8,1,7,0,0,60,0,0
5,0,1,3,1,5,0,1,105,0,1
5,0,1,9,1,4,0,0,210,0,1
5,0,1,1,1,4,0,1,120,0,0
5,0,1,0,0,3,0,0,120,0,0
5,0,1,10,0,3,0,1,60,0,0
5,0,1,9,1,9,0,1,120,0,0
5,0,1,0,1,3,0,2,150,0,1
5,0,0,5,1,2,0,0,90,1,1
5,0,1,12,0,4,0,1,150,0,0
5,0,1,0,1,5,0,1,90,0,0
5,0,1,8,1,8,1,0,60,0,0
5,0,0,9,1,3,0,0,60,0,0
5,0,1,11,0,8,0,0,120,0,0
5,0,1,10,0,9,0,0,90,0,0
5,0,1,12,0,4,0,0,60,0,0
5,0,1,9,0,2,0,1,60,0,1
5,0,1,8,1,0,0,1,360,0,0
5,0,0,4,0,1,0,1,60,0,0
5,0,1,8,1,8,0,0,60,0,0
5,0,1,5,1,2,1,0,60,0,0
5,0,1,9,1,5,1,1,120,0,0
5,0,0,3,0,4,1,0,60,0,1
5,0,0,9,0,5,1,0,60,0,0
5,0,1,10,1,3,0,2,120,0,0
5,0,0,3,0,1,0,0,90,0,1
5,0,1,6,0,5,0,0,60,0,0
5,0,0,7,0,8,1,0,60,0,0
5,0,1,5,0,6,0,0,60,0,1
5,0,1,11,1,7,0,0,60,0,0
5,0,0,8,0,5,0,0,60,0,0
5,0,1,0,1,7,0,2,120,0,0
5,0,1,8,0,4,0,0,60,0,0
5,0,1,0,0,8,0,0,90,0,0
5,0,1,0,1,9,0,2,60,0,0
5,0,1,0,0,6,1,0,60,0,0
5,0,0,11,1,3,0,0,90,0,0
5,0,1,8,1,8,0,0,60,0,1
5,0,1,5,1,4,0,2,120,0,1
5,0,1,12,0,0,1,2,120,0,0
5,0,1,4,1,10,0,1,180,0,0
5,0,1,6,0,8,0,2,60,0,0
5,0,0,3,0,4,0,0,60,0,0
5,0,0,7,1,5,1,2,150,0,0
5,0,0,6,0,1,0,0,60,0,0
5,0,1,12,1,8,0,0,120,0,0
5,0,1,3,2,0,0,1,120,0,0
5,0,1,4,0,8,0,0,90,0,0
5,0,1,8,0,3,0,1,60,0,0
5,0,0,12,1,7,1,1,120,0,0
5,0,1,4,0,10,0,0,120,0,0
5,0,1,0,1,5,0,1,300,0,1
5,0,1,0,1,1,1,0,120,0,1
5,0,0,4,0,10,0,0,60,0,0
5,0,1,0,1,9,0,0,60,0,1
5,0,1,2,0,10,1,0,60,0,0
5,0,1,7,0,3,0,2,120,0,0
5,0,1,6,1,9,0,0,60,0,0
5,0,0,8,0,6,1,0,120,0,1
5,0,1,5,0,0,0,1,120,0,0
5,0,1,3,0,0,0,1,210,0,0
5,0,1,12,0,7,0,0,210,0,0
5,0,1,0,0,9,0,0,60,0,0
5,0,1,4,1,10,0,0,60,0,1
5,0,1,11,1,2,1,0,120,0,0
5,0,1,12,0,0,0,1,120,0,0
5,0,0,12,1,1,1,0,60,0,0
5,0,1,0,1,4,0,1,180,0,1
5,0,0,6,1,3,0,0,90,0,0
5,0,1,6,0,4,0,0,60,0,0
5,0,0,9,0,3,0,0,120,1,0
5,0,1,2,0,0,0,1,120,0,0
5,0,1,8,0,5,0,0,90,0,1
5,0,1,5,1,9,0,1,120,0,0
5,0,1,3,0,8,1,1,60,0,0
5,0,1,7,0,7,1,1,60,0,0
5,0,1,4,0,10,0,1,60,0,0
5,0,1,8,1,9,0,0,90,1,0
5,0,1,3,0,3,1,1,180,1,1
5,0,1,6,0,5,0,1,120,0,0
5,0,1,2,1,1,1,0,60,0,0
5,0,1,1,1,1,0,1,60,0,0
5,0,0,12,1,9,0,0,90,0,1
5,0,1,5,2,3,0,0,90,0,1
5,0,1,8,1,6,0,0,120,0,0
5,0,1,5,0,0,0,0,60,0,0
5,0,0,10,1,7,0,1,150,0,1
5,0,1,9,0,5,0,0,60,0,1
5,0,1,2,1,1,0,2,180,0,0
5,0,1,12,1,2,0,1,150,0,0
5,0,1,6,1,3,0,2,120,0,1
5,0,1,1,1,1,0,1,60,0,0
5,0,1,9,1,4,0,0,60,0,1
5,0,1,3,1,1,0,0,90,0,0
5,0,1,11,0,10,0,1,120,0,0
5,0,0,3,0,8,0,1,360,0,0
5,0,1,2,1,4,0,0,60,0,0
5,0,1,0,0,7,0,0,60,0,0
5,0,0,9,0,1,0,1,160,0,0
5,0,1,0,1,8,0,2,150,0,1
5,0,1,12,1,2,0,1,180,0,0
5,0,1,3,0,3,0,0,120,0,1
5,0,1,3,0,1,1,0,120,0,1
5,0,1,4,0,6,0,0,60,0,0
5,0,1,6,1,6,0,1,90,0,0
5,0,0,4,0,10,0,1,120,0,0
5,0,1,9,0,2,0,0,60,0,0
5,0,1,6,1,0,0,0,75,0,0
5,0,1,3,1,3,0,0,120,0,0
5,0,0,7,1,6,0,0,120,0,0
5,0,0,5,1,1,1,0,60,0,1
5,0,1,8,0,5,0,0,120,0,0
5,0,1,9,0,0,0,1,60,0,0
5,0,1,0,1,9,1,1,180,0,0
5,0,1,9,0,7,1,0,180,0,0
5,0,1,8,0,9,0,1,60,0,0
5,0,1,6,1,7,0,1,60,0,0
5,0,0,4,1,10,0,0,120,0,0
5,0,1,11,1,4,1,0,60,0,0
5,0,1,9,0,3,0,0,120,0,0
5,0,1,11,0,5,0,0,120,0,0
5,0,1,9,2,3,0,1,120,0,0
5,0,1,9,0,4,0,0,60,0,0
5,0,1,9,1,4,0,0,60,0,0
5,0,1,0,1,7,0,0,60,0,1
5,0,1,3,1,2,0,0,120,0,1
5,0,0,6,1,7,1,0,120,0,1
5,0,0,7,1,3,1,1,120,0,1
5,0,0,7,1,8,0,0,60,0,0
5,0,1,8,1,8,1,0,90,0,0
5,0,1,12,1,0,0,1,120,0,1
5,0,1,3,1,2,0,0,60,0,0
5,0,1,5,0,5,0,0,60,0,0
5,0,1,6,1,5,0,0,60,0,0
5,0,0,1,1,3,1,1,150,0,0
5,0,1,7,0,3,1,0,120,0,0
5,0,1,6,1,7,0,1,120,1,1
5,0,1,4,0,6,0,0,60,0,0
5,0,0,3,1,0,0,0,90,0,0
5,0,1,3,0,5,1,0,60,0,0
5,0,1,1,0,6,1,0,60,0,0
5,0,0,6,0,9,0,0,60,0,0
5,0,1,4,1,1,0,0,90,0,0
5,0,1,12,1,8,0,0,60,0,0
5,0,1,1,0,9,0,1,180,0,1
5,0,1,9,1,5,1,0,60,0,0
5,0,1,9,0,7,0,0,120,0,1
5,0,1,12,0,2,0,1,180,0,0
5,0,1,3,0,7,1,0,60,0,0
5,0,1,4,0,10,0,0,60,0,1
5,0,0,3,1,1,1,1,150,0,0
5,0,1,12,1,8,1,1,150,0,0
5,0,0,3,0,6,0,1,150,0,0
5,0,1,3,1,3,1,1,120,1,0
5,0,1,4,0,10,0,0,70,0,0
5,0,1,10,0,7,1,0,60,0,1
5,0,1,5,0,0,0,1,120,0,1
5,0,1,3,0,1,1,0,60,0,0
5,0,1,8,1,8,0,0,90,0,0
5,0,0,4,0,10,0,0,60,0,0
5,0,0,11,0,3,1,0,60,0,1
5,0,1,0,2,2,0,1,180,0,0
5,0,1,5,1,3,1,1,210,0,0
5,0,0,5,1,2,1,0,60,0,0
5,0,0,0,1,2,0,0,120,0,1
5,0,1,3,0,5,1,1,120,0,1
5,0,1,11,1,5,0,1,180,0,0
5,0,1,9,1,7,0,1,150,0,0
5,0,1,3,0,7,0,0,120,0,0
5,0,0,4,0,3,0,0,60,0,0
5,0,1,5,0,4,0,1,150,0,0
5,0,1,10,0,5,0,0,120,0,1
5,0,0,3,0,7,1,0,90,0,0
5,0,1,7,1,4,0,0,60,1,0
5,0,0,7,1,7,0,0,90,0,0
5,0,1,0,0,2,0,1,180,0,0
5,0,1,2,0,1,0,0,90,0,0
5,0,0,11,0,5,0,1,210,0,1
5,0,1,12,0,0,0,0,60,0,0
5,0,1,0,1,9,0,0,60,0,0
5,0,0,7,0,1,0,0,60,0,0
5,0,0,1,0,0,0,0,120,0,0
5,0,1,1,1,5,0,1,120,0,1
5,0,1,5,0,2,0,0,90,0,0
5,0,1,11,0,1,0,0,60,0,0
5,0,1,12,0,3,0,0,60,0,0
5,0,1,0,0,3,0,0,60,0,0
5,0,0,0,1,4,0,1,180,0,1
5,0,1,10,0,4,1,0,60,0,0
5,0,1,7,0,3,0,0,120,1,1
5,0,0,10,0,3,1,0,120,0,0
5,0,1,0,1,2,1,0,90,0,0
5,0,1,4,0,10,1,0,90,0,1
5,0,1,2,1,5,0,1,150,0,0
5,0,1,2,1,6,0,1,120,0,0
5,0,1,12,0,4,0,0,90,0,0
5,0,0,3,1,5,0,0,60,0,0
5,0,1,3,1,1,0,0,120,0,0
5,0,1,5,1,0,0,0,90,0,1
5,0,1,8,1,6,0,0,120,0,0
5,0,1,5,1,3,0,0,60,0,1
5,0,1,11,0,0,0,1,120,1,0
5,0,1,9,1,1,0,1,180,0,0
5,0,1,4,0,5,0,0,60,0,0
5,0,0,3,1,2,0,0,60,0,0
5,0,1,0,0,2,0,0,150,0,0
5,0,1,3,1,6,1,0,60,0,1
5,0,0,9,0,7,1,0,60,0,0
5,0,1,11,1,0,0,1,210,0,1
5,0,1,0,1,2,0,0,120,0,0
5,0,1,0,0,7,0,0,60,0,0
5,0,1,9,1,4,0,0,60,0,0
5,0,1,8,0,5,0,0,60,0,0
5,0,1,4,0,10,0,0,60,0,0
5,0,1,3,1,2,0,0,180,0,1
5,0,0,11,2,1,0,1,120,0,0
5,0,0,0,1,7,1,0,60,1,0
5,0,1,9,1,9,1,0,60,0,0
5,0,0,9,0,2,0,0,150,0,0
5,0,1,8,1,2,0,0,60,1,1
5,0,1,8,1,7,0,1,180,0,1
5,0,1,10,0,8,0,1,120,0,0
5,0,1,3,0,1,1,1,120,1,0
5,0,1,9,0,1,0,1,180,0,1
5,0,1,0,1,9,0,0,60,0,0
5,0,1,11,1,6,0,0,60,0,0
5,0,1,0,1,8,0,0,60,0,0
5,0,1,3,0,1,1,0,60,0,1
5,0,1,5,1,1,0,1,270,1,0
5,0,1,8,1,8,0,0,60,0,1
5,0,1,5,0,0,0,0,120,0,0
5,0,1,11,1,6,0,0,120,0,1
5,0,1,11,0,9,0,1,120,0,1
5,0,1,8,1,5,0,1,300,0,1
5,0,1,0,0,5,0,0,120,0,0
5,0,1,7,1,5,0,0,120,0,0
5,0,0,3,0,1,0,1,240,0,1
5,0,0,3,1,5,0,1,180,0,0
5,0,0,7,1,7,0,0,60,0,0
5,0,1,12,1,9,0,0,60,1,0
5,0,1,6,1,0,0,0,60,1,0
5,0,1,8,0,9,0,0,60,1,0
5,0,0,4,0,10,0,1,150,0,0
5,0,1,1,0,7,0,1,120,0,0
5,0,0,11,0,0,0,0,120,0,0
5,0,1,12,1,9,0,1,120,0,0
5,0,1,3,0,1,0,0,60,0,0
5,0,1,3,1,8,0,1,120,0,0
5,0,1,5,0,0,1,1,120,0,1
5,0,0,9,2,3,0,1,180,0,0
5,0,1,10,1,0,0,1,120,0,0
5,0,1,12,0,5,0,1,180,0,0
5,0,0,3,1,1,0,0,120,0,1
5,0,1,12,0,7,0,0,60,0,0
5,0,0,1,1,9,0,0,120,0,1
5,0,1,7,0,9,0,0,120,0,0
5,0,1,0,0,9,0,1,120,0,0
5,0,1,1,1,0,0,0,120,0,0
5,0,1,0,1,1,0,1,120,1,0
5,0,1,2,0,5,1,0,60,0,0
5,0,1,9,1,0,0,1,120,0,1
5,0,1,2,0,10,0,0,120,0,0
5,0,1,0,1,6,0,0,60,0,0
5,0,1,12,1,2,0,1,180,0,1
5,0,1,4,0,1,0,0,120,0,1
5,0,1,2,1,4,1,1,150,0,0
5,0,1,6,0,6,0,0,120,0,0
5,0,1,12,0,3,0,0,60,0,0
5,0,1,1,1,2,1,0,120,0,0
5,0,1,0,1,6,1,0,60,1,0
5,0,0,12,1,0,1,0,60,0,1
5,0,1,2,1,2,0,0,120,0,0
5,0,1,4,1,1,0,1,270,1,0
5,0,0,11,0,6,0,1,120,0,0
5,0,1,3,1,4,0,1,150,0,1
5,0,1,3,0,6,0,0,60,0,0
5,0,1,2,1,8,0,0,120,0,0
5,0,1,4,1,10,0,1,120,0,0
5,0,1,2,1,6,0,0,60,0,0
5,0,0,10,0,0,0,1,120,0,0
5,0,1,8,0,7,0,0,60,0,0
5,0,0,1,0,2,0,0,120,0,0
5,0,1,1,1,2,0,1,180,0,1
5,0,1,9,0,7,0,0,180,0,0
5,0,0,11,0,3,1,0,90,0,0
5,0,1,1,0,4,0,0,150,1,0
5,0,1,12,1,2,0,0,120,1,1
5,0,1,4,0,1,0,1,300,0,0
5,0,1,3,1,0,0,1,180,0,0
5,0,1,5,1,8,0,0,210,0,1
5,0,1,8,1,8,0,1,120,0,0
5,0,1,4,1,0,0,1,180,0,1
5,0,1,2,0,1,0,0,60,0,0
5,0,1,3,1,2,0,1,150,1,1
5,0,0,8,0,9,0,0,60,0,1
5,0,1,3,1,2,0,1,120,0,0
5,0,1,12,1,0,1,1,180,1,0
5,0,1,12,0,5,0,0,120,0,1
5,0,1,9,2,3,0,1,120,0,1
5,0,1,12,1,1,0,0,60,0,0
5,0,1,5,0,1,0,0,60,0,0
5,0,0,4,1,0,0,1,210,1,0
5,0,1,5,0,5,0,0,120,0,0
5,0,1,3,1,2,0,1,180,1,1
5,0,0,5,0,6,0,0,120,0,0
5,0,1,10,1,2,0,1,120,0,0
5,0,0,9,1,3,0,0,60,0,0
5,0,1,0,1,7,0,1,120,1,1
5,0,1,11,0,3,0,0,60,0,0
5,0,1,7,1,3,0,0,120,1,1
5,0,1,8,1,3,0,0,120,0,0
5,0,1,0,0,9,1,0,60,0,0
5,0,0,3,0,3,0,0,90,0,1
5,0,1,6,0,5,0,1,120,0,0
5,0,1,5,1,9,0,0,150,0,0
5,0,0,11,1,0,1,0,60,0,0
5,0,1,4,1,10,1,0,120,0,1
5,0,1,0,1,4,0,1,180,0,0
5,0,1,10,0,7,0,0,60,0,0
5,0,0,11,1,4,0,0,400,0,1
5,0,1,8,1,1,0,0,60,0,0
5,0,1,0,0,8,0,1,120,0,1
5,0,1,4,0,2,0,0,60,0,1
5,0,1,10,1,5,0,0,120,0,0
5,0,0,3,1,1,0,0,120,0,0
5,0,1,7,0,6,0,1,120,0,0
5,0,1,0,1,9,0,0,120,0,1
5,0,1,8,1,2,0,1,180,0,1
5,0,1,2,0,9,0,0,150,0,1
5,0,1,11,0,8,0,0,120,0,0
5,0,0,12,0,0,1,0,60,0,0
5,0,1,3,1,2,0,1,120,0,0
5,0,1,12,1,1,0,1,150,0,0
5,0,1,9,1,5,0,0,60,0,0
5,0,1,2,1,10,0,0,120,0,0
5,0,1,7,0,4,0,0,60,0,0
5,0,1,10,0,9,0,1,180,0,1
5,0,1,5,1,0,0,1,120,0,0
5,0,1,8,1,3,0,1,120,0,0
5,0,1,6,0,3,0,0,90,0,0
5,0,1,1,1,8,1,0,120,0,0
5,0,1,12,0,8,0,0,120,0,0
5,0,1,5,0,0,0,0,60,0,0
5,0,1,0,0,7,0,0,60,0,0
5,0,0,7,0,4,0,0,60,1,0
5,0,0,8,0,0,0,0,60,0,1
5,0,1,8,0,7,0,1,150,0,0
5,0,1,11,1,1,1,1,120,0,1
5,0,1,5,0,1,1,0,60,0,0
5,0,0,1,1,3,0,0,120,0,1
5,0,1,11,0,7,0,0,120,0,1
5,0,1,12,1,3,0,0,60,0,0
5,0,1,4,1,10,0,1,120,0,0
5,0,1,1,0,7,0,0,120,0,0
5,0,1,1,0,2,0,1,120,0,0
5,0,1,1,1,1,0,1,180,0,0
5,0,1,2,0,10,1,1,210,0,0
5,0,0,3,0,1,0,0,120,0,0
5,0,1,3,1,2,0,0,60,0,1
5,0,1,2,0,0,0,1,150,0,0
5,0,1,12,0,0,0,1,150,0,1
5,0,0,3,0,9,0,0,60,0,0
5,0,1,1,1,3,0,0,120,0,1
5,0,1,3,1,2,0,0,60,0,0
5,0,1,8,0,7,0,1,180,0,0
5,0,1,0,0,6,0,0,60,0,0
5,0,0,3,1,1,0,1,180,0,0
5,0,1,0,1,9,1,1,120,0,0
5,0,0,7,0,6,0,0,60,0,0
5,0,1,5,1,1,0,0,60,0,0
5,0,1,3,0,1,0,1,150,0,0
5,0,1,10,1,5,0,0,60,1,0
5,0,1,6,0,1,0,0,120,0,0
5,0,1,0,1,5,0,0,60,0,0
5,0,1,9,1,5,0,0,90,0,1
5,0,0,11,1,5,0,0,60,0,1
5,0,1,5,1,0,0,0,60,0,0
5,0,1,8,1,5,0,1,120,1,0
5,0,0,10,0,1,0,0,60,0,1
5,0,1,4,1,10,1,1,180,0,1
5,0,1,7,0,8,0,1,120,0,0
5,0,1,12,1,0,1,0,60,1,1
5,0,1,3,0,7,0,0,60,0,0
5,0,1,12,0,3,0,1,120,0,1
5,0,0,9,1,7,0,0,180,0,1
5,0,1,4,1,0,0,0,90,0,0
5,0,1,5,0,4,0,1,120,0,0
5,0,1,12,0,0,1,0,60,0,0
5,0,1,8,0,8,0,0,60,0,0
5,0,1,1,1,2,0,0,60,0,0
5,0,1,3,1,0,0,0,60,0,1
5,0,1,7,1,6,0,1,120,0,0
5,0,1,12,0,2,0,0,60,0,1
5,0,1,12,0,4,0,0,120,0,1
5,0,1,8,0,9,0,0,90,0,0
5,0,0,5,2,0,0,0,120,0,1
5,0,1,3,0,3,0,1,120,0,0
5,0,1,9,0,9,0,0,60,0,0
5,0,1,5,1,6,1,0,60,0,0
5,0,1,6,0,0,0,1,120,0,0
5,0,1,5,0,0,1,1,120,0,1
5,0,0,0,0,8,0,1,150,0,0
5,0,1,11,1,2,0,0,150,0,0
5,0,1,3,1,3,1,0,60,0,1
5,0,1,1,1,8,0,1,180,0,0
5,0,1,1,1,6,1,0,90,0,0
5,0,1,0,0,4,1,0,60,1,0
5,0,1,8,0,9,0,0,120,0,0
5,0,1,8,0,9,0,0,120,0,0
5,0,1,9,0,8,0,0,120,0,0
5,0,1,8,0,9,0,0,120,0,0
5,0,1,8,0,9,0,0,120,0,0
5,0,0,3,2,6,0,0,120,0,0
5,0,1,0,0,9,0,0,120,0,0
5,0,1,8,0,5,0,1,120,0,0
5,0,1,6,1,8,0,0,60,0,0
5,0,0,9,1,2,0,0,60,0,0
5,0,1,8,1,2,0,0,60,0,0
5,0,1,12,1,6,0,0,120,0,0
5,0,1,4,0,6,1,1,120,0,0
5,0,1,0,0,4,0,1,150,0,0
5,0,1,8,1,8,1,1,120,0,0
5,0,1,8,1,3,0,0,90,0,0
5,0,1,8,0,4,0,1,120,0,0
5,0,0,6,0,1,1,0,75,0,0
5,0,1,2,1,8,0,0,60,0,0
5,0,1,1,1,6,0,0,120,0,1
5,0,1,8,1,4,1,0,60,0,0
5,0,1,10,1,1,0,0,120,0,1
5,0,1,1,1,0,1,0,120,0,0
5,0,1,8,0,9,1,0,120,0,0
5,0,1,7,0,6,0,0,90,0,0
5,0,1,1,0,1,0,0,60,0,0
5,0,1,11,0,6,0,0,60,0,0
5,0,1,3,1,8,0,1,120,0,0
5,0,1,1,0,3,0,0,180,0,0
5,0,1,4,0,10,0,1,120,0,0
5,0,1,4,0,10,0,1,120,0,0
5,0,0,7,1,0,0,0,60,0,0
5,0,1,8,0,2,0,0,60,0,0
5,0,1,11,0,5,1,0,120,0,1
5,0,1,2,1,9,0,0,90,0,0
5,0,0,6,0,1,0,0,120,0,0
5,0,1,12,0,7,1,0,60,0,1
5,0,1,1,0,9,0,1,180,0,1
5,0,0,7,2,6,0,0,180,0,0
5,0,1,5,1,1,0,0,60,0,0
5,0,1,0,1,4,0,1,120,0,1
5,0,1,2,1,10,0,0,120,0,0
5,0,1,12,0,7,0,0,120,0,0
5,0,1,4,0,4,0,0,60,0,1
5,0,1,11,1,4,0,0,120,0,1
5,0,1,5,0,5,0,0,60,0,0
5,0,1,5,0,2,0,0,60,0,0
5,0,1,0,0,1,0,0,120,0,0
5,0,1,12,1,2,1,0,60,0,0
5,0,1,8,1,6,0,0,60,0,0
5,0,1,3,1,2,0,0,60,0,1
5,0,0,6,1,9,0,0,120,0,0
5,0,1,8,0,7,0,0,60,0,1
5,0,1,4,0,10,0,0,60,0,0
5,0,1,5,0,5,0,0,90,0,0
5,0,1,9,0,1,0,0,60,0,0
5,0,0,0,1,6,1,0,120,1,1
5,0,1,0,1,3,0,0,120,0,0
5,0,1,1,1,3,0,0,60,0,0
5,0,1,4,1,3,0,0,90,0,1
5,0,1,5,0,0,0,0,120,0,1
5,0,1,1,1,1,0,0,60,0,0
5,0,1,2,0,5,0,0,60,0,0
5,0,1,1,0,8,0,0,120,1,0
5,0,1,3,0,0,0,0,90,0,1
5,0,1,1,0,1,0,0,90,0,0
5,0,1,5,1,0,0,0,60,0,1
5,0,1,2,1,3,1,0,60,0,1
5,0,1,12,1,5,0,0,180,0,0
5,0,1,0,1,9,1,0,60,0,0
5,0,1,6,1,4,0,0,120,0,0
5,0,1,12,1,2,1,0,60,0,0
5,0,1,11,0,5,0,0,60,0,0
5,0,1,9,0,7,0,0,60,0,0
5,0,1,6,1,3,0,0,60,0,0
5,0,1,1,0,8,0,0,120,0,0
5,0,1,5,1,3,0,0,60,0,0
5,0,0,9,1,9,1,0,120,0,0
5,0,1,3,0,6,0,0,120,1,0
5,0,1,2,0,5,0,0,60,0,0
5,0,1,2,0,4,0,0,90,0,0
5,0,1,2,0,9,0,0,120,0,0
5,0,0,1,1,7,0,0,90,0,1
5,0,1,9,0,6,0,0,60,0,0
5,0,1,11,0,8,0,0,60,0,0
5,0,0,11,1,4,1,0,60,1,1
5,0,1,1,1,1,0,0,60,0,0
5,0,1,2,1,5,0,0,60,0,1
5,0,1,8,0,1,0,0,60,0,1
5,0,1,2,0,10,0,0,60,0,1
5,0,1,8,1,6,0,0,60,1,0
5,0,1,10,1,3,0,0,60,0,1
5,0,1,3,0,6,0,0,90,0,0
5,0,1,2,0,8,0,0,60,0,0
5,0,1,3,1,1,0,0,90,0,1
5,0,1,0,0,8,0,0,60,0,0
5,0,0,3,1,0,0,0,120,0,1
5,0,1,11,0,0,0,0,120,0,1
5,0,1,7,1,3,0,0,120,0,0
5,0,1,2,0,6,0,0,90,0,0
5,0,1,12,1,7,0,0,60,0,0
5,0,1,9,0,3,0,0,60,0,0
5,0,1,1,0,5,0,0,60,0,0
5,0,1,0,0,5,0,0,120,0,0
5,0,1,0,1,8,0,0,60,0,1
5,0,1,8,1,6,0,0,60,1,0
5,0,1,0,0,3,0,0,60,0,0
5,0,1,5,2,1,0,0,60,0,1
5,0,1,4,0,2,0,0,60,0,0
5,0,0,8,0,6,0,0,120,0,0
5,0,1,3,0,1,0,0,60,0,0
5,0,0,3,0,1,0,0,120,0,1
5,0,1,6,1,1,0,0,75,0,1
5,0,0,7,1,2,0,0,60,1,1
5,0,1,3,1,9,1,0,120,0,1
5,0,0,3,2,2,1,0,60,0,1
5,0,1,12,0,7,0,0,60,0,1
5,0,1,0,1,4,0,0,60,0,0
5,0,1,3,1,0,0,0,120,0,0
5,0,1,3,1,1,1,0,120,1,0
5,0,1,8,0,7,0,0,120,0,0
5,0,1,4,1,10,0,0,60,0,0
5,0,1,4,0,10,0,0,90,0,1
5,0,1,7,1,9,0,0,60,0,0
5,0,1,0,0,7,0,0,60,0,0
5,0,1,8,0,9,0,0,90,0,0
5,0,1,1,1,6,0,0,60,1,0
5,0,1,1,0,4,0,0,150,0,0
5,0,1,8,0,7,0,0,60,0,0
5,0,0,7,1,7,0,0,60,0,0
5,0,1,4,0,2,0,0,60,0,0
5,0,1,7,1,9,0,0,120,0,1
5,0,1,3,0,3,0,0,120,0,0
5,0,1,6,0,9,0,0,120,0,0
5,0,1,8,0,2,0,0,90,0,0
5,0,1,5,0,0,0,0,90,0,0
5,0,1,3,0,2,1,0,60,0,1
5,0,1,11,1,4,0,0,60,0,0
5,0,0,10,1,7,1,0,60,0,0
5,0,1,9,0,6,0,0,60,0,0
5,0,0,4,1,10,0,0,60,0,0
5,0,1,11,0,3,0,0,90,0,1
5,0,1,8,1,3,1,0,60,0,0
5,0,1,12,0,2,0,0,60,0,1
5,0,1,5,1,2,0,0,120,1,0
5,0,1,0,1,2,0,0,60,0,0
5,0,1,3,0,7,0,0,60,0,0
5,0,1,0,0,7,1,0,120,0,0
5,0,1,3,0,1,0,0,120,0,0
5,0,1,7,0,3,0,0,60,0,0
5,0,1,7,0,9,0,0,60,0,0
5,0,1,3,1,5,1,0,90,0,1
5,0,1,5,0,8,0,0,60,0,0
5,0,1,6,1,6,0,0,60,1,0
5,0,1,4,1,10,1,0,60,0,0
5,0,1,5,1,3,0,0,120,0,0
5,0,1,9,0,8,0,0,120,0,0
5,0,1,0,1,5,0,0,120,0,1
5,0,1,3,0,3,0,0,120,0,0
5,0,1,12,0,0,0,0,90,1,0
5,0,1,10,0,7,0,0,60,0,1
5,0,1,4,0,2,0,0,60,0,0
5,0,0,6,1,3,0,0,120,0,1
5,0,1,2,1,10,1,0,120,0,0
5,0,1,9,1,9,1,0,60,0,1
5,0,1,12,1,10,0,0,60,0,0
5,0,1,12,0,0,0,0,90,0,0
5,0,1,0,0,9,0,0,60,0,0
5,0,1,11,0,3,0,0,150,0,0
5,0,1,6,1,1,1,0,60,0,0
5,0,1,5,0,3,0,0,120,0,0
5,0,1,2,1,3,0,0,60,0,0
5,0,1,11,0,0,0,0,90,0,0
5,0,1,12,0,6,0,0,60,0,0
5,0,1,3,1,1,0,0,60,0,1
5,0,1,5,1,2,0,0,60,0,0
5,0,1,2,0,9,0,0,120,0,0
5,0,1,9,1,4,0,0,60,0,0
5,0,1,12,1,3,0,0,90,0,0
5,0,1,4,0,0,1,0,60,0,1
5,0,1,8,0,8,0,0,60,0,0
5,0,0,9,0,7,0,0,60,0,0
5,0,1,7,0,7,1,0,60,0,0
5,0,0,7,1,2,1,0,120,0,1
5,0,1,8,1,8,0,0,120,0,0
5,0,1,2,0,10,1,0,60,0,0
5,0,1,10,1,8,1,0,60,0,0
5,0,1,8,1,2,0,0,60,0,1
5,0,1,11,0,5,1,0,120,0,0
5,0,1,3,1,1,1,0,90,0,1
5,0,1,5,1,2,0,0,60,0,0
5,0,1,8,1,8,0,0,90,1,0
5,0,1,5,0,3,0,0,120,0,0
5,0,1,1,1,1,0,0,60,0,0
5,0,1,2,1,5,0,0,150,0,0
5,0,1,1,0,8,0,0,60,0,0
5,0,1,0,0,0,0,0,120,0,1
5,0,0,8,0,2,0,0,60,1,0
5,0,1,4,1,10,0,0,90,0,1
5,0,1,1,1,9,0,0,60,0,0
5,0,1,12,1,6,0,0,90,0,0
5,0,1,8,1,4,0,0,120,0,1
5,0,1,6,1,5,0,0,60,0,0
5,0,0,0,1,4,0,0,130,1,0
5,0,1,9,1,7,0,0,60,0,0
5,0,0,4,0,6,0,0,60,0,0
5,0,1,5,0,2,0,0,60,0,0
5,0,1,12,1,0,0,0,60,0,0
5,0,1,8,0,9,1,0,60,1,0
5,0,1,2,0,6,0,0,120,0,0
5,0,1,6,0,4,0,0,60,0,0
5,0,1,4,0,1,1,0,60,0,0
5,0,0,3,1,1,0,0,120,1,1
5,0,1,10,1,5,0,0,60,0,0
5,0,1,1,1,2,1,0,120,0,1
5,0,1,6,1,6,1,0,90,1,0
5,0,1,11,1,9,0,0,120,0,0
5,0,1,8,1,3,0,0,60,0,0
5,0,1,8,0,5,0,0,60,0,1
5,0,1,5,0,0,0,0,60,0,1
5,0,1,7,0,9,1,0,60,0,0
5,0,1,5,0,4,0,0,120,0,0
5,0,0,5,0,7,0,0,60,0,0
5,0,1,11,0,2,0,0,60,0,0
5,0,1,8,0,8,0,0,60,0,0
5,0,1,11,0,10,0,0,60,0,0
5,0,1,1,1,1,0,0,120,0,0
5,0,1,8,0,5,0,0,90,0,1
5,0,1,4,1,4,1,0,90,0,1
5,0,1,7,0,7,0,0,120,0,1
5,0,1,6,0,5,0,0,60,0,1
5,0,1,12,0,7,0,0,90,0,0
5,0,1,0,0,4,1,0,90,1,1
5,0,1,4,0,4,0,0,90,0,0
5,0,1,8,1,9,0,0,90,0,0
5,0,1,11,1,0,1,0,120,1,1
5,0,1,6,1,5,0,0,120,0,0
5,0,1,8,1,6,0,0,120,0,1
5,0,1,10,0,2,0,0,120,0,1
5,0,0,10,0,7,0,0,60,0,1
5,0,1,10,0,7,0,0,60,0,0
5,0,1,3,2,1,1,0,60,0,0
5,0,1,8,1,5,1,0,60,0,1
5,0,1,3,1,5,0,0,60,0,0
5,0,1,3,1,1,0,0,60,0,1
5,0,1,8,0,7,0,0,120,0,1
5,0,1,1,0,0,0,0,60,1,0
5,0,0,12,0,3,0,0,60,0,0
5,0,1,0,0,2,1,0,60,0,1
5,0,1,2,1,1,0,0,60,0,0
5,0,1,7,1,3,0,0,60,0,0
5,0,1,2,1,8,0,0,120,0,0
5,0,0,8,1,3,1,0,60,0,1
5,0,1,0,1,8,0,0,60,0,0
5,0,1,9,1,5,0,0,60,0,1
5,0,1,10,1,2,0,0,60,0,0
5,0,1,3,1,2,1,0,60,0,1
5,0,1,0,1,2,0,0,60,0,0
5,0,1,1,0,2,0,0,60,0,0
5,0,0,9,0,0,0,0,60,0,0
5,0,1,11,1,9,0,0,60,0,0
5,0,1,10,0,2,0,0,120,1,1
5,0,1,5,1,0,0,0,120,0,1
5,0,1,10,1,6,1,0,60,0,0
5,0,1,2,1,0,0,0,60,0,0
5,0,0,2,1,0,0,0,60,1,0
5,0,0,8,0,7,0,0,60,0,0
5,0,1,12,0,6,0,0,60,0,0
5,0,1,3,2,1,0,0,120,0,1
5,0,1,1,0,2,0,0,60,0,1
5,0,1,8,0,2,0,0,60,0,1
5,0,1,7,1,5,0,0,60,0,1
5,0,1,2,0,10,0,0,60,0,0
5,0,1,11,1,1,0,0,60,1,1
5,0,0,4,0,2,0,0,60,0,0
5,0,0,8,0,4,0,0,60,0,0
5,0,1,10,0,1,0,0,120,0,0
5,0,0,0,0,3,1,0,60,0,0
5,0,1,10,1,0,0,0,60,0,0
5,0,0,0,0,8,0,0,60,1,0
5,0,1,7,0,0,0,0,60,0,0
5,0,1,0,0,6,0,0,60,0,0
5,0,1,1,0,4,1,0,60,1,1
5,0,0,2,1,7,0,0,60,0,0
5,0,0,1,1,2,0,0,60,0,0
5,0,0,6,0,2,0,0,60,0,1
5,0,1,5,1,2,0,0,60,0,1
5,0,1,4,0,4,0,0,60,1,1
5,0,1,12,0,3,0,0,60,0,0
5,0,1,11,1,6,0,0,60,0,0
5,0,1,0,0,3,0,0,60,0,0
5,0,0,3,1,8,0,0,60,0,1
5,0,1,4,1,10,0,0,90,0,0
5,0,1,0,1,7,0,0,60,1,1
5,0,0,0,0,7,0,0,120,0,0
5,0,1,11,0,2,1,0,60,0,0
5,0,1,4,0,5,0,0,120,0,1
5,0,1,0,0,9,0,0,90,1,1
5,0,1,10,1,2,0,0,90,1,0
5,0,1,8,0,7,0,0,60,0,0
5,0,0,6,1,3,0,0,60,0,0
5,0,1,8,1,8,0,0,60,0,0
5,0,1,11,0,8,0,0,60,0,0
5,0,1,0,0,5,0,0,90,0,1
5,0,1,8,0,7,0,0,60,0,0
5,0,1,11,0,2,0,0,60,0,0
5,0,1,7,1,4,1,0,60,0,0
5,0,1,5,0,8,0,0,60,0,0
5,0,1,7,0,3,1,0,60,0,0
5,0,1,11,1,1,0,0,60,0,1
5,0,1,8,1,8,0,0,60,1,1
5,0,1,10,1,2,0,0,60,0,1
5,0,1,12,0,6,0,0,120,0,0
5,0,1,1,0,4,1,0,60,0,0
5,0,0,11,1,1,0,0,60,0,0
5,0,1,4,0,8,0,0,60,0,0
5,0,1,0,0,4,0,0,60,0,0
5,0,1,1,0,6,0,0,60,0,0
5,0,1,4,1,10,0,0,60,0,0
5,0,0,11,1,0,0,0,120,0,0
5,0,1,3,1,2,1,0,60,0,1
5,0,0,4,0,5,0,0,60,0,0
5,0,1,7,1,5,0,0,60,0,0
5,0,1,11,1,8,1,0,60,0,0
5,0,1,7,1,8,1,0,120,0,1
5,0,1,8,0,8,0,0,60,0,0
5,0,1,6,0,7,0,0,60,0,0
5,0,1,2,1,8,0,0,60,0,1
5,0,1,0,0,9,0,0,120,0,0
5,0,1,8,0,9,0,0,60,0,0
5,0,1,11,1,7,1,0,60,0,0
5,0,1,10,1,9,0,0,60,0,1
5,0,1,9,0,2,0,0,120,1,0
5,0,1,3,1,1,1,0,60,0,0
5,0,1,8,0,6,0,0,60,0,0
5,0,1,0,0,5,1,0,60,0,0
5,0,0,2,0,0,0,0,60,0,0
5,0,0,6,1,5,0,0,120,0,0
5,0,0,5,0,0,0,0,60,0,0
5,0,1,4,1,5,0,0,60,0,0
5,0,1,4,0,10,1,0,90,0,0
5,0,1,11,1,2,1,0,60,1,0
5,0,1,10,0,2,0,0,120,0,0
5,0,1,0,1,7,0,0,90,0,0
5,0,1,5,0,7,1,0,60,0,0
5,0,1,3,0,3,0,0,90,0,0
5,0,1,3,1,5,0,0,60,0,0
5,0,1,9,0,7,0,0,90,0,1
5,0,1,6,0,8,0,0,60,0,0
5,0,0,12,1,0,0,0,60,0,1
5,0,1,12,1,0,1,0,60,0,1
5,0,1,8,1,3,1,0,60,1,1
5,0,1,12,1,1,0,0,90,0,1
5,0,1,3,0,0,1,0,60,0,0
5,0,1,9,0,9,0,0,60,0,0
5,0,1,5,0,2,0,0,60,0,0
5,0,1,4,0,0,0,0,60,0,0
5,0,1,8,1,1,0,0,60,0,0
5,0,1,2,0,5,0,0,60,0,0
5,0,1,5,1,0,0,0,90,0,1
5,0,1,9,1,1,0,0,60,0,0
5,0,1,12,1,10,0,0,60,0,1
5,0,1,5,1,5,0,0,120,0,0
5,0,1,0,1,3,0,0,60,0,0
5,0,1,10,0,3,0,0,60,0,0
5,0,1,8,1,7,0,0,120,0,1
5,0,1,11,0,3,0,0,60,0,0
5,0,0,10,0,2,0,0,60,0,0
5,0,1,5,1,2,0,0,120,0,0
5,0,1,0,2,6,0,0,90,0,1
5,0,1,0,0,3,0,0,60,0,0
5,0,1,11,0,2,0,0,120,0,0
5,0,1,3,1,4,1,0,120,0,0
5,0,1,0,0,8,0,0,60,0,1
5,0,1,6,0,1,0,0,60,0,0
5,0,1,9,1,8,0,0,60,1,0
5,0,1,12,0,0,0,0,60,1,1
5,0,1,3,1,0,1,0,120,0,0
5,0,0,3,1,3,0,0,60,0,0
5,0,1,3,0,0,0,0,120,0,0
5,0,1,8,1,5,0,0,60,0,1
5,0,1,7,0,3,0,0,60,0,1
5,0,1,5,1,0,0,0,90,0,0
5,0,1,3,0,0,0,0,90,0,0
5,0,1,9,1,9,0,0,60,0,0
5,0,0,3,0,4,0,0,90,0,1
5,0,1,5,1,5,0,0,60,0,0
5,0,1,12,1,2,1,0,60,0,0
5,0,1,1,1,2,0,0,60,0,0
5,0,1,10,1,6,0,0,120,0,0
5,0,1,3,1,0,1,0,60,0,0
5,0,1,8,0,3,1,0,60,0,0
5,0,0,5,0,2,0,0,60,0,1
5,0,1,5,0,1,0,0,60,0,0
5,0,1,10,1,5,0,0,60,0,0
5,0,1,0,1,2,0,0,120,0,1
5,0,1,0,0,9,1,0,60,0,0
5,0,1,11,0,5,0,0,60,0,0
5,0,0,3,1,2,0,0,60,0,0
5,0,1,8,0,1,0,0,90,0,1
5,0,1,4,0,10,0,0,60,0,0
5,0,0,1,0,5,0,0,60,0,0
5,0,1,1,1,5,0,0,90,0,0
5,0,0,2,0,5,0,0,60,0,0
5,0,1,11,1,4,0,0,60,0,0
5,0,0,7,1,3,0,0,120,0,0
5,0,0,1,1,2,0,0,60,1,1
5,0,1,6,0,8,1,0,60,0,0
5,0,1,5,1,7,0,0,60,0,0
5,0,1,4,1,0,0,0,120,0,0
5,0,1,9,0,7,0,0,120,0,0
5,0,1,0,0,7,0,0,60,0,0
5,0,1,12,0,2,0,0,60,0,1
5,0,1,3,0,2,0,0,60,1,1
5,0,1,12,0,0,0,0,120,0,0
5,0,1,0,0,4,0,0,60,0,0
5,0,1,8,1,9,1,0,60,0,0
5,0,1,5,1,6,0,0,120,0,1
5,0,1,9,1,7,0,0,60,0,0
5,0,0,3,0,5,0,0,90,0,0
5,0,1,12,0,1,0,0,60,0,0
5,0,1,12,1,4,0,0,60,0,0
5,0,1,9,0,2,0,0,60,0,0
5,0,1,3,0,2,0,0,70,1,0
5,0,1,4,1,3,0,0,120,0,0
5,0,1,9,1,3,0,0,60,1,0
5,0,1,6,0,2,1,0,60,0,0
5,0,1,8,0,9,0,0,60,0,0
5,0,1,12,0,7,1,0,90,0,0
5,0,1,5,0,4,1,0,60,0,0
5,0,1,10,0,8,0,0,60,1,1
5,0,1,7,0,6,0,0,60,0,0
5,0,1,5,0,3,0,0,60,0,0
5,0,1,5,0,8,0,0,60,0,0
5,0,1,5,1,0,0,0,120,0,1
5,0,1,9,1,5,1,0,120,0,0
5,0,1,11,1,0,0,0,60,0,1
5,0,1,3,0,3,0,0,60,0,1
5,0,1,8,1,9,0,0,60,0,1
5,0,1,11,1,1,0,0,150,0,0
5,0,1,1,1,4,0,0,60,0,0
5,0,1,12,0,3,0,0,90,0,1
5,0,1,3,1,2,1,0,60,0,1
5,0,1,5,1,2,0,0,180,0,1
5,0,1,3,2,2,1,0,60,0,1
5,0,1,10,0,9,0,0,90,0,1
5,0,1,0,0,0,1,0,120,0,0
5,0,1,9,0,7,0,0,60,0,0
5,0,1,0,1,2,1,0,60,0,0
5,0,1,3,0,8,1,0,60,1,1
5,0,1,11,0,6,0,0,60,0,0
5,0,1,5,1,1,0,0,120,0,1
5,0,1,7,0,2,0,0,60,0,1
5,0,0,3,1,3,0,0,60,0,1
5,0,1,12,1,6,0,0,60,0,0
5,0,1,5,0,6,0,0,60,0,0
5,0,1,12,1,7,0,0,60,0,0
5,0,0,11,1,1,0,0,60,1,0
5,0,1,1,1,5,0,0,60,1,0
5,0,1,8,0,9,1,0,60,0,1
5,0,1,9,0,7,0,0,60,0,1
5,0,1,11,1,2,0,0,60,0,0
5,0,1,3,1,4,1,0,60,0,1
5,0,1,8,0,9,0,0,90,0,1
5,0,1,5,1,0,0,0,60,0,0
5,0,1,8,1,8,0,0,60,0,0
5,0,1,4,0,10,0,0,60,1,1
5,0,0,0,0,6,0,0,60,0,0
5,0,1,0,1,6,1,0,60,0,0
5,0,1,7,1,6,0,0,60,0,0
5,0,1,3,0,1,0,0,120,1,1
5,0,0,3,0,3,0,0,60,0,0
5,0,1,1,0,1,0,0,60,0,1
5,0,1,12,0,5,0,0,60,0,0
5,0,1,9,1,9,0,0,60,0,0
5,0,1,4,1,4,1,0,60,0,0
5,0,0,0,0,7,1,0,60,0,1
5,0,1,12,0,1,0,0,60,0,0
5,0,1,8,1,9,0,0,60,0,0
5,0,1,3,0,7,0,0,60,0,0
5,0,1,12,0,2,0,0,120,0,0
5,0,1,0,0,8,0,0,60,0,0
5,0,1,8,1,3,0,0,60,0,0
5,0,0,4,0,10,0,0,60,0,0
5,0,1,2,0,8,0,0,120,0,1
5,0,1,11,0,1,0,0,60,0,1
5,0,1,3,0,4,0,0,90,0,1
5,0,1,9,1,7,0,0,120,0,1
5,0,1,8,0,1,1,0,60,0,1
5,0,1,3,0,7,0,0,120,0,0
5,0,1,8,1,5,0,0,60,0,0
5,0,1,1,0,0,0,0,90,0,0
5,0,1,11,1,0,0,0,60,0,0
5,0,1,10,0,5,0,0,60,0,0
5,0,1,12,0,1,0,0,60,0,0
5,0,0,11,0,1,0,0,60,1,1
5,0,1,4,0,10,1,0,60,0,0
5,0,1,8,0,5,0,0,60,1,0
5,0,0,0,0,9,0,0,60,0,0
5,0,1,7,1,4,0,0,90,0,1
5,0,1,8,0,7,0,0,150,0,0
5,0,1,1,0,6,0,0,90,0,0
5,0,1,12,0,0,0,0,120,1,1
5,0,1,3,1,2,0,0,120,0,1
5,0,1,8,1,10,0,0,60,0,0
5,0,1,11,1,3,0,0,60,0,0
5,0,1,4,0,2,0,0,60,0,0
5,0,1,8,1,6,0,0,60,0,0
5,0,1,8,1,1,0,0,60,0,0
5,0,1,7,0,1,0,0,90,0,0
5,0,0,5,1,4,1,0,60,0,0
5,0,0,5,0,4,0,0,60,0,0
5,0,1,9,1,0,0,0,60,0,1
5,0,1,10,1,5,1,0,60,0,0
5,0,1,0,0,7,0,0,60,0,1
5,0,1,12,1,0,0,0,60,0,0
5,0,1,11,1,0,0,0,60,0,0
5,0,0,11,0,4,0,0,60,0,0
5,0,1,9,0,4,0,0,120,1,0
5,0,1,4,1,1,0,0,60,0,1
5,0,1,12,1,3,0,0,60,0,0
5,0,1,2,0,2,0,0,60,0,0
5,0,1,0,1,3,0,0,120,0,1
5,0,1,7,1,7,0,0,60,0,0
5,0,1,1,1,7,1,0,60,0,0
5,0,1,4,1,10,0,0,60,0,0
5,0,1,12,1,7,0,0,60,0,0
5,0,1,4,1,10,1,0,60,0,0
5,0,1,0,0,6,1,0,60,0,0
5,0,0,2,0,10,1,0,60,0,0
5,0,1,3,1,3,0,0,60,0,0
5,0,1,4,1,10,0,0,60,0,1
5,0,1,2,0,7,0,0,60,0,0
5,0,1,12,1,6,0,0,60,0,0
5,0,1,11,0,9,0,0,60,0,0
5,0,1,7,1,2,0,0,90,0,1
5,0,1,3,0,5,1,0,60,0,0
5,0,1,12,1,6,1,0,60,0,0
5,0,1,11,1,1,1,0,60,0,0
5,0,1,8,1,7,0,0,60,0,0
5,0,1,4,1,0,0,0,60,0,0
5,0,1,0,1,7,0,0,60,1,0
5,0,1,8,0,8,0,0,60,0,0
5,0,1,7,0,4,0,0,90,0,0
5,0,1,8,1,9,1,0,90,1,0
5,0,0,3,1,1,0,0,60,0,1
5,0,1,11,1,5,1,0,120,0,0
5,0,1,3,2,2,0,0,60,0,0
5,0,1,5,0,3,1,0,75,1,0
5,0,1,6,1,3,0,0,60,0,1
5,0,1,11,0,1,0,0,60,0,0
5,0,1,9,0,7,1,0,60,0,0
5,0,1,1,0,1,1,0,60,0,1
5,0,1,3,0,3,0,0,60,1,1
5,0,0,7,0,6,0,0,90,0,1
5,0,1,1,0,0,0,0,60,0,0
5,0,1,8,0,5,1,2,150,0,1
5,0,0,3,0,2,1,0,60,1,1
5,0,1,8,1,6,1,1,210,0,1
5,0,1,7,0,6,1,0,60,0,0
5,0,1,12,1,6,1,0,60,0,0
5,0,1,10,0,7,1,1,150,0,0
5,0,1,8,0,6,1,0,60,0,0
5,0,1,10,0,8,1,0,60,0,0
5,0,0,11,1,3,1,0,60,0,0
5,0,0,11,1,6,1,0,60,0,1
5,0,1,2,0,5,1,0,60,0,0
5,0,1,8,0,9,1,0,90,0,1
5,0,1,4,1,0,1,0,60,0,0
5,0,1,0,1,7,1,0,60,0,0
5,0,1,11,0,4,1,0,60,0,0
5,0,1,0,0,2,1,0,60,0,0
5,0,1,3,0,3,1,0,60,0,0
5,0,1,12,0,5,1,0,90,0,0
5,0,1,3,0,9,1,0,90,0,0
5,0,0,6,1,6,1,0,60,1,1
5,0,1,7,1,7,1,1,120,0,1
5,0,1,12,1,1,1,0,60,0,0
5,0,1,3,1,1,1,1,120,1,0
5,0,1,1,0,6,1,1,120,0,1
5,0,1,0,0,3,1,1,90,0,0
5,0,1,3,0,2,1,1,120,0,0
5,0,1,7,1,3,1,0,120,0,0
5,0,1,5,1,5,1,0,90,0,0
5,0,1,10,0,5,1,0,60,0,0
5,0,0,11,0,7,1,0,60,0,1
5,0,1,6,0,5,1,0,60,0,0
5,0,1,4,0,10,1,0,60,0,0
5,0,1,11,0,5,1,1,60,0,0
5,0,1,8,1,6,1,0,60,0,1
5,0,1,2,1,0,1,1,150,0,1
5,0,0,2,1,3,0,0,90,0,0
5,0,0,6,1,6,1,1,120,0,0
5,0,1,3,1,3,1,0,120,1,1
5,0,1,12,0,4,2,0,60,0,0
5,0,1,6,0,1,1,0,70,0,0
5,0,1,1,1,3,1,0,60,0,1
5,0,0,7,1,8,1,0,60,0,0
5,0,1,3,0,1,1,1,180,1,1
5,0,1,6,1,9,1,0,60,0,0
5,0,1,8,1,1,1,0,60,0,0
5,0,1,5,0,2,1,0,60,0,0
5,0,1,2,0,0,1,1,120,0,0
5,0,1,9,0,7,1,1,120,0,0
5,0,1,3,1,3,1,0,150,0,0
5,0,0,1,0,9,1,0,90,0,0
5,0,0,7,0,3,1,0,60,1,0
5,0,1,12,1,1,1,0,60,0,1
5,0,1,7,0,3,1,0,90,0,0
5,0,0,11,0,3,1,0,60,0,0
5,0,1,3,1,2,1,0,90,0,0
5,0,1,0,1,3,1,0,60,0,0
5,0,1,11,1,5,0,0,80,0,1
5,0,0,0,0,8,1,0,90,0,0
5,0,0,8,0,7,0,0,130,1,0
5,0,1,7,1,6,1,0,60,0,0
5,0,1,11,1,3,0,0,60,0,0
5,0,1,1,0,8,0,0,60,0,1
5,0,1,0,0,4,0,0,60,0,0
5,0,0,2,0,5,1,0,60,0,0
5,0,0,8,0,4,1,0,90,0,0
5,0,0,8,1,9,0,0,90,0,0
5,0,0,3,1,1,1,0,170,1,0
5,0,1,9,0,7,1,0,100,0,0
5,0,1,4,1,10,1,0,60,0,1
5,0,1,10,1,5,0,0,60,1,0
5,0,1,2,0,10,0,0,60,0,0
5,0,1,7,1,3,1,0,60,0,0
5,0,1,7,1,4,0,0,60,0,0
5,0,1,9,1,3,1,0,90,0,0
5,0,1,12,0,7,0,1,150,0,0
5,0,0,6,0,3,0,1,60,0,0
5,0,1,2,1,3,0,0,90,0,0
5,0,1,3,0,0,1,0,60,0,0
5,0,0,3,1,1,0,0,60,0,0
5,0,1,1,1,9,0,1,120,0,0
5,0,1,3,1,0,1,0,60,0,1
5,0,1,3,1,1,1,0,90,0,0
5,0,1,5,1,5,0,0,60,0,0
5,0,1,6,0,3,1,0,60,0,0
5,0,0,12,0,5,0,0,60,0,0
5,0,1,8,0,8,1,1,180,0,0
5,0,0,7,0,2,0,1,60,0,1
5,0,0,6,0,4,0,0,60,0,0
5,0,1,12,1,1,0,0,60,0,0
5,0,1,11,1,3,0,0,60,0,0
5,0,0,3,0,1,0,1,150,0,0
5,0,0,6,0,0,0,0,120,0,1
5,0,1,12,1,1,0,0,120,0,0
5,0,1,3,1,0,1,2,150,0,1
5,0,0,12,1,5,1,0,60,0,0
5,0,1,8,1,2,0,0,120,0,0
5,0,0,6,1,9,0,0,60,0,0
5,0,1,9,1,2,1,1,120,0,0
5,0,1,3,1,6,0,0,60,0,0
5,0,0,9,1,7,1,0,60,0,1
5,0,1,3,1,2,0,0,60,0,0
5,0,0,3,2,2,1,0,135,0,1
5,0,1,4,0,1,1,0,60,0,1
5,0,0,0,0,7,1,0,60,0,0
5,0,1,10,0,5,0,0,60,0,0
5,0,1,1,1,4,0,0,60,0,0
5,0,0,1,0,6,1,1,120,0,0
5,0,1,9,1,3,0,0,60,0,1
5,0,0,7,1,4,1,0,75,1,1
5,0,1,11,0,0,0,0,60,0,0
5,0,1,1,0,2,0,0,160,0,0
5,0,1,0,1,1,1,1,60,0,0
5,0,1,0,0,1,0,0,60,1,0
5,0,1,6,0,8,0,1,60,0,0
5,0,1,8,1,9,0,0,60,0,0
5,0,1,8,0,3,0,0,60,0,0
5,0,1,0,0,4,1,1,150,0,0
5,0,1,2,0,3,0,0,60,0,1
5,0,1,2,0,7,1,1,120,0,1
5,0,1,4,0,10,0,2,150,0,0
5,0,1,0,1,7,0,0,60,0,0
5,0,1,0,0,9,0,0,60,0,0
5,0,1,4,1,10,0,0,90,0,0
5,0,1,3,0,2,0,0,120,0,1
5,0,1,4,0,10,0,1,150,1,0
5,0,1,9,1,5,0,0,120,1,1
5,0,1,8,0,9,1,0,90,0,0
5,0,1,3,0,1,0,0,60,0,0
5,0,1,2,0,8,1,0,90,0,0
5,0,1,11,1,0,1,0,60,0,0
5,0,1,9,1,9,0,0,75,1,0
5,0,1,11,0,6,1,0,60,0,0
5,0,1,12,0,7,1,0,60,0,0
5,0,1,6,1,1,1,0,75,0,0
5,0,0,8,0,6,0,0,60,0,1
5,0,1,0,1,2,0,0,60,0,1
5,0,1,11,0,6,1,1,180,0,1
5,0,1,9,1,5,0,1,120,0,0
5,0,1,7,1,5,1,0,90,0,1
5,0,1,12,0,3,1,1,150,0,0
5,0,1,12,0,7,0,0,120,0,1
5,0,0,3,1,1,1,0,60,0,1
5,0,1,8,1,5,1,0,60,0,0
5,0,1,5,0,0,0,1,60,1,0
5,0,1,12,1,0,0,0,90,0,0
5,0,1,9,0,3,0,0,60,0,1
5,0,1,5,0,7,0,0,60,0,0
5,0,1,3,0,5,0,0,60,0,0
5,0,0,1,0,2,1,0,60,0,0
5,0,1,9,1,5,0,0,60,0,1
5,0,0,1,1,1,0,1,90,0,1
5,0,1,0,1,3,0,0,60,0,0
5,1,1,11,1,4,0,0,60,0,0
5,1,1,1,0,4,0,1,60,0,0
5,1,1,8,0,6,0,0,60,0,0
5,1,0,3,0,4,1,0,150,0,1
5,1,1,0,0,2,0,0,60,0,1
5,1,0,6,0,8,0,0,120,0,1
5,1,0,6,1,8,1,0,60,0,0
5,1,1,10,0,9,1,0,60,0,1
5,1,1,11,1,0,1,0,60,0,0
5,1,1,4,0,0,0,0,60,0,1
5,1,0,0,1,9,0,1,60,0,0
5,1,1,11,1,1,0,0,120,0,0
5,1,0,3,1,1,0,0,90,0,0
5,1,0,4,1,4,0,0,60,0,0
5,1,1,12,1,10,0,1,180,0,1
5,1,1,6,1,3,0,1,60,0,0
5,1,1,4,0,1,0,0,120,0,0
5,1,1,8,0,9,0,0,90,0,1
5,1,1,9,0,9,0,0,60,0,0
5,1,1,4,1,2,0,1,60,0,0
5,1,1,6,0,5,0,0,90,1,0
5,1,1,1,1,6,0,0,120,0,0
5,1,1,6,0,5,0,0,60,0,0
5,1,0,3,0,5,0,0,60,1,0
5,1,1,3,0,3,0,0,90,0,1
5,1,1,6,1,5,0,0,60,0,0
5,1,1,5,1,0,0,0,60,1,0
5,1,1,7,0,4,0,0,120,0,1
5,1,0,12,1,1,1,2,60,0,0
5,1,1,5,0,4,0,0,60,0,0
5,1,1,10,0,3,0,0,60,0,0
5,1,1,8,0,9,0,0,90,0,0
5,1,1,6,1,8,1,1,60,0,0
5,1,1,1,0,4,0,1,220,0,0
5,1,0,5,1,0,0,0,120,0,1
5,1,1,7,0,6,0,1,60,0,0
5,1,1,10,0,2,0,2,60,1,0
5,1,1,0,0,8,0,1,60,0,0
5,1,0,11,0,0,1,0,60,0,0
5,1,1,3,0,4,1,1,90,1,1
5,1,1,12,1,3,0,0,120,0,0
5,1,1,8,0,9,1,1,60,0,0
5,1,1,0,0,6,0,0,60,0,0
5,1,1,9,0,7,0,0,60,0,0
5,1,1,7,0,1,1,0,60,0,0
5,1,1,8,0,4,1,0,120,1,1
5,1,1,1,1,1,0,0,90,0,0
5,1,0,0,0,4,0,0,60,0,0
5,1,1,9,1,2,1,0,60,0,0
5,1,1,0,1,4,1,0,120,0,1
5,1,1,10,0,8,0,0,180,0,0
5,1,1,3,1,5,1,0,120,1,0
5,1,1,8,0,5,0,1,120,0,0
5,1,1,6,1,5,1,0,60,0,0
5,1,1,11,1,3,0,0,120,0,1
5,1,1,11,1,3,0,1,150,0,1
5,1,1,2,0,2,0,0,90,0,0
5,1,1,0,1,6,0,0,90,0,0
5,1,1,4,1,0,0,0,60,0,1
5,1,0,10,0,4,0,1,90,0,0
5,1,1,11,1,0,1,0,120,0,1
5,1,0,12,0,2,1,1,120,0,0
5,1,0,11,1,7,0,0,120,0,1
5,1,1,9,0,6,2,0,60,0,0
5,1,1,1,0,9,0,0,60,0,0
5,1,1,10,1,3,0,0,60,0,0
5,1,1,0,0,5,0,0,120,0,0
5,1,1,5,1,3,0,0,60,0,0
5,1,1,11,0,4,0,0,90,1,0
5,1,1,7,1,9,1,1,60,0,0
5,1,1,1,1,5,0,0,150,0,0
5,1,1,12,1,0,1,0,60,0,0
5,1,1,3,1,4,0,1,90,0,0
5,1,0,8,0,6,0,0,120,0,0
5,1,1,10,1,1,0,0,90,0,0
5,1,1,2,0,9,0,0,120,0,1
5,1,1,0,0,4,0,0,60,0,0
5,1,1,7,1,7,1,0,60,0,1
5,1,1,1,1,2,1,3,210,1,1
5,1,1,5,1,7,0,0,60,0,1
5,1,0,8,1,4,1,1,90,0,0
5,1,1,11,1,10,0,0,60,0,1
5,1,1,9,1,0,0,0,90,0,0
5,1,1,0,0,6,0,0,180,0,0
5,1,1,6,1,3,1,0,60,0,0
5,1,1,8,0,9,0,0,60,0,0
5,1,1,9,0,6,0,0,60,0,0
5,1,1,7,1,0,0,0,150,0,0
5,1,0,6,1,4,1,1,60,0,0
5,1,1,10,1,0,0,1,90,0,1
5,1,1,10,1,3,0,0,120,0,0
5,1,1,12,0,7,0,0,60,0,0
5,1,1,6,0,6,1,0,60,0,0
5,1,1,5,0,7,1,0,90,0,0
5,1,1,12,0,5,0,0,60,0,0
5,1,1,3,0,6,0,1,150,0,0
5,1,1,10,1,0,0,0,60,0,0
5,1,1,0,0,8,0,0,120,0,1
5,1,0,10,0,0,0,0,90,0,0
5,1,1,0,1,7,0,1,60,0,0
5,1,1,8,0,8,0,2,60,0,0
5,1,1,8,0,4,0,0,120,0,0
5,1,1,9,0,4,1,1,60,0,0
5,1,1,6,0,5,0,0,60,0,0
5,1,1,10,1,1,0,2,90,0,1
5,1,1,1,1,1,1,0,60,0,1
5,1,1,4,1,2,0,0,60,0,0
5,1,0,11,1,0,0,2,60,0,1
5,1,1,5,0,3,0,0,120,0,0
5,1,1,9,1,3,0,0,90,0,0
5,1,1,11,1,3,0,0,60,0,0
5,1,1,5,1,4,0,0,60,0,0
5,1,1,0,0,4,0,0,120,0,1
5,1,0,3,1,2,0,1,60,1,0
5,1,1,8,0,8,1,1,60,0,0
5,1,1,9,0,9,0,0,90,0,0
5,1,1,10,1,1,0,0,120,0,0
5,1,1,1,0,4,0,0,120,0,0
5,1,1,3,0,1,1,0,120,0,1
5,1,1,5,1,2,0,0,60,0,0
5,1,1,8,1,8,1,0,60,1,0
5,1,1,12,1,0,0,0,150,0,1
5,1,1,10,1,6,1,0,60,0,0
5,1,1,8,0,6,0,0,180,0,0
5,1,0,0,0,8,0,0,60,0,0
5,1,0,11,0,6,0,2,90,0,0
5,1,1,0,1,8,1,0,60,0,0
5,1,1,1,0,8,0,0,90,1,0
5,1,1,12,0,5,0,0,60,0,0
5,1,1,0,1,8,1,0,90,0,0
5,1,1,3,1,8,1,0,90,0,0
5,1,1,11,1,2,0,1,60,0,0
5,1,1,3,0,6,1,0,90,0,0
5,1,1,6,0,8,1,0,60,0,0
5,1,1,11,1,4,1,0,60,0,0
5,1,1,8,0,5,1,0,90,0,1
5,1,1,1,0,0,0,1,120,1,0
5,1,1,11,0,0,0,0,90,0,1
5,1,1,5,1,8,0,0,120,0,0
5,1,1,5,0,6,1,0,60,0,0
5,1,1,3,0,0,1,0,120,0,0
5,1,1,9,0,5,0,1,60,0,0
5,1,1,3,0,3,0,0,120,0,0
5,1,1,12,1,1,0,0,60,1,0
5,1,1,7,0,9,0,0,270,0,0
5,1,1,0,0,6,1,0,60,0,0
5,1,1,4,1,3,0,0,120,0,0
5,1,1,1,1,9,0,1,60,0,1
5,1,1,1,1,2,0,2,180,1,1
5,1,1,4,1,0,1,1,60,0,0
5,1,1,7,1,4,0,2,120,0,1
5,1,0,8,0,6,0,0,120,0,0
5,1,1,6,0,6,1,0,60,0,0
5,1,1,8,0,4,0,0,120,0,1
5,1,1,5,1,6,0,1,120,0,0
5,1,1,4,1,10,1,0,60,0,0
5,1,1,5,0,6,0,0,90,0,0
5,1,0,1,1,1,0,0,60,0,1
5,1,0,0,1,7,0,1,60,0,0
5,1,1,11,1,2,0,0,120,0,1
5,1,1,12,0,0,0,0,120,0,1
5,1,1,4,0,10,0,0,60,0,0
5,1,1,0,1,8,1,0,60,0,0
5,1,1,7,0,2,0,0,60,0,0
5,1,0,5,0,1,0,1,60,0,0
5,1,1,1,1,3,0,0,60,0,0
5,1,1,5,1,4,0,1,120,0,1
5,1,1,6,1,6,1,0,60,0,0
5,1,0,2,0,2,0,0,90,0,0
5,1,0,3,0,9,0,0,60,0,0
5,1,0,3,0,9,0,0,60,0,0
5,1,1,9,1,2,0,2,60,0,0
5,1,1,3,0,3,1,1,60,0,0
5,1,1,6,1,2,0,0,60,0,0
5,1,1,1,1,1,0,0,60,0,1
5,1,0,8,0,8,0,0,90,0,0
5,1,1,12,1,0,1,0,90,1,0
5,1,0,6,1,1,0,1,150,0,1
5,1,1,3,1,1,0,0,120,0,0
5,1,1,12,0,8,0,0,180,0,0
5,1,0,12,1,7,1,2,60,0,0
5,1,1,6,0,6,1,0,60,0,0
5,1,0,11,0,0,0,0,60,0,1
5,1,1,2,0,10,0,0,60,0,0
5,1,1,4,0,10,0,1,60,0,0
5,1,0,12,1,2,1,0,210,0,0
5,1,1,1,0,3,0,0,180,0,1
5,1,1,7,1,4,0,0,90,1,0
5,1,1,9,1,4,1,0,120,1,0
5,1,1,10,1,3,1,0,60,0,0
5,1,1,7,0,8,0,0,90,0,0
5,1,1,11,0,3,1,0,120,0,0
5,1,0,11,0,7,0,0,90,1,0
5,1,1,4,1,7,0,2,60,0,0
5,1,1,11,0,3,0,1,120,0,0
5,1,1,0,0,7,0,1,60,0,1
5,1,1,5,0,1,0,0,60,0,0
5,1,1,12,1,1,0,0,90,0,0
5,1,1,8,0,6,0,0,60,0,1
5,1,1,4,1,10,1,2,60,0,1
5,1,1,9,0,3,0,0,120,0,0
5,1,1,10,1,2,0,1,60,1,0
5,1,1,2,1,1,0,0,90,0,0
5,1,1,0,1,3,0,0,60,0,0
5,1,1,7,0,8,0,0,120,0,0
5,1,1,5,1,0,0,0,180,1,1
5,1,1,8,0,4,0,1,60,0,0
5,1,1,1,1,1,1,1,90,0,0
5,1,1,10,0,2,0,0,90,0,0
5,1,0,11,0,2,0,0,60,1,1
5,1,0,12,1,2,1,0,60,0,1
5,1,1,9,0,7,0,1,60,0,0
5,1,1,5,1,7,1,0,60,0,1
5,1,1,8,1,3,0,0,60,0,0
5,1,1,6,0,8,1,3,90,0,0
5,1,1,0,1,8,0,0,60,0,1
5,1,0,2,1,10,0,1,90,0,0
5,1,1,6,1,8,1,0,60,0,0
5,1,0,12,1,6,0,0,180,0,1
5,1,1,10,0,4,0,1,60,0,1
5,1,1,0,0,6,0,1,120,1,0
5,1,1,2,0,4,0,0,120,0,0
5,1,1,2,0,5,0,1,90,0,0
5,1,0,3,0,7,0,0,60,0,0
5,1,1,1,0,5,0,0,120,0,1
5,1,1,10,0,3,0,1,90,0,0
5,1,1,4,0,0,0,0,90,0,0
5,1,1,7,0,9,1,0,120,0,0
5,1,0,5,1,9,0,1,60,0,1
5,1,1,11,0,6,0,1,60,0,0
5,1,1,4,1,7,0,2,90,0,0
5,1,1,0,0,9,0,0,150,0,0
5,1,1,3,0,2,0,0,120,0,1
5,1,0,8,1,3,0,0,90,0,1
5,1,1,8,1,5,1,0,120,0,0
5,1,0,7,0,6,1,0,120,0,0
5,1,1,0,1,4,1,0,90,0,1
5,1,1,3,1,4,1,0,120,0,0
5,1,1,9,0,3,0,1,180,1,1
5,1,1,10,0,1,0,0,60,0,0
5,1,0,7,0,2,0,0,60,0,0
5,1,1,6,1,9,0,2,90,0,0
5,1,0,3,1,5,0,1,180,0,0
5,1,0,3,1,2,0,0,120,0,0
5,1,1,7,1,0,0,0,60,0,0
5,1,1,0,1,9,0,2,60,0,0
5,1,1,5,0,5,0,0,60,0,0
5,1,1,11,0,10,0,1,270,0,0
5,1,1,1,1,1,0,0,60,1,1
5,1,1,8,1,5,0,0,60,0,0
5,1,1,2,1,9,0,0,120,0,0
5,1,1,7,0,7,0,0,90,0,0
5,1,1,11,0,1,1,0,60,0,1
5,1,0,9,1,3,0,1,60,0,1
5,1,1,1,0,3,0,0,90,0,1
5,1,1,3,1,3,0,0,60,0,0
5,1,1,10,1,0,0,0,60,0,0
5,1,1,1,1,3,0,1,150,0,1
5,1,1,2,1,0,1,2,90,0,0
5,1,1,7,1,5,0,2,90,0,0
5,1,1,0,1,5,0,1,90,1,1
5,1,1,1,1,5,1,0,60,0,1
5,1,1,12,0,3,1,0,60,0,0
5,1,1,8,1,9,1,0,60,0,0
5,1,1,3,0,1,1,1,120,0,0
5,1,0,10,1,0,0,0,90,0,0
5,1,1,0,1,9,0,0,60,0,1
5,1,0,5,0,6,0,0,90,0,0
5,1,1,4,1,4,1,1,180,0,0
5,1,1,3,0,2,0,1,120,1,1
5,1,0,9,0,2,0,0,90,0,0
5,1,1,3,1,3,0,0,120,1,0
5,1,1,1,1,1,0,0,60,0,0
5,1,1,8,0,4,0,0,60,0,1
5,1,1,12,1,1,1,1,60,0,1
5,1,1,6,1,6,0,0,60,0,1
5,1,0,12,0,0,0,0,90,0,0
5,1,1,1,1,7,0,0,60,0,1
5,1,1,0,0,5,0,1,60,0,0
5,1,0,1,1,1,0,0,60,1,0
5,1,1,5,0,6,0,0,90,0,1
5,1,1,3,1,2,1,0,180,0,1
5,1,1,3,0,2,0,0,60,0,0
5,1,1,5,1,3,0,2,120,0,1
5,1,1,7,1,6,0,0,120,0,1
5,1,1,10,1,8,0,1,60,0,0
5,1,1,4,1,1,0,1,90,0,1
5,1,1,10,1,4,0,1,60,0,0
5,1,1,8,1,9,0,0,60,0,0
5,1,0,7,0,9,0,0,120,0,0
5,1,1,3,1,4,0,0,120,0,0
5,1,1,12,1,0,0,0,60,0,0
5,1,1,3,1,3,0,1,90,1,0
5,1,1,5,1,2,0,0,180,0,0
5,1,1,8,0,8,0,0,120,0,0
5,1,1,0,1,4,0,0,60,0,1
5,1,1,3,1,1,0,0,120,0,0
5,1,1,10,0,3,0,0,90,0,0
5,1,1,1,1,7,0,0,60,0,0
5,1,1,0,0,5,1,0,60,0,0
5,1,0,5,0,0,1,3,180,0,1
5,1,0,3,1,0,0,0,60,1,0
5,1,1,8,1,7,0,0,60,0,1
5,1,0,3,0,3,0,1,150,0,0
5,1,1,4,0,1,1,1,60,0,0
5,1,1,6,0,0,1,0,60,0,0
5,1,0,0,1,7,0,0,180,0,1
5,1,1,4,0,10,0,2,120,0,0
5,1,1,5,1,2,0,0,60,0,0
5,1,1,5,0,4,0,0,120,0,1
5,1,1,7,0,6,0,1,60,0,0
5,1,0,5,1,0,0,0,60,0,1
5,1,1,11,0,0,0,0,60,0,0
5,1,0,8,1,9,0,0,120,0,0
5,1,1,11,0,3,0,0,270,0,1
5,1,1,6,0,8,0,1,90,0,0
5,1,1,3,0,2,0,3,90,0,0
5,1,1,10,1,0,0,2,60,0,0
5,1,1,1,1,9,0,0,180,0,1
5,1,0,2,0,3,0,1,60,0,1
5,1,1,0,0,8,0,0,60,1,0
5,1,1,10,0,5,0,0,60,0,0
5,1,0,10,1,5,1,0,60,0,0
5,1,1,5,0,6,0,1,120,0,0
5,1,1,1,1,3,0,0,60,0,0
5,1,1,0,1,2,0,1,90,0,0
5,1,0,10,1,3,0,0,180,0,0
5,1,1,11,0,2,0,2,120,0,1
5,1,0,1,0,1,0,0,60,1,0
5,1,1,8,0,4,1,1,180,0,1
5,1,1,4,0,8,0,2,210,0,0
5,1,0,6,0,8,1,3,240,0,1
5,1,1,2,1,9,1,0,60,0,0
5,1,1,4,1,10,0,1,60,0,0
5,1,0,4,0,10,1,1,60,0,0
5,1,1,12,0,0,1,0,60,0,0
5,1,1,3,1,1,0,0,120,0,1
5,1,0,2,0,0,0,0,60,0,0
5,1,1,0,1,1,1,1,180,0,0
5,1,1,5,0,9,0,0,60,0,0
5,1,1,2,1,10,1,0,240,0,0
5,1,0,3,1,5,0,0,120,0,0
5,1,0,10,1,4,0,0,120,0,1
5,1,1,8,0,6,0,0,90,0,0
5,1,0,3,0,4,0,0,120,0,0
5,1,1,9,0,4,0,0,120,0,1
5,1,0,7,0,4,0,0,150,1,0
5,1,1,10,1,7,0,1,60,0,0
5,1,1,5,1,0,0,0,120,0,0
5,1,0,3,0,1,0,0,60,0,0
5,1,1,7,0,4,0,0,90,0,0
5,1,1,1,0,9,0,0,60,0,0
5,1,1,10,1,4,0,1,120,0,0
5,1,1,4,0,3,0,1,180,0,0
5,1,1,10,0,2,1,1,60,1,1
5,1,1,11,0,2,0,0,180,0,0
5,1,0,4,0,10,1,2,60,0,1
5,1,1,9,1,2,0,0,120,0,1
5,1,0,10,1,1,1,0,90,0,0
5,1,1,6,1,3,0,3,60,0,0
5,1,1,1,1,1,0,2,120,0,0
5,1,1,9,1,1,0,2,100,0,0
5,1,1,7,1,1,0,2,120,0,1
5,1,1,9,1,8,0,0,120,0,1
5,1,1,10,0,7,0,0,60,0,1
5,1,1,9,0,7,0,1,60,0,0
5,1,1,8,0,5,1,0,90,0,1
5,1,1,7,1,2,0,0,120,0,0
5,1,1,8,1,2,0,0,60,0,0
5,1,1,7,0,5,0,0,60,0,0
5,1,0,11,1,0,0,0,120,1,1
5,1,1,5,0,4,0,0,60,0,0
5,1,1,5,1,8,0,0,90,0,0
5,1,1,12,1,1,0,1,60,0,1
5,1,0,10,1,7,0,0,270,0,0
5,1,1,0,1,5,0,0,60,1,1
5,1,1,3,0,3,0,1,90,0,0
5,1,1,4,0,10,1,1,90,0,1
5,1,1,12,0,0,0,0,60,0,0
5,1,1,10,0,2,0,0,60,0,0
5,1,1,2,1,9,0,0,90,0,1
5,1,0,4,0,2,0,2,120,0,0
5,1,1,11,0,0,0,0,120,0,1
5,1,1,2,0,7,1,0,120,0,0
5,1,1,6,0,9,1,0,60,0,0
5,1,1,6,1,6,0,0,60,0,0
5,1,1,11,0,7,0,0,120,0,0
5,1,1,0,0,2,0,0,60,0,1
5,1,1,11,1,9,0,0,90,0,0
5,1,0,4,2,10,0,0,150,0,1
5,1,1,6,1,4,0,0,60,0,0
5,1,0,11,0,3,0,0,90,0,0
5,1,1,3,1,6,1,0,60,0,0
5,1,0,6,1,7,1,1,180,0,1
5,1,1,4,1,10,0,1,60,0,0
5,1,1,5,0,2,1,1,60,1,0
5,1,1,0,1,2,0,0,120,0,0
5,1,1,3,0,4,0,0,60,0,0
5,1,1,11,0,6,0,1,90,0,0
5,1,1,8,0,7,0,0,90,0,1
5,1,1,7,1,3,0,0,90,1,0
5,1,1,12,0,0,0,0,120,0,0
5,1,0,3,0,2,0,0,70,0,0
5,1,1,1,0,9,0,2,150,0,0
5,1,1,12,0,5,0,0,120,0,0
5,1,1,1,0,8,0,0,60,0,0
5,1,1,6,0,0,0,1,60,0,1
5,1,0,0,0,6,0,0,240,1,1
5,1,1,3,0,3,0,1,90,0,0
5,1,1,6,1,6,0,0,60,0,1
5,1,1,5,1,0,0,0,120,1,1
5,1,1,1,0,2,0,1,120,0,0
5,1,1,10,0,1,0,1,60,0,0
5,1,1,2,1,1,0,1,120,0,0
5,1,1,10,0,5,0,1,120,0,0
5,1,1,3,0,0,0,1,90,0,0
5,1,1,4,0,0,0,0,60,0,1
5,1,0,6,1,5,0,0,60,0,0
5,1,1,0,1,5,0,1,150,1,0
5,1,1,1,0,3,0,0,90,0,0
5,1,0,11,0,6,0,1,60,0,1
5,1,1,2,1,2,0,0,60,0,0
5,1,1,8,0,5,0,0,60,0,0
5,1,0,7,0,2,0,0,180,0,1
5,1,1,8,1,8,0,1,120,0,1
5,1,1,3,0,2,1,0,120,0,0
5,1,1,0,1,3,1,0,60,0,0
5,1,1,6,1,3,0,0,60,0,0
5,1,0,9,1,3,0,1,60,0,0
5,1,1,8,0,9,0,0,150,0,0
5,1,1,11,2,3,0,0,60,0,0
5,1,1,7,0,3,0,1,120,1,1
5,1,1,11,0,6,0,0,60,0,0
5,1,1,7,1,3,0,0,210,1,1
5,1,1,11,1,6,0,1,90,1,1
5,1,1,5,1,1,0,1,60,0,1
5,1,1,9,1,3,0,0,120,0,0
5,1,1,1,1,5,0,0,60,0,0
5,1,1,12,1,5,1,0,150,0,1
5,1,1,9,1,4,1,1,60,1,0
5,1,1,0,0,9,0,0,60,0,1
5,1,1,12,1,2,0,1,180,1,1
5,1,1,1,0,5,0,0,180,0,0
5,1,1,0,1,9,0,0,60,1,1
5,1,1,5,1,5,0,0,60,0,0
5,1,1,3,1,4,0,0,60,0,0
5,1,0,0,1,3,0,1,120,0,1
5,1,1,6,0,7,0,1,60,1,0
5,1,0,8,0,8,1,0,90,0,0
5,1,0,8,1,5,0,0,120,0,1
5,1,1,8,0,7,0,1,120,0,0
5,1,1,8,2,5,0,1,60,0,0
5,1,1,8,1,9,1,0,60,0,0
5,1,1,4,0,0,0,1,120,0,1
5,1,0,8,1,5,0,1,150,1,1
5,1,1,0,0,9,0,0,60,0,0
5,1,1,10,0,8,0,1,120,0,0
5,1,0,10,1,4,0,0,60,0,0
5,1,1,5,1,0,1,0,60,0,0
5,1,1,3,1,0,0,1,120,0,0
5,1,1,0,0,4,0,1,60,1,0
5,1,1,11,1,6,0,1,90,0,0
5,1,1,11,0,9,0,2,60,0,0
5,1,1,8,1,5,0,2,150,0,0
5,1,1,8,0,8,0,1,90,0,1
5,1,1,2,0,8,0,0,90,1,1
5,1,1,3,0,7,1,0,120,0,0
5,1,1,8,1,9,0,0,130,0,1
5,1,1,1,0,8,1,0,60,0,0
5,1,1,0,1,4,1,0,60,0,0
5,1,1,7,1,9,1,0,60,0,0
5,1,0,11,1,2,0,0,120,0,0
5,1,1,6,0,5,0,0,60,0,0
5,1,1,4,1,10,0,0,60,0,1
5,1,0,5,0,6,0,0,60,0,0
5,1,1,9,0,2,0,0,120,0,1
5,1,1,1,0,6,0,0,180,0,1
5,1,1,4,0,1,0,0,120,0,1
5,1,1,10,1,7,1,0,60,0,0
5,1,0,3,1,1,0,1,120,0,1
5,1,1,4,0,7,0,0,120,0,1
5,1,1,8,1,4,0,1,60,0,0
5,1,0,0,0,7,0,0,120,0,0
5,1,1,6,0,0,0,1,60,0,1
5,1,1,10,0,2,0,0,60,0,0
5,1,1,0,1,6,0,1,90,0,0
5,1,1,4,0,4,0,0,60,0,0
5,1,0,5,1,0,0,1,60,0,0
5,1,0,12,0,7,0,0,60,0,0
5,1,1,11,0,8,0,1,90,0,0
5,1,1,9,1,1,0,1,60,0,1
5,1,0,12,0,2,0,1,120,0,0
5,1,0,0,0,7,0,0,60,1,0
5,1,1,3,1,2,0,0,60,0,0
5,1,1,0,0,1,0,0,60,0,0
5,1,1,6,1,6,0,0,120,0,1
5,1,1,5,1,3,0,1,60,0,0
5,1,0,0,1,1,1,0,60,0,0
5,1,1,5,1,0,0,0,120,0,0
5,1,1,0,1,7,1,0,60,0,0
5,1,1,8,1,1,0,0,180,1,0
5,1,1,2,1,6,0,1,180,0,1
5,1,1,9,0,7,0,0,60,0,0
5,1,1,6,0,4,0,1,270,0,1
5,1,1,0,1,7,0,1,60,0,0
5,1,1,9,0,7,1,2,120,0,1
5,1,1,11,0,5,0,1,120,0,1
5,1,1,11,0,4,0,1,90,0,0
5,1,1,5,1,9,0,1,90,0,0
5,1,1,0,1,2,0,0,120,0,1
5,1,0,0,1,7,0,1,120,1,0
5,1,1,12,1,2,0,1,120,1,0
5,1,1,7,0,9,0,0,60,0,0
5,1,1,6,0,5,0,0,120,1,0
5,1,1,7,1,6,1,1,60,0,0
5,1,1,8,0,5,0,0,60,0,0
5,1,1,1,1,1,1,0,60,0,0
5,1,1,1,1,2,0,0,60,0,0
5,1,1,1,1,9,0,0,90,0,0
5,1,0,6,1,3,0,0,60,0,0
5,1,1,7,0,5,0,0,60,0,0
5,1,1,8,1,9,0,1,120,0,1
5,1,1,11,1,0,1,1,120,0,1
5,1,1,12,0,5,0,1,150,0,0
5,1,1,9,0,8,1,1,60,0,1
5,1,0,9,0,5,0,0,150,0,0
5,1,1,8,0,7,0,0,60,0,0
5,1,1,8,1,8,0,1,120,0,0
5,1,1,5,1,1,0,1,60,0,0
5,1,1,1,1,9,0,0,60,0,0
5,1,1,4,1,10,1,1,90,0,0
5,1,0,6,0,9,0,0,60,0,1
5,1,1,8,1,2,0,2,60,0,1
5,1,1,3,1,7,0,0,120,0,1
5,1,1,11,1,2,0,1,60,0,0
5,1,1,4,0,10,0,1,90,0,0
5,1,1,0,1,2,0,1,60,0,0
5,1,0,5,0,0,1,0,120,0,1
5,1,1,12,1,0,0,1,60,0,0
5,1,1,9,1,3,0,1,60,0,0
5,1,1,3,0,3,0,0,90,0,0
5,1,1,10,0,9,0,2,60,0,0
5,1,1,7,0,3,0,1,60,0,0
5,1,1,10,0,1,1,1,120,0,0
5,1,1,0,0,5,1,0,60,0,0
5,1,1,4,0,0,1,1,60,0,0
5,1,1,3,0,1,0,1,60,0,0
5,1,1,3,1,0,1,1,60,0,1
5,1,0,3,1,8,0,0,210,0,1
5,1,1,12,1,0,1,0,60,0,0
5,1,0,6,0,8,0,0,150,1,0
5,1,0,12,0,6,0,1,60,0,0
5,1,1,7,1,6,0,0,60,0,0
5,1,0,5,1,2,1,0,240,0,1
5,1,1,6,1,8,0,0,60,0,1
5,1,1,8,0,7,0,1,60,0,1
5,1,1,0,0,5,0,0,60,0,1
5,1,1,8,1,9,1,0,60,0,0
5,1,0,3,1,2,1,0,240,0,1
5,1,1,8,1,10,0,0,60,0,0
5,1,1,10,1,2,0,0,120,1,1
5,1,1,2,0,8,0,0,120,1,1
5,1,1,5,1,3,0,0,60,0,0
5,1,1,4,2,10,0,1,90,0,0
5,1,1,4,0,10,1,1,120,0,0
5,1,1,6,0,7,0,1,60,0,0
5,1,1,1,0,4,0,2,60,0,0
5,1,0,5,1,1,1,0,90,1,0
5,1,1,9,0,4,0,0,60,0,0
5,1,0,11,0,7,1,1,60,0,0
5,1,1,8,0,3,0,0,60,0,0
5,1,1,0,0,1,0,1,60,0,0
5,1,1,10,1,1,0,1,60,0,1
5,1,0,3,1,5,0,0,90,0,0
5,1,1,8,1,4,0,1,120,0,1
5,1,1,3,0,8,0,0,90,0,0
5,1,0,5,1,0,1,0,120,0,0
5,1,1,3,0,4,0,1,90,0,0
5,1,1,8,1,5,0,0,60,0,1
5,1,1,1,0,6,0,0,90,0,0
5,1,1,9,0,7,0,0,60,0,0
5,1,1,3,0,1,0,1,60,0,0
5,1,1,10,1,0,0,1,60,0,0
5,1,1,3,0,2,0,0,90,0,0
5,1,1,5,1,2,0,0,120,1,1
5,1,1,6,1,1,0,1,75,0,0
5,1,0,7,1,2,0,1,60,1,0
5,1,1,10,0,8,0,0,120,0,0
5,1,0,5,0,0,0,0,180,0,0
5,1,0,8,0,9,0,0,120,0,1
5,1,1,3,1,3,0,0,60,0,0
5,1,1,0,1,5,0,1,120,0,0
5,1,1,11,0,9,0,0,120,0,1
5,1,1,1,0,1,0,0,90,0,0
5,1,1,5,0,0,0,0,60,0,0
5,1,1,11,0,5,0,0,60,0,1
5,1,1,4,0,0,1,1,120,0,1
5,1,1,1,0,4,0,0,60,0,0
5,1,0,7,1,5,0,0,60,0,0
5,1,1,8,1,4,0,1,60,0,1
5,1,1,7,0,3,0,0,120,0,0
5,1,1,4,0,2,0,0,90,0,0
5,1,1,5,1,1,0,0,120,0,0
5,1,1,1,1,6,1,0,60,0,0
5,1,1,8,0,3,0,0,90,0,1
5,1,1,8,1,9,1,1,150,1,1
5,1,1,1,1,9,0,0,120,0,0
5,1,1,10,0,2,0,1,180,0,1
5,1,1,8,1,8,0,0,60,0,0
5,1,1,0,0,3,0,0,60,0,0
5,1,0,6,1,2,0,0,90,0,1
5,1,1,3,1,1,0,0,60,0,0
5,1,1,3,0,5,0,0,120,0,0
5,1,1,6,0,6,0,0,60,0,0
5,1,0,5,0,8,0,0,90,0,1
5,1,1,0,1,8,0,0,60,0,1
5,1,1,0,0,5,0,0,60,0,1
5,1,1,8,0,6,0,0,60,0,0
5,1,0,6,0,2,0,1,60,0,0
5,1,1,8,1,6,0,0,90,0,0
5,1,1,9,1,5,0,0,60,0,1
5,1,0,6,0,1,0,1,90,0,0
5,1,0,9,1,1,0,0,60,1,0
5,1,1,9,0,3,1,0,60,0,0
5,1,0,2,0,0,0,1,150,1,1
5,1,1,0,0,5,1,0,60,0,0
5,1,1,12,0,3,0,0,120,0,1
5,1,1,4,1,10,0,0,120,0,0
5,1,0,5,1,0,0,1,60,0,0
5,1,1,2,0,7,1,0,120,0,0
5,1,0,4,0,10,0,0,120,0,0
5,1,1,8,1,5,0,0,60,0,1
5,1,0,5,0,4,0,0,120,0,0
5,1,1,8,0,8,0,0,120,0,1
5,1,1,12,0,2,0,0,120,0,0
5,1,1,7,1,6,1,0,120,0,0
5,1,1,8,0,5,0,0,120,0,0
5,1,0,1,0,3,1,0,120,1,1
5,1,0,8,0,8,0,0,60,1,0
5,1,1,0,1,0,0,0,90,0,0
5,1,1,5,0,0,0,0,60,0,0
5,1,1,6,0,2,0,1,120,0,0
5,1,1,5,0,0,0,0,60,0,0
5,1,1,11,0,3,0,0,120,0,0
5,1,1,8,1,5,0,0,90,0,0
5,1,1,3,0,7,0,0,120,0,0
5,1,1,2,0,8,1,0,120,0,0
5,1,1,0,0,4,0,0,60,0,1
5,1,1,6,1,3,0,0,210,0,1
5,1,1,10,0,9,0,1,90,0,0
5,1,0,7,0,6,1,0,60,0,0
5,1,0,0,1,3,0,0,90,0,1
5,1,1,6,1,2,0,0,60,0,1
5,1,1,8,0,9,0,1,180,0,1
5,1,1,9,0,1,0,0,120,0,0
5,1,1,9,1,2,0,0,60,0,0
5,1,1,11,0,10,0,0,60,0,0
5,1,1,8,1,2,0,0,90,0,0
5,1,1,5,1,0,1,0,60,1,1
5,1,1,11,0,6,1,0,60,0,1
5,1,1,7,0,5,0,0,120,0,0
5,1,1,2,0,7,1,0,60,0,0
5,1,1,0,0,7,0,0,60,0,1
5,1,1,1,0,3,1,0,60,0,0
5,1,1,8,1,4,0,0,120,0,0
5,1,1,9,1,7,0,1,120,0,0
5,1,1,2,1,3,0,0,120,0,0
5,1,1,3,1,6,0,0,60,0,0
5,1,1,6,0,1,0,0,60,0,1
5,1,1,2,1,6,0,0,150,1,1
5,1,1,4,1,7,0,0,150,0,0
5,1,1,1,1,8,0,0,90,0,1
5,1,1,10,0,7,0,0,60,0,0
5,1,1,8,0,9,0,0,60,0,0
5,1,0,4,0,10,0,1,60,0,0
5,1,1,12,0,9,0,0,60,0,0
5,1,0,8,1,3,0,1,90,0,1
5,1,1,10,0,9,0,0,60,0,0
5,1,1,1,1,3,0,0,60,1,1
5,1,0,10,0,5,0,0,90,0,0
5,1,0,3,1,8,0,0,120,0,1
5,1,1,3,1,3,0,1,90,0,0
5,1,1,10,0,6,0,0,120,0,0
5,1,1,2,1,10,1,0,60,0,0
5,1,1,10,1,0,0,1,60,0,0
5,1,1,1,0,0,0,0,120,1,1
5,1,0,5,0,3,0,0,60,0,0
5,1,1,11,0,10,0,0,60,0,0
5,1,1,6,1,3,0,1,60,0,0
5,1,0,7,0,6,0,1,120,0,1
5,1,1,6,0,2,0,0,60,0,0
5,1,1,1,1,3,0,0,150,0,1
5,1,0,7,1,2,0,0,90,0,1
5,1,1,12,0,5,1,0,60,0,0
5,1,0,0,0,5,1,0,120,0,0
5,1,1,8,0,8,0,0,60,0,1
5,1,1,1,0,7,0,0,60,0,0
5,1,1,6,0,4,0,0,90,0,0
5,1,0,5,0,0,0,0,120,0,0
5,1,1,9,0,3,0,0,60,1,0
5,1,1,7,1,5,0,0,60,0,0
5,1,1,8,0,7,0,0,60,0,0
5,1,1,5,1,9,0,0,60,0,0
5,1,1,1,1,2,0,0,120,0,0
5,1,1,11,1,1,0,0,120,1,0
5,1,0,10,0,5,1,0,60,0,0
5,1,0,10,0,2,1,0,60,0,0
5,1,0,10,0,3,0,0,60,0,0
5,1,1,10,1,3,0,0,60,0,0
5,1,1,10,0,4,0,0,60,0,0
5,1,1,10,1,1,0,0,60,0,1
5,1,1,10,0,1,0,0,60,0,0
5,1,0,10,1,7,1,0,60,0,0
5,1,1,11,0,6,0,0,120,0,0
5,1,0,0,0,7,0,0,120,1,0
5,1,1,7,0,3,0,0,120,1,1
5,1,0,1,1,0,1,0,90,0,0
5,1,1,11,1,8,0,0,60,0,1
5,1,1,5,0,8,0,0,300,0,0
5,1,0,7,1,8,0,0,90,0,1
5,1,1,12,1,4,0,0,120,0,0
5,1,1,12,1,7,1,0,120,0,1
5,1,1,2,0,1,0,0,60,0,0
5,1,1,1,1,5,0,0,120,0,1
5,1,1,12,0,0,1,0,60,0,1
5,1,1,8,0,1,0,0,120,0,0
5,1,0,3,1,1,0,0,120,0,1
5,1,1,9,1,4,1,0,60,0,0
5,1,1,0,1,3,1,0,60,0,1
5,1,1,11,1,5,0,0,60,0,0
5,1,0,4,0,0,0,0,120,0,0
5,1,1,8,1,8,0,0,60,0,0
5,1,1,12,1,4,1,0,180,0,0
5,1,1,9,1,4,1,0,90,0,0
5,1,1,8,0,3,0,0,90,0,0
5,1,1,9,1,7,0,0,150,0,1
5,1,1,4,1,0,0,0,120,0,1
5,1,0,11,0,1,0,0,60,0,0
5,1,1,1,1,8,0,0,120,0,1
5,1,1,8,0,9,0,0,60,0,0
5,1,0,5,1,0,1,0,60,0,1
5,1,1,0,0,4,0,0,90,0,1
5,1,0,11,1,3,0,0,60,0,0
5,1,1,6,1,8,1,0,60,0,0
5,1,1,5,0,0,0,0,60,0,1
5,1,1,3,1,0,0,0,60,0,0
5,1,1,3,1,1,0,0,120,0,1
5,1,1,3,0,3,0,0,90,0,0
5,1,1,5,0,7,0,0,60,0,0
5,1,1,10,0,7,0,0,60,0,1
5,1,1,8,1,8,0,0,60,0,0
5,1,1,0,0,2,0,0,120,0,0
5,1,1,7,1,9,0,0,60,0,1
5,1,0,1,1,2,0,0,60,0,0
5,1,1,3,0,1,0,0,60,0,1
5,1,1,2,0,9,0,0,120,0,0
5,1,0,4,0,10,1,0,60,0,0
5,1,0,1,1,5,0,0,60,0,0
5,1,1,1,1,0,0,0,60,0,0
5,1,1,12,1,2,0,0,120,0,0
5,1,1,11,0,1,1,0,60,0,0
5,1,1,10,1,1,0,0,90,0,0
5,1,1,6,1,1,0,0,90,0,0
5,1,1,3,1,1,0,0,135,0,0
5,1,1,1,0,2,0,0,120,0,0
5,1,1,4,0,4,0,0,60,0,0
5,1,1,0,0,9,0,0,60,0,0
5,1,1,2,1,7,0,0,60,0,0
5,1,1,6,0,4,1,0,90,0,0
5,1,1,11,0,5,0,0,60,1,0
5,1,1,5,1,4,0,0,90,0,0
5,1,1,9,1,4,0,0,120,1,0
5,1,1,5,0,3,0,0,60,1,0
5,1,1,6,1,0,0,0,60,0,1
5,1,1,7,0,3,0,0,60,0,0
5,1,0,11,0,1,0,0,90,0,0
5,1,1,1,1,5,1,0,120,0,0
5,1,1,11,0,1,0,0,90,1,1
5,1,1,1,0,2,0,0,60,0,0
5,1,1,3,0,7,0,0,120,0,0
5,1,1,9,1,3,0,0,60,0,0
5,1,1,11,0,1,0,0,120,0,0
5,1,0,4,1,10,0,0,120,1,1
5,1,0,8,0,1,0,0,120,0,1
5,1,1,8,0,5,0,0,120,1,1
5,1,1,11,1,0,1,0,60,0,0
5,1,1,0,1,5,0,0,60,0,1
5,1,1,7,1,8,1,0,60,0,0
5,1,1,7,1,8,0,0,120,0,0
5,1,1,12,1,3,1,0,60,0,0
5,1,0,8,0,8,1,0,60,0,0
5,1,1,8,0,5,1,0,60,0,0
5,1,0,11,0,7,0,0,120,0,0
5,1,1,6,0,6,1,0,60,0,0
5,1,1,8,1,5,1,0,120,1,0
5,1,1,12,0,2,0,0,60,0,1
5,1,0,3,1,7,0,0,120,0,0
5,1,1,0,1,8,0,0,180,1,1
5,1,1,11,2,0,0,0,60,0,1
5,1,0,9,1,3,0,0,180,1,0
5,1,1,8,0,7,1,0,60,0,0
5,1,1,2,0,9,0,0,60,0,1
5,1,1,5,0,2,0,0,120,0,0
5,1,1,10,1,3,1,0,60,0,0
5,1,1,2,1,10,1,0,60,0,0
5,1,1,9,0,1,0,0,75,0,0
5,1,1,1,0,5,0,0,120,0,0
5,1,1,1,0,9,0,0,60,0,1
5,1,1,5,1,5,1,0,120,1,0
5,1,1,1,1,9,0,0,60,0,0
5,1,0,4,0,10,0,0,90,0,0
5,1,1,8,1,5,0,0,120,0,0
5,1,0,11,0,7,0,0,120,0,0
5,1,1,11,1,8,0,0,60,0,0
5,1,1,11,0,0,0,0,60,0,0
5,1,0,5,1,3,1,0,90,0,1
5,1,1,7,0,4,0,0,60,0,1
5,1,1,12,1,0,1,0,60,0,0
5,1,1,2,0,8,0,0,60,0,0
5,1,1,5,0,9,0,0,120,0,0
5,1,1,3,1,2,0,0,60,0,0
5,1,0,3,1,1,0,0,150,0,1
5,1,1,10,1,5,0,0,120,1,1
5,1,1,5,0,1,0,0,60,0,0
5,1,1,12,0,3,1,0,120,0,1
5,1,1,6,1,4,0,0,60,0,0
5,1,1,3,1,2,0,0,120,0,0
5,1,1,5,1,5,1,0,90,0,1
5,1,1,11,0,1,0,0,60,0,0
5,1,1,11,1,2,0,0,60,0,0
5,1,0,5,1,1,0,0,60,0,0
5,1,1,9,1,9,0,0,60,0,0
5,1,1,5,1,8,0,0,60,0,0
5,1,1,12,1,1,0,0,180,0,1
5,1,0,9,1,6,0,0,60,0,0
5,1,1,4,0,7,0,0,60,0,0
5,1,1,3,0,0,0,0,90,0,0
5,1,1,5,0,3,0,0,90,0,0
5,1,0,3,1,4,0,0,60,0,0
5,1,1,12,0,2,0,0,90,0,1
5,1,1,3,1,2,0,0,60,0,0
5,1,1,5,0,5,0,0,60,0,1
5,1,1,4,0,1,1,0,120,0,0
5,1,1,5,0,2,0,0,60,0,0
5,1,1,1,1,2,0,0,120,0,0
5,1,1,0,1,3,0,0,60,0,0
5,1,1,1,1,7,0,0,60,0,1
5,1,1,6,1,2,0,0,120,0,0
5,1,1,10,0,1,0,0,120,0,0
5,1,1,5,0,4,1,0,120,0,0
5,1,1,0,1,5,0,0,120,0,0
5,1,1,0,0,1,0,0,60,0,1
5,1,1,6,1,4,0,0,90,1,1
5,1,1,3,1,1,0,0,60,0,0
5,1,1,9,1,1,1,0,180,1,1
5,1,1,0,0,9,0,0,120,0,0
5,1,1,3,0,3,0,0,150,0,1
5,1,1,5,0,1,0,0,150,0,0
5,1,0,0,0,4,0,0,120,0,0
5,1,1,0,0,5,0,0,60,0,0
5,1,1,8,0,9,0,0,90,0,0
5,1,1,12,1,6,0,0,60,0,0
5,1,0,12,1,0,0,0,120,0,0
5,1,1,5,1,6,0,0,60,0,0
5,1,1,9,1,2,0,0,60,0,1
5,1,1,7,1,2,0,0,60,0,1
5,1,1,0,1,7,1,0,60,0,0
5,1,1,3,1,5,1,0,60,0,0
5,1,1,7,0,5,0,0,60,0,0
5,1,0,1,1,5,0,0,60,0,1
5,1,1,8,0,4,0,0,120,0,0
5,1,0,0,1,4,0,0,120,0,0
5,1,1,0,1,2,0,0,120,1,0
5,1,0,5,1,4,0,0,120,0,0
5,1,1,1,1,3,0,0,120,0,1
5,1,1,12,0,5,0,0,60,0,0
5,1,0,3,2,1,0,0,120,0,0
5,1,1,5,0,2,0,0,90,0,1
5,1,1,5,1,1,0,0,60,0,1
5,1,1,10,0,1,0,0,90,0,1
5,1,1,2,1,7,0,0,90,0,1
5,1,1,7,0,7,1,0,90,0,0
5,1,1,0,1,0,1,0,60,0,0
5,1,1,12,0,2,0,0,60,0,0
5,1,1,11,0,3,0,0,90,0,0
5,1,1,8,1,8,0,0,60,0,0
5,1,1,12,0,5,0,0,120,0,0
5,1,1,2,0,9,0,0,120,0,0
5,1,1,9,1,9,0,0,60,0,0
5,1,1,1,1,8,0,0,60,0,0
5,1,1,8,0,5,1,0,60,0,1
5,1,1,6,0,8,0,0,60,0,0
5,1,1,3,1,4,0,0,60,0,0
5,1,1,10,0,7,0,0,90,0,0
5,1,1,9,0,1,0,0,120,0,1
5,1,1,8,0,3,0,0,60,0,0
5,1,1,2,0,1,0,0,60,0,0
5,1,1,2,0,9,0,0,70,1,0
5,1,1,3,0,0,0,0,90,0,0
5,1,1,10,1,6,0,0,90,0,0
5,1,1,9,1,3,0,0,60,0,0
5,1,1,9,0,6,2,0,240,0,0
5,1,1,2,1,10,0,0,90,0,0
5,1,1,4,0,8,0,0,90,0,1
5,1,1,0,1,4,0,0,90,0,0
5,1,1,11,1,9,0,0,60,0,0
5,1,0,7,1,9,0,0,60,0,0
5,1,1,3,0,0,0,0,60,0,0
5,1,1,3,1,0,0,0,120,0,0
5,1,1,3,0,7,0,0,240,0,1
5,1,1,9,0,3,0,0,90,1,1
5,1,1,11,1,3,0,0,150,0,0
5,1,1,3,0,7,1,0,90,0,1
5,1,1,8,0,2,1,0,120,0,0
5,1,0,8,0,8,0,0,60,0,1
5,1,1,5,0,0,1,0,120,0,0
5,1,1,5,0,3,1,0,60,0,0
5,1,1,2,1,10,0,0,60,0,0
5,1,1,8,1,9,0,0,120,0,0
5,1,1,8,0,7,0,0,60,0,1
5,1,1,1,1,1,0,0,120,0,0
5,1,1,6,0,4,0,0,90,0,0
5,1,1,3,0,5,0,0,60,0,0
5,1,1,0,1,8,0,0,120,0,0
5,1,1,0,1,6,0,0,60,0,0
5,1,1,12,0,2,0,0,120,0,0
5,1,1,6,1,9,1,0,60,0,1
5,1,1,3,1,2,0,0,60,0,0
5,1,0,10,1,7,0,0,60,0,0
5,1,1,12,1,4,1,0,60,0,1
5,1,1,0,0,4,0,0,120,0,1
5,1,1,8,1,9,0,0,180,0,1
5,1,1,0,0,7,0,0,60,0,1
5,1,1,9,1,1,0,0,90,0,0
5,1,1,10,1,2,0,0,60,0,0
5,1,1,7,0,0,0,0,60,0,1
5,1,1,3,0,5,0,0,120,0,0
5,1,0,10,1,0,0,0,150,0,1
5,1,1,12,0,0,0,0,60,0,1
5,1,1,4,1,2,0,0,120,0,0
5,1,1,6,1,9,0,0,90,0,1
5,1,0,4,1,2,0,0,120,0,1
5,1,1,11,0,7,1,0,60,0,0
5,1,1,1,0,6,0,0,120,0,0
5,1,1,12,1,0,0,0,60,0,0
5,1,0,10,0,1,0,0,120,0,0
5,1,1,3,0,1,0,0,120,0,0
5,1,1,12,1,0,0,0,240,1,1
5,1,1,5,1,5,0,0,60,0,1
5,1,1,4,0,1,0,0,120,0,0
5,1,1,3,0,2,0,0,60,0,1
5,1,1,3,1,1,0,0,120,0,1
5,1,1,6,0,9,0,0,60,0,0
5,1,1,10,1,6,0,0,120,0,0
5,1,1,12,1,7,0,0,120,0,0
5,1,0,6,0,2,0,0,150,0,1
5,1,1,10,1,0,0,0,60,0,0
5,1,1,5,0,4,0,0,90,0,1
5,1,1,6,1,1,0,0,60,0,0
5,1,1,6,1,7,1,0,60,0,0
5,1,0,11,1,0,1,0,60,0,0
5,1,1,4,0,7,0,0,60,0,0
5,1,1,11,0,3,0,0,120,0,0
5,1,0,12,1,7,0,0,60,0,0
5,1,1,1,1,3,0,0,60,0,0
5,1,1,1,1,8,0,0,90,0,0
5,1,1,3,1,2,0,0,60,0,0
5,1,1,12,1,2,0,0,60,0,0
5,1,1,10,1,7,0,0,60,0,0
5,1,1,3,0,1,0,0,240,0,0
5,1,1,3,0,6,0,0,90,0,0
5,1,1,0,0,6,0,0,60,0,0
5,1,1,6,0,1,0,0,90,1,1
5,1,1,8,0,5,0,0,90,0,0
5,1,1,3,0,3,0,0,60,0,0
5,1,1,9,0,6,0,0,60,0,0
5,1,1,1,1,1,0,0,90,0,1
5,1,1,1,0,9,0,0,60,0,0
5,1,1,4,0,0,0,0,60,1,1
5,1,1,4,1,10,0,0,60,0,0
5,1,1,0,0,3,0,0,120,0,0
5,1,1,2,1,10,1,0,60,0,0
5,1,1,3,1,3,0,0,60,0,0
5,1,1,1,1,5,0,0,60,0,0
5,1,1,9,1,5,0,0,120,0,0
5,1,0,1,0,4,0,0,60,0,0
5,1,0,8,0,5,1,0,60,0,1
5,1,1,8,0,8,0,0,120,0,1
5,1,1,5,0,0,0,0,60,0,0
5,1,1,10,0,6,0,0,60,0,0
5,1,0,6,0,1,0,0,90,0,0
5,1,1,5,1,2,0,0,60,0,1
5,1,1,4,1,4,0,0,60,0,0
5,1,1,11,1,7,0,0,60,0,1
5,1,0,3,0,1,0,0,120,0,0
5,1,1,3,0,9,0,0,90,0,1
5,1,1,2,0,9,0,0,90,0,0
5,1,1,1,0,3,0,0,120,0,1
5,1,1,6,0,7,0,0,120,0,0
5,1,1,2,1,5,0,0,90,0,0
5,1,1,0,1,7,0,0,60,1,1
5,1,1,11,1,3,0,0,90,0,1
5,1,1,2,1,5,0,0,150,0,1
5,1,1,6,1,2,1,0,60,0,0
5,1,0,11,1,8,0,0,120,0,0
5,1,1,9,1,1,0,0,60,0,1
5,1,1,5,1,6,0,0,60,0,0
5,1,1,8,0,9,0,0,60,0,0
5,1,1,9,0,8,0,0,120,0,0
5,1,0,12,1,3,0,0,60,0,0
5,1,1,2,0,7,0,0,90,0,0
5,1,1,10,1,9,0,0,90,0,1
5,1,1,6,0,1,0,0,90,0,0
5,1,1,5,1,2,0,0,75,0,1
5,1,1,9,1,2,0,0,180,0,1
5,1,1,1,0,8,0,0,120,0,1
5,1,0,5,0,6,0,0,120,0,0
5,1,1,1,0,7,0,0,150,0,0
5,1,1,0,1,3,0,0,90,0,0
5,1,1,8,0,9,0,0,60,0,0
5,1,1,0,0,9,1,0,180,0,0
5,1,1,9,1,4,0,0,60,0,0
5,1,1,0,1,4,1,0,90,0,1
5,1,1,10,1,5,1,0,60,0,0
5,1,1,5,1,0,0,0,60,0,1
5,1,1,3,1,3,0,0,60,0,1
5,1,1,4,0,6,0,0,120,0,0
5,1,1,3,1,1,1,0,120,0,0
5,1,1,11,1,1,0,0,60,0,1
5,1,1,3,1,2,1,0,120,0,1
5,1,1,10,1,0,0,0,60,0,0
5,1,1,7,0,9,0,0,60,0,0
5,1,1,9,1,3,0,0,60,0,0
5,1,1,4,1,1,0,0,60,0,1
5,1,0,6,1,6,0,0,60,0,1
5,1,1,1,1,6,1,0,120,0,1
5,1,1,9,1,4,0,0,120,0,0
5,1,1,1,1,5,0,0,60,0,0
5,1,1,6,0,7,1,0,60,0,0
5,1,1,4,0,5,0,0,60,0,0
5,1,1,12,1,8,0,0,60,0,0
5,1,1,9,0,4,0,0,60,0,0
5,1,1,11,2,0,0,0,60,0,0
5,1,1,4,0,2,0,0,60,0,0
5,1,1,11,0,4,0,0,120,0,0
5,1,1,1,1,3,0,0,60,0,0
5,1,0,0,0,5,0,0,60,0,0
5,1,1,0,1,8,0,0,120,1,1
5,1,1,3,1,1,0,0,120,1,1
5,1,1,9,0,7,0,0,120,0,0
5,1,1,0,0,7,0,0,60,0,0
5,1,1,5,1,0,0,0,60,1,1
5,1,1,8,0,1,0,0,60,0,0
5,1,0,1,0,1,0,0,60,0,1
5,1,1,9,1,7,0,0,120,0,1
5,1,0,1,0,7,0,0,90,0,0
5,1,1,3,1,2,0,0,150,0,1
5,1,0,8,1,9,1,0,90,0,0
5,1,1,1,1,0,0,0,60,0,0
5,1,0,11,1,2,1,0,90,0,0
5,1,1,7,0,8,0,0,60,0,0
5,1,1,5,1,8,0,0,60,0,1
5,1,1,11,1,5,1,0,60,0,0
5,1,1,8,2,5,0,0,60,0,0
5,1,1,2,1,3,0,0,90,0,0
5,1,1,8,1,2,0,0,90,0,0
5,1,1,1,0,7,0,0,150,0,1
5,1,1,0,1,5,0,0,120,0,0
5,1,1,7,0,5,0,0,60,1,0
5,1,1,10,1,8,0,0,150,0,0
5,1,1,4,1,10,0,0,90,0,0
5,1,0,12,1,1,0,0,120,0,0
5,1,1,7,0,4,0,0,150,0,0
5,1,1,8,1,4,0,0,120,0,0
5,1,1,4,0,1,0,0,120,0,1
5,1,1,7,1,5,0,0,60,0,0
5,1,1,0,0,9,0,0,120,0,0
5,1,1,3,1,0,0,0,60,0,0
5,1,1,9,0,6,0,0,60,1,0
5,1,1,7,0,3,0,0,90,0,0
5,1,0,2,1,0,0,0,180,0,1
5,1,1,3,1,6,1,0,60,0,0
5,1,1,0,0,3,0,0,60,0,0
5,1,1,0,0,6,0,0,120,0,0
5,1,1,7,0,5,0,0,60,0,0
5,1,1,2,0,4,0,0,150,0,0
5,1,1,8,0,7,0,0,90,0,0
5,1,1,0,0,4,0,0,60,0,1
5,1,1,5,1,5,0,0,120,0,1
5,1,1,0,1,8,0,0,90,0,0
5,1,1,7,1,1,1,0,60,0,0
5,1,1,3,0,1,0,0,90,0,0
5,1,1,6,0,5,0,0,60,0,0
5,1,1,7,0,9,0,0,90,0,1
5,1,1,12,0,1,0,0,120,0,1
5,1,1,4,0,1,0,0,60,0,0
5,1,1,1,1,4,1,0,60,0,1
5,1,1,6,1,6,0,0,85,1,1
5,1,1,8,1,3,0,0,60,0,0
5,1,1,5,1,1,1,0,120,0,0
5,1,1,10,0,1,1,0,60,0,0
5,1,1,11,1,3,0,0,60,0,0
5,1,1,1,0,1,0,0,120,0,0
5,1,1,5,1,3,0,0,60,0,1
5,1,1,9,1,5,0,0,210,0,0
5,1,1,3,1,8,0,0,90,1,1
5,1,1,12,0,1,0,0,60,0,0
5,1,1,7,0,4,0,0,60,0,0
5,1,1,9,0,4,0,0,120,1,1
5,1,1,6,1,7,0,0,60,0,1
5,1,1,1,1,8,0,0,180,0,1
5,1,0,0,1,3,1,0,90,0,0
5,1,1,4,0,0,0,0,120,0,1
5,1,1,11,1,0,0,0,60,1,1
5,1,1,3,0,1,0,0,60,0,0
5,1,0,11,1,7,0,0,90,0,0
5,1,1,11,0,7,0,0,60,0,0
5,1,0,0,1,3,0,0,120,0,0
5,1,1,4,0,1,0,0,60,0,0
5,1,1,5,1,0,0,0,60,0,0
5,1,0,3,1,2,0,0,60,0,1
5,1,1,5,1,6,0,0,60,0,0
5,1,1,6,0,9,0,0,60,0,0
5,1,1,8,1,6,0,0,60,0,0
5,1,1,3,1,1,0,0,60,0,1
5,1,1,12,0,4,0,0,120,0,1
5,1,1,1,1,2,0,0,150,0,0
5,1,0,7,0,5,0,0,90,1,0
5,1,1,8,0,8,0,0,120,1,0
5,1,0,1,1,6,0,0,90,0,0
5,1,0,0,1,7,0,0,60,0,0
5,1,1,9,1,7,0,0,60,0,0
5,1,1,1,0,5,0,0,60,0,0
5,1,0,10,1,4,1,0,60,0,0
5,1,1,11,0,5,0,0,120,0,1
5,1,0,5,0,3,1,0,120,0,0
5,1,1,12,1,2,0,0,90,0,0
5,1,0,3,1,4,0,0,90,0,0
5,1,1,7,0,4,0,0,90,0,0
5,1,1,9,1,2,0,0,90,0,0
5,1,1,3,0,1,0,0,120,0,1
5,1,1,9,0,5,0,0,60,0,0
5,1,0,11,1,1,0,0,180,0,1
5,1,1,9,1,2,0,0,60,0,1
5,1,1,10,1,1,0,0,60,0,0
5,1,1,12,0,5,1,0,60,0,1
5,1,1,2,0,1,0,0,60,0,0
5,1,1,1,1,1,0,0,60,0,1
5,1,1,0,0,2,0,0,90,0,0
5,1,0,11,0,3,0,0,60,0,0
5,1,1,4,0,5,0,0,60,0,0
5,1,1,5,0,1,0,0,60,0,1
5,1,1,4,0,3,0,0,90,0,0
5,1,1,2,1,3,0,0,60,0,0
5,1,1,7,0,4,0,0,120,0,0
5,1,1,3,1,3,1,0,120,0,1
5,1,1,12,1,0,0,0,90,1,0
5,1,1,12,0,0,0,0,60,0,0
5,1,1,11,1,1,0,0,240,0,1
5,1,1,7,1,8,1,0,60,0,0
5,1,1,10,1,1,0,0,60,0,0
5,1,1,8,1,1,0,0,120,0,0
5,1,1,9,1,7,1,0,120,0,0
5,1,1,7,1,8,0,0,60,0,0
5,1,1,12,1,0,1,0,60,0,1
5,1,1,6,0,0,0,0,60,0,0
5,1,1,10,1,8,0,0,60,0,1
5,1,1,0,1,7,0,0,150,0,0
5,1,1,3,1,1,0,0,90,0,0
5,1,0,4,0,1,0,0,60,0,1
5,1,1,9,0,5,0,0,60,0,0
5,1,1,4,1,2,0,0,60,0,0
5,1,1,0,0,9,0,0,60,0,1
5,1,1,5,1,0,0,0,60,0,0
5,1,1,0,1,5,0,0,60,1,0
5,1,1,1,1,0,0,0,120,0,0
5,1,1,4,0,3,0,0,60,0,1
5,1,1,0,0,0,0,0,60,0,1
5,1,1,10,0,8,0,0,60,0,0
5,1,0,7,1,4,0,0,90,0,1
5,1,1,9,1,2,0,0,60,0,0
5,1,0,1,0,5,0,0,150,0,1
5,1,1,12,0,3,0,0,60,0,0
5,1,1,3,0,1,0,0,120,1,0
5,1,1,8,1,8,1,0,60,1,0
5,1,1,8,1,9,0,0,60,0,1
5,1,1,0,0,6,1,0,60,0,0
5,1,1,9,0,5,0,0,60,0,1
5,1,1,3,0,6,0,0,120,0,0
5,1,1,12,0,5,0,0,60,0,0
5,1,0,11,1,0,0,0,120,0,0
5,1,1,12,1,0,0,0,120,0,0
5,1,1,1,0,6,0,0,90,0,0
5,1,0,0,0,3,0,0,120,1,0
5,1,1,11,1,0,0,0,90,0,0
5,1,1,10,1,0,0,0,120,0,1
5,1,1,4,1,8,0,0,60,0,0
5,1,1,0,1,4,1,0,120,0,0
5,1,1,11,1,1,0,0,60,1,0
5,1,1,10,0,3,0,0,120,1,0
5,1,1,0,0,3,0,0,60,0,0
5,1,1,9,1,3,0,0,240,1,1
5,1,1,12,1,3,0,0,60,0,0
5,1,1,5,1,0,0,0,60,0,0
5,1,1,6,0,2,0,0,60,0,1
5,1,1,11,0,0,0,0,120,0,0
5,1,1,0,1,2,0,0,120,0,0
5,1,1,7,0,4,0,0,60,0,0
5,1,1,11,1,1,0,0,120,0,0
5,1,1,6,0,7,0,0,60,0,0
5,1,1,5,1,4,0,0,120,0,0
5,1,1,6,1,8,0,0,60,0,0
5,1,1,7,1,7,0,0,60,0,0
5,1,0,3,0,2,0,0,90,0,0
5,1,1,0,1,8,0,0,120,0,0
5,1,1,0,1,5,0,0,120,0,1
5,1,0,12,1,0,0,0,60,1,0
5,1,1,3,0,2,0,0,60,0,1
5,1,1,9,1,3,0,0,120,0,1
5,1,0,5,0,1,1,0,90,1,1
5,1,1,1,1,4,0,0,120,0,0
5,1,1,0,0,1,0,0,120,0,0
5,1,1,0,0,7,0,0,150,0,0
5,1,1,11,0,8,0,0,120,0,0
5,1,0,3,1,2,0,0,240,0,1
5,1,1,7,0,1,0,0,90,0,0
5,1,1,1,0,5,0,0,120,0,1
5,1,1,4,1,8,0,0,60,0,1
5,1,1,7,0,1,0,0,120,1,0
5,1,1,12,0,1,0,0,120,0,0
5,1,1,3,1,3,1,0,150,0,1
5,1,1,5,1,4,0,0,90,0,0
5,1,1,5,0,2,0,0,120,0,0
5,1,1,9,0,5,0,0,90,0,0
5,1,1,7,0,3,0,0,120,0,0
5,1,1,9,0,9,0,0,60,0,1
5,1,1,1,1,4,0,0,90,0,0
5,1,1,8,1,4,0,0,120,0,0
5,1,1,6,1,1,0,0,60,0,1
5,1,1,4,0,6,0,0,120,0,0
5,1,1,4,0,1,0,0,90,0,0
5,1,1,4,0,10,0,0,60,0,0
5,1,1,10,0,6,1,0,60,0,0
5,1,1,8,1,7,0,0,90,0,1
5,1,1,3,1,0,0,0,90,0,0
5,1,1,11,1,7,0,0,120,0,0
5,1,1,0,0,2,0,0,60,0,0
5,1,1,4,1,10,1,0,90,0,0
5,1,1,4,1,10,0,0,120,0,0
5,1,1,6,0,8,0,0,90,0,1
5,1,1,3,0,5,0,0,60,0,0
5,1,1,9,1,1,0,0,120,0,1
5,1,1,4,1,10,0,0,60,0,0
5,1,0,10,1,0,0,0,60,0,0
5,1,1,12,0,1,0,0,120,0,1
5,1,1,0,1,6,0,0,150,1,1
5,1,1,3,1,3,0,0,60,0,0
5,1,1,3,1,2,0,0,120,0,0
5,1,1,11,1,1,0,0,60,0,0
5,1,1,3,0,0,0,0,120,0,0
5,1,1,4,0,4,0,0,120,1,0
5,1,1,11,0,0,1,0,120,0,0
5,1,1,3,0,1,0,0,90,0,0
5,1,0,11,0,9,0,0,120,0,0
5,1,1,5,0,0,0,0,120,0,1
5,1,1,11,0,6,0,0,120,0,1
5,1,1,11,1,0,0,0,120,0,1
5,1,1,9,1,0,1,0,120,1,1
5,1,0,5,0,0,1,0,60,0,1
5,1,1,4,0,0,0,0,120,0,1
5,1,1,4,0,10,1,0,90,1,0
5,1,1,12,1,6,0,0,60,0,0
5,1,1,4,0,10,0,0,120,0,0
5,1,1,0,1,3,1,0,90,1,1
5,1,1,4,0,0,0,0,120,0,1
5,1,0,12,1,8,0,0,60,0,0
5,1,1,5,0,2,0,0,180,0,0
5,1,1,11,0,0,0,0,60,0,1
5,1,1,1,1,1,0,0,60,0,0
5,1,1,9,1,7,0,0,60,0,0
5,1,1,7,1,4,0,0,120,0,0
5,1,1,1,1,5,0,0,60,0,1
5,1,1,12,0,3,0,0,60,0,1
5,1,1,1,1,8,0,0,90,0,0
5,1,1,4,1,3,0,0,120,0,1
5,1,1,12,0,1,0,0,60,0,0
5,1,1,6,0,3,0,0,150,0,0
5,1,0,3,1,3,0,0,90,0,0
5,1,1,0,0,0,0,0,60,0,0
5,1,1,9,1,3,0,0,60,0,1
5,1,1,9,0,4,0,0,60,0,0
5,1,1,5,1,3,0,0,90,0,0
5,1,1,7,1,1,0,0,120,0,0
5,1,1,7,1,7,0,0,60,0,1
5,1,1,9,0,4,0,0,120,0,1
5,1,1,4,1,7,0,0,90,0,1
5,1,1,0,1,1,0,0,120,0,1
5,1,1,4,1,1,0,0,60,0,1
5,1,1,10,0,4,0,0,60,0,0
5,1,1,5,0,6,0,0,60,0,0
5,1,1,7,0,5,0,0,120,0,0
5,1,1,5,0,0,0,0,120,0,0
5,1,1,10,0,0,0,0,120,0,0
5,1,1,3,1,5,1,0,60,0,0
5,1,1,5,1,4,0,0,60,0,0
5,1,1,8,0,3,1,0,90,0,0
5,1,1,5,0,5,0,0,120,0,0
5,1,1,3,1,2,0,0,120,0,0
5,1,0,9,0,7,0,0,60,0,0
5,1,1,10,1,0,0,0,60,0,0
5,1,1,0,0,6,0,0,60,0,0
5,1,1,5,0,0,0,0,60,1,0
5,1,0,4,1,10,0,0,60,0,0
5,1,1,12,0,8,0,0,150,0,0
5,1,1,1,0,7,0,0,90,1,0
5,1,1,0,0,8,1,0,120,0,1
5,1,0,1,0,8,0,0,60,0,1
5,1,0,9,1,0,0,0,60,0,1
5,1,0,8,1,7,0,0,120,0,0
5,1,1,4,1,10,0,0,60,0,1
5,1,1,8,0,5,0,0,150,0,0
5,1,1,1,0,3,0,0,120,0,1
5,1,1,8,0,7,0,0,120,0,0
5,1,1,5,2,0,1,0,60,0,0
5,1,1,2,1,10,0,0,90,0,0
5,1,1,11,0,0,0,0,60,1,0
5,1,1,5,1,9,0,0,60,0,0
5,1,1,10,1,2,0,0,120,0,0
5,1,1,3,1,5,1,0,120,1,0
5,1,1,8,1,4,0,0,60,0,0
5,1,1,11,0,2,0,0,60,0,0
5,1,1,5,0,8,0,0,60,0,0
5,1,1,11,1,5,0,0,60,0,1
5,1,1,10,0,8,0,0,60,0,0
5,1,0,2,1,10,1,0,60,0,1
5,1,1,0,1,6,0,0,180,0,1
5,1,0,3,0,1,1,0,60,0,0
5,1,1,3,0,3,0,0,60,0,0
5,1,1,8,0,3,0,0,120,0,0
5,1,1,7,1,3,0,0,120,0,1
5,1,1,1,1,1,0,0,120,0,0
5,1,0,5,0,0,0,0,90,0,0
5,1,1,6,0,3,0,0,120,0,1
5,1,1,2,1,3,1,0,60,0,0
5,1,1,5,1,1,1,0,90,1,0
5,1,1,3,1,4,0,0,120,0,0
5,1,1,5,0,6,0,0,60,0,0
5,1,1,1,0,1,0,0,120,0,0
5,1,1,0,1,4,0,0,60,0,1
5,1,1,9,0,8,0,0,60,0,0
5,1,0,6,0,6,0,0,60,0,1
5,1,1,0,0,4,0,0,60,0,0
5,1,1,0,0,7,0,0,60,0,0
5,1,1,5,1,0,1,0,120,0,0
5,1,1,5,0,7,0,0,120,1,0
5,1,1,5,0,0,0,0,120,1,1
5,1,0,0,0,2,0,0,90,0,0
5,1,0,12,1,2,0,0,60,0,0
5,1,1,9,0,6,0,0,60,0,0
5,1,1,11,0,6,0,0,120,0,0
5,1,1,8,0,7,0,0,120,0,1
5,1,1,11,0,0,0,0,120,0,0
5,1,0,5,1,6,0,0,60,0,0
5,1,1,7,0,3,0,0,60,0,1
5,1,1,5,0,3,0,0,60,0,0
5,1,1,1,1,4,0,0,60,0,0
5,1,1,6,0,0,0,0,60,0,0
5,1,1,3,0,8,0,0,60,0,0
5,1,1,7,1,4,0,0,60,0,0
5,1,1,1,1,7,0,0,60,0,1
5,1,1,9,0,9,0,0,120,0,0
5,1,1,8,0,5,0,0,60,0,0
5,1,1,11,0,2,0,0,60,0,0
5,1,1,3,0,1,0,0,90,0,0
5,1,0,5,1,5,0,0,120,0,0
5,1,0,8,0,9,0,0,120,0,1
5,1,1,10,1,8,1,0,90,0,1
5,1,1,11,0,2,0,0,120,0,0
5,1,1,3,0,0,0,0,90,0,1
5,1,1,12,0,5,0,0,60,0,0
5,1,1,9,1,7,0,0,120,0,1
5,1,1,0,0,9,0,0,120,0,0
5,1,1,11,0,4,0,0,150,0,0
5,1,1,1,0,5,0,0,90,0,1
5,1,1,0,0,6,0,0,60,0,0
5,1,1,5,1,1,0,0,120,0,1
5,1,1,11,0,0,0,0,150,1,1
5,1,1,8,1,4,0,0,120,0,1
5,1,0,4,1,10,0,0,60,0,0
5,1,1,9,0,5,0,0,60,0,0
5,1,1,3,0,1,0,0,60,0,1
5,1,1,1,1,1,0,0,120,0,0
5,1,1,1,0,7,0,0,120,1,0
5,1,0,3,0,1,0,0,150,0,0
5,1,0,0,0,9,0,0,150,0,0
5,1,1,5,1,2,0,0,120,0,1
5,1,1,11,0,8,0,0,120,0,0
5,1,1,3,1,3,0,0,120,0,0
5,1,1,11,0,1,0,0,120,0,0
5,1,1,4,1,10,0,0,60,0,0
5,1,1,12,1,0,0,0,150,0,0
5,1,1,0,1,6,0,0,60,0,0
5,1,1,10,0,2,0,0,60,1,0
5,1,1,3,0,8,0,0,120,0,0
5,1,1,11,1,2,0,0,60,0,0
5,1,1,3,1,1,0,0,60,0,1
5,1,1,0,1,8,0,0,60,0,0
5,1,1,11,1,1,0,0,60,0,0
5,1,1,0,1,4,0,0,60,0,1
5,1,1,11,1,2,0,0,60,0,0
5,1,1,4,0,10,0,0,120,0,0
5,1,1,0,1,8,1,0,60,0,0
5,1,1,2,1,9,0,0,120,0,1
5,1,0,12,1,2,0,0,240,0,1
5,1,1,8,0,3,0,0,120,0,1
5,1,1,0,1,9,0,0,180,1,1
5,1,1,8,1,4,0,0,120,0,0
5,1,1,3,1,2,0,0,120,0,0
5,1,1,12,1,2,0,0,120,0,1
5,1,1,9,1,5,0,0,120,0,0
5,1,1,7,1,7,0,0,60,0,1
5,1,1,5,1,3,0,0,60,0,0
5,1,1,5,0,1,0,0,90,0,1
5,1,1,7,0,9,0,0,90,0,0
5,1,1,5,0,7,0,0,90,1,0
5,1,1,5,1,2,0,0,60,0,0
5,1,1,9,1,1,0,0,90,0,1
5,1,1,11,0,0,0,0,120,0,0
5,1,1,1,0,2,0,0,60,0,1
5,1,1,3,1,5,1,0,120,0,0
5,1,1,6,0,2,0,0,120,0,0
5,1,1,6,0,9,0,0,60,0,0
5,1,0,7,0,7,0,0,180,0,1
5,1,1,9,0,1,0,0,120,0,0
5,1,1,3,1,4,0,0,120,0,0
5,1,1,9,1,5,0,0,120,0,0
5,1,1,4,1,2,0,0,60,0,1
5,1,1,1,1,1,1,0,60,0,1
5,1,1,7,1,7,0,0,60,0,0
5,1,1,0,0,9,0,0,120,0,1
5,1,1,8,1,8,1,0,60,0,0
5,1,1,0,0,3,1,0,60,0,1
5,1,1,11,0,6,0,0,60,0,0
5,1,1,6,0,2,0,0,60,0,0
5,1,1,1,0,8,0,0,120,0,0
5,1,1,12,0,4,0,0,240,0,0
5,1,1,10,1,4,0,0,120,0,0
5,1,1,5,1,0,0,0,60,0,1
5,1,0,4,0,10,0,0,60,0,0
5,1,0,7,0,1,0,0,120,1,1
5,1,1,11,0,0,0,0,120,0,0
5,1,1,8,1,5,0,0,120,0,0
5,1,1,3,0,7,1,0,120,0,1
5,1,1,2,1,8,0,0,60,0,0
5,1,1,3,1,2,1,0,60,0,1
5,1,1,0,1,6,0,0,60,0,1
5,1,1,7,1,8,0,0,60,0,0
5,1,1,5,1,2,1,0,60,0,0
5,1,1,6,0,0,0,0,60,0,0
5,1,0,8,1,2,0,0,120,0,1
5,1,1,3,0,2,1,0,60,0,0
5,1,1,1,0,7,0,0,60,0,0
5,1,1,12,0,4,0,0,60,0,0
5,1,0,0,0,2,0,0,120,0,0
5,1,1,4,1,10,0,0,60,0,0
5,1,1,4,0,1,0,0,60,0,1
5,1,1,6,0,6,0,0,60,0,0
5,1,1,7,1,9,0,0,120,0,0
5,1,1,11,1,4,0,0,60,0,1
5,1,1,3,1,5,0,0,90,0,0
5,1,0,5,1,0,0,0,60,0,0
5,1,1,10,1,8,0,0,60,0,0
5,1,0,5,2,0,0,0,60,0,0
5,1,1,8,0,5,0,0,60,0,0
5,1,1,9,0,0,0,0,120,1,1
5,1,0,11,1,0,1,0,120,0,1
5,1,0,3,0,3,0,0,60,0,0
5,1,1,9,1,1,1,0,120,1,0
5,1,1,3,0,6,0,0,60,0,0
5,1,1,0,0,8,0,0,120,0,0
5,1,1,4,1,10,0,0,60,0,0
5,1,0,6,0,3,1,0,120,0,1
5,1,1,3,1,1,0,0,60,0,0
5,1,1,7,1,8,0,0,60,0,1
5,1,1,0,1,9,0,0,90,0,0
5,1,0,3,1,1,0,0,120,0,0
5,1,1,5,1,0,1,0,120,0,1
5,1,1,3,2,2,0,0,120,0,1
5,1,1,8,1,0,0,0,120,0,0
5,1,1,2,0,3,0,0,60,0,1
5,1,1,8,0,9,1,0,90,0,1
5,1,0,8,0,7,0,0,120,0,0
5,1,1,6,0,4,0,0,60,0,0
5,1,1,8,0,2,0,0,60,0,1
5,1,1,7,0,8,0,0,120,0,1
5,1,1,7,0,3,0,0,120,1,0
5,1,1,6,0,3,1,0,60,0,0
5,1,1,2,0,8,0,0,90,0,0
5,1,1,6,1,6,0,0,60,0,1
5,1,1,1,1,5,1,0,60,0,0
5,1,1,11,1,1,0,0,60,0,0
5,1,1,8,0,5,1,0,60,0,0
5,1,1,5,0,7,0,0,60,0,0
5,1,1,12,0,1,0,0,120,0,0
5,1,1,0,0,5,1,0,60,0,0
5,1,1,3,1,2,0,0,120,0,1
5,1,1,5,1,8,0,0,60,0,0
5,1,1,0,0,3,0,0,120,0,0
5,1,1,5,1,0,0,0,60,0,0
5,1,1,4,1,10,0,0,60,0,0
5,1,1,7,0,4,0,0,120,0,1
5,1,1,8,1,7,0,0,90,0,1
5,1,1,2,0,5,0,0,90,0,0
5,1,1,3,1,5,1,0,60,0,1
5,1,1,8,0,4,0,0,180,0,1
5,1,1,6,1,2,1,0,90,0,0
5,1,1,5,1,2,0,0,60,0,1
5,1,1,4,0,7,0,0,60,0,1
5,1,1,2,1,0,0,0,120,0,1
5,1,1,5,0,0,0,0,120,1,0
5,1,1,5,1,3,0,0,90,1,0
5,1,1,4,0,5,0,0,60,0,0
5,1,1,2,0,1,0,0,90,0,0
5,1,1,6,1,4,0,0,60,0,0
5,1,1,11,0,8,0,0,120,0,1
5,1,1,9,1,0,0,0,90,0,1
5,1,1,3,0,4,0,0,60,0,1
5,1,1,7,1,6,1,0,60,0,0
5,1,1,5,0,3,0,0,60,0,1
5,1,1,0,1,2,0,0,60,0,1
5,1,1,8,0,5,0,0,60,0,1
5,1,0,6,0,2,0,0,60,0,0
5,1,1,8,1,1,0,0,60,0,0
5,1,1,8,1,2,0,0,120,0,0
5,1,1,0,0,5,1,0,60,0,1
5,1,1,0,1,0,0,0,120,0,0
5,1,1,9,1,3,0,0,60,0,0
5,1,1,0,0,8,0,0,90,0,1
5,1,1,10,1,1,0,0,60,0,0
5,1,1,5,0,1,1,0,120,0,0
5,1,1,8,1,9,0,0,60,0,0
5,1,1,4,1,0,0,0,120,0,0
5,1,1,5,0,1,0,0,60,0,0
5,1,1,6,1,6,0,0,60,0,1
5,1,1,9,1,4,0,0,60,1,1
5,1,0,7,0,4,0,0,60,0,0
5,1,1,0,0,9,0,0,120,1,0
5,1,0,12,0,5,0,0,90,0,0
5,1,1,9,1,4,0,0,120,0,0
5,1,1,5,0,4,0,0,90,0,0
5,1,1,5,0,1,0,0,120,0,0
5,1,1,2,1,10,0,0,60,0,0
5,1,1,3,0,6,0,0,60,1,0
5,1,1,12,0,1,0,0,60,0,1
5,1,1,5,1,4,0,0,90,0,0
5,1,0,6,0,2,0,0,60,0,0
5,1,1,7,1,3,1,0,60,0,1
5,1,0,1,1,0,0,0,60,0,0
5,1,1,7,0,6,0,0,60,0,1
5,1,1,0,0,8,0,0,60,1,0
5,1,0,4,1,10,0,0,120,0,0
5,1,1,5,1,3,0,0,60,1,0
5,1,1,3,0,2,0,0,120,0,1
5,1,1,12,0,4,0,0,120,1,0
5,1,1,3,0,5,1,0,120,0,1
5,1,1,4,1,1,0,0,90,0,0
5,1,1,1,0,1,1,0,120,0,1
5,1,1,4,0,1,1,0,60,0,0
5,1,1,7,1,1,1,0,90,0,0
5,1,0,10,0,8,0,0,60,0,0
5,1,1,6,0,7,0,0,120,1,1
5,1,0,9,1,3,0,0,60,0,0
5,1,0,0,0,5,0,0,60,0,0
5,1,0,6,0,5,0,0,60,0,0
5,1,1,6,0,9,0,0,60,0,0
5,1,0,12,1,0,0,0,60,0,0
5,1,1,6,1,0,0,0,60,0,0
5,1,1,8,0,5,1,0,90,0,0
5,1,1,1,1,6,0,0,180,0,1
5,1,1,0,0,8,0,0,120,0,0
5,1,1,1,0,8,0,0,150,0,0
5,1,1,7,0,5,0,0,120,1,1
5,1,1,3,1,1,0,0,60,0,1
5,1,1,4,1,10,0,0,120,0,0
5,1,1,8,0,7,1,0,90,0,0
5,1,1,3,0,1,0,0,120,0,1
5,1,1,2,1,10,0,0,120,0,0
5,1,0,11,0,8,0,0,120,0,1
5,1,1,3,1,1,0,0,120,0,1
5,1,1,6,1,4,0,0,60,0,0
5,1,1,3,1,4,0,0,90,0,0
5,1,1,5,1,7,1,0,90,0,1
5,1,1,4,0,5,0,0,120,0,0
5,1,1,1,1,2,0,0,120,0,0
5,1,0,9,1,9,0,0,60,0,1
5,1,1,4,0,1,0,0,60,0,0
5,1,1,6,0,9,0,0,60,0,0
5,1,1,4,1,10,0,0,60,0,0
5,1,1,1,1,2,0,0,60,0,0
5,1,1,4,0,0,1,0,60,0,1
5,1,1,3,1,2,0,0,120,0,0
5,1,1,6,0,5,0,0,60,0,0
5,1,1,8,1,1,0,0,120,0,1
5,1,1,1,0,6,0,0,60,0,0
5,1,1,3,0,8,0,0,90,0,0
5,1,1,0,1,4,0,0,60,0,0
5,1,1,0,0,3,0,0,60,0,0
5,1,1,8,0,9,0,0,60,0,0
5,1,1,11,0,9,0,0,60,0,0
5,1,1,6,0,8,0,0,60,0,0
5,1,1,12,1,0,1,0,120,1,1
5,1,1,11,1,1,1,0,120,0,1
5,1,1,4,1,1,0,0,120,0,1
5,1,1,8,1,9,0,0,90,0,0
5,1,1,11,1,0,0,0,120,0,1
5,1,1,1,0,1,0,0,120,0,0
5,1,1,5,1,4,0,0,90,0,1
5,1,1,6,1,4,1,0,60,0,1
5,1,1,0,0,4,1,0,120,0,1
5,1,1,0,0,2,0,0,60,0,0
5,1,1,2,0,6,0,0,90,0,0
5,1,1,3,0,1,0,0,150,0,0
5,1,1,7,1,5,1,0,60,0,1
5,1,1,4,1,10,1,0,120,0,0
5,1,1,6,0,3,0,0,90,0,0
5,1,0,5,0,1,0,0,90,0,0
5,1,1,6,0,2,0,0,60,0,1
5,1,1,12,1,1,0,0,60,0,1
5,1,0,12,1,4,0,0,60,0,1
5,1,1,0,0,7,0,0,120,0,0
5,1,1,6,0,8,0,0,60,0,0
5,1,1,1,0,7,0,0,150,0,0
5,1,1,0,0,5,0,0,120,0,0
5,1,1,3,0,1,1,0,60,0,0
5,1,1,11,1,6,0,0,120,0,0
5,1,1,9,1,9,0,0,60,1,0
5,1,1,6,0,9,0,0,60,0,0
5,1,0,1,0,0,0,0,120,0,1
5,1,1,6,0,5,0,0,60,0,0
5,1,1,3,0,3,0,0,120,0,0
5,1,1,6,1,5,0,0,60,0,0
5,1,1,7,2,2,0,0,150,0,1
5,1,1,0,1,9,0,0,60,0,1
5,1,1,3,0,4,0,0,60,0,1
5,1,0,3,1,7,0,0,240,0,1
5,1,1,8,0,4,0,0,120,0,1
5,1,1,1,1,5,0,0,60,0,0
5,1,1,5,0,8,0,0,120,0,0
5,1,0,6,0,4,1,0,60,0,0
5,1,1,9,1,9,0,0,60,0,0
5,1,1,8,1,8,0,0,120,0,0
5,1,0,8,0,7,0,0,120,0,0
5,1,1,9,0,3,0,0,120,0,0
5,1,1,7,1,5,0,0,120,0,0
5,1,0,9,0,8,1,0,60,0,0
5,1,1,7,0,9,0,0,120,0,0
5,1,1,9,0,6,0,0,60,0,0
5,1,1,0,1,2,0,0,90,0,1
5,1,1,12,1,9,0,0,60,0,0
5,1,1,11,1,5,0,0,90,0,0
5,1,0,11,0,4,0,0,60,0,0
5,1,1,3,0,3,1,0,60,0,0
5,1,1,12,0,5,1,0,120,0,0
5,1,1,11,0,7,0,0,60,0,0
5,1,0,5,1,1,1,0,60,0,1
5,1,1,2,1,10,1,0,120,0,0
5,1,1,12,1,3,0,0,60,0,1
5,1,1,2,1,9,0,0,120,0,0
5,1,1,12,0,0,1,0,120,0,1
5,1,1,5,1,1,1,0,60,0,1
5,1,1,4,0,1,0,0,60,0,1
5,1,1,11,0,3,0,0,60,0,1
5,1,0,5,1,4,0,0,90,0,0
5,1,1,9,1,9,0,0,90,0,1
5,1,1,6,1,6,0,0,60,0,1
5,1,1,2,0,2,0,0,60,0,0
5,1,1,4,1,3,0,0,60,0,0
5,1,1,7,1,8,0,0,60,0,0
5,1,1,9,1,8,1,0,120,0,0
5,1,1,9,1,4,1,0,150,0,1
5,1,1,8,1,9,0,0,90,0,1
5,1,1,6,0,7,0,0,150,0,1
5,1,1,3,1,3,0,0,60,0,0
5,1,1,3,1,1,0,0,120,0,0
5,1,1,0,0,2,1,0,60,0,0
5,1,1,1,0,1,1,0,90,0,0
5,1,1,0,0,9,0,0,60,0,0
5,1,1,3,1,2,0,0,90,0,0
5,1,1,12,1,2,0,0,90,0,0
5,1,0,5,0,0,0,0,120,0,1
5,1,1,1,1,0,0,0,90,0,1
5,1,0,9,1,1,0,0,90,0,1
5,1,1,2,1,10,1,0,60,0,0
5,1,1,6,2,3,1,0,90,0,0
5,1,1,12,0,3,0,0,60,0,0
5,1,1,5,0,2,0,0,60,0,1
5,1,1,6,0,7,0,0,90,0,0
5,1,1,11,0,2,0,0,150,0,0
5,1,1,8,0,9,1,0,150,0,0
5,1,1,8,1,4,0,0,60,1,1
5,1,1,0,0,2,0,0,120,0,0
5,1,1,4,0,10,1,0,60,0,0
5,1,0,4,0,2,0,0,120,0,0
5,1,1,4,0,10,1,0,90,1,0
5,1,0,0,1,0,0,0,60,0,0
5,1,0,5,1,0,0,0,90,0,0
5,1,1,5,2,1,0,0,60,0,1
5,1,1,12,0,8,0,0,90,0,1
5,1,1,10,1,9,0,0,120,0,0
5,1,1,12,0,6,1,0,60,0,1
5,1,1,8,1,3,1,0,180,0,0
5,1,1,4,0,4,0,0,120,0,0
5,1,1,7,1,7,0,0,60,0,0
5,1,1,4,0,10,1,0,90,0,0
5,1,1,9,0,6,1,0,120,0,1
5,1,1,12,1,3,0,0,120,0,0
5,1,1,6,1,5,0,0,60,0,1
5,1,1,11,1,9,1,0,60,0,1
5,1,1,5,1,1,0,0,60,1,0
5,1,1,0,0,9,0,0,60,0,0
5,1,1,4,0,1,0,0,120,0,1
5,1,1,5,0,3,1,0,90,1,0
5,1,1,1,0,1,0,0,60,0,0
5,1,1,1,0,4,0,0,120,0,0
5,1,1,0,0,6,0,0,120,0,0
5,1,0,11,0,2,0,0,120,0,1
5,1,0,0,0,8,0,0,60,0,0
5,1,1,0,0,7,0,0,60,0,0
5,1,1,10,0,8,0,0,60,0,0
5,1,1,6,1,6,0,0,90,1,0
5,1,1,1,0,2,0,0,60,0,1
5,1,1,7,0,7,0,0,60,0,0
5,1,1,2,0,10,1,0,120,0,0
5,1,1,0,0,2,0,0,60,0,0
5,1,0,0,0,9,0,0,90,1,0
5,1,1,5,0,6,0,0,60,0,1
5,1,1,7,0,6,0,0,60,0,0
5,1,1,4,0,0,0,0,60,0,0
5,1,1,4,0,9,0,0,60,0,0
5,1,1,12,1,3,0,0,90,0,0
5,1,1,3,1,4,0,0,60,0,0
5,1,0,3,1,2,0,0,60,0,0
5,1,1,9,1,1,0,0,60,0,0
5,1,1,11,0,5,0,0,240,0,1
5,1,1,7,1,4,1,0,60,0,0
5,1,1,11,0,3,0,0,150,0,0
5,1,1,11,0,9,1,0,120,0,0
5,1,0,1,1,0,1,0,60,0,0
5,1,1,1,1,7,0,0,60,0,0
5,1,1,5,0,1,0,0,120,0,0
5,1,1,8,1,2,0,0,90,0,0
5,1,1,2,0,4,0,0,120,0,0
5,1,1,5,1,1,0,0,90,0,0
5,1,1,9,1,6,0,0,60,0,1
5,1,1,8,0,9,0,0,60,0,0
5,1,1,8,1,7,0,0,120,0,1
5,1,1,9,1,1,0,0,60,1,0
5,1,1,4,1,10,0,0,90,0,0
5,1,0,5,0,1,0,0,60,0,0
5,1,1,7,0,6,1,0,60,0,0
5,1,1,6,1,0,1,0,120,0,0
5,1,1,9,1,0,0,0,90,0,0
5,1,1,0,1,6,0,0,120,0,1
5,1,1,3,1,8,1,0,60,0,0
5,1,1,8,0,3,0,0,60,0,0
5,1,1,2,1,10,1,0,60,0,0
5,1,1,8,1,5,0,0,120,0,0
5,1,1,10,1,6,0,0,240,0,1
5,1,1,3,1,6,0,0,90,0,0
5,1,1,12,0,8,1,0,60,0,0
5,1,0,3,0,2,1,1,60,1,0
5,1,1,9,0,5,1,0,120,0,0
5,1,1,5,1,4,1,0,60,1,0
5,1,1,1,0,9,1,0,60,0,0
5,1,1,2,1,10,1,0,180,0,0
5,1,1,6,1,5,1,1,60,0,0
5,1,0,9,1,3,1,1,60,0,0
5,1,1,10,1,1,1,0,60,0,0
5,1,1,0,0,2,1,0,60,0,1
5,1,1,2,0,0,1,0,60,0,0
5,1,1,8,0,7,1,0,120,0,0
5,1,1,0,1,7,1,0,60,1,0
5,1,1,6,0,5,1,0,60,0,1
5,1,1,1,1,6,1,0,90,0,0
5,1,1,0,0,7,1,0,60,0,1
5,1,1,8,1,9,1,1,60,0,1
5,1,1,0,1,3,1,0,60,0,0
5,1,1,10,1,6,0,0,60,0,1
5,1,1,12,1,8,1,0,60,0,0
5,1,1,6,0,5,1,0,60,0,0
5,1,1,5,0,4,1,0,60,0,0
5,1,1,12,0,7,1,0,60,0,0
5,1,1,4,1,2,1,0,120,0,1
5,1,1,2,0,4,0,0,270,0,0
5,1,1,9,1,7,1,0,120,1,1
5,1,1,6,0,7,1,0,60,1,0
5,1,1,1,0,1,1,0,60,1,1
5,1,0,9,0,6,1,0,120,0,0
5,1,1,0,1,7,1,0,120,0,1
5,1,0,1,0,7,1,1,120,0,0
5,1,0,5,0,2,0,0,240,0,1
5,1,0,2,0,6,0,0,100,0,0
5,1,1,5,1,5,0,0,60,0,1
5,1,1,3,0,2,1,0,360,0,0
5,1,1,5,1,7,1,0,120,0,1
5,1,0,6,0,4,1,0,75,0,1
5,1,1,3,1,2,0,0,60,0,0
5,1,0,4,0,10,1,0,60,0,1
5,1,1,5,1,2,1,0,60,0,0
5,1,1,5,1,4,1,0,150,0,0
5,1,1,10,1,6,1,0,60,0,0
5,1,0,6,0,3,1,0,120,0,1
5,1,1,8,1,2,1,0,120,0,1
5,1,0,6,1,8,0,1,60,0,0
5,1,1,1,0,4,1,0,120,1,1
5,1,1,8,0,4,1,0,60,0,0
5,1,1,5,0,6,1,0,120,0,0
5,1,1,6,0,6,1,1,90,0,0
5,1,1,10,0,6,0,0,90,0,0
5,1,1,8,1,8,1,0,120,0,0
5,1,1,0,1,5,1,0,60,0,0
5,1,1,6,1,1,1,0,60,0,0
5,1,1,8,0,8,1,1,60,0,1
5,1,1,6,0,5,1,0,90,0,0
5,1,1,7,0,6,1,0,120,1,0
5,1,1,5,1,4,1,0,180,0,0
5,1,1,5,1,0,0,0,120,0,0
5,1,0,0,0,8,1,0,90,0,0
5,1,0,12,1,7,0,0,60,0,0
5,1,0,1,0,3,0,0,90,0,0
5,1,1,5,1,5,0,0,60,0,0
5,1,0,6,1,1,0,2,90,0,0
5,1,1,5,0,1,0,0,60,0,0
5,1,1,11,0,3,1,0,60,0,0
5,1,1,10,1,8,0,0,60,0,0
5,1,1,9,0,4,0,0,60,0,0
5,1,1,7,0,8,0,0,90,0,0
5,1,1,10,1,3,1,0,60,0,0
5,1,1,11,0,0,0,0,180,0,0
5,1,0,4,0,0,0,2,180,0,0
5,1,0,0,0,6,1,0,90,0,0
5,1,1,9,1,9,0,0,120,1,0
5,1,1,6,0,0,1,0,60,1,0
5,1,1,6,1,2,0,0,60,0,1
5,1,1,0,1,9,0,1,120,1,0
5,1,1,8,0,4,0,0,90,0,0
5,1,0,0,1,0,0,0,60,0,0
5,1,1,11,1,2,1,0,60,0,1
5,1,1,12,0,3,1,0,60,0,0
5,1,1,4,1,4,0,1,120,0,0
5,1,1,11,0,1,1,1,120,0,1
5,1,1,7,1,7,1,0,90,0,1
5,1,1,8,0,8,0,0,120,0,1
5,1,1,11,1,0,0,0,60,0,0
5,1,1,8,0,9,0,0,90,1,0
5,1,1,8,0,9,1,0,60,0,0
5,1,1,11,0,1,0,1,60,1,0
5,1,1,9,1,0,1,0,90,1,0
5,1,1,6,1,4,0,0,90,0,0
5,1,1,8,1,6,0,1,60,1,0
5,1,0,9,0,1,0,0,60,0,0
5,1,0,8,1,8,0,0,60,0,1
5,1,1,3,1,3,0,0,60,1,0
5,1,1,11,0,5,0,0,120,0,0
5,1,1,7,0,3,1,0,210,0,0
5,1,1,5,1,6,0,1,60,0,0
5,1,1,1,1,1,0,0,90,0,1
5,1,1,3,1,1,0,0,60,0,0
5,1,1,0,0,2,0,0,60,0,0
5,1,1,5,1,2,1,1,60,0,1
5,1,1,4,0,1,1,1,120,0,1
5,1,1,1,1,7,1,0,60,0,1
5,1,1,3,1,1,1,2,60,0,0
5,1,1,10,0,1,1,0,120,0,1
5,1,1,8,0,7,1,1,60,0,1
5,1,0,5,1,4,0,0,240,0,1
5,1,1,5,1,0,0,0,60,1,0
5,1,1,5,1,6,0,0,60,0,0
5,1,1,12,0,4,2,0,120,0,0
5,1,1,10,0,5,0,0,60,0,0
5,1,0,8,0,7,1,0,60,0,0
5,1,0,6,1,5,0,0,60,0,1
5,1,1,9,0,2,0,0,150,0,0
5,1,1,10,0,0,1,2,90,0,1
5,1,1,0,1,3,0,0,90,0,0
5,1,1,9,0,5,1,0,60,0,1
5,1,0,8,0,3,1,0,60,0,0
5,1,1,8,1,5,0,0,210,1,0
5,1,0,0,1,6,1,0,120,1,1
5,1,1,0,0,6,1,0,60,0,0
5,1,0,0,1,3,1,0,150,0,0
5,1,0,8,1,4,0,0,90,1,0
5,1,1,9,1,7,1,0,240,1,1
5,1,0,8,0,9,2,0,60,0,0
5,1,1,1,1,2,0,0,195,0,0
5,1,0,0,0,5,0,0,120,0,0
5,1,1,3,0,1,0,0,60,0,0
5,1,0,7,1,4,1,0,120,0,1
5,1,1,1,0,7,1,1,210,0,0
5,1,1,12,1,0,0,0,210,0,1
5,1,1,6,1,3,1,0,90,0,0
5,1,1,1,0,1,0,0,90,0,0
5,1,1,4,0,0,1,0,90,0,0
5,1,1,3,0,8,1,0,60,0,1
5,1,1,7,0,6,1,0,90,1,1
5,1,0,3,1,1,1,0,60,0,1
5,1,1,9,1,1,0,0,60,1,0
5,1,1,1,0,3,0,0,120,0,1
5,1,1,1,0,3,0,0,90,0,0
5,1,1,12,1,1,0,0,60,0,0
5,1,1,6,1,8,1,0,60,0,0
5,1,1,12,0,7,0,0,60,0,0
5,1,0,11,1,6,0,0,180,0,1
5,1,0,7,0,7,0,0,210,0,0
5,1,1,8,0,9,0,0,150,1,0
5,1,1,8,1,9,0,0,60,0,0
5,1,1,5,1,2,1,2,60,0,0
5,1,1,11,1,0,0,0,60,1,0
5,1,1,9,0,1,0,0,120,0,0
5,1,1,9,0,5,2,0,60,0,0
5,1,1,6,0,7,1,0,60,0,0
5,1,1,6,0,0,0,0,60,0,0
5,1,1,8,0,8,0,0,60,0,1
5,1,1,3,0,0,0,0,120,0,0
5,1,1,2,0,1,1,0,60,0,1
5,1,0,1,0,0,1,4,180,0,1
5,1,1,11,1,3,1,0,60,0,0
5,1,1,10,1,1,1,0,60,0,1
5,1,0,10,1,0,0,0,60,0,1
5,1,1,11,0,6,1,2,120,0,1
5,1,1,4,1,0,0,1,60,0,0
5,1,0,7,0,1,0,0,60,0,1
5,1,1,8,1,1,1,1,60,0,1
5,1,1,3,2,2,0,0,120,0,1
5,1,1,0,1,8,0,1,60,0,0
5,1,1,9,1,7,1,0,60,0,1
5,1,1,9,1,3,1,0,90,0,0
5,1,1,9,0,3,0,1,60,1,0
5,1,1,9,1,5,0,1,60,0,1
5,1,1,11,0,0,0,0,60,0,0
5,1,1,2,0,10,0,0,60,0,0
5,1,0,1,1,1,0,2,60,0,1
5,1,1,0,1,0,0,0,120,0,1
5,1,1,1,1,8,0,1,90,0,0
5,1,1,12,2,3,0,0,60,0,1
5,1,1,0,1,8,0,0,120,0,0
5,1,1,4,1,7,0,0,60,0,0
5,2,1,12,1,0,1,0,60,0,1
5,2,0,8,1,1,1,0,120,0,0
5,2,0,8,0,9,0,0,60,0,0
5,2,1,9,0,1,0,0,120,0,0
5,2,1,0,1,5,0,1,180,0,0
5,2,0,3,0,4,1,1,150,0,1
5,2,1,11,1,6,0,0,60,1,1
5,2,1,5,1,1,0,0,120,0,0
5,2,0,6,0,8,0,1,120,0,0
5,2,0,0,1,2,0,0,60,0,0
5,2,1,5,0,1,1,0,60,0,0
5,2,0,3,0,3,0,1,120,0,0
5,2,1,10,0,3,0,1,60,0,0
5,2,0,9,1,2,0,0,120,0,0
5,2,1,1,1,4,0,0,120,0,1
5,2,1,8,1,1,0,0,60,0,0
5,2,0,6,1,8,0,0,60,0,1
5,2,1,4,0,4,0,1,120,1,0
5,2,0,1,1,7,1,0,120,1,0
5,2,1,1,0,3,0,0,120,0,0
5,2,1,2,1,10,1,2,90,0,0
5,2,1,10,0,3,0,0,60,1,1
5,2,1,8,1,1,0,0,60,0,1
5,2,0,3,1,5,0,0,60,0,1
5,2,1,3,0,6,1,0,60,0,0
5,2,1,3,0,2,0,0,120,0,0
5,2,0,5,1,0,0,0,90,0,0
5,2,1,12,2,0,0,0,90,0,0
5,2,1,3,0,7,0,0,60,0,0
5,2,1,5,1,1,0,1,180,1,1
5,2,1,8,2,5,0,0,120,0,0
5,2,1,8,1,8,1,0,60,0,0
5,2,1,5,1,1,0,1,120,0,1
5,2,1,6,1,5,1,0,60,0,1
5,2,0,3,0,2,0,1,90,0,1
5,2,1,3,0,4,1,0,90,0,1
5,2,1,4,0,4,0,0,60,0,0
5,2,1,0,0,2,0,0,90,0,0
5,2,1,7,1,2,0,0,60,0,0
5,2,1,7,0,9,1,0,120,0,1
5,2,1,3,0,8,0,0,60,0,0
5,2,1,12,0,3,1,0,60,0,0
5,2,1,8,0,8,0,0,60,0,0
5,2,1,11,0,7,0,0,60,0,0
5,2,1,3,0,8,1,0,60,1,0
5,2,1,3,1,2,0,0,60,1,0
5,2,1,3,1,1,0,0,120,1,0
5,2,1,8,1,5,0,1,120,0,0
5,2,1,6,0,4,0,0,90,0,1
5,2,1,3,2,1,0,0,120,0,0
5,2,1,12,0,4,0,1,60,0,0
5,2,1,1,1,2,1,4,210,1,0
5,2,1,5,1,0,1,0,60,0,0
5,2,0,0,1,2,1,0,60,1,0
5,2,1,3,0,4,0,0,60,0,0
5,2,1,1,1,3,1,0,180,0,1
5,2,1,0,1,9,0,0,150,0,0
5,2,1,1,1,6,0,0,60,0,0
5,2,1,12,0,6,0,3,120,0,1
5,2,1,0,1,3,1,2,60,0,0
5,2,1,1,0,4,0,0,60,1,1
5,2,1,3,1,3,0,0,150,0,0
5,2,0,12,0,0,0,0,60,0,0
5,2,1,0,0,4,0,0,120,0,0
5,2,1,3,1,2,1,0,90,0,1
5,2,1,3,1,1,1,0,90,0,0
5,2,0,3,0,6,0,0,120,0,0
5,2,1,12,0,2,0,0,120,0,1
5,2,0,9,0,3,0,0,90,0,1
5,2,1,1,0,8,0,1,60,0,1
5,2,0,0,1,4,0,1,180,0,0
5,2,1,3,1,7,0,0,60,0,0
5,2,1,11,1,3,0,0,60,0,0
5,2,1,7,0,6,0,0,60,0,0
5,2,1,0,1,8,1,0,60,0,0
5,2,1,12,1,1,0,0,150,1,0
5,2,1,3,0,3,0,0,180,0,0
5,2,1,0,1,6,0,1,90,0,0
5,2,0,1,0,1,0,0,90,0,1
5,2,0,3,0,1,0,1,180,0,0
5,2,1,7,0,6,1,0,60,0,0
5,2,0,1,0,5,0,0,60,0,0
5,2,1,5,1,3,0,5,180,0,0
5,2,1,2,0,2,0,1,120,0,0
5,2,1,8,1,8,0,0,90,0,0
5,2,0,8,1,5,0,0,60,0,1
5,2,1,3,0,0,1,0,90,0,0
5,2,1,0,1,7,0,0,120,0,0
5,2,1,6,0,3,0,0,60,0,1
5,2,1,7,0,9,1,0,60,0,0
5,2,1,3,1,6,0,0,90,0,1
5,2,1,6,0,9,0,0,60,0,0
5,2,1,11,1,2,0,1,120,0,1
5,2,1,0,1,7,0,2,60,0,0
5,2,1,6,0,8,0,1,60,1,1
5,2,0,3,0,8,1,2,120,0,0
5,2,0,8,1,9,1,0,90,0,0
5,2,0,9,0,2,0,0,120,0,0
5,2,1,4,1,1,0,2,60,1,0
5,2,1,5,0,2,0,0,90,0,1
5,2,1,5,0,1,0,0,120,1,1
5,2,1,0,0,9,0,0,60,0,0
5,2,1,7,0,4,1,0,180,0,0
5,2,1,0,1,4,0,0,60,0,0
5,2,1,1,0,3,0,1,180,0,1
5,2,1,12,0,3,0,0,60,0,1
5,2,1,8,0,2,0,0,60,0,0
5,2,1,10,0,8,0,0,75,0,0
5,2,1,8,0,9,1,0,60,0,0
5,2,1,6,0,3,1,0,60,1,0
5,2,0,6,1,0,0,1,90,0,0
5,2,1,1,0,6,0,1,180,0,1
5,2,0,8,0,10,0,0,120,0,0
5,2,1,9,0,3,0,4,120,1,0
5,2,1,3,0,1,1,3,180,0,0
5,2,1,11,1,2,1,0,60,0,0
5,2,1,0,1,1,1,0,60,0,1
5,2,1,5,0,7,0,0,60,0,0
5,2,1,11,1,0,0,1,120,0,0
5,2,1,3,0,2,0,0,90,0,1
5,2,1,4,0,1,0,0,90,0,0
5,2,1,0,0,5,1,2,60,0,1
5,2,0,12,1,6,0,1,180,0,1
5,2,1,6,1,1,0,0,60,0,0
5,2,1,5,1,0,0,1,150,1,1
5,2,1,0,0,4,0,0,120,0,1
5,2,1,12,2,0,0,1,120,0,0
5,2,1,6,1,4,0,0,60,0,1
5,2,0,1,0,5,0,0,60,0,0
5,2,1,3,0,1,0,0,60,0,0
5,2,1,0,0,8,0,0,60,1,0
5,2,1,5,0,0,0,0,60,0,1
5,2,1,9,2,2,0,1,90,0,0
5,2,1,10,1,3,0,1,60,0,1
5,2,1,0,0,8,1,0,90,0,0
5,2,1,12,0,4,0,1,60,0,0
5,2,1,2,1,0,0,0,60,0,0
5,2,1,4,1,10,0,0,60,0,0
5,2,1,5,1,9,0,0,120,0,1
5,2,1,2,0,1,1,0,60,0,0
5,2,1,3,1,2,0,0,90,0,0
5,2,1,11,0,4,1,1,60,0,1
5,2,1,10,1,1,0,0,90,0,1
5,2,1,5,0,2,1,2,120,0,1
5,2,1,5,0,3,0,0,90,0,0
5,2,1,1,0,6,0,2,120,0,0
5,2,1,3,0,2,0,2,120,1,1
5,2,1,7,0,3,0,0,120,0,0
5,2,1,8,1,7,1,0,60,0,0
5,2,1,5,0,3,0,0,60,0,0
5,2,1,4,1,10,0,0,60,0,0
5,2,1,10,0,5,0,2,60,0,0
5,2,0,9,1,2,1,0,60,0,0
5,2,1,10,0,3,0,1,120,0,0
5,2,1,5,1,3,0,3,120,0,0
5,2,1,9,1,2,0,2,180,0,0
5,2,1,8,1,3,1,0,60,0,0
5,2,1,5,0,5,0,1,60,0,0
5,2,1,5,1,2,0,1,180,0,1
5,2,1,8,0,6,0,0,60,0,0
5,2,0,1,0,1,0,2,120,1,0
5,2,1,7,0,3,0,0,60,0,0
5,2,0,12,1,5,0,0,90,0,0
5,2,1,5,0,4,0,1,120,0,0
5,2,1,0,1,0,1,0,90,0,1
5,2,1,5,0,3,0,0,210,0,0
5,2,1,11,0,3,0,1,270,0,0
5,2,1,5,1,0,0,1,210,0,0
5,2,1,3,0,2,1,0,60,0,1
5,2,1,0,0,9,0,0,120,0,0
5,2,1,11,0,7,0,0,60,0,0
5,2,0,5,0,0,0,0,270,0,0
5,2,0,3,0,1,0,1,60,0,0
5,2,0,1,0,6,0,1,90,0,0
5,2,1,12,0,4,0,0,60,1,0
5,2,1,3,0,2,0,1,60,0,1
5,2,0,5,1,2,0,0,120,0,1
5,2,1,0,0,8,0,1,60,0,0
5,2,1,11,0,1,1,1,60,0,0
5,2,1,7,0,1,0,0,60,0,0
5,2,1,9,0,8,0,0,120,0,0
5,2,1,1,0,8,0,0,90,0,0
5,2,1,9,0,6,1,0,120,0,0
5,2,1,11,0,2,0,3,120,0,0
5,2,1,8,0,4,1,2,150,0,0
5,2,0,7,0,1,0,0,60,1,1
5,2,1,11,0,1,0,0,60,0,0
5,2,0,6,0,1,0,1,90,0,0
5,2,1,0,0,9,0,0,60,1,0
5,2,1,8,0,1,1,0,60,0,0
5,2,1,3,1,0,0,0,60,0,0
5,2,1,11,1,2,0,0,60,1,0
5,2,1,1,0,6,0,1,90,0,1
5,2,1,12,0,8,0,3,180,0,0
5,2,1,6,0,2,0,0,150,0,0
5,2,0,9,0,3,1,0,180,0,0
5,2,1,0,0,2,1,0,60,0,0
5,2,1,2,1,5,0,1,90,0,0
5,2,1,7,0,2,1,1,60,1,0
5,2,0,3,1,5,0,0,90,0,1
5,2,0,8,0,9,1,0,120,0,1
5,2,1,9,1,3,0,1,120,0,1
5,2,1,10,1,4,0,1,90,0,0
5,2,1,2,0,3,0,0,60,0,0
5,2,1,1,1,1,1,0,60,0,0
5,2,1,7,1,5,0,2,180,0,1
5,2,1,5,0,3,0,1,120,0,0
5,2,1,12,0,6,0,0,90,0,0
5,2,0,6,0,0,0,0,75,0,0
5,2,1,5,0,8,0,2,60,0,1
5,2,1,8,0,8,1,0,60,0,1
5,2,1,3,0,2,0,0,120,0,0
5,2,1,1,0,7,0,1,60,0,0
5,2,1,8,1,7,0,1,90,0,1
5,2,0,11,1,0,0,0,120,0,0
5,2,1,5,0,0,0,2,210,0,1
5,2,1,5,0,0,0,0,60,0,1
5,2,1,5,0,1,0,0,60,0,0
5,2,1,7,0,3,1,0,60,0,0
5,2,1,9,0,3,0,0,60,0,0
5,2,1,3,2,2,0,0,60,0,1
5,2,0,0,1,7,1,0,60,1,0
5,2,1,6,1,7,0,0,120,0,0
5,2,1,0,1,8,0,3,150,0,1
5,2,1,6,1,6,0,2,60,0,0
5,2,1,2,0,0,0,2,60,0,0
5,2,1,8,0,9,0,1,210,0,0
5,2,1,1,0,1,0,1,60,1,0
5,2,1,10,1,1,1,0,60,0,0
5,2,0,6,0,3,0,0,120,0,0
5,2,1,4,0,1,0,2,60,0,0
5,2,1,6,0,9,0,0,60,1,0
5,2,1,0,1,7,0,1,60,0,0
5,2,1,3,1,2,0,1,60,0,0
5,2,1,3,1,6,0,1,60,0,0
5,2,1,2,0,3,0,1,60,0,0
5,2,1,1,1,3,0,1,120,1,0
5,2,1,8,0,4,0,0,90,0,0
5,2,1,6,1,7,0,2,120,1,0
5,2,1,3,1,5,1,0,60,1,1
5,2,0,8,0,7,0,0,150,1,0
5,2,1,8,0,6,0,0,60,0,0
5,2,1,1,0,5,0,0,60,0,1
5,2,0,8,1,9,0,0,60,0,0
5,2,0,2,1,10,1,0,60,0,0
5,2,1,4,1,6,0,1,120,0,1
5,2,0,4,1,10,1,0,60,0,0
5,2,1,4,1,10,0,1,120,0,0
5,2,1,10,0,1,0,1,90,0,0
5,2,0,2,1,9,0,0,60,0,0
5,2,1,8,1,9,0,2,120,0,1
5,2,1,5,1,0,1,2,120,1,1
5,2,0,1,0,0,0,1,150,0,0
5,2,1,4,0,3,0,1,60,0,0
5,2,1,5,1,0,0,2,60,0,0
5,2,1,7,0,3,0,2,120,1,0
5,2,1,2,1,1,0,0,60,0,1
5,2,1,7,0,5,0,1,60,0,0
5,2,1,5,1,0,1,0,120,0,0
5,2,0,8,0,9,0,0,120,0,0
5,2,1,9,0,6,0,0,60,0,0
5,2,1,1,0,5,0,1,180,0,1
5,2,0,3,0,8,0,0,120,0,0
5,2,0,10,0,1,0,0,90,0,0
5,2,1,8,1,8,0,0,90,0,1
5,2,1,9,1,2,0,1,120,0,0
5,2,1,8,0,9,0,0,60,0,0
5,2,1,5,0,3,0,0,120,0,0
5,2,1,8,1,2,0,2,120,1,0
5,2,1,0,0,2,0,0,60,0,0
5,2,1,8,1,7,0,2,90,0,1
5,2,0,5,0,3,0,1,150,0,1
5,2,1,4,0,10,0,0,120,0,0
5,2,1,11,1,7,1,0,60,0,0
5,2,1,12,0,3,0,1,60,0,1
5,2,1,5,1,7,0,0,90,0,0
5,2,0,12,0,1,0,0,60,0,0
5,2,0,3,1,5,0,0,60,0,1
5,2,1,10,0,8,0,2,120,0,0
5,2,1,0,0,7,0,0,60,0,0
5,2,1,8,1,4,0,0,120,0,1
5,2,1,9,0,2,0,1,120,0,1
5,2,1,5,0,0,0,1,60,0,0
5,2,1,1,1,8,0,0,60,0,1
5,2,1,4,0,2,0,2,60,0,1
5,2,0,11,1,4,0,0,60,0,0
5,2,0,10,1,3,0,0,300,0,0
5,2,1,5,0,4,1,0,120,0,1
5,2,1,11,1,2,1,0,90,1,1
5,2,1,2,1,6,0,2,180,0,0
5,2,1,8,0,2,0,0,60,0,0
5,2,0,4,1,10,0,1,150,1,0
5,2,1,5,1,0,0,0,60,0,0
5,2,1,12,0,3,0,1,60,0,0
5,2,1,12,1,2,0,0,60,1,1
5,2,1,7,0,2,0,0,90,0,0
5,2,1,5,0,0,0,1,90,0,0
5,2,1,0,1,2,0,1,120,0,1
5,2,1,11,1,0,1,2,120,0,0
5,2,1,5,0,3,0,1,90,0,0
5,2,1,5,1,7,0,0,90,0,0
5,2,0,10,0,4,0,0,60,1,0
5,2,1,9,0,7,0,0,60,1,0
5,2,1,0,1,3,0,0,90,0,1
5,2,0,5,1,7,0,2,120,0,1
5,2,1,2,0,9,0,1,60,0,0
5,2,1,1,1,8,0,0,60,0,0
5,2,0,3,1,8,0,1,210,0,1
5,2,1,5,1,1,0,1,180,0,0
5,2,1,5,0,7,0,0,120,0,0
5,2,0,10,0,1,0,2,120,0,1
5,2,0,7,1,1,0,0,120,0,1
5,2,1,3,1,0,0,1,60,0,0
5,2,1,9,1,9,0,1,60,0,1
5,2,1,2,1,10,1,1,60,0,1
5,2,0,1,1,1,0,0,60,0,1
5,2,1,0,1,4,0,3,120,0,1
5,2,1,7,1,2,0,0,60,0,0
5,2,1,11,1,4,0,1,120,0,0
5,2,1,0,1,9,0,0,60,0,1
5,2,1,10,0,0,0,0,60,0,0
5,2,0,0,1,6,1,2,120,1,1
5,2,1,8,0,5,0,1,120,0,0
5,2,0,12,1,2,0,0,60,0,1
5,2,1,3,0,6,0,1,90,0,1
5,2,1,1,0,3,0,0,120,0,0
5,2,1,5,1,2,0,1,120,1,1
5,2,1,6,0,7,1,0,90,0,1
5,2,1,5,0,1,0,0,60,0,0
5,2,1,9,0,5,0,0,120,0,0
5,2,1,3,0,2,1,2,120,0,1
5,2,1,8,0,2,0,0,60,0,0
5,2,1,11,0,9,0,1,120,0,1
5,2,0,3,1,5,1,0,60,0,1
5,2,0,6,1,3,1,1,60,0,0
5,2,1,3,1,3,0,0,60,0,1
5,2,0,5,0,3,0,0,60,0,0
5,2,1,1,0,0,0,0,60,1,0
5,2,1,4,1,10,1,2,270,0,1
5,2,1,4,0,4,0,0,60,0,0
5,2,1,10,1,1,0,0,60,0,0
5,2,1,8,0,6,0,0,60,0,0
5,2,1,3,1,1,1,0,60,0,1
5,2,1,2,0,1,1,0,120,0,0
5,2,1,8,1,9,1,2,150,1,0
5,2,1,11,1,0,1,0,60,0,0
5,2,1,8,1,8,0,0,60,0,0
5,2,1,6,0,7,1,0,90,0,0
5,2,1,1,1,8,0,0,60,0,0
5,2,1,0,0,2,0,0,60,0,0
5,2,1,10,0,2,1,1,190,1,0
5,2,0,5,2,0,0,0,90,0,0
5,2,1,7,0,0,0,0,60,0,0
5,2,1,4,0,4,1,0,60,0,0
5,2,1,7,0,2,0,1,120,0,0
5,2,1,7,1,5,0,1,60,0,0
5,2,1,4,0,4,0,1,120,1,1
5,2,1,3,1,6,0,1,60,0,0
5,2,1,5,1,2,0,1,120,0,1
5,2,0,0,0,7,0,1,120,0,0
5,2,1,6,0,5,1,0,60,0,0
5,2,1,12,1,1,1,0,60,0,0
5,2,0,8,0,9,0,0,60,0,0
5,2,1,7,1,8,1,2,120,0,0
5,2,1,12,1,5,0,0,60,0,0
5,2,1,10,1,1,0,0,90,0,0
5,2,1,5,0,5,0,2,120,0,1
5,2,1,0,0,8,0,2,120,0,0
5,2,1,12,0,0,0,1,60,1,0
5,2,1,5,1,0,0,1,90,0,0
5,2,1,12,0,7,0,0,120,0,1
5,2,1,5,0,0,1,0,60,0,0
5,2,1,5,1,3,0,0,60,0,1
5,2,1,11,1,0,0,0,150,0,0
5,2,1,6,1,3,0,1,210,0,1
5,2,0,7,1,2,0,2,120,0,0
5,2,1,3,1,1,0,0,120,0,1
5,2,1,3,0,8,1,1,60,1,1
5,2,1,8,1,8,0,1,240,0,0
5,2,1,8,0,9,0,2,240,0,0
5,2,1,8,1,1,0,0,60,0,1
5,2,1,2,0,8,0,1,60,0,0
5,2,1,3,1,3,1,0,60,0,0
5,2,1,3,0,2,0,0,60,1,0
5,2,1,5,1,3,1,1,120,0,1
5,2,1,1,1,8,0,0,60,0,0
5,2,1,11,0,8,1,1,60,0,0
5,2,1,2,1,6,0,1,150,1,1
5,2,1,3,1,2,0,1,120,0,1
5,2,1,11,1,2,0,1,120,0,0
5,2,0,12,1,0,0,1,150,1,0
5,2,0,7,0,6,0,2,120,0,0
5,2,1,8,1,8,0,1,120,0,0
5,2,0,6,0,0,0,1,120,1,0
5,2,1,0,1,7,1,0,60,0,1
5,2,1,5,1,0,0,1,120,0,1
5,2,0,5,0,5,0,0,180,0,1
5,2,1,0,0,8,0,0,150,0,1
5,2,1,3,1,2,1,0,60,0,1
5,2,1,5,0,2,1,0,60,0,0
5,2,0,3,1,1,0,0,60,0,0
5,2,1,11,1,2,0,0,120,0,0
5,2,1,4,0,1,0,1,120,0,1
5,2,1,7,0,3,0,0,60,0,1
5,2,1,11,0,8,0,1,120,0,0
5,2,1,1,1,8,0,1,120,0,1
5,2,1,8,0,5,0,0,60,1,0
5,2,1,5,0,1,1,0,90,0,1
5,2,0,9,1,6,1,0,60,1,0
5,2,1,10,1,6,0,0,120,0,1
5,2,1,6,0,5,1,1,150,0,0
5,2,1,0,0,4,0,0,90,0,0
5,2,1,2,1,10,0,0,120,0,0
5,2,1,5,2,3,0,0,60,0,0
5,2,0,4,0,0,0,1,240,0,1
5,2,1,9,0,6,0,0,60,0,0
5,2,1,7,1,6,1,0,60,0,1
5,2,1,1,1,2,1,0,60,0,0
5,2,1,3,0,4,0,0,60,0,0
5,2,0,8,1,5,0,0,60,0,0
5,2,0,8,0,5,0,0,60,1,0
5,2,1,10,1,5,0,1,120,1,1
5,2,1,12,1,3,0,0,120,0,0
5,2,1,12,1,1,0,1,210,0,0
5,2,1,2,1,0,1,1,120,0,0
5,2,1,7,0,9,0,1,120,0,0
5,2,0,5,0,4,0,0,150,0,1
5,2,1,12,0,2,1,0,120,0,0
5,2,1,10,0,6,0,0,90,0,1
5,2,1,8,1,8,0,0,90,1,0
5,2,1,1,0,2,1,0,120,0,0
5,2,1,3,1,4,0,0,120,0,0
5,2,1,10,0,3,0,0,180,1,0
5,2,1,8,0,1,0,0,60,0,0
5,2,1,12,1,3,0,0,240,0,1
5,2,1,8,1,9,0,1,180,0,1
5,2,1,6,0,6,0,0,60,0,0
5,2,1,8,0,8,0,0,120,0,1
5,2,0,1,0,4,0,0,60,0,1
5,2,1,5,1,1,0,0,90,0,0
5,2,0,8,0,9,1,0,120,1,1
5,2,0,11,1,8,0,0,120,1,1
5,2,1,1,0,2,0,0,120,0,0
5,2,1,9,1,2,0,1,180,0,0
5,2,1,8,1,7,0,0,60,0,0
5,2,1,0,0,8,0,0,90,0,0
5,2,1,11,0,7,0,1,150,0,0
5,2,1,0,0,0,0,0,90,0,0
5,2,1,11,0,6,0,1,120,0,1
5,2,1,10,1,6,0,0,120,0,1
5,2,1,0,1,5,1,0,60,0,0
5,2,1,9,0,3,0,0,60,0,0
5,2,1,12,1,9,0,1,120,0,1
5,2,1,10,1,5,0,0,300,0,0
5,2,1,2,0,6,0,0,90,0,1
5,2,1,5,0,7,1,0,60,0,1
5,2,0,3,0,2,0,0,90,0,0
5,2,0,3,0,2,0,0,90,0,0
5,2,0,0,1,0,0,1,180,0,1
5,2,1,12,1,2,0,0,60,0,1
5,2,1,0,0,9,0,1,120,0,0
5,2,1,11,1,1,0,1,240,0,0
5,2,1,6,1,2,0,1,120,0,0
5,2,1,8,1,8,1,0,180,0,1
5,2,0,3,2,5,1,0,60,0,0
5,2,0,0,1,7,0,0,60,0,0
5,2,0,5,1,0,0,0,60,0,0
5,2,1,9,1,3,0,1,240,1,1
5,2,1,1,0,7,0,0,120,0,0
5,2,1,10,1,3,0,1,120,0,0
5,2,1,2,1,0,0,1,210,0,1
5,2,1,7,1,9,0,0,60,0,0
5,2,1,12,0,3,0,1,180,0,0
5,2,1,12,0,8,0,1,210,0,0
5,2,1,8,1,9,0,0,90,0,0
5,2,1,5,0,5,0,0,60,0,0
5,2,1,5,0,0,0,0,60,0,0
5,2,1,8,0,9,0,1,120,0,1
5,2,1,6,1,0,0,0,90,0,0
5,2,0,8,1,8,1,0,60,0,0
5,2,1,0,1,3,0,0,180,0,1
5,2,0,5,1,0,0,0,180,0,0
5,2,0,9,0,1,0,0,60,0,0
5,2,1,8,1,4,0,0,60,0,1
5,2,1,9,1,0,1,1,120,1,1
5,2,1,7,1,7,0,1,210,0,0
5,2,1,7,1,1,0,0,120,0,0
5,2,0,8,1,5,0,0,90,0,0
5,2,1,8,1,8,0,0,60,1,1
5,2,1,5,1,0,0,0,60,0,0
5,2,1,10,0,1,0,0,120,0,1
5,2,0,1,0,9,0,0,60,0,0
5,2,1,5,0,0,0,0,60,0,0
5,2,1,1,0,4,0,0,90,0,0
5,2,1,12,0,4,0,1,180,0,1
5,2,1,0,1,6,0,1,180,0,1
5,2,1,7,1,6,0,0,120,0,1
5,2,1,8,1,9,1,0,90,0,1
5,2,1,6,0,3,0,1,120,0,1
5,2,1,4,0,2,0,0,90,0,1
5,2,1,1,1,2,0,1,120,0,0
5,2,1,5,1,0,0,0,90,1,1
5,2,1,12,1,1,0,0,120,0,0
5,2,1,8,1,6,0,0,90,1,1
5,2,1,5,0,4,0,0,60,0,0
5,2,1,8,1,7,0,0,60,0,0
5,2,1,2,1,9,0,1,120,0,0
5,2,1,8,0,3,0,1,120,0,0
5,2,1,0,1,9,0,1,180,1,0
5,2,1,0,1,1,0,0,60,1,1
5,2,0,11,0,4,0,0,60,0,0
5,2,0,7,0,7,0,1,180,0,0
5,2,1,3,0,1,1,0,60,1,1
5,2,1,0,1,5,0,0,90,0,1
5,2,1,0,1,6,1,1,150,0,1
5,2,1,12,1,3,0,0,60,0,0
5,2,1,12,1,7,0,0,60,0,1
5,2,1,6,1,0,0,1,120,0,1
5,2,1,10,0,3,0,1,120,0,0
5,2,0,1,0,8,0,0,60,0,0
5,2,0,0,0,6,1,0,90,0,0
5,2,0,8,1,2,0,1,120,0,1
5,2,1,5,1,7,0,1,210,0,0
5,2,1,0,1,3,1,0,60,0,1
5,2,1,9,0,5,0,0,60,0,0
5,2,1,10,0,6,0,1,180,0,0
5,2,0,0,0,8,0,0,60,0,0
5,2,0,5,1,0,0,0,90,0,0
5,2,0,7,1,3,0,0,90,0,1
5,2,1,8,1,9,0,0,120,0,0
5,2,1,3,0,7,1,0,60,0,0
5,2,1,0,0,5,0,0,60,0,0
5,2,1,7,1,2,1,0,60,0,0
5,2,1,0,1,9,1,0,60,0,0
5,2,0,6,1,2,0,0,120,0,0
5,2,1,3,0,1,0,0,60,1,0
5,2,0,12,1,0,0,0,90,0,1
5,2,1,10,0,0,0,0,60,0,1
5,2,1,1,0,0,0,0,90,0,1
5,2,1,3,0,1,0,0,60,0,0
5,2,1,12,1,0,0,0,120,0,0
5,2,1,3,1,1,0,1,180,0,1
5,2,1,0,1,5,0,0,60,0,0
5,2,1,1,1,3,1,1,120,0,1
5,2,1,1,1,3,0,1,120,0,1
5,2,1,4,1,10,1,0,120,0,0
5,2,1,12,1,2,0,0,60,0,1
5,2,1,1,1,6,0,1,180,0,0
5,2,1,11,1,3,0,0,120,0,0
5,2,1,11,1,8,0,0,90,0,0
5,2,0,11,0,8,0,1,120,0,0
5,2,1,2,1,0,0,0,60,0,0
5,2,0,8,1,8,1,0,90,0,1
5,2,1,1,0,6,0,0,60,0,0
5,2,1,5,0,4,0,0,60,0,0
5,2,1,12,1,0,1,1,120,1,0
5,2,0,9,0,2,0,0,60,0,1
5,2,1,4,0,10,0,0,60,0,0
5,2,1,5,0,3,0,0,90,0,0
5,2,1,5,0,0,1,0,60,0,0
5,2,0,10,2,3,0,0,90,0,0
5,2,1,0,0,9,0,0,60,0,0
5,2,1,3,0,3,0,0,90,0,1
5,2,1,5,0,0,1,0,120,1,1
5,2,1,3,2,1,1,0,90,0,0
5,2,1,6,1,1,1,0,60,0,1
5,2,0,3,1,7,0,1,240,0,1
5,2,1,1,0,7,1,0,60,0,0
5,2,1,10,0,5,0,0,120,0,0
5,2,1,6,0,6,0,0,180,0,0
5,2,1,1,0,2,1,0,60,0,0
5,2,1,12,1,0,0,0,60,0,0
5,2,0,1,0,2,0,0,90,0,1
5,2,1,12,0,0,1,1,120,0,0
5,2,1,11,1,8,1,0,90,0,0
5,2,1,9,1,4,1,1,150,0,1
5,2,1,6,0,7,0,1,150,0,0
5,2,1,2,1,9,0,0,60,0,0
5,2,1,5,1,1,0,0,60,0,0
5,2,1,5,1,1,0,1,120,0,0
5,2,1,3,0,3,0,1,150,1,0
5,2,1,2,1,2,0,0,60,0,0
5,2,1,10,1,2,0,0,75,0,1
5,2,1,5,0,3,0,1,120,0,1
5,2,1,4,0,1,0,1,120,0,1
5,2,1,3,1,6,0,0,60,0,0
5,2,1,1,1,3,0,0,120,0,0
5,2,1,1,1,3,1,0,60,0,1
5,2,0,10,1,1,0,0,90,0,0
5,2,1,11,0,5,0,1,240,0,0
5,2,1,12,1,4,1,0,60,0,0
5,2,1,11,1,0,0,0,60,0,1
5,2,1,4,1,10,0,0,60,0,0
5,2,1,3,0,0,0,0,60,0,0
5,2,1,7,0,7,0,0,120,0,0
5,2,1,7,0,5,0,0,120,0,0
5,2,1,1,0,4,0,1,120,0,1
5,2,1,4,0,10,1,0,210,0,0
5,2,1,4,1,10,0,0,120,0,0
5,2,1,10,1,6,0,1,240,0,1
5,2,1,10,0,3,0,0,120,0,0
5,2,1,4,1,10,0,0,60,0,0
5,2,1,0,1,7,0,0,60,0,0
5,2,1,4,0,10,0,0,60,1,0
5,2,1,9,0,1,0,0,60,1,1
5,2,1,12,0,0,1,0,60,0,0
5,2,1,5,1,3,0,0,60,0,0
5,2,1,8,1,1,1,0,60,0,0
5,2,1,9,1,3,0,0,60,0,0
5,2,1,10,1,1,1,0,60,0,1
5,2,1,11,0,0,0,0,90,0,1
5,2,1,8,0,9,0,0,180,0,1
5,2,0,6,1,2,0,0,75,0,0
5,2,1,9,0,8,0,0,120,0,0
5,2,1,8,0,9,0,0,120,0,0
5,2,1,8,0,9,0,0,120,0,0
5,2,1,8,0,9,0,0,120,0,0
5,2,1,8,0,9,1,0,120,0,0
5,2,1,8,0,5,0,0,120,0,0
5,2,0,8,0,9,0,0,120,0,0
5,2,0,8,0,8,0,0,120,0,0
5,2,1,8,0,8,0,0,120,0,0
5,2,1,8,0,7,0,0,120,0,0
5,2,1,3,1,5,0,0,60,0,0
5,2,1,6,1,7,1,0,60,0,0
5,2,0,0,1,4,1,0,60,0,1
5,2,1,5,0,3,0,0,60,0,0
5,2,1,3,0,3,0,0,60,0,0
5,2,1,9,1,5,0,0,60,0,1
5,2,1,0,1,3,0,0,60,0,0
5,2,1,1,1,4,0,0,60,0,0
5,2,1,4,0,0,0,0,60,0,1
5,2,1,11,0,2,0,0,60,0,1
5,2,1,7,0,1,0,0,60,1,0
5,2,1,8,1,4,1,0,60,0,1
5,2,1,7,1,9,1,0,60,0,0
5,2,1,0,1,6,1,0,60,1,0
5,2,1,10,1,1,0,0,90,0,0
5,2,1,1,1,1,0,0,120,1,0
5,2,0,1,0,4,0,0,60,0,0
5,2,1,6,1,9,0,0,90,0,0
5,2,1,0,1,7,0,0,60,0,0
5,2,1,8,0,8,0,0,60,0,0
5,2,1,7,0,9,0,0,60,0,0
5,2,0,7,1,3,1,0,60,0,0
5,2,1,6,1,2,0,0,60,0,1
5,2,0,4,0,2,0,0,90,0,0
5,2,0,8,0,3,0,0,90,0,1
5,2,1,0,1,4,0,0,60,0,1
5,2,1,0,0,6,0,0,60,0,0
5,2,1,1,1,4,1,0,60,0,0
5,2,0,5,1,2,0,0,60,0,0
5,2,1,4,1,10,0,0,60,0,0
5,2,1,5,1,0,0,0,60,1,0
5,2,1,9,0,2,0,0,60,0,0
5,2,0,3,0,3,0,0,120,0,1
5,2,1,11,1,1,0,0,90,0,0
5,2,0,9,0,0,0,0,60,0,1
5,2,1,9,1,3,0,0,60,1,1
5,2,1,3,2,0,0,0,120,0,0
5,2,0,12,0,0,0,0,60,0,0
5,2,1,12,1,9,0,0,120,0,0
5,2,1,4,0,1,0,0,90,0,0
5,2,1,0,1,7,0,0,60,0,0
5,2,1,0,1,8,0,0,90,0,1
5,2,1,1,1,4,0,0,90,0,0
5,2,1,9,1,0,1,0,60,0,1
5,2,1,2,0,0,0,0,60,0,0
5,2,0,1,1,8,0,0,60,0,0
5,2,1,12,0,9,0,0,60,0,0
5,2,1,1,1,6,0,0,60,0,1
5,2,1,0,1,8,0,0,60,1,0
5,2,1,4,0,5,0,0,60,0,0
5,2,0,0,1,5,0,0,60,0,0
5,2,1,9,1,4,0,0,60,1,1
5,2,1,1,0,1,0,0,60,0,0
5,2,1,1,0,1,0,0,90,0,0
5,2,1,3,0,8,0,0,60,0,0
5,2,1,6,1,0,1,0,60,0,0
5,2,1,3,1,5,0,0,120,0,0
5,2,1,12,1,3,0,0,60,0,0
5,2,0,5,0,0,0,0,60,0,1
5,2,1,4,1,0,0,0,120,0,0
5,2,0,3,0,4,1,0,60,0,1
5,2,1,3,1,4,0,0,60,0,0
5,2,1,11,0,2,0,0,60,0,0
5,2,1,2,0,9,0,0,90,0,1
5,2,1,9,1,9,0,0,90,0,0
5,2,1,8,0,2,0,0,60,0,1
5,2,1,3,1,1,0,0,60,0,1
5,2,0,0,1,2,0,0,120,0,1
5,2,1,1,1,3,0,0,60,1,0
5,2,1,3,0,7,0,0,90,0,1
5,2,1,7,0,2,0,0,60,1,1
5,2,1,6,1,1,0,0,60,0,0
5,2,1,5,1,0,0,0,60,0,1
5,2,1,9,0,0,0,0,60,0,1
5,2,0,1,1,6,1,0,60,1,0
5,2,1,12,1,2,0,0,60,0,0
5,2,1,8,0,8,0,0,60,0,0
5,2,1,0,0,0,0,0,120,0,1
5,2,0,8,0,3,0,0,60,0,1
5,2,0,10,1,3,1,0,60,0,0
5,2,1,6,1,3,0,0,60,0,1
5,2,1,3,2,0,0,0,120,0,1
5,2,0,5,0,8,0,0,60,0,0
5,2,1,8,0,6,0,0,60,0,0
5,2,1,10,0,0,0,0,60,0,0
5,2,1,4,1,1,0,0,60,0,0
5,2,0,0,1,1,0,0,60,0,1
5,2,1,8,0,9,0,0,60,1,0
5,2,1,0,1,3,0,0,90,1,1
5,2,1,0,1,7,0,0,120,1,0
5,2,1,7,0,2,0,0,120,0,0
5,2,1,4,1,10,0,0,60,0,0
5,2,1,1,0,8,0,0,60,0,0
5,2,1,2,0,1,1,0,60,0,0
5,2,1,2,1,7,0,0,60,0,0
5,2,1,12,1,4,0,0,60,0,0
5,2,0,11,0,5,0,0,60,0,0
5,2,1,9,1,5,0,0,60,0,1
5,2,0,7,0,9,0,0,60,0,0
5,2,1,5,1,0,0,0,90,0,0
5,2,1,0,0,3,1,0,60,0,0
5,2,1,6,1,6,0,0,75,0,0
5,2,1,6,0,3,0,0,60,0,0
5,2,1,12,0,9,0,0,60,0,0
5,2,0,6,0,2,1,0,60,0,0
5,2,1,8,0,6,0,0,90,1,0
5,2,0,3,1,2,1,0,90,0,1
5,2,0,7,1,0,0,0,60,0,1
5,2,1,8,1,1,0,0,90,0,0
5,2,1,2,1,4,0,0,60,0,0
5,2,1,4,0,4,0,0,60,0,1
5,2,1,7,1,4,0,0,90,1,1
5,2,1,0,1,5,0,0,60,0,1
5,2,1,9,1,7,0,0,60,0,1
5,2,1,4,0,6,0,0,60,0,0
5,2,1,5,0,3,0,0,120,0,1
5,2,1,9,1,9,0,0,60,1,0
5,2,1,5,0,6,0,0,60,0,0
5,2,1,4,1,1,0,0,90,0,1
5,2,1,12,1,7,0,0,120,0,1
5,2,1,8,0,9,0,0,60,0,1
5,2,1,6,0,0,0,0,60,0,0
5,2,0,8,1,6,0,0,90,0,1
5,2,1,0,1,6,0,0,60,0,1
5,2,0,6,1,2,0,0,60,0,0
5,2,0,10,1,0,0,0,90,0,0
5,2,1,1,0,4,0,0,60,0,0
5,2,1,1,1,5,0,0,180,0,1
5,2,1,1,1,7,0,0,120,0,1
5,2,1,12,1,0,1,0,60,1,1
5,2,1,12,0,0,0,0,60,1,1
5,2,1,1,0,9,0,0,60,0,0
5,2,1,7,1,6,0,0,60,0,1
5,2,0,2,0,3,0,0,75,0,0
5,2,1,5,1,2,0,0,120,1,0
5,2,1,4,0,10,0,0,90,0,1
5,2,1,0,0,9,0,0,60,0,1
5,2,1,11,0,6,0,0,60,0,0
5,2,1,3,1,2,0,0,60,0,0
5,2,1,11,0,8,0,0,90,0,1
5,2,1,0,0,5,0,0,60,1,0
5,2,0,8,1,4,0,0,90,1,0
5,2,1,2,1,1,0,0,120,0,0
5,2,1,2,0,6,0,0,60,0,0
5,2,1,3,0,1,0,0,60,0,0
5,2,1,5,0,0,0,0,60,0,0
5,2,1,11,0,2,0,0,60,0,0
5,2,1,6,0,5,0,0,60,0,0
5,2,1,3,0,2,0,0,60,0,0
5,2,0,12,1,2,1,0,90,0,0
5,2,1,5,0,2,0,0,120,0,0
5,2,1,6,1,6,0,0,120,0,0
5,2,1,3,0,5,0,0,120,0,0
5,2,0,5,0,6,0,0,60,0,0
5,2,1,8,1,0,0,0,120,0,1
5,2,1,1,1,0,1,0,60,0,0
5,2,1,9,0,9,0,0,60,0,0
5,2,1,3,0,4,1,0,90,0,0
5,2,1,1,1,1,0,0,60,0,0
5,2,1,12,1,2,0,0,60,0,0
5,2,1,12,0,3,0,0,60,0,0
5,2,1,1,0,7,0,0,120,0,1
5,2,1,0,1,4,0,0,60,0,0
5,2,0,8,0,1,0,0,60,0,0
5,2,1,11,1,4,0,0,60,0,1
5,2,1,9,1,7,0,0,60,0,0
5,2,1,8,1,9,1,0,60,1,0
5,2,0,12,0,1,0,0,120,0,0
5,2,1,12,0,2,0,0,60,0,1
5,2,1,4,0,1,0,0,60,0,1
5,2,1,12,1,0,0,0,90,0,1
5,2,1,8,1,3,0,0,90,0,0
5,2,1,4,2,10,0,0,120,0,0
5,2,1,3,1,0,0,0,120,0,0
5,2,0,3,0,2,0,0,60,0,0
5,2,0,9,1,2,0,0,90,0,1
5,2,1,8,1,5,0,0,60,0,0
5,2,1,5,0,1,0,0,90,1,0
5,2,1,0,1,6,0,0,60,0,0
5,2,1,0,1,4,0,0,60,0,1
5,2,1,3,0,1,0,0,90,0,1
5,2,1,7,1,5,0,0,60,1,1
5,2,1,3,1,2,0,0,60,0,0
5,2,1,7,1,8,0,0,60,0,0
5,2,1,10,1,6,0,0,60,0,0
5,2,1,11,1,6,0,0,90,0,0
5,2,1,9,1,3,0,0,60,1,1
5,2,1,1,1,8,0,0,120,0,0
5,2,1,5,1,8,1,0,90,0,0
5,2,1,8,0,8,0,0,60,0,1
5,2,1,0,1,5,0,0,150,0,1
5,2,1,9,1,3,0,0,60,0,1
5,2,1,4,1,1,0,0,90,0,0
5,2,0,1,1,9,0,0,60,0,0
5,2,0,8,0,5,1,0,60,0,0
5,2,1,0,0,0,0,0,90,0,0
5,2,1,5,1,6,0,0,60,0,0
5,2,1,0,1,4,0,0,60,0,0
5,2,1,5,1,0,0,0,90,1,0
5,2,1,6,1,2,0,0,60,0,0
5,2,0,1,1,1,0,0,60,0,1
5,2,1,5,0,3,0,0,60,0,0
5,2,0,7,0,6,0,0,90,0,0
5,2,1,3,0,3,0,0,90,0,0
5,2,1,8,1,3,1,0,120,0,1
5,2,1,4,1,3,0,0,60,0,0
5,2,1,12,1,4,0,0,60,0,1
5,2,1,9,1,7,0,0,120,0,0
5,2,1,0,0,9,0,0,60,0,1
5,2,1,7,1,2,0,0,120,0,0
5,2,1,9,0,5,0,0,90,0,0
5,2,1,3,1,8,0,0,60,0,1
5,2,0,8,1,8,0,0,60,0,0
5,2,1,11,1,0,0,0,90,1,1
5,2,1,0,1,0,0,0,60,0,0
5,2,1,2,0,8,0,0,60,0,0
5,2,1,11,0,2,0,0,60,0,1
5,2,1,2,1,3,0,0,90,0,0
5,2,1,11,1,8,0,0,60,0,0
5,2,1,8,0,8,0,0,60,0,0
5,2,1,6,1,7,0,0,60,0,1
5,2,1,9,0,6,0,0,60,0,0
5,2,0,1,1,3,1,0,60,0,0
5,2,1,1,1,4,0,0,60,0,1
5,2,1,0,1,7,0,0,60,0,0
5,2,1,4,1,10,0,0,120,0,0
5,2,1,0,1,1,0,0,60,0,1
5,2,1,6,0,3,1,0,60,0,1
5,2,0,3,0,2,0,0,60,0,1
5,2,1,4,0,5,0,0,120,0,0
5,2,1,7,1,1,0,0,60,0,0
5,2,1,3,0,3,0,0,120,0,1
5,2,1,11,1,3,0,0,60,0,0
5,2,1,3,0,1,0,0,60,0,0
5,2,1,1,1,4,0,0,60,0,1
5,2,1,1,0,4,0,0,90,0,0
5,2,0,0,0,8,0,0,60,0,1
5,2,1,11,1,3,0,0,60,0,0
5,2,1,12,0,7,0,0,60,0,0
5,2,1,5,1,0,1,0,120,0,1
5,2,1,12,1,7,0,0,60,0,0
5,2,1,8,0,1,0,0,60,0,0
5,2,1,5,2,1,0,0,120,0,1
5,2,1,5,0,1,0,0,60,0,0
5,2,0,11,1,0,1,0,60,0,0
5,2,1,3,1,3,0,0,60,0,0
5,2,1,5,1,1,0,0,60,0,0
5,2,0,2,1,7,0,0,60,0,0
5,2,1,12,1,4,0,0,60,0,0
5,2,1,8,1,1,0,0,60,0,0
5,2,1,5,1,3,0,0,60,0,1
5,2,0,1,0,0,0,0,60,0,0
5,2,1,6,1,4,0,0,60,0,1
5,2,1,1,0,8,0,0,120,0,0
5,2,1,9,0,7,0,0,90,0,1
5,2,1,3,0,0,0,0,120,0,0
5,2,0,11,0,0,0,0,60,0,1
5,2,1,9,1,4,0,0,60,1,1
5,2,1,0,1,6,0,0,60,0,1
5,2,1,3,1,2,0,0,60,0,1
5,2,1,11,0,3,0,0,90,0,1
5,2,1,1,0,7,0,0,60,0,0
5,2,1,12,0,1,0,0,120,0,1
5,2,1,5,0,5,0,0,90,0,0
5,2,0,12,1,0,0,0,60,1,1
5,2,1,7,0,8,1,0,60,0,0
5,2,1,0,0,8,0,0,60,0,0
5,2,1,9,1,4,0,0,60,1,1
5,2,0,5,0,4,0,0,120,1,0
5,2,1,2,1,10,0,0,90,0,0
5,2,1,4,0,6,0,0,60,0,0
5,2,1,8,0,8,0,0,90,1,1
5,2,1,4,1,1,0,0,60,0,1
5,2,0,9,0,9,1,0,60,0,0
5,2,1,6,0,3,0,0,90,0,1
5,2,1,10,1,1,0,0,60,0,1
5,2,1,1,0,8,0,0,60,0,0
5,2,1,8,0,4,0,0,60,0,0
5,2,1,8,1,9,0,0,120,0,0
5,2,1,3,0,1,0,0,60,0,0
5,2,1,8,1,2,0,0,120,0,1
5,2,1,9,1,6,0,0,60,0,0
5,2,1,0,1,5,0,0,60,0,1
5,2,1,1,1,0,0,0,90,0,0
5,2,1,5,1,0,0,0,90,0,1
5,2,1,6,1,7,1,0,90,0,0
5,2,0,12,0,1,0,0,60,0,0
5,2,1,6,1,2,1,0,60,0,0
5,2,0,9,1,10,0,0,60,0,1
5,2,1,9,0,5,0,0,60,0,0
5,2,1,0,1,8,0,0,120,0,0
5,2,1,5,1,8,1,0,60,0,0
5,2,1,7,0,8,0,0,60,0,0
5,2,1,1,0,8,0,0,60,0,0
5,2,1,6,1,9,0,0,60,0,0
5,2,1,8,1,8,1,0,60,0,0
5,2,0,12,1,5,0,0,90,0,0
5,2,1,6,1,4,0,0,60,0,1
5,2,1,9,0,7,0,0,60,0,0
5,2,1,6,0,5,0,0,90,0,1
5,2,1,7,1,1,1,0,120,0,1
5,2,1,10,1,2,0,0,120,1,1
5,2,1,3,1,3,0,0,60,0,1
5,2,1,11,1,6,0,0,60,0,1
5,2,1,8,1,3,0,0,60,0,0
5,2,1,0,0,2,0,0,60,0,0
5,2,0,1,0,8,0,0,60,0,0
5,2,1,12,1,3,0,0,60,0,1
5,2,1,9,0,6,0,0,120,0,1
5,2,1,11,0,9,0,0,90,0,0
5,2,1,7,1,9,0,0,60,0,0
5,2,0,8,1,9,0,0,60,0,0
5,2,1,12,1,1,0,0,120,1,1
5,2,1,0,1,9,1,0,60,0,0
5,2,1,4,1,10,0,0,60,0,0
5,2,0,5,0,2,0,0,90,0,0
5,2,1,0,1,0,0,0,60,0,1
5,2,1,1,0,6,0,0,60,0,1
5,2,0,0,1,2,0,0,120,1,1
5,2,1,5,0,7,1,0,60,0,1
5,2,1,5,1,6,0,0,60,0,0
5,2,0,9,0,3,0,0,60,0,0
5,2,1,8,0,6,0,0,90,0,1
5,2,1,1,1,4,1,0,90,0,0
5,2,1,11,1,2,0,0,60,0,0
5,2,1,3,0,5,0,0,60,0,0
5,2,1,12,0,1,0,0,60,0,0
5,2,1,6,0,7,0,0,60,0,0
5,2,1,3,0,2,0,0,60,0,0
5,2,1,2,0,8,0,0,90,0,0
5,2,1,9,1,0,0,0,120,0,0
5,2,0,1,0,2,0,0,120,0,0
5,2,1,3,1,6,1,0,60,0,0
5,2,1,11,1,7,0,0,60,0,0
5,2,1,3,0,2,0,0,120,0,1
5,2,1,8,1,5,1,0,60,0,0
5,2,1,9,1,4,0,0,120,0,1
5,2,1,3,0,4,0,0,60,0,0
5,2,1,4,1,10,0,0,60,0,0
5,2,1,11,1,1,0,0,60,0,1
5,2,1,8,0,3,0,0,90,0,0
5,2,1,3,1,8,0,0,120,0,1
5,2,1,0,0,8,0,0,60,0,0
5,2,1,4,1,5,0,0,90,0,0
5,2,0,11,1,1,0,0,120,0,1
5,2,1,3,0,2,1,0,90,0,0
5,2,1,1,0,4,0,0,60,0,0
5,2,1,8,1,4,0,0,120,1,0
5,2,1,9,0,7,0,0,90,0,1
5,2,0,0,0,5,0,0,60,0,0
5,2,1,9,1,1,0,0,120,0,0
5,2,1,8,0,7,0,0,120,0,0
5,2,1,3,1,3,0,0,60,1,0
5,2,1,4,1,10,0,0,60,0,0
5,2,1,11,1,4,0,0,60,0,0
5,2,1,8,1,3,1,0,60,0,0
5,2,1,6,0,2,0,0,60,0,0
5,2,0,11,0,1,0,0,60,0,1
5,2,1,0,0,6,1,0,60,0,1
5,2,1,0,0,9,0,0,60,0,1
5,2,1,5,2,0,1,0,90,0,1
5,2,1,2,0,10,0,0,60,0,0
5,2,1,4,1,8,0,0,60,0,0
5,2,1,10,0,8,0,0,60,0,0
5,2,1,3,0,9,0,0,120,0,0
5,2,1,5,0,0,0,0,60,0,0
5,2,1,9,1,2,0,0,90,0,1
5,2,1,0,0,0,0,0,90,0,0
5,2,1,6,1,6,1,0,60,0,1
5,2,1,8,1,9,1,0,60,0,1
5,2,1,1,1,5,0,0,60,0,0
5,2,1,1,1,0,0,0,60,0,0
5,2,0,3,1,4,0,0,90,0,0
5,2,0,6,1,7,0,0,60,0,0
5,2,1,5,0,1,0,0,120,0,0
5,2,1,3,0,3,0,0,120,0,0
5,2,1,3,0,3,0,0,60,0,0
5,2,1,9,1,3,0,0,60,0,1
5,2,1,11,0,1,1,0,60,0,0
5,2,1,12,0,4,0,0,60,0,0
5,2,1,10,1,5,0,0,60,1,0
5,2,1,5,0,6,0,0,60,0,0
5,2,1,3,0,5,0,0,60,0,0
5,2,0,8,1,2,0,0,90,0,1
5,2,1,0,1,1,0,0,60,0,0
5,2,1,8,1,7,0,0,60,0,0
5,2,1,11,0,4,0,0,60,0,0
5,2,1,2,0,10,1,0,60,0,0
5,2,1,1,1,3,1,0,60,0,1
5,2,1,5,0,2,0,0,60,0,0
5,2,1,5,1,7,0,0,60,0,0
5,2,1,9,0,1,0,0,90,0,0
5,2,0,2,1,8,0,0,60,0,1
5,2,1,7,0,2,0,0,120,1,1
5,2,1,0,1,2,0,0,60,0,0
5,2,1,11,0,0,0,0,60,1,0
5,2,1,6,1,5,0,0,60,0,0
5,2,1,3,2,0,0,0,120,0,0
5,2,1,8,0,2,0,0,60,0,0
5,2,1,3,1,1,0,0,60,0,0
5,2,1,2,0,1,0,0,60,0,0
5,2,1,8,1,1,0,0,60,0,1
5,2,1,5,1,0,0,0,60,0,1
5,2,1,0,0,4,0,0,60,0,0
5,2,1,0,1,4,0,0,90,0,0
5,2,1,6,0,3,0,0,60,0,0
5,2,1,2,0,10,0,0,60,0,0
5,2,1,4,1,10,1,0,60,0,0
5,2,1,8,0,4,0,0,60,0,1
5,2,1,3,2,2,0,0,120,0,0
5,2,1,7,0,4,0,0,60,0,1
5,2,1,12,1,2,0,0,120,0,1
5,2,1,11,1,4,0,0,60,0,1
5,2,1,4,1,10,0,0,60,0,0
5,2,1,3,1,6,0,0,90,0,0
5,2,1,1,1,6,0,0,60,1,0
5,2,1,0,1,5,0,0,120,0,0
5,2,1,9,0,2,0,0,60,0,1
5,2,1,4,1,10,0,0,120,0,1
5,2,1,6,0,8,0,0,60,0,0
5,2,1,6,0,3,0,0,120,0,0
5,2,1,5,1,3,0,0,60,0,0
5,2,1,9,0,6,0,0,60,0,0
5,2,1,8,1,8,0,0,60,0,1
5,2,1,5,0,2,0,0,60,0,0
5,2,1,0,0,7,0,0,90,0,0
5,2,1,6,0,8,0,0,90,0,1
5,2,1,5,0,0,0,0,60,0,0
5,2,1,1,0,9,1,0,60,0,0
5,2,1,0,0,5,1,0,60,0,0
5,2,1,3,1,1,0,0,90,0,0
5,2,0,9,0,6,0,0,60,0,0
5,2,0,4,0,2,0,0,60,1,1
5,2,1,8,0,9,0,0,60,0,0
5,2,1,0,0,1,0,0,90,0,0
5,2,1,4,1,10,0,0,60,0,0
5,2,1,5,0,2,0,0,90,0,1
5,2,0,8,0,10,0,0,60,0,0
5,2,1,3,1,1,0,0,120,0,0
5,2,1,9,0,2,0,0,60,1,1
5,2,1,8,1,9,0,0,90,0,0
5,2,1,1,1,9,0,0,90,0,0
5,2,0,4,1,7,1,0,120,0,0
5,2,1,0,2,6,0,0,90,0,0
5,2,0,3,0,7,0,0,90,0,0
5,2,1,0,1,8,0,0,60,0,0
5,2,1,9,0,3,0,0,90,0,0
5,2,1,10,0,7,0,0,60,0,0
5,2,1,1,1,0,0,0,60,0,0
5,2,0,8,0,5,1,0,60,0,0
5,2,1,2,0,2,0,0,60,0,0
5,2,1,4,1,10,0,0,90,0,1
5,2,1,6,0,7,1,0,90,0,0
5,2,1,4,1,10,1,0,60,0,0
5,2,1,3,0,5,0,0,90,0,0
5,2,1,1,0,7,0,0,60,0,1
5,2,0,3,0,0,0,0,60,0,0
5,2,1,3,0,2,1,0,90,0,1
5,2,0,3,0,3,1,0,60,0,0
5,2,1,8,0,8,0,0,60,0,0
5,2,1,5,0,0,0,0,60,0,0
5,2,1,9,0,3,1,0,60,0,0
5,2,1,8,0,5,0,0,120,1,0
5,2,1,1,0,8,0,0,60,0,0
5,2,1,5,0,5,1,0,60,0,0
5,2,1,4,2,10,0,0,60,0,0
5,2,0,4,0,7,0,0,60,0,0
5,2,1,3,1,1,0,0,60,0,1
5,2,1,4,2,10,0,0,60,0,0
5,2,1,1,0,4,0,0,60,1,1
5,2,1,8,0,4,0,0,120,0,0
5,2,1,11,1,7,0,0,60,0,0
5,2,1,8,1,3,0,0,60,0,0
5,2,1,9,1,8,0,0,60,0,1
5,2,1,3,0,6,0,0,90,0,0
5,2,0,5,0,7,0,0,60,0,0
5,2,0,0,1,3,0,0,60,0,1
5,2,1,0,0,9,0,0,60,0,0
5,2,1,3,0,3,0,0,60,0,1
5,2,1,4,0,1,0,0,60,0,0
5,2,1,7,0,3,0,0,60,1,0
5,2,1,7,1,1,0,0,120,0,0
5,2,1,5,0,3,0,0,60,0,0
5,2,1,0,1,3,0,0,60,1,0
5,2,0,2,1,10,0,0,120,0,1
5,2,1,0,1,7,0,0,60,0,1
5,2,1,11,0,8,0,0,120,0,0
5,2,1,1,0,9,0,0,60,0,0
5,2,1,4,1,2,0,0,60,0,0
5,2,1,9,1,8,0,0,60,0,0
5,2,1,7,1,9,0,0,60,1,0
5,2,1,11,2,3,0,0,60,0,1
5,2,0,7,1,7,0,0,60,0,0
5,2,1,0,1,2,0,0,120,0,1
5,2,1,0,1,2,0,0,60,0,0
5,2,1,6,1,8,1,0,60,0,0
5,2,1,7,1,4,0,0,60,0,0
5,2,1,12,0,8,0,0,60,0,0
5,2,1,11,0,2,0,0,120,0,0
5,2,0,8,0,9,0,0,60,0,1
5,2,1,7,0,1,0,0,60,0,0
5,2,1,11,0,2,0,0,60,0,0
5,2,1,9,0,5,0,0,60,0,0
5,2,1,11,1,9,0,0,60,0,0
5,2,1,4,1,10,0,0,60,0,1
5,2,1,6,0,1,0,0,60,1,1
5,2,1,4,0,10,1,0,60,0,0
5,2,1,3,1,6,1,0,60,0,1
5,2,1,3,1,1,0,0,60,0,1
5,2,0,1,0,3,0,0,60,0,0
5,2,1,9,1,5,0,0,60,0,0
5,2,1,6,1,2,0,0,60,0,0
5,2,1,6,1,7,0,0,60,0,0
5,2,1,0,0,1,0,0,60,1,1
5,2,1,10,1,3,0,0,60,0,1
5,2,1,3,0,3,0,0,120,0,0
5,2,1,5,0,3,0,0,60,0,1
5,2,1,9,2,3,0,0,90,0,0
5,2,0,7,0,9,0,0,90,0,0
5,2,1,3,0,0,1,0,60,0,0
5,2,1,6,1,0,0,0,60,1,1
5,2,1,11,0,9,0,0,120,0,0
5,2,1,1,1,1,0,0,60,0,0
5,2,1,3,1,3,0,0,90,0,0
5,2,1,7,1,2,0,0,90,0,1
5,2,1,8,0,3,0,0,60,0,1
5,2,1,7,1,2,0,0,90,0,0
5,2,1,4,1,10,1,0,60,0,0
5,2,1,1,0,2,0,0,60,0,0
5,2,1,10,1,4,1,0,60,0,0
5,2,1,1,0,3,0,0,120,0,0
5,2,1,0,0,7,1,0,60,0,0
5,2,1,5,0,8,0,0,90,0,1
5,2,1,4,1,10,0,0,60,0,0
5,2,1,6,0,0,0,0,120,0,0
5,2,1,8,0,8,0,0,60,0,0
5,2,1,8,0,7,0,0,60,0,0
5,2,0,8,0,5,0,0,60,0,0
5,2,0,1,0,2,0,0,60,0,0
5,2,1,12,0,2,0,0,60,0,0
5,2,1,8,0,7,0,0,60,0,0
5,2,0,7,1,8,1,0,60,0,1
5,2,1,3,0,3,1,0,120,0,0
5,2,1,12,0,3,0,0,60,0,0
5,2,1,3,0,3,0,0,60,0,0
5,2,1,7,1,5,0,0,60,0,0
5,2,1,5,1,0,0,0,60,0,0
5,2,1,4,1,10,1,0,60,1,1
5,2,0,6,1,8,1,0,60,0,1
5,2,1,6,0,3,1,0,60,0,0
5,2,1,5,1,9,0,0,60,0,1
5,2,1,4,1,10,1,0,60,0,1
5,2,0,3,0,1,0,0,60,0,0
5,2,1,3,1,3,0,0,120,0,0
5,2,1,11,1,7,0,0,60,0,0
5,2,1,3,0,3,0,0,60,0,1
5,2,1,5,0,7,0,0,60,0,1
5,2,1,4,1,10,1,0,60,0,0
5,2,1,8,0,9,0,0,60,0,0
5,2,1,6,0,4,1,0,60,0,1
5,2,1,7,0,5,0,0,60,0,0
5,2,1,11,1,7,1,0,60,0,0
5,2,1,5,0,2,2,0,60,0,0
5,2,1,5,1,1,1,0,90,0,1
5,2,1,8,1,7,1,0,60,0,0
5,2,1,4,1,10,1,0,60,0,0
5,2,1,4,0,7,1,0,90,0,1
5,2,1,1,0,5,1,0,60,0,0
5,2,1,9,1,4,1,2,150,0,0
5,2,1,1,1,0,1,0,90,0,1
5,2,0,9,0,0,1,2,120,0,1
5,2,0,2,0,3,1,0,60,0,0
5,2,1,5,0,0,1,0,120,0,1
5,2,1,1,1,8,1,0,60,0,0
5,2,0,7,1,9,1,0,120,0,0
5,2,1,7,0,2,1,0,60,1,1
5,2,0,9,0,3,1,0,60,0,0
5,2,1,5,1,8,2,0,60,0,0
5,2,1,8,1,6,1,1,60,0,0
5,2,1,2,0,8,1,0,60,0,0
5,2,1,8,1,9,1,0,60,0,0
5,2,1,3,1,3,1,0,120,0,0
5,2,1,0,1,6,0,0,120,0,0
5,2,1,10,0,7,1,0,150,0,0
5,2,1,12,1,1,1,1,60,0,1
5,2,0,9,1,7,0,0,210,0,1
5,2,0,6,0,3,1,1,120,0,1
5,2,1,5,0,6,1,0,60,0,0
5,2,1,6,1,3,1,0,60,0,1
5,2,1,3,0,4,1,0,120,0,0
5,2,1,11,1,8,0,0,90,0,1
5,2,1,6,1,4,0,0,90,0,0
5,2,1,7,0,8,0,0,90,0,0
5,2,1,10,1,6,1,0,60,0,0
5,2,1,0,1,2,0,0,60,0,1
5,2,1,3,0,5,1,0,60,0,0
5,2,1,8,0,4,1,0,60,0,1
5,2,1,10,0,7,1,2,60,0,1
5,2,1,0,1,3,0,3,180,1,0
5,2,1,11,1,4,0,1,120,1,0
5,2,1,1,1,4,1,0,60,0,1
5,2,1,10,0,7,1,0,90,0,0
5,2,1,4,1,1,0,0,60,0,0
5,2,1,3,1,6,0,3,60,0,0
5,2,1,0,0,4,0,0,60,0,0
5,2,1,12,0,2,0,1,120,1,0
5,2,1,8,1,3,1,0,60,0,0
5,2,1,3,1,7,1,0,60,0,0
5,2,1,9,0,3,1,0,60,0,1
5,2,1,11,1,0,1,0,90,1,0
5,2,0,7,1,2,0,0,120,0,1
5,2,1,10,0,9,1,0,60,0,0
5,2,0,0,0,4,1,0,120,0,0
5,2,0,6,0,5,0,0,60,0,1
5,2,1,3,1,1,1,1,90,0,0
5,2,1,2,1,3,1,0,90,0,0
5,2,1,3,1,0,1,3,180,0,1
5,2,1,8,0,5,0,0,60,0,0
5,2,1,11,0,7,0,1,90,0,0
5,2,1,6,1,6,1,1,90,1,0
5,2,1,5,1,6,1,0,60,0,1
5,2,1,7,0,5,1,2,150,0,1
5,2,1,6,0,8,0,1,120,0,0
5,2,0,0,1,5,0,0,60,0,0
5,2,0,3,0,2,1,0,60,1,1
5,2,1,9,1,7,1,1,240,1,1
5,2,1,1,1,2,0,1,180,0,1
5,2,0,0,0,8,0,0,60,1,1
5,2,1,5,1,3,0,3,60,0,0
5,2,1,5,1,3,1,0,60,1,1
5,2,1,3,0,1,1,0,90,0,0
5,2,1,6,0,8,1,1,150,0,1
5,2,0,0,0,6,0,0,60,1,1
5,2,0,12,0,4,0,0,60,0,0
5,2,1,1,0,3,0,1,120,0,1
5,2,1,12,1,0,0,0,60,0,0
5,2,0,1,0,0,0,0,60,1,0
5,2,0,10,0,3,0,0,60,0,0
5,2,1,5,0,2,0,0,90,0,1
5,2,0,11,0,4,0,0,60,1,0
5,2,1,0,1,9,1,0,60,0,0
5,2,1,2,0,5,1,2,60,0,0
5,2,1,5,0,6,0,0,60,0,0
5,2,1,5,0,5,1,0,120,0,0
5,2,1,11,1,2,0,0,90,0,0
5,2,1,10,1,3,1,0,60,0,0
5,2,1,3,1,4,0,0,120,0,1
5,2,1,4,1,6,0,0,90,0,1
5,2,1,11,0,1,0,0,60,1,0
5,2,1,5,0,1,0,0,60,0,0
5,2,1,12,0,7,0,0,60,0,0
5,2,1,9,0,8,0,0,60,0,0
5,2,1,8,1,4,1,0,60,0,1
5,2,1,3,0,4,0,0,60,0,0
5,2,1,8,1,6,1,0,60,0,0
5,2,0,1,0,0,1,5,150,0,1
5,2,1,3,0,3,1,0,60,0,0
5,2,1,9,1,3,1,0,60,0,1
5,2,0,11,0,0,1,0,60,0,0
5,2,1,6,1,2,0,0,90,0,0
5,2,0,5,0,1,1,0,120,0,0
5,2,1,0,1,7,0,0,60,0,0
5,2,1,5,1,8,1,0,60,0,1
5,2,1,11,1,3,0,1,90,0,0
5,2,1,8,0,3,1,0,120,0,0
5,2,1,0,1,8,0,2,120,1,1
5,2,1,12,1,0,0,0,60,1,0
5,2,1,7,1,3,0,1,180,0,0
5,3,1,1,1,3,0,1,60,0,0
5,3,1,5,0,0,1,0,120,0,1
5,3,1,10,0,2,0,0,60,0,0
5,3,0,5,0,3,0,0,120,1,1
5,3,1,5,1,0,0,0,120,0,0
5,3,0,0,0,8,0,0,90,0,0
5,3,1,10,0,9,1,1,60,0,0
5,3,1,9,1,7,1,0,60,0,0
5,3,1,7,0,5,0,0,60,1,0
5,3,1,3,2,0,0,0,90,0,0
5,3,1,8,1,9,0,0,60,0,1
5,3,1,1,1,5,0,0,90,1,0
5,3,1,12,1,4,1,2,120,0,0
5,3,1,8,0,4,1,0,90,1,0
5,3,0,1,2,0,0,0,180,0,1
5,3,1,7,1,8,1,0,60,0,1
5,3,1,3,0,0,0,0,60,0,0
5,3,1,5,1,3,0,1,90,1,1
5,3,1,3,0,2,0,1,60,0,1
5,3,1,1,1,8,0,0,90,0,1
5,3,1,4,1,10,1,0,60,0,0
5,3,1,11,0,3,0,0,60,0,0
5,3,1,4,1,10,1,0,60,0,0
5,3,1,1,0,1,0,0,60,0,0
5,3,1,11,0,6,0,0,60,0,0
5,3,1,1,0,9,0,0,120,0,0
5,3,0,3,1,5,0,1,60,0,0
5,3,0,4,0,6,1,0,90,0,0
5,3,1,9,1,5,0,0,120,1,1
5,3,1,7,1,3,0,0,60,0,0
5,3,1,10,1,5,0,0,120,1,0
5,3,1,8,0,9,1,0,120,0,1
5,3,1,12,1,5,1,1,60,0,1
5,3,1,10,1,9,0,0,60,0,0
5,3,1,11,1,4,0,0,120,0,1
5,3,1,3,0,4,1,2,60,1,0
5,3,1,7,1,4,0,0,60,0,0
5,3,1,10,1,5,0,0,180,0,1
5,3,1,12,1,0,0,0,60,0,1
5,3,1,4,0,7,0,0,60,0,0
5,3,1,5,1,1,0,2,60,0,0
5,3,1,5,0,7,0,0,120,0,0
5,3,0,3,1,5,1,0,120,0,1
5,3,1,0,0,4,0,0,60,1,1
5,3,1,2,0,6,0,0,60,0,1
5,3,1,11,1,3,0,1,120,0,0
5,3,1,5,1,2,0,0,150,0,0
5,3,1,9,0,3,0,0,60,0,0
5,3,1,3,1,6,1,0,60,0,0
5,3,1,9,0,0,0,0,60,0,1
5,3,1,7,1,2,0,0,60,1,0
5,3,1,6,0,4,0,0,430,0,0
5,3,1,3,0,4,0,0,240,0,1
5,3,1,4,1,10,0,0,120,0,0
5,3,1,6,0,4,0,1,90,0,0
5,3,1,10,1,3,0,0,60,0,0
5,3,1,6,0,4,0,0,180,0,0
5,3,0,1,1,5,1,0,60,0,0
5,3,1,2,0,9,0,1,90,0,1
5,3,1,3,0,0,0,0,60,0,0
5,3,1,0,1,7,0,0,240,0,1
5,3,1,2,0,8,0,0,60,0,0
5,3,1,11,0,7,1,0,120,0,0
5,3,1,5,0,2,1,0,150,1,0
5,3,1,8,0,10,0,0,60,0,0
5,3,1,7,0,6,1,0,150,0,1
5,3,1,1,1,7,1,0,60,0,0
5,3,1,8,0,8,0,0,120,1,1
5,3,0,4,0,1,0,0,60,0,0
5,3,1,0,1,9,0,0,60,0,0
5,3,1,6,0,1,0,0,90,0,1
5,3,1,11,1,8,1,2,90,0,0
5,3,1,4,0,2,0,0,60,0,0
5,3,0,10,0,0,0,1,150,0,1
5,3,1,4,0,3,0,0,90,0,0
5,3,1,10,1,1,0,3,60,0,0
5,3,1,0,0,2,0,0,60,0,0
5,3,1,2,1,1,0,0,90,0,1
5,3,1,12,1,1,0,0,90,0,0
5,3,1,11,1,1,0,0,60,0,0
5,3,1,12,0,2,0,1,120,0,0
5,3,1,5,1,0,0,0,120,1,1
5,3,0,12,0,8,0,0,90,0,0
5,3,1,6,1,7,0,0,90,0,0
5,3,1,3,1,7,0,0,60,1,1
5,3,1,1,0,4,0,0,60,0,0
5,3,1,11,1,5,0,0,110,0,0
5,3,1,6,0,0,0,4,60,0,0
5,3,1,4,1,0,0,0,240,0,1
5,3,1,5,1,4,0,0,90,0,0
5,3,1,7,0,4,0,0,120,0,1
5,3,1,5,1,3,0,0,60,0,0
5,3,1,10,1,7,0,0,60,0,1
5,3,1,8,1,8,0,1,60,0,0
5,3,1,9,0,5,0,0,60,0,1
5,3,1,9,0,6,1,0,60,0,0
5,3,1,11,0,1,0,0,60,0,0
5,3,0,0,1,5,0,0,180,0,0
5,3,1,6,0,5,0,1,120,0,0
5,3,1,5,1,1,0,0,240,0,1
5,3,1,11,0,4,0,0,120,0,0
5,3,1,9,0,5,0,0,60,0,0
5,3,1,8,1,3,0,0,120,0,1
5,3,1,9,1,3,0,0,60,0,0
5,3,1,10,0,2,1,0,90,0,0
5,3,0,5,1,0,0,0,60,1,0
5,3,0,8,0,2,0,1,60,0,0
5,3,1,6,1,2,0,0,120,0,1
5,3,0,6,0,6,1,0,60,0,0
5,3,1,1,1,4,0,0,60,0,1
5,3,1,8,0,4,0,0,60,0,0
5,3,0,5,0,2,0,0,60,0,1
5,3,1,11,0,9,1,0,60,0,0
5,3,1,6,0,5,0,4,60,0,0
5,3,0,11,0,0,0,0,120,0,1
5,3,1,10,2,1,0,0,60,0,0
5,3,1,6,0,4,1,0,90,0,0
5,3,0,11,0,4,0,2,90,0,0
5,3,1,11,1,2,0,2,120,0,1
5,3,1,1,1,7,0,0,60,0,1
5,3,1,10,0,8,0,0,120,0,1
5,3,1,6,0,8,0,2,60,1,0
5,3,1,8,1,9,0,1,120,1,1
5,3,1,3,1,3,0,0,120,0,1
5,3,1,4,1,6,0,0,60,0,0
5,3,1,1,0,0,0,0,180,0,1
5,3,0,6,0,2,0,0,90,0,0
5,3,0,7,1,1,0,0,120,0,1
5,3,1,5,0,0,0,0,60,0,0
5,3,0,10,0,4,0,0,60,0,0
5,3,1,6,0,6,1,0,60,0,0
5,3,1,1,1,4,0,0,60,0,1
5,3,1,1,0,2,0,0,60,0,1
5,3,1,10,0,9,1,1,60,0,1
5,3,1,12,0,7,1,1,60,0,0
5,3,1,6,0,4,0,0,150,0,0
5,3,0,5,0,3,1,0,60,0,0
5,3,1,5,0,5,1,0,90,0,0
5,3,1,1,0,1,0,0,60,1,0
5,3,1,12,0,6,0,0,210,0,0
5,3,0,1,0,1,0,0,120,1,0
5,3,1,1,1,1,0,0,240,0,1
5,3,1,8,1,2,0,1,120,0,0
5,3,1,9,1,3,0,1,60,0,1
5,3,1,8,1,2,0,0,180,0,0
5,3,1,7,0,8,0,0,90,0,0
5,3,1,9,1,4,0,1,60,0,0
5,3,1,0,1,6,0,0,60,0,1
5,3,1,8,1,7,0,0,60,0,0
5,3,1,5,1,0,0,2,60,1,1
5,3,1,0,0,2,0,0,60,0,0
5,3,1,12,0,5,0,0,120,0,1
5,3,1,0,1,5,0,0,60,0,0
5,3,1,6,0,2,0,2,60,1,1
5,3,0,2,0,5,0,0,120,0,0
5,3,1,11,1,1,1,0,90,0,1
5,3,0,8,0,1,0,0,90,0,0
5,3,1,6,0,9,0,0,120,0,1
5,3,1,5,1,7,1,1,60,0,0
5,3,0,7,1,6,0,1,120,0,1
5,3,1,11,0,6,1,1,120,0,1
5,3,1,2,1,3,0,0,60,0,1
5,3,1,0,0,5,1,3,60,0,0
5,3,1,7,1,6,0,0,60,0,0
5,3,1,0,1,5,0,1,60,1,1
5,3,1,5,0,2,0,0,60,0,0
5,3,1,5,1,0,0,2,60,1,1
5,3,1,9,0,8,0,1,120,0,0
5,3,1,9,1,1,1,0,60,0,0
5,3,1,4,1,7,0,3,120,0,0
5,3,1,7,1,4,0,0,120,0,0
5,3,1,11,0,3,1,0,120,0,1
5,3,1,9,0,1,0,2,120,0,0
5,3,1,5,1,1,0,0,60,0,0
5,3,1,4,0,3,1,1,60,0,0
5,3,1,5,1,8,1,0,60,0,0
5,3,1,6,0,5,0,1,120,0,0
5,3,1,9,1,3,1,0,60,0,0
5,3,1,6,1,0,0,0,60,0,1
5,3,1,8,1,3,0,0,60,0,0
5,3,1,0,0,8,0,0,90,0,1
5,3,1,10,0,1,0,2,60,0,1
5,3,1,4,1,10,1,2,90,0,0
5,3,1,4,0,3,0,0,60,0,0
5,3,1,1,1,3,0,2,60,0,0
5,3,1,0,1,5,0,2,120,1,0
5,3,1,1,1,3,1,0,60,0,1
5,3,1,7,1,8,0,0,60,0,1
5,3,1,3,1,3,0,2,150,0,0
5,3,1,12,1,9,0,0,60,0,0
5,3,1,0,0,6,0,0,60,0,1
5,3,1,5,1,4,0,0,60,0,1
5,3,1,7,0,4,0,0,150,0,0
5,3,1,7,1,4,1,0,60,0,0
5,3,0,12,1,1,0,0,150,0,1
5,3,1,8,1,9,0,0,60,0,0
5,3,1,9,0,7,0,0,60,0,0
5,3,1,8,0,7,0,0,60,0,0
5,3,0,12,1,0,1,0,150,0,1
5,3,1,8,0,3,0,0,120,0,0
5,3,0,1,1,3,0,1,60,0,1
5,3,1,12,1,0,1,0,60,0,0
5,3,1,7,1,4,1,0,60,0,0
5,3,1,7,1,8,0,1,120,0,0
5,3,1,9,0,6,0,0,60,0,1
5,3,0,7,1,7,0,0,60,0,0
5,3,0,6,0,4,0,0,60,0,0
5,3,1,7,1,6,1,2,60,0,0
5,3,1,11,1,1,0,0,120,1,1
5,3,0,3,1,0,0,0,60,0,1
5,3,1,9,0,1,0,0,60,0,1
5,3,1,5,0,0,0,0,60,1,0
5,3,0,8,1,8,0,0,120,0,0
5,3,1,11,1,7,0,2,60,0,0
5,3,1,12,1,7,0,0,60,0,0
5,3,1,8,0,7,1,0,60,0,1
5,3,1,3,1,0,0,0,180,0,1
5,3,1,4,1,1,1,1,120,0,0
5,3,0,10,1,1,1,1,60,1,1
5,3,1,5,0,7,0,1,60,0,1
5,3,1,4,0,3,1,0,60,0,0
5,3,1,1,1,4,0,0,90,1,0
5,3,1,1,1,0,0,0,120,0,1
5,3,1,7,0,5,0,0,240,0,0
5,3,1,3,1,7,0,1,60,0,0
5,3,0,5,1,0,0,1,60,0,0
5,3,0,0,1,7,1,0,90,0,0
5,3,1,11,0,3,0,2,90,0,0
5,3,1,0,1,7,1,0,60,0,0
5,3,0,1,0,6,0,1,60,0,0
5,3,1,1,1,4,1,2,90,0,0
5,3,0,1,0,8,1,1,60,0,0
5,3,1,2,0,3,0,0,180,0,0
5,3,0,0,0,9,1,0,120,1,1
5,3,1,10,1,1,0,0,60,1,1
5,3,1,9,1,7,0,0,60,0,0
5,3,0,11,0,0,0,0,60,0,0
5,3,1,3,0,8,0,2,60,0,0
5,3,1,11,0,6,2,0,60,0,0
5,3,1,3,0,6,0,1,120,0,0
5,3,1,2,0,8,0,2,120,0,0
5,3,0,6,1,1,0,0,60,1,0
5,3,1,11,1,1,0,1,60,0,0
5,3,1,4,1,10,1,1,60,0,0
5,3,1,11,0,0,0,0,60,0,0
5,3,1,3,1,1,0,2,240,0,1
5,3,1,11,1,0,0,0,60,0,0
5,3,0,5,0,0,0,0,90,0,0
5,3,1,6,0,1,0,0,60,0,0
5,3,1,10,1,5,0,0,60,0,0
5,3,1,9,0,9,0,0,90,0,0
5,3,0,9,0,7,0,0,60,1,1
5,3,1,1,1,7,0,1,60,0,0
5,3,1,9,1,3,0,2,60,0,1
5,3,1,4,1,10,0,0,120,0,0
5,3,1,3,0,3,1,2,120,1,0
5,3,0,10,1,6,0,0,150,1,1
5,3,1,10,0,2,1,2,60,1,0
5,3,0,4,0,10,1,3,60,0,0
5,3,1,2,1,2,0,2,90,0,0
5,3,1,0,0,4,0,3,60,0,0
5,3,1,6,1,3,1,0,60,0,0
5,3,1,8,0,6,0,1,120,1,0
5,3,1,9,1,7,0,1,120,0,1
5,3,1,9,1,4,0,1,60,0,0
5,3,1,7,1,8,0,1,120,0,1
5,3,1,0,1,1,0,0,60,0,0
5,3,1,9,1,8,0,1,120,1,1
5,3,1,4,0,0,0,0,60,0,0
5,3,1,10,0,7,1,0,120,0,0
5,3,1,9,0,8,1,0,60,0,0
5,3,0,0,1,3,0,0,120,0,0
5,3,0,3,0,8,0,3,180,0,0
5,3,1,0,0,3,0,0,180,1,0
5,3,1,8,0,5,1,1,120,0,0
5,3,1,1,0,9,0,0,120,0,0
5,3,1,3,0,6,0,0,90,1,1
5,3,1,2,0,8,0,0,90,0,0
5,3,1,8,0,4,1,0,180,0,1
5,3,1,0,1,5,0,1,120,1,1
5,3,1,4,0,10,1,2,120,0,1
5,3,1,12,1,0,0,1,60,1,1
5,3,1,10,0,5,0,1,180,0,0
5,3,1,7,1,5,1,0,120,0,1
5,3,1,8,0,4,1,0,60,0,0
5,3,1,0,1,1,0,1,60,0,0
5,3,1,11,1,4,0,0,60,0,1
5,3,1,2,1,9,0,1,60,0,1
5,3,1,4,1,10,0,0,60,0,0
5,3,1,3,1,1,0,1,60,0,1
5,3,1,2,0,3,0,0,60,0,0
5,3,0,8,0,9,0,0,120,0,1
5,3,1,4,0,0,0,0,60,0,0
5,3,1,5,0,1,0,0,60,0,1
5,3,1,12,1,4,0,1,60,0,0
5,3,1,10,0,7,0,0,150,0,1
5,3,1,4,0,2,0,0,180,0,1
5,3,1,3,1,6,0,1,60,0,0
5,3,1,10,0,6,0,1,60,0,0
5,3,1,8,0,7,0,1,90,0,1
5,3,1,2,0,0,0,2,90,0,0
5,3,0,10,1,8,0,0,60,0,0
5,3,1,3,1,5,1,1,60,1,0
5,3,0,4,2,10,0,0,60,0,0
5,3,1,10,1,5,1,0,60,0,0
5,3,1,12,0,3,0,0,150,0,1
5,3,1,5,0,8,0,0,60,0,0
5,3,1,3,2,1,1,0,60,0,0
5,3,0,1,1,0,0,0,60,0,1
5,3,1,0,0,7,1,0,60,0,0
5,3,1,9,1,6,0,0,120,0,1
5,3,0,9,0,5,1,0,60,0,0
5,3,0,6,1,0,1,0,60,1,0
5,3,1,12,0,0,0,0,120,0,0
5,3,1,6,1,5,0,0,120,0,0
5,3,1,8,1,8,0,2,60,0,1
5,3,1,4,0,10,0,1,120,0,0
5,3,0,3,0,1,0,0,60,0,1
5,3,0,3,2,2,0,0,60,0,1
5,3,0,5,0,0,0,0,60,0,1
5,3,1,6,1,1,0,0,150,1,0
5,3,1,11,1,0,1,2,120,0,1
5,3,1,11,0,4,0,0,60,1,0
5,3,1,11,1,6,0,2,90,1,1
5,3,1,5,1,6,0,0,90,0,0
5,3,1,6,1,8,0,0,90,0,0
5,3,1,5,1,1,0,2,120,0,1
5,3,1,8,0,4,0,0,120,1,0
5,3,1,12,1,5,1,2,60,0,0
5,3,1,2,1,0,0,3,90,0,0
5,3,0,6,0,2,0,0,60,1,1
5,3,1,10,1,1,0,2,150,0,1
5,3,1,2,0,8,0,0,60,0,0
5,3,1,2,0,5,0,0,120,0,0
5,3,1,8,1,7,0,3,60,0,1
5,3,0,5,0,3,0,2,60,0,0
5,3,1,11,1,1,0,0,60,0,0
5,3,1,0,0,8,0,0,120,1,0
5,3,1,8,1,1,0,0,60,0,0
5,3,1,11,0,2,0,0,150,0,1
5,3,0,1,1,2,0,0,60,0,0
5,3,1,0,1,4,1,1,180,0,1
5,3,1,4,0,10,0,1,60,0,0
5,3,1,9,0,2,0,2,60,0,1
5,3,1,9,0,8,0,0,120,0,0
5,3,1,6,0,9,1,0,120,0,1
5,3,1,7,1,1,0,0,120,0,0
5,3,1,7,0,5,0,0,120,0,0
5,3,1,7,0,1,0,0,60,1,0
5,3,1,3,1,3,1,0,60,0,0
5,3,1,12,1,2,0,2,90,0,1
5,3,1,1,1,9,1,0,60,0,0
5,3,1,9,1,9,0,0,60,0,0
5,3,1,7,1,6,0,0,60,0,0
5,3,1,10,0,4,0,1,60,0,0
5,3,1,12,1,2,0,1,90,1,0
5,3,1,9,1,0,0,0,120,0,1
5,3,1,7,1,1,0,0,90,0,0
5,3,1,9,0,7,1,4,60,0,1
5,3,0,5,1,2,0,1,60,0,0
5,3,0,7,0,3,0,0,120,0,0
5,3,0,10,0,0,0,2,90,0,0
5,3,1,5,1,5,0,0,60,0,0
5,3,0,1,0,2,1,0,180,0,0
5,3,1,4,0,7,0,2,60,0,0
5,3,1,0,1,1,0,0,120,0,1
5,3,1,5,1,7,0,0,90,0,0
5,3,1,12,1,0,0,0,60,0,0
5,3,1,0,1,3,0,1,150,0,1
5,3,1,10,1,0,0,0,60,0,0
5,3,1,3,1,7,0,2,60,0,0
5,3,1,0,1,6,0,2,120,0,1
5,3,0,5,0,0,1,1,60,0,0
5,3,1,3,2,2,0,0,60,0,0
5,3,1,11,1,6,0,0,120,0,0
5,3,1,3,0,2,0,0,120,1,1
5,3,1,5,1,1,1,0,60,0,1
5,3,1,11,0,2,0,0,120,0,0
5,3,1,3,0,1,0,3,90,0,0
5,3,1,2,0,8,0,1,90,1,1
5,3,1,6,1,3,1,1,60,0,0
5,3,1,8,1,8,1,4,60,0,0
5,3,1,6,0,5,0,1,60,0,1
5,3,0,1,1,1,0,1,90,0,1
5,3,1,5,0,3,0,4,120,0,0
5,3,1,0,1,2,1,0,120,0,1
5,3,1,11,0,10,1,0,60,0,0
5,3,1,0,1,3,0,0,120,1,1
5,3,0,10,0,7,1,0,60,0,1
5,3,1,6,1,8,0,0,150,0,1
5,3,0,5,1,7,0,0,120,0,1
5,3,1,7,1,5,0,0,120,0,0
5,3,0,8,0,6,1,0,180,0,0
5,3,1,8,1,9,1,0,60,0,1
5,3,1,6,0,7,1,1,120,0,0
5,3,0,3,0,6,0,0,60,0,0
5,3,0,1,0,5,0,0,120,1,0
5,3,1,8,0,2,0,1,90,0,0
5,3,1,3,1,2,0,0,210,0,1
5,3,0,8,0,9,0,1,60,0,0
5,3,1,3,1,5,1,1,180,0,1
5,3,1,11,1,7,1,1,60,0,0
5,3,1,4,0,1,0,0,120,0,1
5,3,1,11,0,0,0,0,60,0,0
5,3,1,4,0,0,1,2,120,0,1
5,3,1,8,0,1,0,0,120,0,1
5,3,1,2,0,5,0,0,60,0,0
5,3,1,8,0,3,0,1,90,0,0
5,3,1,7,1,1,0,1,60,0,0
5,3,0,6,1,2,0,1,60,0,0
5,3,1,10,1,1,0,1,60,0,0
5,3,1,3,0,2,0,0,60,0,0
5,3,1,1,0,3,0,1,60,0,0
5,3,0,2,0,0,0,2,120,1,0
5,3,1,7,1,4,0,0,90,0,0
5,3,1,4,0,2,0,0,60,0,0
5,3,1,8,0,4,0,0,60,0,0
5,3,1,6,1,5,0,0,60,0,0
5,3,1,4,0,1,0,0,120,0,0
5,3,1,8,0,8,1,0,60,0,0
5,3,0,1,1,9,0,0,60,0,0
5,3,1,11,1,4,0,1,60,0,0
5,3,1,10,0,8,0,0,180,1,0
5,3,1,9,0,9,1,0,60,0,0
5,3,1,8,1,6,0,0,120,0,0
5,3,1,11,1,2,1,0,60,1,1
5,3,1,12,1,1,0,0,60,0,0
5,3,1,3,0,8,1,2,60,1,0
5,3,0,12,1,2,1,0,120,0,0
5,3,1,7,1,0,1,1,90,0,0
5,3,1,8,1,5,0,1,60,0,1
5,3,1,5,0,4,0,0,60,0,0
5,3,1,4,1,10,0,0,90,0,0
5,3,1,12,1,4,0,0,120,0,0
5,3,1,1,1,1,0,0,60,0,0
5,3,1,8,1,6,0,0,120,0,1
5,3,1,0,0,9,0,0,60,0,0
5,3,1,3,0,3,0,1,60,1,1
5,3,1,1,1,3,0,1,120,0,1
5,3,1,1,1,2,1,1,120,1,1
5,3,1,9,0,8,0,1,120,0,1
5,3,0,5,1,0,0,0,60,0,0
5,3,1,11,1,0,0,0,120,1,1
5,3,1,5,1,1,0,0,60,0,1
5,3,0,5,0,5,0,1,120,0,0
5,3,1,0,0,6,0,0,150,0,0
5,3,1,3,1,2,0,2,120,1,1
5,3,1,0,0,3,0,0,150,0,0
5,3,0,0,1,6,1,0,60,0,0
5,3,1,1,1,9,0,0,60,0,0
5,3,1,5,1,5,0,0,90,0,0
5,3,0,0,1,2,1,0,60,0,0
5,3,1,9,1,7,0,2,90,0,0
5,3,1,4,1,0,0,1,60,0,1
5,3,1,0,0,3,1,0,60,0,0
5,3,1,8,1,8,1,0,60,0,0
5,3,1,1,1,7,0,0,60,0,1
5,3,1,3,0,1,0,1,60,0,0
5,3,1,8,0,9,1,1,60,0,1
5,3,0,5,1,3,1,0,120,1,1
5,3,1,8,1,9,0,0,60,0,1
5,3,0,8,0,1,0,1,90,0,0
5,3,1,8,0,5,0,1,60,1,1
5,3,0,5,1,8,1,0,60,0,0
5,3,1,3,0,1,1,0,90,0,0
5,3,1,7,0,7,0,0,90,1,0
5,3,0,4,0,0,0,2,180,0,1
5,3,1,0,1,4,0,0,60,0,1
5,3,1,0,1,8,0,1,60,1,0
5,3,1,8,0,7,1,1,60,0,0
5,3,1,2,0,9,0,1,120,0,0
5,3,1,1,0,9,0,1,60,0,0
5,3,0,7,0,9,1,0,120,0,0
5,3,1,7,1,9,0,0,120,1,1
5,3,1,5,2,0,1,0,270,0,1
5,3,1,1,1,7,0,1,60,0,0
5,3,0,9,0,2,0,0,60,0,0
5,3,1,3,0,3,0,1,90,0,0
5,3,1,10,0,6,0,1,60,0,1
5,3,1,2,1,7,0,1,90,0,1
5,3,1,8,0,5,1,1,60,0,1
5,3,1,9,0,1,0,1,120,0,1
5,3,1,6,1,3,0,0,60,0,0
5,3,1,11,0,8,0,0,90,0,1
5,3,1,3,1,2,0,0,60,1,0
5,3,1,1,1,7,1,0,120,0,1
5,3,1,6,1,9,1,1,120,0,1
5,3,1,0,1,5,0,0,180,0,0
5,3,1,12,0,6,0,0,60,0,0
5,3,1,4,1,2,1,0,90,0,0
5,3,1,3,0,1,0,1,60,0,0
5,3,1,9,1,0,0,0,120,0,1
5,3,0,4,1,0,0,0,60,0,1
5,3,1,3,0,1,0,1,120,0,1
5,3,1,7,1,5,0,0,60,1,0
5,3,1,1,0,3,0,1,90,0,0
5,3,1,7,1,1,0,0,90,0,1
5,3,1,10,1,9,0,1,60,0,0
5,3,1,10,1,0,0,0,60,0,1
5,3,1,2,0,9,0,0,60,1,0
5,3,0,6,1,3,0,0,60,1,1
5,3,1,3,1,7,0,0,60,0,0
5,3,1,10,0,4,0,0,90,0,0
5,3,1,4,0,5,0,0,60,0,0
5,3,1,0,1,5,1,0,60,0,0
5,3,1,5,1,3,0,2,120,1,0
5,3,1,5,1,8,0,1,60,0,0
5,3,1,11,1,5,1,1,120,0,0
5,3,0,8,1,1,0,0,60,0,0
5,3,0,6,0,4,0,0,60,0,0
5,3,1,12,1,6,0,0,60,0,1
5,3,1,9,1,3,0,0,60,0,0
5,3,1,11,0,6,0,0,90,0,0
5,3,1,9,1,3,0,0,150,0,0
5,3,1,8,0,3,0,0,60,0,0
5,3,1,8,1,9,1,0,60,1,0
5,3,1,8,1,8,0,0,90,0,1
5,3,1,2,0,6,0,1,60,0,0
5,3,1,8,0,4,0,0,90,1,0
5,3,1,6,1,9,1,0,60,0,0
5,3,1,9,1,7,0,1,60,0,1
5,3,1,11,0,5,0,1,120,0,1
5,3,0,12,0,0,0,0,60,0,0
5,3,1,7,0,4,0,1,60,0,1
5,3,1,3,0,1,0,1,90,0,0
5,3,1,5,0,6,0,0,180,0,1
5,3,1,10,1,5,0,1,60,0,0
5,3,1,12,1,0,0,0,120,0,0
5,3,1,4,0,3,0,1,120,0,1
5,3,1,1,1,0,0,0,120,0,0
5,3,1,12,1,0,1,1,90,0,0
5,3,1,10,1,8,0,1,60,0,1
5,3,1,9,1,9,0,0,90,1,0
5,3,0,1,1,2,0,0,240,0,1
5,3,1,8,0,9,0,1,60,0,0
5,3,1,1,0,8,0,0,150,0,0
5,3,1,3,0,0,1,0,60,0,0
5,3,1,8,0,8,1,0,60,0,1
5,3,1,0,0,1,0,1,90,0,0
5,3,1,9,0,6,2,0,60,0,0
5,3,1,3,0,0,0,0,60,0,0
5,3,0,6,0,4,1,0,90,0,0
5,3,1,9,1,4,0,0,90,0,0
5,3,1,8,1,7,0,1,90,0,1
5,3,1,0,1,3,0,1,210,0,1
5,3,1,0,1,6,0,1,60,1,0
5,3,1,0,1,2,0,0,120,0,1
5,3,1,5,0,0,0,1,120,0,1
5,3,1,8,1,4,0,1,60,0,0
5,3,1,11,0,8,0,0,60,0,0
5,3,1,7,0,7,1,0,120,0,0
5,3,1,7,1,1,0,1,150,0,0
5,3,1,4,1,7,0,1,90,0,0
5,3,1,10,0,1,0,1,90,0,0
5,3,0,9,0,9,1,0,60,0,0
5,3,1,12,1,6,0,0,60,0,1
5,3,1,8,1,9,0,0,60,1,0
5,3,1,5,1,2,0,0,60,0,0
5,3,0,3,1,1,1,0,120,1,1
5,3,0,11,0,5,0,0,60,0,0
5,3,1,8,1,9,1,1,90,0,0
5,3,1,3,1,2,0,0,60,0,0
5,3,0,0,1,4,0,0,60,1,0
5,3,1,7,0,4,0,0,60,0,0
5,3,1,4,0,2,0,1,120,0,0
5,3,1,9,1,1,1,0,60,0,0
5,3,1,5,1,0,0,1,90,1,0
5,3,1,10,1,8,1,1,60,0,0
5,3,1,8,1,6,0,1,120,1,0
5,3,1,5,1,2,0,1,60,0,1
5,3,1,11,1,0,0,0,90,0,1
5,3,1,8,0,5,1,0,120,0,1
5,3,1,3,1,1,1,1,60,0,0
5,3,1,3,1,5,0,0,120,0,0
5,3,1,8,0,9,0,0,60,0,0
5,3,1,7,1,2,0,0,120,1,1
5,3,0,4,1,0,1,0,90,0,1
5,3,1,0,1,1,0,1,60,1,0
5,3,1,7,0,0,0,0,120,0,1
5,3,1,0,1,7,0,0,60,0,0
5,3,1,6,1,0,0,0,90,0,1
5,3,1,11,1,0,0,1,120,0,1
5,3,1,1,1,3,0,0,60,0,0
5,3,1,7,0,9,0,0,120,0,1
5,3,1,9,1,8,0,0,60,0,0
5,3,1,8,1,5,0,0,60,0,0
5,3,1,5,0,3,0,0,120,0,1
5,3,1,5,1,8,1,0,90,0,0
5,3,1,12,0,3,0,0,60,1,0
5,3,1,6,0,0,0,0,60,0,1
5,3,1,8,0,9,1,1,90,0,0
5,3,1,3,1,4,1,0,120,0,1
5,3,1,7,0,8,0,0,90,0,1
5,3,1,12,0,1,0,1,120,0,0
5,3,1,7,0,3,1,0,60,0,0
5,3,1,10,1,9,0,1,120,0,0
5,3,1,9,1,0,0,1,60,0,1
5,3,1,3,1,3,0,0,60,0,1
5,3,0,12,1,0,0,1,180,0,0
5,3,1,10,1,5,0,1,180,0,0
5,3,1,0,1,8,0,0,120,0,0
5,3,1,9,1,4,0,1,60,1,0
5,3,1,3,0,0,0,0,60,0,1
5,3,1,6,0,7,0,1,120,1,0
5,3,1,8,1,6,0,0,60,0,0
5,3,1,4,0,0,1,1,60,0,0
5,3,1,4,1,1,0,1,60,0,1
5,3,1,11,1,0,0,1,120,0,1
5,3,1,3,0,3,0,1,120,0,0
5,3,0,1,1,4,1,0,300,0,1
5,3,1,5,1,2,0,0,60,0,0
5,3,1,7,2,2,0,1,60,0,0
5,3,1,4,0,1,0,0,60,0,0
5,3,0,3,1,7,0,2,120,0,0
5,3,1,5,0,8,0,1,90,0,0
5,3,1,4,0,7,0,0,60,0,0
5,3,1,4,0,1,0,1,60,0,1
5,3,1,3,0,4,0,1,90,0,1
5,3,0,8,0,8,0,1,90,0,0
5,3,1,3,1,2,0,0,60,1,0
5,3,0,11,1,6,1,0,60,0,0
5,3,1,3,0,5,0,0,60,0,0
5,3,0,9,1,1,0,1,90,0,1
5,3,1,10,0,1,0,0,90,0,0
5,3,1,2,0,10,1,0,90,0,0
5,3,0,3,0,6,0,0,90,0,1
5,3,1,8,1,4,0,1,60,1,0
5,3,1,12,0,8,0,1,90,0,0
5,3,0,0,0,7,1,0,60,0,0
5,3,1,12,1,7,0,1,120,0,1
5,3,1,11,0,0,0,0,60,0,0
5,3,1,3,1,3,1,0,60,0,1
5,3,0,1,0,7,1,0,60,0,0
5,3,0,12,0,2,0,0,120,0,0
5,3,0,3,1,1,1,0,60,0,0
5,3,1,8,1,6,0,0,60,1,0
5,3,1,4,1,10,1,0,120,0,0
5,3,1,6,0,2,0,0,60,0,0
5,3,1,9,1,0,1,1,60,0,0
5,3,0,8,0,3,0,0,120,0,0
5,3,0,10,0,4,0,0,60,0,0
5,3,0,10,0,0,0,0,60,0,0
5,3,1,10,0,1,0,0,60,0,0
5,3,1,10,1,3,1,0,60,0,0
5,3,0,10,0,1,0,0,60,0,1
5,3,0,10,0,1,0,0,60,0,0
5,3,0,10,0,3,0,0,60,0,0
5,3,0,10,0,9,0,0,60,0,0
5,3,1,3,0,9,0,1,120,0,0
5,3,1,5,1,2,0,0,60,0,0
5,3,0,5,0,0,0,1,60,0,0
5,3,0,10,0,8,1,0,60,0,0
5,3,1,2,0,9,0,1,120,0,1
5,3,1,7,1,2,0,0,90,0,1
5,3,1,10,0,4,0,1,120,0,0
5,3,1,0,1,3,0,0,90,0,1
5,3,0,8,1,4,0,0,60,1,0
5,3,1,6,0,0,1,0,60,0,0
5,3,1,12,0,0,1,0,90,0,1
5,3,0,11,0,2,0,0,60,0,0
5,3,0,8,1,6,0,1,90,0,0
5,3,1,4,0,10,1,0,60,0,0
5,3,1,11,1,6,0,0,60,0,0
5,3,1,1,1,5,0,1,120,0,1
5,3,1,7,1,6,0,1,60,0,1
5,3,1,1,0,7,0,0,60,1,0
5,3,1,7,0,5,0,0,60,0,1
5,3,1,8,0,3,0,1,60,0,0
5,3,1,7,0,9,1,0,60,0,0
5,3,0,7,1,3,0,1,60,0,1
5,3,1,3,0,4,1,0,60,0,0
5,3,1,3,0,0,0,1,90,0,0
5,3,1,3,2,2,0,1,120,0,1
5,3,1,11,1,5,1,0,120,0,1
5,3,1,7,1,1,0,0,60,0,1
5,3,1,5,1,0,0,0,60,0,1
5,3,1,5,1,7,0,0,60,0,0
5,3,1,12,0,8,0,0,60,0,0
5,3,1,2,1,3,1,0,60,0,1
5,3,1,10,1,7,1,0,60,0,0
5,3,1,6,1,0,1,0,90,0,0
5,3,1,5,0,3,1,0,120,1,1
5,3,1,6,0,5,0,0,60,0,1
5,3,1,2,1,4,0,0,60,0,0
5,3,0,12,0,2,0,0,60,0,0
5,3,1,7,1,4,0,0,60,0,1
5,3,0,5,0,5,0,0,60,0,0
5,3,1,8,1,3,1,1,90,0,1
5,3,1,8,0,7,0,0,120,0,0
5,3,1,11,1,5,0,0,90,0,1
5,3,1,2,0,3,0,0,120,0,0
5,3,1,7,0,0,1,0,60,0,0
5,3,1,6,0,5,1,0,60,0,1
5,3,1,7,1,6,0,0,60,0,0
5,3,1,5,1,3,0,1,60,0,0
5,3,1,8,0,5,0,0,90,0,0
5,3,1,9,1,0,0,0,120,0,0
5,3,1,0,0,4,0,0,60,0,0
5,3,1,2,0,10,0,0,150,0,0
5,3,1,6,0,3,0,1,60,0,0
5,3,0,8,0,4,0,0,60,1,0
5,3,0,3,0,6,0,0,60,0,0
5,3,0,1,1,4,0,0,180,0,0
5,3,1,8,1,2,0,1,60,0,1
5,3,0,1,0,4,0,0,300,0,0
5,3,0,11,0,1,0,0,120,0,0
5,3,1,6,1,4,0,1,90,0,1
5,3,0,7,1,7,1,0,60,0,0
5,3,1,3,1,3,0,1,90,0,1
5,3,1,3,1,0,0,0,120,0,1
5,3,1,3,1,3,1,1,150,0,0
5,3,1,5,0,7,1,1,60,0,1
5,3,1,1,1,4,1,0,150,0,1
5,3,1,2,1,0,0,0,90,0,0
5,3,0,5,0,1,0,0,90,0,0
5,3,1,9,1,2,0,0,60,1,1
5,3,1,7,1,6,0,0,60,0,0
5,3,1,11,1,3,0,0,120,0,0
5,3,1,1,1,2,1,0,60,0,0
5,3,1,3,0,3,1,0,60,0,0
5,3,1,11,1,0,1,0,60,0,0
5,3,1,0,0,6,1,1,60,0,0
5,3,1,6,0,2,0,1,60,0,1
5,3,1,3,1,0,1,0,90,0,0
5,3,1,8,1,9,1,1,60,0,1
5,3,1,1,1,2,0,0,60,0,0
5,3,1,10,1,5,0,0,120,0,1
5,3,1,10,0,0,1,1,90,0,0
5,3,0,5,1,1,1,0,120,0,1
5,3,1,5,0,3,0,0,60,0,0
5,3,1,11,0,3,0,0,120,0,1
5,3,1,3,0,1,0,1,60,0,0
5,3,1,5,1,3,0,0,60,0,0
5,3,1,7,0,2,0,1,60,1,1
5,3,1,1,0,9,0,0,120,0,1
5,3,1,5,1,0,1,0,60,0,1
5,3,1,7,0,2,0,0,240,0,1
5,3,1,3,1,4,0,0,120,0,1
5,3,0,8,0,9,0,0,60,0,0
5,3,1,9,0,2,1,0,60,0,0
5,3,0,1,0,8,0,1,60,0,0
5,3,1,6,0,8,0,1,90,0,0
5,3,1,1,1,3,0,0,120,1,1
5,3,1,5,1,2,0,0,60,0,0
5,3,1,9,0,2,0,1,60,1,0
5,3,1,0,1,9,1,0,60,0,0
5,3,0,4,1,1,0,0,90,0,0
5,3,0,10,1,0,0,0,60,1,0
5,3,1,7,1,3,0,0,120,0,1
5,3,1,6,1,9,1,0,120,0,1
5,3,0,5,0,9,0,0,120,0,0
5,3,1,6,0,6,0,0,60,0,0
5,3,0,1,1,3,0,1,90,0,1
5,3,0,8,0,6,0,0,120,0,1
5,3,1,4,0,0,0,1,60,0,0
5,3,1,4,1,0,1,0,60,0,0
5,3,1,8,0,7,0,0,60,0,0
5,3,1,10,0,5,0,0,60,0,0
5,3,1,1,0,4,0,1,60,1,1
5,3,1,0,0,1,0,0,120,0,0
5,3,0,3,1,2,0,0,60,0,0
5,3,1,2,0,5,0,0,60,0,0
5,3,1,12,0,9,0,0,60,0,0
5,3,1,5,1,4,1,0,60,0,0
5,3,1,2,0,2,0,1,60,0,0
5,3,1,6,1,6,0,0,90,0,0
5,3,1,1,0,3,1,0,90,0,0
5,3,1,4,0,10,0,1,90,0,0
5,3,1,6,1,0,0,1,60,1,0
5,3,1,5,1,0,0,0,60,0,0
5,3,1,4,0,10,0,1,90,0,0
5,3,0,11,0,5,0,0,90,0,0
5,3,1,7,1,8,1,0,90,0,0
5,3,1,5,1,0,0,0,60,1,0
5,3,1,6,0,4,1,1,60,0,0
5,3,1,7,0,3,0,0,120,1,1
5,3,1,2,1,2,0,0,60,0,0
5,3,1,11,1,1,1,0,120,0,1
5,3,0,3,0,2,0,0,60,0,1
5,3,1,8,0,4,0,0,150,1,0
5,3,1,12,0,0,0,0,90,1,1
5,3,1,3,1,3,0,0,60,0,0
5,3,1,6,0,3,0,0,60,0,0
5,3,1,12,1,4,0,0,60,0,0
5,3,1,5,0,8,0,0,120,0,0
5,3,1,9,1,6,0,0,60,0,1
5,3,0,11,0,6,0,0,60,0,0
5,3,0,10,0,1,1,0,60,0,0
5,3,1,6,0,6,0,0,60,0,0
5,3,0,3,0,0,0,0,120,0,1
5,3,1,1,1,3,0,0,90,0,0
5,3,0,1,1,2,0,0,120,1,1
5,3,1,11,1,3,0,0,120,0,0
5,3,1,0,0,2,0,0,120,0,0
5,3,0,8,0,1,0,0,120,0,0
5,3,0,12,1,1,0,0,240,1,1
5,3,1,10,0,3,1,0,120,0,0
5,3,0,4,1,3,0,0,60,0,0
5,3,1,10,0,7,0,0,180,0,0
5,3,1,0,1,1,0,0,120,0,1
5,3,1,10,1,2,0,0,120,0,0
5,3,0,3,0,1,1,0,120,0,1
5,3,0,2,1,10,0,0,150,0,0
5,3,1,12,0,3,0,0,60,0,1
5,3,1,1,0,9,0,0,120,0,0
5,3,1,1,1,2,0,0,60,1,0
5,3,1,12,1,0,0,0,120,1,1
5,3,1,10,1,5,1,0,90,0,0
5,3,1,9,0,0,0,0,150,0,0
5,3,1,6,0,7,0,0,120,0,0
5,3,1,0,0,6,0,0,60,0,0
5,3,1,11,0,4,0,0,60,0,0
5,3,1,8,1,7,0,0,120,0,1
5,3,1,7,0,4,1,0,60,0,1
5,3,1,11,1,1,0,0,90,0,0
5,3,1,11,1,1,0,0,90,0,0
5,3,1,11,0,3,0,0,60,0,0
5,3,1,7,0,5,0,0,90,0,0
5,3,0,0,0,6,0,0,120,0,1
5,3,1,12,1,7,0,0,90,0,0
5,3,0,3,1,2,0,0,90,0,0
5,3,1,3,1,5,0,0,120,0,0
5,3,1,6,0,4,0,0,120,1,1
5,3,1,5,1,6,0,0,120,0,1
5,3,1,7,0,3,0,0,90,0,0
5,3,1,0,1,1,0,0,60,0,1
5,3,1,0,0,6,0,0,60,1,1
5,3,0,6,0,4,1,0,60,0,0
5,3,1,3,1,2,0,0,240,0,1
5,3,0,3,0,7,0,0,180,0,0
5,3,1,6,0,3,0,0,120,0,1
5,3,1,5,0,3,0,0,90,0,0
5,3,1,5,1,4,1,0,120,1,1
5,3,1,1,1,9,0,0,120,0,1
5,3,0,10,1,1,1,0,90,1,0
5,3,1,3,1,3,0,0,120,0,1
5,3,0,11,1,3,0,0,90,0,0
5,3,1,5,0,2,1,0,60,1,0
5,3,1,11,1,8,0,0,90,0,0
5,3,1,5,1,3,0,0,60,0,0
5,3,1,5,0,6,0,0,90,0,0
5,3,1,0,1,7,1,0,60,0,0
5,3,1,0,1,5,1,0,90,0,1
5,3,1,10,0,2,0,0,240,0,1
5,3,1,4,1,6,0,0,60,0,1
5,3,1,5,0,2,2,0,120,0,1
5,3,1,11,0,2,1,0,60,0,0
5,3,1,7,1,5,1,0,60,0,0
5,3,1,4,0,7,0,0,120,0,0
5,3,1,5,0,9,0,0,60,0,0
5,3,1,11,1,0,0,0,120,0,1
5,3,1,7,1,6,0,0,60,0,0
5,3,1,0,1,9,0,0,60,0,0
5,3,1,5,1,0,0,0,60,0,0
5,3,1,7,1,4,0,0,90,0,0
5,3,1,11,1,1,0,0,180,0,1
5,3,1,11,0,5,0,0,120,0,1
5,3,1,8,1,4,0,0,60,0,0
5,3,0,11,1,7,0,0,60,0,1
5,3,1,10,0,3,1,0,60,0,0
5,3,0,7,0,6,1,0,240,0,1
5,3,1,7,0,7,0,0,60,0,0
5,3,1,11,0,10,0,0,60,0,0
5,3,1,3,0,1,0,0,120,0,1
5,3,1,5,1,7,0,0,60,0,0
5,3,1,8,1,3,0,0,120,0,0
5,3,0,8,1,8,0,0,90,0,0
5,3,1,10,1,6,0,0,60,0,0
5,3,1,1,0,5,0,0,180,0,1
5,3,1,3,0,4,0,0,60,0,0
5,3,0,4,1,10,1,0,60,0,0
5,3,1,3,0,4,1,0,60,0,0
5,3,0,5,1,2,0,0,120,1,1
5,3,1,0,1,8,0,0,60,0,0
5,3,1,11,0,9,0,0,60,0,0
5,3,1,3,1,1,1,0,150,0,1
5,3,1,11,1,4,0,0,120,1,0
5,3,1,8,1,8,1,0,120,1,0
5,3,1,1,1,2,1,0,90,0,0
5,3,1,5,0,6,0,0,120,0,0
5,3,1,8,1,5,1,0,60,0,1
5,3,1,4,0,7,0,0,60,0,1
5,3,1,5,0,7,0,0,90,0,0
5,3,1,8,1,8,1,0,60,0,0
5,3,0,11,0,1,0,0,60,0,0
5,3,0,5,0,3,0,0,60,0,0
5,3,1,1,1,8,0,0,60,0,1
5,3,1,8,1,2,0,0,120,1,1
5,3,1,6,0,4,1,0,60,0,0
5,3,0,7,0,5,0,0,60,1,0
5,3,1,8,0,9,0,0,120,0,0
5,3,1,9,0,3,0,0,60,0,0
5,3,0,8,0,5,0,0,60,1,0
5,3,1,9,1,4,0,0,180,0,1
5,3,1,9,1,4,0,0,120,0,0
5,3,0,1,0,9,0,0,120,0,0
5,3,1,9,1,8,0,0,180,1,0
5,3,0,1,1,1,0,0,60,0,1
5,3,1,9,1,9,0,0,120,0,0
5,3,0,5,1,4,1,0,120,0,0
5,3,1,10,1,7,0,0,150,0,0
5,3,0,0,1,4,0,0,120,0,0
5,3,1,1,1,4,0,0,60,0,0
5,3,0,8,1,4,0,0,60,0,0
5,3,1,1,0,7,0,0,60,0,0
5,3,1,1,0,0,0,0,60,0,0
5,3,1,1,1,2,1,0,60,0,0
5,3,1,6,1,2,1,0,60,0,0
5,3,1,5,1,0,0,0,150,0,0
5,3,1,4,0,1,0,0,60,0,1
5,3,0,9,0,8,0,0,60,0,1
5,3,1,1,0,4,0,0,60,0,1
5,3,0,7,0,6,0,0,120,0,0
5,3,0,12,1,0,0,0,60,0,0
5,3,1,3,0,8,1,0,120,0,0
5,3,1,4,1,1,0,0,60,0,0
5,3,1,2,0,6,0,0,60,0,0
5,3,1,7,0,2,0,0,60,0,0
5,3,1,7,1,6,0,0,120,0,0
5,3,1,11,1,2,0,0,180,1,1
5,3,1,5,1,1,1,0,60,0,1
5,3,1,0,1,2,0,0,90,0,1
5,3,1,9,1,7,1,0,120,0,0
5,3,1,1,1,4,0,0,60,0,1
5,3,1,6,0,3,1,0,60,0,1
5,3,1,9,1,0,1,0,90,1,0
5,3,1,6,1,8,1,0,60,0,0
5,3,0,9,1,1,0,0,120,0,1
5,3,1,9,0,7,0,0,120,0,1
5,3,1,10,0,7,0,0,120,0,0
5,3,1,1,0,6,0,0,60,0,0
5,3,0,6,1,1,0,0,90,0,0
5,3,0,3,2,5,1,0,210,0,1
5,3,1,11,0,8,0,0,120,0,0
5,3,1,10,0,4,0,0,120,0,1
5,3,1,2,1,9,1,0,120,0,0
5,3,1,6,0,0,0,0,60,0,0
5,3,1,11,1,2,0,0,90,0,0
5,3,0,10,0,7,0,0,120,0,0
5,3,1,8,0,4,0,0,60,0,0
5,3,1,9,0,0,0,0,90,0,0
5,3,1,0,0,4,0,0,120,1,0
5,3,1,3,1,7,1,0,90,0,0
5,3,1,10,0,0,0,0,60,0,1
5,3,0,12,0,6,1,0,60,0,0
5,3,1,4,0,0,0,0,120,0,1
5,3,1,0,1,5,0,0,90,0,1
5,3,1,5,1,8,0,0,90,0,0
5,3,0,6,0,0,0,0,60,0,0
5,3,1,10,1,3,1,0,60,0,0
5,3,1,7,1,2,0,0,60,0,0
5,3,1,9,0,2,0,0,120,1,1
5,3,1,11,0,7,0,0,60,0,0
5,3,1,3,0,4,1,0,60,0,0
5,3,1,1,0,8,0,0,60,0,1
5,3,1,0,0,5,0,0,120,0,0
5,3,1,7,0,4,0,0,120,0,0
5,3,1,6,0,5,0,0,90,0,1
5,3,1,5,0,6,0,0,210,0,1
5,3,1,4,0,10,0,0,120,0,0
5,3,1,3,0,3,1,0,60,0,0
5,3,1,1,1,5,0,0,180,0,1
5,3,1,1,0,3,1,0,120,0,0
5,3,1,11,1,4,0,0,60,0,1
5,3,1,12,1,1,0,0,120,1,1
5,3,1,3,0,3,1,0,120,0,0
5,3,0,10,1,0,1,0,90,0,0
5,3,1,3,0,2,0,0,60,0,1
5,3,1,3,1,3,0,0,60,0,1
5,3,1,3,0,1,0,0,60,0,0
5,3,1,12,0,7,0,0,120,0,0
5,3,1,3,1,1,0,0,120,1,0
5,3,1,12,1,2,0,0,60,0,1
5,3,1,3,2,2,0,0,150,0,1
5,3,1,11,0,1,0,0,120,0,1
5,3,0,2,1,3,0,0,120,0,0
5,3,1,0,0,6,0,0,60,1,1
5,3,1,1,0,0,0,0,120,1,0
5,3,1,1,0,6,0,0,90,0,0
5,3,0,7,0,5,0,0,60,0,1
5,3,1,8,0,7,0,0,90,0,0
5,3,0,1,0,5,0,0,120,1,0
5,3,1,11,0,1,0,0,120,1,1
5,3,0,10,1,8,1,0,120,0,0
5,3,1,2,0,9,0,0,60,1,0
5,3,1,9,0,2,0,0,60,0,0
5,3,1,9,1,9,0,0,60,0,1
5,3,0,0,1,8,0,0,90,0,1
5,3,1,2,0,8,0,0,60,0,0
5,3,1,7,1,3,0,0,60,0,0
5,3,1,1,1,1,1,0,120,0,1
5,3,1,11,1,5,0,0,60,0,0
5,3,1,10,0,9,0,0,60,0,0
5,3,0,12,0,1,0,0,120,0,0
5,3,1,6,0,6,0,0,180,0,1
5,3,1,0,1,4,0,0,120,0,0
5,3,1,1,1,3,0,0,120,1,0
5,3,1,5,0,7,0,0,90,0,0
5,3,1,8,0,4,0,0,60,0,0
5,3,1,5,1,0,0,0,120,0,0
5,3,1,6,1,1,0,0,60,0,0
5,3,1,0,1,6,0,0,90,0,0
5,3,1,10,1,3,0,0,60,0,0
5,3,1,6,1,8,0,0,90,0,0
5,3,0,4,1,1,0,0,120,0,0
5,3,1,6,0,2,0,0,120,0,1
5,3,1,0,1,2,0,0,60,0,1
5,3,1,8,0,8,0,0,120,0,0
5,3,1,4,1,1,0,0,120,0,0
5,3,1,1,1,0,0,0,60,0,0
5,3,1,10,0,8,0,0,150,0,0
5,3,1,5,1,4,0,0,120,0,0
5,3,1,3,0,5,0,0,60,0,0
5,3,1,1,0,3,0,0,90,0,1
5,3,1,0,0,9,0,0,120,0,0
5,3,1,7,0,6,0,0,120,0,0
5,3,0,7,0,3,0,0,90,0,0
5,3,1,12,1,0,0,0,120,0,1
5,3,1,3,0,2,0,0,120,1,0
5,3,1,6,0,5,0,0,120,0,0
5,3,0,3,0,3,0,0,90,0,1
5,3,1,3,1,8,0,0,150,1,0
5,3,1,1,0,8,0,0,120,0,0
5,3,1,3,1,0,0,0,120,0,1
5,3,1,8,0,4,0,0,120,0,0
5,3,1,6,0,9,0,0,90,0,0
5,3,1,1,1,3,0,0,60,0,1
5,3,1,3,0,9,0,0,120,0,0
5,3,1,1,0,7,0,0,120,0,1
5,3,1,12,1,3,0,0,60,0,1
5,3,1,0,0,5,0,0,60,0,0
5,3,0,5,0,0,0,0,180,0,1
5,3,1,9,1,0,1,0,60,1,0
5,3,1,9,0,2,0,0,60,0,1
5,3,1,11,0,1,0,0,60,0,0
5,3,1,8,0,8,0,0,60,0,1
5,3,1,9,0,6,0,0,120,0,1
5,3,1,7,1,5,0,0,60,0,0
5,3,1,6,1,0,0,0,120,0,0
5,3,1,1,0,0,0,0,120,0,1
5,3,1,9,1,9,0,0,60,0,1
5,3,1,0,1,8,0,0,60,0,1
5,3,1,5,1,1,0,0,60,0,0
5,3,0,10,1,1,0,0,120,0,1
5,3,1,3,1,7,0,0,120,0,0
5,3,1,4,0,0,0,0,150,1,1
5,3,1,4,1,1,1,0,60,0,0
5,3,1,0,1,4,0,0,60,0,0
5,3,0,11,0,1,0,0,120,0,1
5,3,1,3,1,3,1,0,90,0,0
5,3,1,12,0,6,0,0,120,0,0
5,3,0,9,0,7,0,0,240,1,1
5,3,1,0,0,9,0,0,120,0,1
5,3,1,3,1,8,1,0,60,0,1
5,3,1,8,1,5,0,0,120,0,0
5,3,1,5,1,0,0,0,60,0,0
5,3,1,2,0,7,1,0,90,0,1
5,3,1,1,1,3,0,0,180,0,1
5,3,1,2,1,3,0,0,60,0,0
5,3,1,5,2,3,0,0,120,0,1
5,3,1,8,0,10,0,0,60,0,0
5,3,1,1,0,1,0,0,60,0,0
5,3,1,4,1,1,0,0,90,0,0
5,3,0,6,1,0,0,0,180,0,1
5,3,1,10,0,7,0,0,120,0,0
5,3,1,7,1,3,0,0,120,0,0
5,3,0,11,0,0,0,0,60,0,1
5,3,1,9,0,4,0,0,60,0,1
5,3,0,7,0,6,0,0,120,0,0
5,3,1,7,0,6,0,0,90,1,1
5,3,1,1,1,5,0,0,60,0,1
5,3,1,3,1,0,0,0,120,0,0
5,3,1,4,1,10,1,0,90,0,0
5,3,0,5,0,8,0,0,90,0,0
5,3,1,12,0,3,1,0,60,0,0
5,3,1,5,1,0,0,0,120,0,1
5,3,1,6,1,3,0,0,60,0,1
5,3,1,8,1,5,0,0,120,0,1
5,3,1,4,1,10,0,0,120,0,0
5,3,1,3,0,4,0,0,60,0,1
5,3,1,0,1,9,0,0,120,0,0
5,3,1,9,0,3,0,0,90,0,0
5,3,0,3,1,0,0,0,60,0,1
5,3,1,12,0,7,0,0,60,0,0
5,3,1,7,0,3,0,0,90,0,1
5,3,1,3,1,6,1,0,60,0,1
5,3,1,4,1,10,0,0,60,0,0
5,3,0,3,0,1,0,0,60,0,1
5,3,1,12,0,7,0,0,120,0,0
5,3,0,5,1,3,0,0,120,0,0
5,3,1,8,1,8,0,0,120,0,0
5,3,0,3,0,2,0,0,120,0,1
5,3,1,1,0,8,0,0,90,0,1
5,3,0,1,0,5,0,0,120,0,0
5,3,0,7,0,8,0,0,60,0,1
5,3,1,11,0,4,0,0,150,0,1
5,3,1,10,1,2,0,0,120,0,0
5,3,1,1,1,6,0,0,60,0,0
5,3,1,3,1,1,0,0,60,0,1
5,3,1,1,0,1,0,0,60,0,0
5,3,0,2,1,0,1,0,120,0,1
5,3,1,0,1,3,0,0,60,0,1
5,3,1,0,1,8,0,0,120,0,1
5,3,1,7,0,3,0,0,90,0,0
5,3,1,7,0,1,0,0,180,0,1
5,3,1,1,0,9,0,0,120,0,1
5,3,1,11,1,0,0,0,120,0,0
5,3,1,12,1,4,0,0,60,0,0
5,3,1,3,1,8,0,0,60,0,1
5,3,1,12,0,7,0,0,120,0,0
5,3,1,11,0,0,0,0,60,0,0
5,3,1,9,0,4,0,0,60,0,0
5,3,1,8,1,6,1,0,90,0,1
5,3,1,12,1,8,0,0,120,0,1
5,3,1,10,1,3,0,0,120,0,1
5,3,1,3,0,7,1,0,120,0,0
5,3,1,0,1,3,0,0,150,0,1
5,3,1,12,1,2,1,0,120,0,0
5,3,1,6,0,4,0,0,120,0,1
5,3,1,10,0,3,1,0,60,0,0
5,3,1,9,0,3,0,0,60,0,0
5,3,1,8,1,7,1,0,60,0,1
5,3,1,0,0,7,0,0,60,0,0
5,3,1,7,0,6,0,0,120,0,0
5,3,1,11,1,7,0,0,90,0,0
5,3,1,7,1,3,0,0,120,0,0
5,3,1,11,1,5,0,0,60,0,0
5,3,1,5,0,4,0,0,60,0,0
5,3,1,5,1,4,0,0,60,0,0
5,3,0,10,0,2,1,0,60,0,0
5,3,1,1,0,8,0,0,150,1,0
5,3,1,5,0,1,0,0,60,0,0
5,3,0,1,1,2,0,0,120,0,1
5,3,1,12,1,0,0,0,90,0,0
5,3,1,8,1,4,0,0,60,0,0
5,3,1,8,1,10,0,0,120,0,1
5,3,1,10,1,9,0,0,60,0,0
5,3,0,5,0,1,0,0,60,0,1
5,3,1,0,0,8,0,0,90,0,0
5,3,1,0,1,8,0,0,60,0,0
5,3,1,11,0,6,0,0,60,0,0
5,3,0,4,1,10,0,0,60,0,0
5,3,0,0,0,6,1,0,120,0,1
5,3,1,12,1,0,0,0,120,1,1
5,3,1,0,0,9,1,0,120,0,1
5,3,1,2,0,3,0,0,60,0,0
5,3,1,0,1,8,0,0,120,0,1
5,3,1,9,0,9,0,0,60,0,1
5,3,1,1,0,1,0,0,60,1,0
5,3,1,0,0,7,0,0,120,0,0
5,3,0,2,1,6,1,0,60,0,0
5,3,1,9,0,3,0,0,60,0,0
5,3,1,11,0,3,0,0,120,0,1
5,3,1,9,1,2,1,0,60,0,0
5,3,1,11,0,7,0,0,60,0,0
5,3,1,5,0,1,0,0,60,0,1
5,3,0,0,1,2,1,0,150,0,0
5,3,1,8,1,9,1,0,60,0,0
5,3,1,10,0,8,0,0,120,0,1
5,3,0,2,1,10,0,0,60,0,0
5,3,1,3,1,0,0,0,60,0,1
5,3,1,8,1,8,1,0,120,0,1
5,3,0,10,1,6,0,0,60,1,0
5,3,1,11,1,5,0,0,90,0,0
5,3,1,1,1,6,0,0,60,0,0
5,3,1,12,0,6,0,0,60,0,0
5,3,0,8,0,7,0,0,60,0,0
5,3,1,4,0,8,0,0,60,0,0
5,3,1,4,0,5,0,0,120,0,1
5,3,1,10,1,5,1,0,60,0,0
5,3,1,5,1,1,0,0,120,0,0
5,3,1,8,0,4,0,0,120,0,0
5,3,1,2,0,6,0,0,60,0,0
5,3,1,8,1,3,0,0,60,0,0
5,3,0,10,1,2,1,0,60,1,1
5,3,1,9,1,0,0,0,60,0,0
5,3,1,7,1,6,1,0,60,0,1
5,3,0,6,0,4,0,0,120,0,0
5,3,1,11,1,1,0,0,120,0,0
5,3,1,5,1,1,0,0,90,0,0
5,3,1,5,1,1,0,0,120,0,0
5,3,1,8,1,9,0,0,60,0,0
5,3,1,2,1,9,1,0,60,0,0
5,3,0,8,1,7,0,0,180,1,1
5,3,1,0,1,0,0,0,60,0,1
5,3,1,1,1,3,0,0,90,0,1
5,3,1,3,1,2,0,0,240,0,1
5,3,1,3,0,1,0,0,120,0,1
5,3,1,4,1,10,0,0,60,0,0
5,3,0,2,0,7,0,0,90,0,0
5,3,1,12,1,0,0,0,60,0,1
5,3,0,12,1,5,0,0,60,0,1
5,3,1,5,0,1,0,0,60,0,1
5,3,1,0,0,5,0,0,120,0,0
5,3,1,3,0,7,0,0,120,0,0
5,3,1,1,1,1,0,0,60,0,0
5,3,1,7,1,1,0,0,60,0,0
5,3,1,4,0,9,0,0,60,0,0
5,3,1,11,1,3,0,0,60,0,1
5,3,1,8,1,1,0,0,90,1,0
5,3,1,4,0,2,0,0,60,0,0
5,3,0,10,0,4,0,0,90,0,1
5,3,1,3,0,2,0,0,60,1,0
5,3,1,7,1,3,0,0,60,1,1
5,3,1,12,1,6,0,0,90,0,0
5,3,1,5,0,4,1,0,120,0,1
5,3,1,4,1,1,0,0,120,1,1
5,3,1,3,2,1,0,0,120,0,0
5,3,1,12,1,3,0,0,240,0,1
5,3,1,6,1,6,0,0,60,1,1
5,3,1,8,1,9,1,0,60,0,1
5,3,1,12,1,0,0,0,120,0,0
5,3,1,4,1,10,0,0,60,0,0
5,3,1,4,1,7,1,0,60,0,0
5,3,1,4,0,10,0,0,90,0,0
5,3,1,2,0,10,0,0,120,0,0
5,3,1,8,1,4,0,0,120,0,1
5,3,1,3,0,6,0,0,120,1,1
5,3,0,11,1,0,0,0,90,0,1
5,3,1,8,1,5,1,0,60,0,0
5,3,1,4,1,0,0,0,150,0,1
5,3,1,12,0,6,0,0,60,0,0
5,3,1,1,1,2,0,0,60,0,1
5,3,1,0,0,9,0,0,120,0,0
5,3,1,4,0,8,0,0,60,0,0
5,3,1,0,1,8,0,0,120,0,0
5,3,1,3,1,1,1,0,120,0,1
5,3,0,9,0,6,0,0,120,0,1
5,3,0,8,0,2,0,0,150,1,1
5,3,1,5,1,1,0,0,60,0,1
5,3,0,4,1,10,0,0,90,0,1
5,3,1,2,0,8,0,0,60,0,0
5,3,1,5,1,2,0,0,60,0,1
5,3,0,3,1,1,0,0,120,0,1
5,3,1,1,1,9,0,0,120,0,1
5,3,0,3,1,1,1,0,180,0,1
5,3,1,10,1,0,0,0,90,1,0
5,3,1,4,1,10,1,0,60,0,0
5,3,1,11,0,3,0,0,120,0,0
5,3,0,1,1,3,0,0,60,0,1
5,3,1,7,0,3,0,0,120,0,1
5,3,1,11,1,0,0,0,60,0,0
5,3,1,0,0,8,0,0,120,0,1
5,3,1,5,1,4,0,0,120,0,0
5,3,0,0,1,6,0,0,120,1,1
5,3,1,1,1,1,0,0,120,0,1
5,3,1,4,1,10,0,0,60,1,0
5,3,1,8,1,1,0,0,60,0,0
5,3,0,2,0,3,0,0,90,0,0
5,3,1,5,1,0,0,0,60,0,0
5,3,0,3,1,3,0,0,150,0,1
5,3,1,12,1,7,0,0,60,0,0
5,3,1,7,0,7,0,0,60,0,1
5,3,1,9,1,5,1,0,60,0,1
5,3,1,12,0,4,0,0,120,0,0
5,3,1,7,0,5,0,0,120,0,1
5,3,1,11,1,6,0,0,120,0,0
5,3,1,12,1,3,0,0,120,0,1
5,3,0,9,0,2,0,0,120,0,1
5,3,0,1,1,4,1,0,80,0,1
5,3,1,4,0,3,0,0,120,0,0
5,3,1,0,0,5,0,0,60,0,1
5,3,1,2,0,4,0,0,120,0,0
5,3,1,8,1,7,1,0,150,0,1
5,3,1,4,0,1,0,0,90,0,1
5,3,1,4,0,10,0,0,120,0,0
5,3,1,5,0,7,0,0,60,0,1
5,3,1,6,0,3,0,0,60,0,0
5,3,1,10,1,0,1,0,60,0,0
5,3,1,8,0,4,0,0,120,1,1
5,3,1,11,1,10,0,0,120,0,1
5,3,0,5,0,4,0,0,120,0,0
5,3,1,3,1,1,0,0,60,0,0
5,3,1,12,0,1,0,0,60,0,0
5,3,1,2,1,10,0,0,60,0,0
5,3,1,9,1,9,0,0,120,1,0
5,3,1,3,0,3,1,0,120,0,0
5,3,1,3,1,2,0,0,180,0,1
5,3,1,1,0,5,0,0,60,0,0
5,3,1,9,0,5,1,0,90,0,0
5,3,1,0,1,4,0,0,90,0,0
5,3,1,3,0,5,0,0,60,0,1
5,3,1,1,0,4,0,0,120,1,1
5,3,1,2,0,5,1,0,60,0,0
5,3,0,3,2,2,0,0,60,0,1
5,3,0,9,0,5,0,0,60,0,0
5,3,1,11,1,2,0,0,120,0,1
5,3,0,3,1,0,0,0,60,0,0
5,3,1,11,1,6,0,0,60,0,1
5,3,1,9,0,2,0,0,120,0,0
5,3,1,8,1,7,1,0,60,0,1
5,3,1,7,0,0,0,0,60,0,1
5,3,0,9,1,7,0,0,120,0,0
5,3,1,3,0,1,1,0,90,0,0
5,3,1,11,1,2,0,0,240,0,1
5,3,1,12,0,8,1,0,60,0,0
5,3,1,10,1,5,0,0,60,0,0
5,3,1,0,1,5,0,0,60,0,0
5,3,0,0,0,6,1,0,240,0,1
5,3,1,3,1,1,0,0,120,0,1
5,3,1,0,1,5,0,0,120,0,1
5,3,1,8,0,4,0,0,120,0,1
5,3,1,12,1,6,0,0,60,0,0
5,3,1,4,0,1,0,0,60,0,0
5,3,1,0,1,3,1,0,60,0,0
5,3,1,3,0,3,0,0,60,0,0
5,3,1,10,0,0,0,0,120,0,0
5,3,1,9,0,4,0,0,120,0,0
5,3,1,12,0,1,0,0,60,0,1
5,3,1,7,1,1,0,0,120,0,0
5,3,1,5,1,3,1,0,60,0,0
5,3,1,1,0,3,0,0,120,0,0
5,3,0,3,0,1,0,0,120,0,0
5,3,1,6,0,3,0,0,60,0,0
5,3,1,10,0,6,0,0,120,0,0
5,3,1,4,0,10,0,0,60,0,0
5,3,1,12,1,2,0,0,60,0,0
5,3,1,3,0,3,0,0,60,0,0
5,3,1,0,1,2,0,0,60,0,0
5,3,1,1,0,4,0,0,120,0,0
5,3,0,8,2,9,0,0,120,0,0
5,3,1,5,0,9,0,0,60,0,0
5,3,1,0,1,7,0,0,60,0,1
5,3,1,1,1,8,0,0,240,0,1
5,3,1,1,1,4,0,0,60,1,0
5,3,0,11,0,1,0,0,120,0,0
5,3,1,2,1,10,0,0,60,0,1
5,3,1,3,1,6,0,0,60,0,0
5,3,1,10,0,9,0,0,90,0,1
5,3,1,4,1,10,0,0,120,0,1
5,3,1,10,0,2,0,0,120,0,1
5,3,1,7,0,3,1,0,120,0,1
5,3,0,12,1,0,0,0,120,0,1
5,3,1,9,1,4,0,0,60,0,0
5,3,1,5,1,0,0,0,120,1,0
5,3,0,9,0,3,0,0,120,0,0
5,3,1,0,1,4,0,0,90,0,1
5,3,1,10,1,6,0,0,90,0,0
5,3,0,5,1,1,0,0,180,1,1
5,3,1,1,1,5,0,0,60,0,0
5,3,1,9,1,3,0,0,60,0,0
5,3,1,0,0,6,0,0,60,1,0
5,3,1,5,0,2,0,0,90,0,1
5,3,1,4,1,0,0,0,60,0,0
5,3,0,8,0,7,0,0,60,0,1
5,3,1,7,0,6,1,0,60,0,0
5,3,1,1,0,1,0,0,60,0,1
5,3,1,5,0,0,0,0,90,1,1
5,3,1,6,1,1,0,0,120,0,1
5,3,1,0,1,3,0,0,60,1,1
5,3,1,11,1,1,1,0,60,0,1
5,3,1,3,0,5,1,0,60,0,0
5,3,1,9,0,7,0,0,60,0,0
5,3,1,5,1,2,0,0,60,0,1
5,3,1,11,0,4,0,0,60,0,0
5,3,1,9,0,6,0,0,120,0,0
5,3,1,3,0,3,0,0,60,0,1
5,3,1,0,0,5,1,0,60,0,0
5,3,1,10,0,9,0,0,60,0,0
5,3,1,3,0,5,0,0,60,0,1
5,3,1,9,1,8,0,0,60,0,0
5,3,1,10,1,0,0,0,60,0,0
5,3,1,3,1,5,0,0,120,0,0
5,3,1,0,1,6,0,0,120,0,1
5,3,1,1,1,7,1,0,60,0,1
5,3,1,11,1,2,0,0,60,0,0
5,3,1,9,1,1,0,0,60,0,0
5,3,1,6,1,3,0,0,60,0,0
5,3,1,9,0,7,1,0,60,0,0
5,3,0,12,1,1,0,0,60,0,1
5,3,1,4,0,10,0,0,120,0,0
5,3,1,10,0,5,0,0,60,0,0
5,3,0,0,1,4,0,0,120,0,1
5,3,1,8,0,5,0,0,90,0,0
5,3,1,4,1,1,0,0,60,0,0
5,3,1,0,1,7,0,0,120,0,1
5,3,1,9,1,0,0,0,240,0,1
5,3,0,11,1,2,0,0,120,0,0
5,3,1,0,0,5,0,0,120,0,0
5,3,0,5,1,0,1,0,60,0,0
5,3,0,5,0,2,0,0,60,0,0
5,3,0,11,0,4,0,0,60,0,0
5,3,1,10,1,3,0,0,60,0,0
5,3,0,9,1,8,0,0,60,0,1
5,3,1,1,0,1,0,0,120,0,0
5,3,1,1,1,2,1,0,60,0,0
5,3,1,6,1,0,1,0,60,0,0
5,3,0,3,0,4,0,0,120,0,0
5,3,1,10,0,0,0,0,120,0,1
5,3,1,5,1,0,0,0,120,0,1
5,3,1,1,1,5,0,0,60,0,1
5,3,1,5,1,4,1,0,60,0,0
5,3,1,7,1,7,0,0,60,1,0
5,3,1,8,1,5,1,0,180,0,1
5,3,1,11,0,0,1,0,120,0,0
5,3,0,10,0,8,0,0,120,0,0
5,3,0,3,1,4,0,0,60,0,1
5,3,1,1,0,6,0,0,120,0,1
5,3,1,9,1,1,1,0,60,0,0
5,3,1,10,0,7,0,0,120,1,0
5,3,1,11,0,3,0,0,60,0,1
5,3,1,10,1,1,0,0,120,0,1
5,3,1,8,1,8,1,0,180,0,0
5,3,1,0,1,9,0,0,90,0,1
5,3,0,12,1,0,1,0,60,0,1
5,3,1,12,1,5,0,0,120,0,0
5,3,0,11,0,6,1,0,120,0,0
5,3,1,11,1,9,0,0,60,0,0
5,3,1,6,1,3,0,0,90,0,1
5,3,1,6,0,1,0,0,120,0,1
5,3,1,9,0,5,0,0,120,0,0
5,3,1,6,0,1,0,0,240,0,1
5,3,1,8,0,4,0,0,120,0,0
5,3,1,6,0,1,0,0,120,0,0
5,3,1,4,1,10,0,0,60,0,0
5,3,1,3,0,1,0,0,120,0,0
5,3,1,9,1,3,0,0,120,0,1
5,3,1,3,0,4,0,0,180,0,1
5,3,1,10,0,4,1,0,120,0,0
5,3,1,5,0,5,0,0,90,0,0
5,3,1,10,1,7,0,0,120,0,0
5,3,1,4,1,10,0,0,120,0,1
5,3,1,7,0,3,0,0,60,0,0
5,3,1,3,0,8,0,0,120,0,0
5,3,1,10,1,5,0,0,120,1,0
5,3,1,8,0,7,0,0,60,0,0
5,3,1,1,1,3,0,0,60,1,1
5,3,1,12,0,4,0,0,60,1,0
5,3,1,1,1,7,0,0,60,0,1
5,3,1,5,0,4,0,0,60,0,0
5,3,1,9,1,7,0,0,120,0,0
5,3,1,0,1,7,1,0,120,0,0
5,3,0,0,1,5,1,0,90,0,0
5,3,1,7,0,1,0,0,120,0,0
5,3,1,8,0,9,0,0,180,0,1
5,3,1,3,0,1,0,0,60,0,0
5,3,0,10,1,8,1,0,60,0,1
5,3,1,2,1,5,1,0,60,0,1
5,3,1,10,1,0,1,0,120,0,1
5,3,1,0,0,9,0,0,120,0,0
5,3,0,8,0,6,1,0,60,0,0
5,3,1,9,0,5,0,0,60,0,0
5,3,1,6,0,3,0,0,120,0,1
5,3,1,3,0,3,1,0,120,1,0
5,3,0,4,1,10,0,0,120,0,1
5,3,1,4,0,1,0,0,90,0,0
5,3,1,5,1,3,0,0,90,1,0
5,3,1,1,0,3,0,0,90,0,0
5,3,0,7,1,1,0,0,180,0,1
5,3,1,9,1,3,0,0,90,0,1
5,3,1,12,0,5,0,0,90,0,0
5,3,1,2,1,6,0,0,60,0,0
5,3,1,3,1,4,1,0,60,0,1
5,3,1,9,0,1,0,0,120,0,1
5,3,1,10,0,8,0,0,150,1,0
5,3,1,8,0,7,1,0,60,0,0
5,3,1,12,0,7,0,0,60,0,1
5,3,1,1,1,0,0,0,60,0,1
5,3,1,5,0,0,0,0,150,0,1
5,3,1,12,1,3,0,0,180,0,0
5,3,1,2,0,8,0,0,120,0,0
5,3,1,5,1,4,0,0,120,0,1
5,3,1,7,1,2,0,0,150,0,0
5,3,0,6,1,3,0,0,120,0,0
5,3,1,6,0,3,1,0,60,0,0
5,3,1,0,0,8,0,0,90,0,1
5,3,1,1,0,7,0,0,120,0,1
5,3,1,11,1,7,1,0,60,0,0
5,3,1,3,1,2,0,0,120,0,1
5,3,1,10,1,9,0,0,120,0,0
5,3,0,5,0,2,0,0,120,0,0
5,3,1,10,1,2,1,0,60,0,0
5,3,1,1,0,1,0,0,60,0,0
5,3,0,12,1,3,0,0,120,0,0
5,3,0,3,0,8,0,0,180,0,1
5,3,1,9,0,3,0,0,60,0,0
5,3,1,3,2,2,1,0,60,0,0
5,3,1,12,1,5,0,0,90,0,1
5,3,1,8,1,8,0,0,60,0,1
5,3,1,12,1,4,0,0,90,0,1
5,3,1,1,1,1,0,0,120,1,1
5,3,0,8,1,2,0,0,120,0,1
5,3,0,11,1,1,0,0,120,0,0
5,3,1,3,1,2,0,0,120,0,1
5,3,1,10,0,2,0,0,90,0,0
5,3,1,5,0,7,0,0,60,0,0
5,3,1,5,1,0,1,0,120,0,1
5,3,1,1,0,4,0,0,60,0,0
5,3,0,9,0,0,0,0,120,1,0
5,3,1,8,0,7,0,0,60,0,0
5,3,1,8,1,7,0,0,60,0,1
5,3,1,11,1,5,0,0,120,0,1
5,3,1,0,0,5,0,0,90,0,0
5,3,1,12,0,7,0,0,120,0,0
5,3,1,4,0,10,0,0,60,0,0
5,3,0,6,0,9,0,0,60,0,0
5,3,1,1,0,1,0,0,90,0,0
5,3,1,8,0,7,0,0,90,0,0
5,3,1,1,0,7,0,0,60,0,0
5,3,1,5,0,6,0,0,60,0,1
5,3,1,6,1,6,0,0,120,0,1
5,3,1,5,1,1,0,0,60,0,0
5,3,1,9,0,9,0,0,120,0,0
5,3,1,7,0,9,0,0,60,0,0
5,3,1,5,1,3,0,0,60,1,1
5,3,1,8,1,8,0,0,60,0,1
5,3,0,7,1,2,0,0,240,1,1
5,3,0,6,1,4,0,0,120,0,0
5,3,1,0,0,7,0,0,60,0,1
5,3,1,5,1,0,0,0,60,0,1
5,3,1,8,0,9,0,0,60,0,1
5,3,0,1,0,6,0,0,120,1,0
5,3,1,8,0,4,1,0,180,1,1
5,3,0,4,0,1,1,0,120,0,1
5,3,1,4,1,7,0,0,90,0,0
5,3,1,8,1,4,0,0,60,0,0
5,3,1,12,1,0,0,0,120,0,1
5,3,1,10,0,9,0,0,90,0,1
5,3,1,4,1,10,0,0,60,0,1
5,3,1,9,0,8,0,0,120,0,0
5,3,1,11,0,0,0,0,60,1,1
5,3,1,0,0,5,0,0,120,0,0
5,3,1,7,1,4,0,0,120,0,1
5,3,1,1,1,8,0,0,240,0,1
5,3,1,8,0,2,1,0,120,0,0
5,3,1,2,1,5,0,0,120,0,0
5,3,1,7,1,9,1,0,60,0,0
5,3,0,3,0,0,1,0,60,0,1
5,3,1,5,1,6,0,0,60,0,1
5,3,0,3,0,0,0,0,60,0,0
5,3,0,5,1,1,0,0,120,1,1
5,3,0,0,1,8,0,0,150,1,0
5,3,1,0,1,2,0,0,60,0,1
5,3,1,8,0,9,0,0,60,0,0
5,3,1,3,1,8,1,0,120,0,0
5,3,0,0,1,1,1,0,60,0,1
5,3,1,8,1,3,0,0,60,0,1
5,3,1,0,1,4,1,0,120,0,1
5,3,1,3,0,1,0,0,120,1,0
5,3,1,1,0,4,0,0,120,0,1
5,3,1,9,0,5,0,0,60,0,0
5,3,1,7,0,4,0,0,60,0,0
5,3,0,8,1,7,0,0,120,0,0
5,3,1,2,1,2,0,0,60,0,0
5,3,0,8,0,8,0,0,120,0,1
5,3,1,5,0,0,1,0,60,0,0
5,3,1,11,0,4,0,0,90,0,0
5,3,1,12,0,0,0,0,120,1,0
5,3,1,10,1,2,0,0,120,1,0
5,3,1,4,1,10,1,0,60,0,0
5,3,1,5,0,6,0,0,120,0,1
5,3,1,12,1,1,1,0,60,0,0
5,3,1,10,1,0,0,0,90,0,0
5,3,1,7,0,2,0,0,120,0,1
5,3,1,5,1,7,0,0,120,0,0
5,3,1,10,0,2,0,0,60,0,0
5,3,1,5,1,0,0,0,60,0,1
5,3,1,8,1,7,0,0,60,0,0
5,3,1,0,1,2,0,0,120,1,0
5,3,1,11,0,1,0,0,60,0,0
5,3,1,4,1,10,1,0,60,0,0
5,3,1,11,1,0,1,0,120,0,1
5,3,1,0,1,6,0,0,60,0,0
5,3,1,0,1,6,0,0,60,0,1
5,3,1,6,0,8,1,0,60,0,1
5,3,1,10,1,3,0,0,120,0,0
5,3,1,3,0,3,0,0,60,0,1
5,3,1,3,0,2,1,0,120,0,1
5,3,0,7,0,3,0,0,60,1,1
5,3,1,6,0,8,0,0,60,0,0
5,3,1,6,0,7,0,0,60,0,0
5,3,1,12,0,1,0,0,60,0,1
5,3,1,6,1,3,0,0,90,0,0
5,3,1,11,0,0,0,0,90,0,1
5,3,1,1,0,0,0,0,60,0,0
5,3,0,8,0,0,0,0,120,0,1
5,3,1,1,1,8,0,0,60,0,0
5,3,1,10,1,8,1,0,60,0,0
5,3,0,4,0,1,1,0,120,0,1
5,3,1,4,0,9,0,0,120,0,1
5,3,0,10,0,6,0,0,60,0,0
5,3,1,4,0,10,1,0,60,0,0
5,3,1,8,0,2,0,0,90,0,0
5,3,1,0,1,4,0,0,120,0,1
5,3,1,0,0,9,0,0,60,0,0
5,3,1,5,1,4,0,0,90,0,0
5,3,1,0,1,2,0,0,120,0,1
5,3,1,9,1,3,0,0,120,0,1
5,3,1,0,0,8,0,0,150,0,1
5,3,1,9,0,5,0,0,120,0,0
5,3,1,0,1,5,1,0,90,0,1
5,3,1,7,0,9,0,0,60,0,0
5,3,1,9,1,3,0,0,120,0,0
5,3,1,5,1,2,0,0,60,0,0
5,3,0,3,1,2,0,0,60,0,1
5,3,1,10,0,8,0,0,120,0,0
5,3,1,5,1,0,0,0,60,0,1
5,3,1,12,0,1,1,0,150,0,1
5,3,1,7,1,1,0,0,90,0,0
5,3,1,0,1,9,0,0,60,0,1
5,3,1,9,1,4,0,0,180,0,0
5,3,1,5,0,0,0,0,120,0,0
5,3,1,5,1,0,0,0,60,0,0
5,3,1,3,1,2,0,0,180,0,1
5,3,0,3,1,6,0,0,90,0,0
5,3,1,6,1,7,0,0,60,0,0
5,3,1,2,1,10,1,0,60,0,1
5,3,1,8,1,1,0,0,120,0,1
5,3,1,1,0,6,0,0,90,0,0
5,3,1,2,1,6,0,0,60,1,0
5,3,1,12,2,0,0,0,60,0,0
5,3,1,11,0,7,0,0,120,0,0
5,3,1,4,1,0,0,0,120,0,0
5,3,0,9,0,4,0,0,60,0,1
5,3,1,7,0,6,0,0,120,0,1
5,3,1,1,1,1,0,0,120,1,1
5,3,1,11,0,0,0,0,60,0,1
5,3,0,7,0,0,0,0,90,0,1
5,3,1,1,1,0,0,0,60,0,1
5,3,1,12,0,2,0,0,120,0,0
5,3,0,3,0,0,0,0,120,0,0
5,3,1,8,1,9,0,0,60,0,0
5,3,1,9,1,1,0,0,120,0,1
5,3,1,0,1,6,0,0,120,0,1
5,3,1,2,0,7,0,0,90,0,0
5,3,1,0,0,7,0,0,210,0,1
5,3,1,3,0,8,1,0,120,1,1
5,3,1,5,0,5,0,0,120,0,0
5,3,1,3,0,7,0,0,120,0,0
5,3,1,7,1,9,0,0,60,0,1
5,3,1,6,0,5,0,0,60,0,0
5,3,1,1,1,3,0,0,90,0,1
5,3,1,6,1,0,0,0,60,0,0
5,3,1,9,0,3,0,0,120,0,0
5,3,0,11,0,0,0,0,120,0,0
5,3,1,1,1,8,0,0,60,0,0
5,3,1,0,0,4,0,0,120,1,0
5,3,1,1,1,6,0,0,120,0,1
5,3,1,1,0,6,0,0,60,0,1
5,3,1,11,1,2,0,0,60,1,1
5,3,1,1,0,5,0,0,120,0,0
5,3,1,5,0,1,0,0,120,0,0
5,3,0,7,0,3,0,0,120,0,0
5,3,1,0,1,3,0,0,60,1,0
5,3,1,11,1,0,0,0,90,0,1
5,3,0,7,1,0,0,0,180,0,1
5,3,1,8,1,5,0,0,150,0,1
5,3,1,3,0,5,0,0,120,0,0
5,3,1,8,1,2,1,0,60,0,0
5,3,1,10,0,8,0,0,120,0,0
5,3,1,9,0,2,1,0,120,0,1
5,3,1,5,1,2,0,0,120,0,0
5,3,1,9,0,4,0,0,120,0,0
5,3,1,8,0,7,0,0,90,0,1
5,3,1,0,0,4,0,0,120,0,0
5,3,1,11,1,1,1,0,240,0,1
5,3,1,10,1,1,0,0,60,1,0
5,3,1,9,0,4,0,0,60,0,1
5,3,1,8,0,6,0,0,90,0,0
5,3,1,4,1,2,0,0,120,0,0
5,3,1,12,1,8,1,0,90,0,0
5,3,1,12,1,0,0,0,120,0,1
5,3,0,11,0,8,0,0,180,0,0
5,3,0,9,1,3,1,0,120,0,0
5,3,1,8,1,4,0,0,240,0,1
5,3,1,3,1,0,1,0,120,0,1
5,3,1,2,0,5,0,0,60,0,0
5,3,1,8,0,6,0,0,120,0,0
5,3,1,3,0,5,0,0,60,0,1
5,3,1,8,0,5,0,0,120,0,1
5,3,1,7,1,8,1,0,120,0,1
5,3,1,2,1,5,1,0,60,0,0
5,3,1,1,0,1,0,0,60,0,0
5,3,1,0,1,9,0,0,60,0,0
5,3,0,0,1,9,1,0,60,0,0
5,3,1,8,0,9,0,0,120,0,0
5,3,1,2,1,9,0,0,60,0,0
5,3,1,8,1,6,0,0,60,0,1
5,3,1,6,0,4,0,0,120,0,0
5,3,1,7,0,3,0,0,120,0,1
5,3,1,1,0,6,0,0,60,0,0
5,3,1,0,1,1,1,0,150,0,0
5,3,1,9,0,9,0,0,120,0,1
5,3,1,12,0,6,1,0,60,0,1
5,3,0,10,0,3,0,0,90,0,0
5,3,1,3,1,2,0,0,60,0,1
5,3,1,6,1,4,0,0,60,0,0
5,3,1,10,0,3,0,0,60,0,0
5,3,1,0,1,3,0,0,60,0,0
5,3,1,9,0,9,0,0,120,0,1
5,3,1,9,0,7,0,0,120,0,0
5,3,1,10,1,2,0,0,120,0,0
5,3,1,1,1,5,0,0,60,0,0
5,3,1,9,0,3,0,0,60,0,1
5,3,1,12,0,2,0,0,120,0,1
5,3,1,12,1,2,0,0,60,1,1
5,3,1,7,0,6,0,0,60,1,1
5,3,1,6,0,4,0,0,120,0,0
5,3,1,1,1,2,1,0,120,0,0
5,3,0,1,1,1,0,0,120,0,1
5,3,0,10,1,4,1,0,240,0,1
5,3,1,1,0,9,0,0,180,0,0
5,3,1,2,1,10,0,0,60,0,0
5,3,1,11,1,10,0,0,60,0,1
5,3,1,12,1,0,0,0,120,1,1
5,3,1,11,1,7,0,0,120,0,1
5,3,1,5,0,6,0,0,120,0,0
5,3,1,9,0,4,0,0,60,0,0
5,3,1,11,1,4,1,0,90,0,1
5,3,1,5,1,3,1,0,120,0,1
5,3,1,4,0,10,1,0,60,0,0
5,3,1,6,0,7,0,0,60,0,1
5,3,1,5,0,1,1,0,120,1,0
5,3,1,5,0,7,1,0,60,0,0
5,3,0,8,1,1,1,0,120,0,1
5,3,1,8,0,2,0,0,60,0,0
5,3,1,3,0,3,0,0,120,0,1
5,3,0,6,0,4,1,0,60,0,0
5,3,1,4,1,0,0,0,240,0,1
5,3,0,4,0,3,0,0,120,0,1
5,3,1,11,1,5,1,0,60,0,1
5,3,1,5,0,3,1,0,120,1,1
5,3,1,3,1,1,0,0,120,0,0
5,3,1,3,0,2,0,0,120,0,1
5,3,0,5,1,1,0,0,120,1,1
5,3,1,5,0,1,0,0,60,0,1
5,3,0,12,1,7,0,0,60,0,1
5,3,0,12,1,2,0,0,60,0,0
5,3,0,2,0,10,0,0,60,0,1
5,3,1,11,1,4,0,0,60,1,0
5,3,1,9,0,2,0,0,150,0,0
5,3,1,1,1,3,0,0,120,0,0
5,3,1,0,1,5,0,0,120,0,1
5,3,1,3,1,2,0,0,120,0,0
5,3,1,0,1,4,0,0,60,0,1
5,3,0,0,0,4,0,0,120,0,1
5,3,0,11,0,3,0,0,60,0,0
5,3,1,7,1,6,0,0,60,0,1
5,3,1,3,1,0,0,0,120,0,1
5,3,1,5,1,8,0,0,60,0,0
5,3,1,6,0,4,1,0,240,0,1
5,3,1,3,1,1,0,0,150,1,1
5,3,1,11,0,0,1,0,180,0,1
5,3,1,6,0,2,1,0,120,0,0
5,3,1,1,1,8,0,0,120,0,0
5,3,1,7,0,6,0,0,180,0,1
5,3,1,5,1,5,0,0,180,0,1
5,3,1,8,0,7,0,0,120,0,0
5,3,1,11,1,6,0,0,120,0,1
5,3,1,11,1,9,0,0,60,0,0
5,3,0,6,1,2,1,0,120,0,0
5,3,0,6,1,3,0,0,90,0,0
5,3,1,6,1,0,0,0,60,0,0
5,3,1,1,1,5,1,0,120,0,1
5,3,1,8,1,8,0,0,120,0,0
5,3,1,5,1,5,0,0,180,0,1
5,3,1,1,0,4,0,0,120,0,0
5,3,1,5,0,0,1,0,120,0,0
5,3,0,7,0,9,1,0,120,0,0
5,3,1,5,1,9,0,0,60,0,1
5,3,1,8,0,2,0,0,90,0,1
5,3,1,5,1,5,0,0,60,0,0
5,3,1,1,0,8,0,0,120,0,1
5,3,1,8,1,5,1,0,60,1,0
5,3,1,6,0,6,0,0,90,0,0
5,3,1,2,0,0,0,0,60,0,0
5,3,1,11,0,6,0,0,90,0,0
5,3,1,3,0,1,1,0,90,0,0
5,3,1,8,0,1,0,0,60,0,0
5,3,1,11,1,2,0,0,60,0,1
5,3,1,0,1,5,0,0,60,0,0
5,3,1,9,0,1,0,0,60,0,1
5,3,1,7,1,7,0,0,60,0,0
5,3,1,0,0,9,0,0,60,0,0
5,3,1,4,0,0,0,0,120,0,1
5,3,1,0,0,4,0,0,120,0,1
5,3,1,12,1,8,0,0,60,0,0
5,3,1,10,0,4,1,0,60,0,0
5,3,1,5,0,1,0,0,120,1,0
5,3,1,8,1,8,0,0,60,0,1
5,3,1,3,1,2,1,0,120,0,1
5,3,1,2,0,9,0,0,60,0,0
5,3,1,4,1,0,1,0,120,0,1
5,3,1,12,1,3,0,0,60,0,1
5,3,1,0,0,5,1,0,120,0,0
5,3,1,3,0,8,0,0,90,0,0
5,3,1,4,1,2,1,0,120,0,0
5,3,0,3,1,3,0,0,180,0,0
5,3,1,12,2,0,0,0,240,0,1
5,3,1,7,0,7,0,0,60,0,0
5,3,1,6,0,7,1,0,60,0,1
5,3,0,5,1,0,1,0,180,0,0
5,3,1,4,1,10,0,0,90,0,0
5,3,1,4,0,10,1,0,60,0,0
5,3,1,6,1,4,0,0,60,0,0
5,3,1,1,1,4,0,0,60,0,1
5,3,0,11,1,8,0,0,120,1,1
5,3,1,9,0,8,0,0,90,0,0
5,3,0,11,0,0,0,0,120,0,1
5,3,1,7,0,5,0,0,60,0,0
5,3,1,11,1,0,0,0,120,1,1
5,3,1,7,0,6,0,0,120,0,1
5,3,1,7,0,1,0,0,60,1,0
5,3,1,3,0,2,0,0,180,1,1
5,3,1,1,0,2,0,0,180,0,1
5,3,0,1,0,0,0,0,60,0,0
5,3,1,1,0,9,1,0,120,0,0
5,3,1,11,1,2,0,0,120,0,0
5,3,1,11,0,8,0,0,120,0,0
5,3,1,4,1,10,1,0,180,1,1
5,3,1,4,0,1,1,0,120,0,1
5,3,0,5,1,0,0,0,120,0,1
5,3,1,5,1,2,1,0,120,0,1
5,3,1,7,1,6,0,0,240,0,1
5,3,1,8,1,8,0,0,60,0,0
5,3,1,8,1,9,1,0,60,1,0
5,3,1,3,0,7,0,0,90,0,0
5,3,0,12,1,0,0,0,120,1,1
5,3,1,4,0,10,1,0,120,0,0
5,3,1,3,1,5,0,0,120,0,1
5,3,1,9,0,7,0,0,150,0,0
5,3,1,3,1,0,1,0,60,0,0
5,3,1,3,0,0,0,0,120,0,1
5,3,1,3,2,0,0,0,210,0,1
5,3,1,4,1,6,0,0,60,0,1
5,3,1,8,0,9,1,0,60,0,0
5,3,0,0,0,3,0,0,120,0,1
5,3,1,9,1,3,0,0,120,0,0
5,3,1,0,1,4,0,0,120,0,1
5,3,1,5,0,6,0,0,60,0,0
5,3,0,7,1,6,0,0,120,1,0
5,3,0,9,1,3,0,0,90,1,1
5,3,1,8,0,10,0,0,60,0,0
5,3,1,1,1,2,1,0,60,0,1
5,3,1,4,1,10,0,0,120,0,0
5,3,1,9,1,5,0,0,120,1,1
5,3,1,2,1,10,1,0,60,0,0
5,3,1,8,0,7,0,0,90,0,0
5,3,1,2,0,9,0,0,120,0,0
5,3,0,7,1,5,0,0,60,0,0
5,3,1,2,0,2,0,0,60,0,0
5,3,1,3,1,5,1,0,120,0,1
5,3,1,6,0,1,0,0,60,0,0
5,3,1,7,0,6,0,0,60,1,0
5,3,1,8,0,7,0,0,60,0,0
5,3,1,3,0,9,0,0,90,0,0
5,3,0,5,0,4,0,0,120,0,0
5,3,0,9,0,6,0,0,120,0,0
5,3,1,5,0,0,0,0,120,0,0
5,3,0,3,0,0,0,0,120,0,0
5,3,1,7,0,9,0,0,120,0,0
5,3,1,3,0,9,0,0,120,0,0
5,3,0,5,0,8,0,0,120,0,0
5,3,1,5,0,3,0,0,60,0,0
5,3,0,5,0,0,0,0,120,1,1
5,3,0,4,1,4,0,0,60,0,1
5,3,1,9,1,2,1,0,120,0,1
5,3,1,9,1,3,0,0,120,0,0
5,3,1,5,1,2,0,0,180,0,1
5,3,1,11,0,1,0,0,60,0,0
5,3,1,8,1,4,0,0,90,0,0
5,3,1,12,1,0,0,0,150,0,1
5,3,1,12,1,9,0,0,60,1,1
5,3,1,12,1,1,0,0,60,0,1
5,3,1,6,1,7,1,0,60,0,0
5,3,1,5,0,1,1,0,120,0,1
5,3,1,0,0,7,0,0,60,0,1
5,3,1,5,1,1,0,0,60,1,1
5,3,1,11,1,2,0,0,60,1,0
5,3,1,4,0,0,0,0,60,0,1
5,3,1,3,0,3,0,0,240,0,1
5,3,1,9,1,3,0,0,60,0,1
5,3,1,5,1,9,0,0,90,0,1
5,3,1,8,1,5,0,0,60,0,0
5,3,1,0,1,9,1,0,120,0,0
5,3,1,12,0,0,0,0,60,0,0
5,3,0,3,1,2,0,0,60,0,1
5,3,1,9,0,7,0,0,120,0,1
5,3,1,5,0,0,0,0,150,1,0
5,3,1,5,1,2,0,0,90,0,0
5,3,1,9,1,5,0,0,150,0,1
5,3,0,1,0,3,0,0,150,0,1
5,3,1,6,1,7,0,0,60,0,0
5,3,1,11,0,6,0,0,60,0,0
5,3,1,8,0,4,0,0,90,1,0
5,3,0,5,0,7,0,0,120,0,0
5,3,0,3,0,7,1,0,120,0,1
5,3,1,8,1,4,0,0,90,0,0
5,3,1,3,1,8,0,0,90,0,0
5,3,1,0,0,5,0,0,90,0,0
5,3,1,6,0,7,1,2,120,1,1
5,3,1,12,0,4,2,0,120,0,1
5,3,1,3,1,1,2,0,90,0,0
5,3,1,6,0,3,1,0,60,0,0
5,3,1,11,0,5,1,0,120,0,0
5,3,1,2,1,0,1,0,120,0,0
5,3,1,8,0,9,1,0,60,0,1
5,3,1,4,0,7,1,1,90,0,0
5,3,1,4,1,1,1,1,180,0,1
5,3,1,1,1,4,1,0,120,0,1
5,3,1,9,0,7,1,0,120,0,0
5,3,1,1,1,0,1,1,90,0,1
5,3,1,3,0,1,1,0,90,1,1
5,3,1,8,0,9,1,0,60,0,1
5,3,0,3,1,1,1,0,60,0,0
5,3,1,5,0,0,1,1,90,0,1
5,3,0,0,0,7,1,0,180,1,1
5,3,1,1,1,7,1,0,60,0,0
5,3,1,9,1,4,1,0,60,0,0
5,3,1,8,0,8,0,0,60,0,0
5,3,1,0,0,7,1,0,150,0,0
5,3,0,3,1,4,1,0,60,0,0
5,3,1,7,0,2,1,1,60,1,1
5,3,1,0,1,3,1,0,60,1,1
5,3,1,4,0,10,1,0,60,1,0
5,3,0,8,0,1,1,0,120,0,1
5,3,1,7,0,4,1,0,120,0,0
5,3,0,6,0,2,1,0,60,0,0
5,3,1,0,0,4,1,0,90,0,0
5,3,0,12,1,3,1,1,120,1,0
5,3,1,6,0,6,1,0,60,0,0
5,3,0,1,0,9,1,0,120,0,0
5,3,1,5,1,1,0,0,60,0,0
5,3,1,1,0,1,1,1,60,1,0
5,3,1,6,1,2,1,0,60,0,0
5,3,1,10,1,6,1,2,90,0,0
5,3,1,10,1,2,1,0,60,0,1
5,3,1,5,0,7,1,0,60,0,0
5,3,1,4,1,1,1,0,60,0,0
5,3,0,4,0,10,1,1,60,0,0
5,3,0,9,1,7,0,1,90,0,0
5,3,1,8,0,9,1,0,90,0,0
5,3,1,7,1,8,1,0,60,0,0
5,3,1,11,1,0,1,0,60,0,1
5,3,1,8,0,5,0,0,80,0,0
5,3,1,6,1,2,1,0,60,1,0
5,3,1,6,0,1,1,0,60,1,0
5,3,0,9,0,5,1,0,90,0,1
5,3,1,12,0,3,1,0,60,0,1
5,3,0,9,1,3,1,0,60,0,0
5,3,1,6,1,2,1,0,60,1,1
5,3,1,6,1,4,1,0,60,0,0
5,3,1,1,1,4,1,0,60,0,0
5,3,0,1,1,7,1,0,60,1,0
5,3,1,7,1,0,1,0,120,0,1
5,3,1,11,0,10,0,0,60,0,0
5,3,1,8,0,8,1,2,60,0,1
5,3,1,8,1,4,1,0,60,0,0
5,3,0,10,1,7,1,0,60,0,1
5,3,0,7,0,8,1,0,60,0,0
5,3,0,12,2,2,0,0,120,0,1
5,3,0,5,0,9,1,0,240,0,0
5,3,1,6,0,8,1,0,120,0,0
5,3,1,9,1,4,0,0,60,0,0
5,3,1,11,1,2,0,0,210,1,1
5,3,1,6,1,7,0,0,60,0,0
5,3,1,10,0,7,1,3,60,0,0
5,3,1,6,0,6,1,0,60,0,0
5,3,1,5,0,3,1,0,120,1,0
5,3,0,2,1,1,1,0,60,0,0
5,3,0,4,0,0,0,3,90,0,0
5,3,0,4,1,6,0,0,210,0,0
5,3,1,8,0,5,1,0,120,0,1
5,3,1,9,1,6,1,0,60,0,0
5,3,0,3,1,1,1,0,60,0,1
5,3,1,3,1,2,1,0,120,0,0
5,3,1,11,0,0,0,0,60,0,0
5,3,1,4,0,2,0,0,90,0,1
5,3,1,11,0,5,1,0,60,0,0
5,3,1,0,0,6,1,2,60,0,0
5,3,1,5,1,1,1,0,60,0,0
5,3,1,7,1,0,1,0,90,0,0
5,3,1,8,0,2,1,0,60,0,1
5,3,1,2,1,7,0,2,180,0,0
5,3,0,8,0,8,0,0,60,0,0
5,3,1,7,0,9,0,0,60,0,0
5,3,1,5,0,2,1,0,60,1,1
5,3,1,0,1,7,0,0,120,0,0
5,3,1,5,1,3,0,0,150,0,0
5,3,1,9,0,8,0,0,90,0,0
5,3,0,8,0,1,0,0,150,0,1
5,3,0,10,1,7,1,0,120,0,0
5,3,0,8,0,9,0,0,60,0,1
5,3,1,3,1,1,1,0,180,0,1
5,3,1,8,1,9,1,0,60,0,0
5,3,1,10,0,2,1,0,180,0,1
5,3,1,10,0,0,1,3,60,0,0
5,3,0,5,1,3,0,0,90,0,0
5,3,1,12,1,1,1,0,60,0,0
5,3,1,9,1,9,1,0,120,0,0
5,3,1,11,0,10,1,0,60,0,0
5,3,1,9,1,1,0,0,120,0,0
5,3,0,3,0,2,1,1,60,1,1
5,3,1,9,1,7,1,2,90,1,1
5,3,1,1,0,1,1,0,120,1,0
5,3,0,0,0,8,0,1,60,1,0
5,3,0,10,0,7,1,0,60,0,0
5,3,1,0,0,7,0,0,180,0,1
5,3,1,4,0,6,0,0,120,0,1
5,3,1,0,0,6,0,1,60,0,0
5,3,0,9,1,0,0,0,120,0,0
5,3,1,8,0,1,0,0,60,0,0
5,3,1,5,0,0,0,0,120,0,1
5,3,1,8,0,7,1,0,90,0,0
5,3,1,1,1,3,0,0,150,0,1
5,3,0,1,1,3,0,0,90,0,0
5,3,1,11,1,0,0,0,60,0,0
5,3,0,6,0,5,1,0,60,0,0
5,3,1,11,1,1,0,1,120,1,0
5,3,1,5,1,0,0,0,60,0,0
5,3,1,12,1,3,1,0,150,0,0
5,3,0,8,0,5,0,0,120,0,0
5,3,0,4,0,10,1,0,150,0,0
5,3,1,7,0,6,0,0,60,0,1
5,3,1,3,0,2,0,0,60,1,0
5,3,1,5,0,2,0,1,90,0,0
5,3,0,3,0,1,0,0,120,0,0
5,3,1,5,0,2,0,0,150,0,0
5,3,1,9,1,5,0,1,60,1,1
5,3,1,0,0,2,0,0,60,0,0
5,3,1,3,0,1,0,1,60,0,1
5,3,0,6,0,3,0,0,240,0,0
5,3,1,6,0,0,0,0,60,0,1
5,3,1,7,0,7,1,0,90,0,0
5,3,1,7,1,9,1,0,60,0,0
5,3,1,11,1,3,1,0,60,0,1
5,3,1,7,1,9,1,1,120,0,1
5,3,1,2,0,1,1,1,60,0,1
5,3,1,0,1,3,1,0,60,0,0
5,3,1,12,1,1,0,3,120,0,1
5,3,0,1,0,0,1,6,90,0,1
5,3,1,5,0,3,0,0,120,0,0
5,3,1,4,1,10,0,0,60,0,0
5,3,1,12,1,9,0,0,180,0,1
5,3,1,1,0,6,0,0,60,0,0
5,3,0,1,1,9,0,1,60,0,1
5,3,1,3,1,4,1,2,60,0,0
5,3,1,8,1,3,1,0,120,0,1
5,3,1,5,1,8,1,1,60,0,0
5,3,1,5,0,6,0,0,60,0,1
5,3,1,0,1,7,1,0,90,0,0
5,3,0,1,0,6,0,0,120,1,0
5,3,1,9,1,7,1,1,90,0,0
5,3,0,1,1,2,0,0,120,0,1
5,3,0,7,1,9,0,0,135,0,1
5,3,1,5,1,2,1,1,150,0,1
5,3,1,11,0,9,0,1,120,0,0
5,3,1,0,1,7,1,0,60,0,1
5,3,1,0,1,8,0,1,60,0,0
5,3,0,3,1,5,0,0,240,0,1
6,1,1,1,0,8,0,0,30,0,0
6,1,1,5,1,1,1,0,30,0,0
6,1,0,3,0,3,0,0,30,0,0
6,1,0,1,1,7,1,0,30,0,0
6,1,0,12,0,1,1,0,30,0,0
6,1,1,8,1,10,1,0,30,0,0
6,1,0,8,0,8,1,0,30,0,0
6,1,0,3,1,1,0,0,30,0,0
6,1,0,1,0,4,1,0,30,0,1
6,1,0,7,1,9,0,0,30,1,0
6,1,0,3,0,5,0,0,30,0,0
6,1,0,3,0,3,1,0,30,0,0
6,1,0,11,1,3,0,0,30,0,1
6,1,0,0,1,4,0,0,90,0,0
6,1,0,7,1,1,0,0,30,0,0
6,1,0,12,1,0,0,0,30,0,0
6,1,0,0,1,6,1,0,30,0,0
6,1,0,8,1,8,0,0,30,0,0
6,1,0,4,0,2,0,0,30,1,0
6,1,1,1,0,6,0,0,30,0,0
6,1,1,9,1,2,0,0,30,1,0
6,1,1,7,0,3,0,0,30,0,0
6,1,0,5,1,0,0,0,30,0,0
6,1,0,11,0,6,0,0,30,0,0
6,1,0,0,1,4,0,0,30,0,0
6,1,0,0,1,3,0,0,30,1,0
6,1,0,11,1,0,1,0,30,1,0
6,1,0,5,0,3,1,0,60,0,0
6,1,0,7,1,5,0,0,150,0,0
6,1,0,8,0,5,0,0,30,0,0
6,1,0,5,1,2,0,0,30,1,0
6,1,0,4,0,6,0,0,30,0,0
6,1,1,11,1,2,1,0,30,0,0
6,1,0,7,1,5,0,0,30,0,0
6,1,0,0,1,2,1,0,30,0,0
6,1,0,11,2,0,0,0,30,0,0
6,1,0,1,1,2,0,0,30,0,0
6,1,0,8,1,2,1,0,30,0,0
6,1,0,7,0,3,1,0,30,1,0
6,1,0,8,0,4,0,0,30,0,0
6,1,0,4,0,6,0,0,30,0,0
6,1,0,4,1,2,1,0,30,0,0
6,1,0,5,1,7,0,0,90,0,0
6,1,0,5,1,5,0,0,30,0,0
6,1,1,5,1,2,1,0,30,0,0
6,1,0,1,1,1,1,0,45,0,0
6,1,0,1,1,3,1,0,30,0,0
6,1,0,12,1,1,1,0,30,0,0
6,1,0,7,1,7,1,0,30,0,0
6,1,1,3,2,2,1,0,30,0,0
6,1,0,8,1,4,0,0,30,1,0
6,1,1,3,0,8,1,0,30,0,1
6,1,0,12,1,0,0,0,30,0,0
6,1,0,3,0,0,0,0,30,0,0
6,1,0,8,1,2,0,0,30,0,0
6,1,1,1,1,4,0,0,60,1,0
6,1,0,8,1,8,0,0,30,0,0
6,1,0,12,1,5,0,0,30,0,0
6,1,0,8,1,8,1,0,60,0,0
6,1,0,9,1,4,0,0,30,1,0
6,1,0,1,0,5,1,0,60,0,0
6,1,0,5,0,4,0,0,30,1,0
6,1,0,3,0,5,1,0,30,0,0
6,1,0,12,0,7,1,0,30,0,0
6,1,0,8,0,5,0,0,30,0,0
6,1,0,9,0,0,1,0,90,0,0
6,1,0,5,0,0,0,0,30,0,0
6,1,0,9,1,8,1,0,30,0,0
6,1,0,0,1,2,0,0,30,0,1
6,1,0,1,1,7,0,0,30,0,0
6,1,0,12,1,0,0,0,30,0,0
6,1,0,3,1,0,1,0,60,0,0
6,1,0,3,0,0,1,0,30,0,0
6,1,1,7,1,3,1,0,30,0,0
6,1,1,4,0,0,0,0,60,1,1
6,1,0,3,1,1,1,0,30,0,0
6,1,0,8,1,8,0,0,30,0,0
6,1,0,0,1,5,1,0,30,0,0
6,1,0,0,1,7,1,0,30,0,0
6,1,0,5,1,1,0,0,30,0,0
6,1,0,0,1,0,0,0,30,0,0
6,1,0,3,0,1,0,0,30,0,0
6,1,0,1,1,1,0,0,30,0,0
6,1,0,8,0,1,0,0,30,0,0
6,1,0,3,0,3,1,0,30,0,0
6,1,0,3,0,2,0,0,30,1,0
6,1,0,8,0,6,1,0,30,0,0
6,1,0,8,1,1,0,0,90,0,0
6,1,0,0,1,0,0,0,30,0,0
6,1,1,5,0,0,0,0,30,0,0
6,1,0,8,0,9,0,0,30,0,0
6,1,0,0,1,7,0,0,30,0,1
6,1,0,5,1,1,0,0,30,0,0
6,1,0,0,0,3,0,0,30,0,0
6,1,0,5,0,7,0,0,30,0,0
6,1,0,1,0,7,1,0,30,0,0
6,1,0,0,1,6,0,0,30,0,0
6,1,0,11,0,5,0,0,30,0,0
6,1,0,8,0,5,1,0,30,1,0
6,1,0,7,0,6,0,0,45,0,0
6,1,0,3,0,6,1,0,30,0,0
6,1,0,7,1,4,1,0,30,1,0
6,1,1,5,1,0,1,0,45,1,0
6,1,1,5,1,0,0,0,60,1,0
6,1,0,12,1,1,0,0,30,0,0
6,1,0,8,1,7,0,0,30,0,0
6,1,0,12,1,2,0,0,30,0,0
6,1,0,8,1,5,0,0,30,1,0
6,1,0,8,0,7,0,0,30,1,0
6,1,0,0,0,9,0,0,30,0,0
6,1,0,0,1,5,1,0,30,0,1
6,1,0,3,1,0,0,0,30,0,0
6,1,1,5,1,0,1,0,30,1,0
6,1,0,3,1,1,0,0,90,0,0
6,1,1,9,1,7,0,0,30,0,0
6,1,0,11,0,7,1,0,30,0,0
6,1,0,8,0,7,0,0,90,0,0
6,1,1,12,1,1,1,0,30,0,0
6,1,0,0,1,3,0,0,30,0,0
6,1,0,1,0,8,1,0,30,0,0
6,1,0,8,0,5,0,0,30,0,0
6,1,0,11,1,8,1,0,30,0,0
6,1,0,8,0,8,1,0,30,1,0
6,1,1,7,1,8,0,0,30,0,0
6,1,0,3,2,2,0,0,90,0,0
6,1,0,1,1,1,1,0,30,0,0
6,1,0,3,0,5,0,0,30,0,0
6,1,0,1,0,5,0,0,30,1,0
6,1,0,1,0,0,0,0,30,0,0
6,1,0,3,1,7,0,0,30,0,0
6,1,0,3,0,1,0,0,30,1,0
6,1,0,11,0,6,1,0,30,0,0
6,1,0,1,1,6,1,0,30,1,0
6,1,0,7,1,0,0,0,30,0,0
6,1,0,12,1,8,1,0,30,0,0
6,1,0,3,1,3,0,0,30,0,0
6,1,0,3,0,4,1,0,30,0,0
6,1,0,0,0,4,0,0,30,0,0
6,1,1,3,0,7,0,0,30,0,0
6,1,0,3,0,5,0,0,30,0,0
6,1,0,5,0,1,0,0,30,0,0
6,1,0,0,0,8,1,0,30,0,0
6,1,1,0,1,3,0,0,30,0,0
6,1,1,9,1,8,0,0,30,0,0
6,1,0,0,0,9,1,0,30,0,0
6,1,0,11,1,6,0,0,30,0,0
6,1,1,8,1,6,0,0,30,0,0
6,1,0,9,1,5,0,0,30,1,0
6,1,0,0,0,3,1,0,30,0,0
6,1,0,12,1,7,0,0,30,0,0
6,1,0,1,0,5,1,0,30,0,0
6,1,0,12,1,4,0,0,90,1,0
6,1,0,5,1,8,0,0,60,0,0
6,1,0,9,1,8,1,0,30,0,1
6,1,1,3,1,1,0,0,90,0,0
6,1,0,7,1,6,0,0,30,0,0
6,1,0,8,0,4,0,0,30,0,0
6,1,1,3,1,6,1,0,30,0,0
6,1,0,0,0,6,0,0,30,0,0
6,1,0,8,0,2,0,0,30,0,0
6,1,1,11,0,4,0,0,30,0,0
6,1,0,5,1,0,0,0,150,1,0
6,1,0,9,0,6,0,0,30,0,0
6,1,0,9,1,6,0,0,150,0,0
6,1,1,12,1,4,0,0,30,0,1
6,1,0,7,0,5,0,0,30,0,0
6,1,0,7,1,2,0,0,30,0,0
6,1,0,7,1,4,1,0,30,1,0
6,1,0,3,0,1,0,0,30,0,0
6,1,0,8,1,9,1,0,30,0,0
6,1,1,7,1,8,0,0,30,0,0
6,1,0,12,0,8,0,0,30,0,0
6,1,0,7,0,4,0,0,30,0,0
6,1,1,5,1,7,1,0,30,0,1
6,1,0,0,1,9,1,0,30,0,0
6,1,0,11,0,8,0,0,30,0,0
6,1,0,3,0,4,0,0,30,0,0
6,1,1,7,1,2,0,0,30,0,0
6,1,0,8,1,7,0,0,30,0,0
6,1,1,9,1,3,0,0,30,0,0
6,1,0,3,0,3,0,0,60,0,0
6,1,0,8,1,8,0,0,30,0,0
6,1,0,5,0,1,0,0,45,0,0
6,1,0,7,1,6,0,0,90,0,0
6,1,0,5,1,4,0,0,30,1,0
6,1,0,6,0,9,0,0,30,0,0
6,1,0,8,1,5,0,0,30,0,0
6,1,0,12,1,2,1,0,30,0,0
6,1,0,0,1,3,0,0,30,0,0
6,1,0,9,1,3,0,0,30,1,0
6,1,0,9,1,3,0,0,45,0,0
6,1,1,3,1,2,1,0,45,0,0
6,1,0,0,1,6,1,0,30,0,0
6,1,0,5,0,0,1,0,45,0,0
6,1,0,7,0,7,0,0,75,0,0
6,1,0,9,0,8,1,0,60,1,0
6,1,0,8,1,9,1,0,30,0,0
6,1,0,1,1,4,0,0,30,0,0
6,1,0,0,1,5,1,0,60,1,1
6,1,0,9,0,3,0,0,30,1,0
6,1,0,0,1,3,1,0,30,0,0
6,1,0,5,1,2,1,0,30,0,0
6,1,0,3,0,3,0,0,30,0,0
6,1,0,8,1,6,0,0,30,0,0
6,1,0,9,1,7,0,0,30,0,0
6,1,0,0,1,5,0,0,30,0,0
6,1,0,12,1,7,0,0,30,0,1
6,1,0,3,0,8,0,0,45,0,0
6,1,0,8,0,5,1,0,45,0,1
6,1,0,3,0,2,0,0,30,1,0
6,1,1,0,1,7,1,0,45,1,0
6,1,0,1,0,6,1,0,30,0,0
6,1,0,8,1,4,0,0,30,0,0
6,1,0,3,2,6,0,0,30,0,0
6,1,0,12,1,0,0,0,90,0,0
6,1,0,5,1,3,1,0,30,1,0
6,1,0,9,0,7,0,0,45,1,0
6,1,0,8,0,4,0,0,30,1,0
6,1,0,0,1,7,1,0,30,1,0
6,1,1,0,1,6,0,0,60,0,1
6,1,0,12,1,5,0,0,30,0,0
6,1,0,1,1,1,1,0,45,0,0
6,1,0,11,1,0,1,0,30,1,0
6,1,1,9,0,4,0,0,30,0,0
6,1,0,0,0,9,0,0,30,1,0
6,1,0,3,1,1,0,0,30,0,0
6,1,0,0,0,7,0,0,30,0,0
6,1,1,9,1,1,1,0,30,0,0
6,1,0,0,0,5,0,0,45,0,0
6,1,0,11,1,9,1,0,30,0,0
6,1,0,5,1,6,1,0,30,0,0
6,1,0,0,1,2,0,0,30,0,0
6,1,1,1,1,5,1,0,45,0,0
6,1,0,9,1,9,1,0,30,0,0
6,1,0,8,0,7,0,0,30,0,0
6,1,0,1,0,2,0,0,30,0,0
6,1,0,5,0,5,1,0,90,0,0
6,1,0,11,1,4,0,0,30,0,0
6,1,0,5,1,0,0,0,30,0,0
6,1,0,1,1,6,0,0,30,0,0
6,1,0,0,1,9,0,0,30,0,0
6,1,0,8,1,8,1,0,30,0,0
6,1,0,7,1,4,0,0,30,0,0
6,1,0,1,1,6,0,0,30,0,0
6,1,0,3,1,2,0,0,30,0,0
6,1,0,12,1,1,0,0,30,0,0
6,1,0,11,0,7,1,0,30,0,0
6,1,0,9,1,1,0,0,30,0,0
6,1,1,9,1,8,0,0,30,0,0
6,1,0,7,1,2,0,0,30,0,0
6,1,0,3,0,4,0,0,30,0,0
6,1,0,11,1,1,0,0,30,0,0
6,1,0,7,1,9,1,0,30,0,0
6,1,0,3,1,1,0,0,30,0,0
6,1,0,11,0,3,1,0,30,0,0
6,1,0,12,1,0,0,0,30,0,1
6,1,0,11,0,0,1,0,30,0,1
6,1,0,11,1,1,0,0,60,0,0
6,1,0,9,1,6,0,0,30,0,0
6,1,0,7,1,0,0,0,30,0,0
6,1,1,9,0,7,0,0,30,0,0
6,1,0,7,0,3,0,0,30,1,0
6,1,0,11,1,4,1,0,30,1,0
6,1,0,11,1,1,0,0,150,0,0
6,1,0,1,1,5,0,0,30,0,1
6,1,0,11,1,2,0,0,30,0,0
6,1,0,5,1,5,0,0,30,0,0
6,1,0,3,1,1,1,0,30,0,0
6,1,0,8,1,3,0,0,30,1,0
6,1,0,3,1,1,0,0,30,0,0
6,1,0,7,0,1,1,0,30,0,0
6,1,0,12,0,5,0,0,30,0,0
6,1,0,1,1,5,0,0,30,0,0
6,1,0,9,1,3,0,0,30,0,0
6,1,0,8,0,9,1,0,30,0,0
6,1,0,3,0,0,0,0,30,0,0
6,1,0,8,1,4,1,0,30,0,0
6,1,1,1,1,6,0,0,60,1,0
6,1,1,5,1,0,1,0,30,0,0
6,1,0,1,1,1,1,0,30,1,0
6,1,0,9,1,8,0,0,30,0,0
6,1,0,3,0,0,1,0,30,0,0
6,1,0,3,1,1,1,0,30,0,0
6,1,0,3,0,1,1,0,30,0,0
6,1,0,5,0,0,1,0,30,0,0
6,1,0,12,0,3,0,0,30,0,0
6,1,0,8,1,3,0,0,30,0,0
6,1,0,3,1,4,1,0,30,0,0
6,1,0,11,1,2,0,0,30,0,0
6,1,0,3,0,9,1,0,30,0,1
6,1,0,5,1,4,0,0,30,0,0
6,1,0,0,1,8,1,0,30,0,0
6,1,0,9,1,0,1,0,90,1,0
6,1,0,11,0,9,0,0,30,0,0
6,1,0,3,1,5,1,0,30,0,0
6,1,1,9,0,9,0,0,30,0,0
6,1,0,7,1,8,1,0,30,0,0
6,1,0,12,1,1,0,0,30,0,1
6,1,1,3,1,2,0,0,30,0,0
6,1,0,11,0,2,1,0,30,0,0
6,1,0,5,1,0,1,0,30,1,0
6,1,0,1,0,4,0,0,30,1,0
6,1,0,0,1,2,1,0,30,0,0
6,1,0,3,1,3,0,0,30,0,0
6,1,0,5,0,9,0,0,30,1,0
6,1,0,12,0,7,0,0,30,0,0
6,1,0,12,0,6,0,0,90,0,0
6,1,0,8,1,6,1,0,30,0,0
6,1,0,12,0,1,1,0,30,0,0
6,1,0,3,0,3,1,0,30,0,0
6,1,0,11,2,1,0,0,30,0,0
6,1,0,5,1,2,1,0,30,0,0
6,1,0,1,1,8,1,0,30,0,0
6,1,0,0,1,7,1,0,30,0,0
6,1,0,11,1,0,0,0,30,0,0
6,1,0,0,1,6,1,0,30,0,0
6,1,0,7,1,1,0,0,30,0,0
6,1,0,0,1,5,0,0,30,0,0
6,1,0,9,0,8,0,0,30,0,0
6,1,1,8,1,8,0,0,30,0,0
6,1,0,5,1,5,1,0,30,0,0
6,1,0,7,0,3,0,0,30,0,0
6,1,0,0,0,2,0,0,30,0,0
6,1,0,0,0,3,0,0,30,0,0
6,1,0,5,1,0,0,0,30,0,0
6,1,0,9,0,6,1,0,30,0,0
6,1,0,0,0,3,1,0,60,0,0
6,1,0,9,1,7,0,0,30,1,0
6,1,0,5,0,1,1,0,30,0,0
6,1,0,4,1,4,0,0,30,0,0
6,1,0,8,0,1,0,0,60,0,1
6,1,0,0,0,6,1,0,30,1,0
6,1,0,8,1,1,0,0,30,0,0
6,1,0,0,0,6,1,0,30,0,0
6,1,0,0,1,8,1,0,30,0,0
6,1,0,0,1,9,1,0,30,0,0
6,1,1,5,1,3,1,0,150,1,1
6,1,0,7,1,4,1,0,30,0,0
6,1,0,4,0,6,0,0,30,0,0
6,1,0,12,0,6,1,0,30,0,0
6,1,1,8,1,9,0,0,40,0,1
6,1,0,1,0,2,0,0,30,0,0
6,1,0,0,0,2,0,0,30,1,0
6,1,0,0,0,0,0,0,30,0,0
6,1,0,5,1,4,1,0,30,0,0
6,1,0,1,0,8,0,0,30,0,0
6,1,0,8,1,5,2,0,30,0,0
6,1,0,0,1,6,1,0,30,0,0
6,1,0,12,1,3,0,0,30,0,0
6,1,0,8,1,3,1,0,30,1,0
6,1,0,0,1,2,0,0,30,0,0
6,1,0,8,1,2,0,0,30,0,0
6,1,0,1,1,8,1,0,30,0,0
6,1,0,5,1,1,0,0,30,0,0
6,1,0,4,0,1,0,0,30,0,0
6,1,0,9,0,6,0,0,30,0,0
6,1,0,1,1,0,1,0,30,0,0
6,1,0,8,1,4,0,0,30,0,0
6,1,0,0,1,0,1,0,30,0,0
6,1,0,1,0,9,1,0,60,0,0
6,1,0,9,1,3,0,0,30,0,0
6,1,0,3,0,0,0,0,30,0,0
6,1,1,0,1,3,0,0,60,0,0
6,1,1,4,1,10,0,0,30,0,0
6,1,0,0,1,9,1,0,30,0,0
6,1,0,11,2,1,0,0,30,0,0
6,1,0,0,2,2,0,0,30,0,0
6,1,0,9,0,8,1,0,30,0,0
6,1,0,1,0,2,0,0,30,0,0
6,1,0,8,0,8,1,0,30,0,0
6,1,0,7,0,8,0,0,30,0,0
6,1,1,5,0,7,0,0,30,1,0
6,1,0,9,1,3,0,0,30,0,0
6,1,0,3,1,0,1,0,30,0,0
6,1,0,8,0,5,1,0,30,0,0
6,1,0,0,1,1,0,0,30,0,0
6,1,0,12,0,0,0,0,150,0,0
6,1,0,7,0,1,0,0,30,0,0
6,1,0,8,1,9,1,0,30,0,0
6,1,1,8,0,1,0,0,30,0,0
6,1,0,5,1,3,1,0,30,1,0
6,1,0,7,0,3,1,0,30,0,0
6,1,0,0,0,5,0,0,30,1,0
6,1,0,12,0,5,1,0,30,0,0
6,1,0,1,0,7,1,0,30,0,0
6,1,0,3,0,9,1,0,30,0,0
6,1,0,3,2,1,0,0,30,0,0
6,1,0,3,1,0,0,0,30,0,0
6,1,0,7,1,3,0,0,30,0,0
6,1,0,9,1,1,0,0,30,0,0
6,1,1,8,1,4,0,0,30,0,0
6,1,0,0,0,2,0,0,30,0,0
6,1,0,0,0,8,0,0,30,0,0
6,1,0,11,0,1,0,0,30,0,0
6,1,1,1,1,1,0,0,30,0,0
6,1,0,11,1,6,0,0,30,0,0
6,1,0,3,1,2,0,0,30,0,0
6,1,1,0,1,6,0,0,30,0,0
6,1,0,12,1,7,0,0,30,0,0
6,1,0,3,1,2,0,0,30,1,0
6,1,0,5,1,2,1,0,30,0,0
6,1,1,1,1,9,1,0,30,0,0
6,1,0,1,1,1,0,0,30,0,0
6,1,0,4,1,0,1,0,90,0,0
6,1,0,11,1,1,0,0,30,0,0
6,1,1,5,1,5,0,0,30,0,0
6,1,1,1,0,4,0,0,30,0,0
6,1,0,7,1,9,0,0,30,0,0
6,1,0,8,1,9,0,0,30,0,0
6,1,0,8,1,3,0,0,30,0,0
6,1,0,0,1,5,0,0,30,0,0
6,1,1,8,1,3,0,0,30,0,0
6,1,0,1,0,3,0,0,30,0,0
6,1,0,11,1,0,0,0,30,0,0
6,1,1,1,1,2,0,0,30,0,1
6,1,1,0,0,1,1,0,30,0,0
6,1,0,0,0,2,0,0,30,0,0
6,1,1,9,1,6,0,0,30,0,0
6,1,0,8,1,7,1,0,30,0,0
6,1,0,7,1,4,1,0,30,0,0
6,1,1,11,1,8,0,0,30,0,0
6,1,0,11,1,1,0,0,30,1,1
6,1,0,0,1,2,0,0,30,1,0
6,1,0,3,1,1,0,0,30,0,0
6,1,1,12,1,0,1,0,30,1,0
6,1,0,0,1,5,0,0,30,0,0
6,1,1,5,1,1,1,0,90,1,1
6,1,0,9,1,2,0,0,30,0,0
6,1,0,12,1,8,0,0,30,0,0
6,1,1,9,1,1,0,0,30,0,0
6,1,0,8,1,2,0,0,30,0,0
6,1,1,12,1,1,0,0,30,0,0
6,1,1,0,0,4,0,0,60,0,0
6,1,0,0,0,8,0,0,30,0,1
6,1,0,9,1,3,0,0,30,0,0
6,1,0,0,1,1,0,0,30,0,0
6,1,1,1,0,8,0,0,30,0,0
6,1,0,3,1,2,1,0,30,0,0
6,1,0,0,0,8,0,0,30,0,0
6,1,0,3,0,7,0,0,30,0,0
6,1,0,4,0,0,1,0,30,0,0
6,1,1,8,1,4,0,0,30,0,0
6,1,0,5,0,1,0,0,30,0,0
6,1,0,12,1,3,1,0,30,1,0
6,1,0,5,1,2,0,0,30,0,0
6,1,0,11,0,7,0,0,30,1,0
6,1,0,4,0,1,1,0,30,0,0
6,1,1,11,1,2,0,0,30,0,0
6,1,0,7,0,7,1,0,30,0,0
6,1,0,8,1,4,1,0,30,0,0
6,1,0,7,1,7,0,0,30,0,0
6,1,0,11,0,1,0,0,30,0,0
6,1,0,3,0,4,0,0,30,0,0
6,1,0,4,1,1,0,0,30,0,0
6,1,0,1,1,4,1,0,30,0,0
6,1,0,9,1,6,0,0,30,0,0
6,1,0,8,1,5,1,0,30,0,0
6,1,0,12,1,0,1,0,30,0,0
6,1,0,7,1,6,1,0,30,0,0
6,1,0,9,1,3,1,0,30,0,1
6,1,0,12,1,5,0,0,30,0,0
6,1,1,5,0,2,0,0,30,0,0
6,1,0,4,0,8,0,0,30,0,0
6,1,0,9,1,1,0,0,30,0,0
6,1,0,8,0,7,1,0,30,0,0
6,1,1,7,0,6,1,0,30,0,0
6,1,1,8,1,8,0,0,30,0,0
6,1,0,5,0,2,0,0,30,0,0
6,1,1,4,1,3,0,0,30,1,0
6,1,0,12,0,0,0,0,30,0,0
6,1,0,9,1,8,0,0,30,0,0
6,1,0,3,1,3,0,0,30,0,0
6,1,0,1,0,3,0,0,30,0,0
6,1,1,12,0,3,0,0,30,0,0
6,1,0,12,1,0,0,0,30,0,0
6,1,0,11,0,0,0,0,30,0,0
6,1,1,11,1,1,0,0,90,0,0
6,1,0,7,1,5,1,0,30,0,0
6,1,0,0,1,8,0,0,90,0,0
6,1,1,4,1,10,0,0,30,0,0
6,1,0,11,1,6,0,0,30,0,0
6,1,0,8,1,1,0,0,30,0,0
6,1,0,7,1,6,1,0,30,1,0
6,1,0,8,1,7,0,0,30,0,0
6,1,0,1,1,7,0,0,30,0,0
6,1,0,1,1,1,0,0,30,0,0
6,1,0,11,1,0,1,0,30,0,0
6,1,0,12,1,3,0,0,30,0,1
6,1,1,0,0,4,0,0,30,0,0
6,1,0,8,0,9,0,0,30,0,0
6,1,1,4,1,0,0,0,30,0,0
6,1,0,9,1,2,0,0,30,0,1
6,1,0,5,1,1,1,0,30,0,0
6,1,0,1,0,8,0,0,30,0,0
6,1,0,0,1,4,1,0,30,0,0
6,1,0,0,1,9,1,0,30,0,0
6,1,0,1,0,6,0,0,30,0,0
6,1,0,9,0,6,0,0,30,0,0
6,1,0,3,0,1,1,0,30,0,0
6,1,1,8,1,6,0,0,30,0,0
6,1,0,11,1,7,1,0,30,0,0
6,1,0,0,1,9,0,0,30,1,1
6,1,0,0,0,8,0,0,30,0,0
6,1,0,8,1,9,1,0,30,0,0
6,1,0,8,1,7,0,0,30,0,0
6,1,1,11,1,2,1,0,30,0,0
6,1,1,4,1,1,0,0,30,0,0
6,1,0,4,1,1,1,0,30,0,1
6,1,0,11,1,1,0,0,30,0,0
6,1,1,5,1,2,1,0,30,0,0
6,1,0,5,1,4,0,0,30,0,0
6,1,0,4,1,6,1,0,30,0,0
6,1,0,5,0,6,1,0,30,0,0
6,1,0,11,1,6,0,0,30,0,0
6,1,0,0,1,5,1,0,30,0,0
6,1,0,12,1,6,0,0,30,0,1
6,1,0,0,1,7,0,0,30,0,0
6,1,1,3,1,3,1,0,30,1,0
6,1,1,11,1,6,0,0,90,0,0
6,1,0,5,1,0,1,0,30,0,0
6,1,0,3,1,1,0,0,30,0,0
6,1,0,3,0,6,0,0,30,0,0
6,1,0,7,1,3,0,0,30,0,0
6,1,0,9,0,2,0,0,30,0,0
6,1,0,1,1,0,0,0,30,0,0
6,1,0,11,1,0,1,0,30,0,0
6,1,0,8,1,4,0,0,30,0,0
6,1,1,7,1,0,0,0,30,0,0
6,1,0,4,0,1,0,0,30,0,0
6,1,0,9,0,4,1,0,30,0,1
6,1,0,1,1,5,0,0,30,0,0
6,1,0,3,0,0,0,0,30,0,0
6,1,0,1,1,7,1,0,30,0,0
6,1,0,12,0,6,0,0,30,0,0
6,1,0,8,1,7,0,0,30,0,0
6,1,0,3,1,0,0,0,30,0,0
6,1,0,3,0,5,0,0,30,0,0
6,1,0,0,1,6,0,0,30,0,0
6,1,0,0,0,5,0,0,30,0,0
6,1,0,12,1,3,1,0,30,0,0
6,1,0,1,0,5,0,0,30,0,0
6,1,0,1,1,7,0,0,90,0,1
6,1,0,5,1,1,0,0,30,0,0
6,1,1,3,1,4,0,0,30,0,0
6,1,0,3,1,4,1,0,30,0,0
6,1,1,0,0,0,0,0,30,0,0
6,1,0,5,1,0,0,0,30,0,0
6,1,0,11,1,2,1,0,30,0,0
6,1,0,11,1,9,0,0,30,0,1
6,1,0,9,0,9,0,0,30,0,0
6,1,0,1,1,8,0,0,30,0,0
6,1,0,9,0,6,0,0,30,0,0
6,1,0,3,1,7,1,0,30,0,0
6,1,0,9,1,7,0,0,30,1,0
6,1,0,9,1,2,1,0,30,0,0
6,1,1,9,0,4,0,0,30,0,0
6,1,1,0,1,4,0,0,30,0,0
6,1,0,8,0,7,0,0,30,0,0
6,1,0,1,1,7,0,0,30,0,0
6,1,0,5,1,3,0,0,30,0,0
6,1,0,12,1,0,0,0,30,0,1
6,1,0,1,1,8,1,0,30,0,0
6,1,1,5,1,0,0,0,105,1,0
6,1,0,1,0,1,0,0,30,0,0
6,1,0,1,1,9,1,0,30,0,0
6,1,0,3,1,1,0,0,30,1,0
6,1,0,5,1,2,1,0,30,0,0
6,1,0,5,1,1,1,0,30,0,0
6,1,0,0,1,9,1,0,30,0,0
6,1,0,9,0,6,0,0,30,0,0
6,1,0,3,2,5,0,0,30,0,0
6,1,0,3,1,0,1,0,30,0,0
6,1,0,7,1,4,0,0,30,0,0
6,1,0,12,1,5,0,0,30,0,0
6,1,0,5,0,4,0,0,30,1,0
6,1,0,0,0,5,1,0,30,0,0
6,1,0,11,1,0,0,0,60,1,0
6,1,0,11,0,5,0,0,30,0,0
6,1,0,5,1,9,0,0,30,0,0
6,1,0,12,0,5,1,0,30,0,0
6,1,0,3,1,4,0,0,30,0,0
6,1,0,0,1,5,1,0,30,1,0
6,1,0,8,1,5,1,0,30,0,0
6,1,1,0,1,6,0,0,30,0,0
6,1,1,1,1,7,1,0,30,0,0
6,1,1,8,1,5,0,0,30,0,0
6,1,1,5,0,1,0,0,30,1,0
6,1,0,5,1,2,0,0,30,0,0
6,1,0,12,1,5,1,0,30,0,0
6,1,0,3,1,8,0,0,30,0,0
6,1,0,3,1,5,0,0,30,0,0
6,1,0,9,0,6,0,0,30,0,0
6,1,0,0,1,5,1,0,30,0,0
6,1,1,3,0,1,1,0,60,0,0
6,1,0,5,0,5,0,0,30,0,0
6,1,0,7,1,2,0,0,30,0,0
6,1,0,8,1,2,0,0,30,0,0
6,1,0,8,1,4,0,0,30,0,0
6,1,1,9,0,8,1,0,30,0,0
6,1,0,3,1,3,1,0,30,0,0
6,1,0,7,1,1,0,0,30,0,0
6,1,0,1,0,1,0,0,30,0,0
6,1,0,3,1,2,0,0,30,1,0
6,1,0,7,0,6,0,0,30,0,0
6,1,0,3,1,8,0,0,30,0,1
6,1,0,11,0,4,1,0,30,0,0
6,1,0,0,1,8,0,0,30,0,0
6,1,0,9,1,3,0,0,30,1,0
6,1,0,12,0,6,0,0,30,0,0
6,1,0,0,1,3,0,0,30,0,0
6,1,0,9,1,1,0,0,30,0,1
6,1,0,1,0,4,0,0,30,0,0
6,1,0,0,1,0,1,0,30,0,0
6,1,0,5,1,3,0,0,60,0,0
6,1,0,3,0,6,1,0,90,0,0
6,1,0,1,0,7,1,0,30,0,0
6,1,0,4,1,2,0,0,30,0,0
6,1,1,8,0,9,0,0,30,0,0
6,1,0,11,1,0,0,0,30,1,0
6,1,0,11,1,5,0,0,30,0,0
6,1,0,9,2,3,0,0,30,0,0
6,1,0,0,0,9,0,0,30,1,0
6,1,0,9,1,3,0,0,30,0,0
6,1,0,0,0,3,1,0,30,0,0
6,1,0,11,0,4,0,0,30,0,0
6,1,1,5,1,3,1,0,30,0,0
6,1,0,1,1,5,0,0,30,1,0
6,1,0,1,1,1,1,0,30,0,0
6,1,0,9,1,0,1,0,30,0,0
6,1,1,0,1,9,0,0,30,0,0
6,1,0,7,1,6,1,0,30,0,0
6,1,0,7,0,8,0,0,30,0,0
6,1,1,11,1,1,0,0,30,0,0
6,1,0,5,2,0,0,0,30,0,1
6,1,0,3,0,5,0,0,60,0,0
6,1,0,0,1,4,0,0,30,1,0
6,1,0,8,1,5,0,0,30,0,0
6,1,1,0,0,4,1,0,30,0,0
6,1,1,8,0,9,0,0,30,0,0
6,1,1,9,1,9,0,0,30,0,0
6,1,1,7,1,2,0,0,30,0,0
6,1,0,0,1,7,0,0,30,0,0
6,1,0,11,2,1,0,0,30,0,0
6,1,0,3,1,8,0,0,30,0,0
6,1,0,12,1,3,0,0,90,0,0
6,1,0,3,0,1,1,0,30,0,0
6,1,0,0,1,1,0,0,30,0,0
6,1,1,0,0,4,1,0,30,1,0
6,1,0,8,0,9,1,0,30,0,0
6,1,0,8,0,2,0,0,30,1,0
6,1,1,3,1,6,0,0,30,0,0
6,1,1,9,0,2,0,0,30,0,0
6,1,0,12,0,2,1,0,30,0,0
6,1,0,0,1,7,1,0,30,0,0
6,1,0,8,0,7,0,0,30,0,0
6,1,0,0,1,5,0,0,30,0,0
6,1,0,1,1,1,0,0,30,1,0
6,1,1,3,1,1,0,0,45,1,0
6,1,0,11,1,5,0,0,30,0,0
6,1,0,5,1,0,1,0,90,0,0
6,1,1,8,1,3,1,0,30,0,0
6,1,0,1,1,1,0,0,30,0,0
6,1,0,9,1,9,1,0,30,0,1
6,1,0,12,1,1,0,0,30,0,0
6,1,0,1,0,1,0,0,30,0,0
6,1,0,1,2,2,0,0,30,0,0
6,1,0,11,1,4,1,0,30,1,1
6,1,0,1,0,0,0,0,30,0,0
6,1,0,3,2,2,0,0,30,0,0
6,1,1,11,1,6,1,0,30,0,0
6,1,0,3,1,3,0,0,30,0,0
6,1,0,3,0,0,1,0,60,0,0
6,1,0,8,1,9,1,0,30,1,0
6,1,1,11,0,0,0,0,30,0,0
6,1,1,3,1,8,1,0,30,0,0
6,1,1,11,1,9,1,0,30,0,1
6,1,0,5,1,0,0,0,90,0,0
6,1,0,8,0,8,0,0,30,0,1
6,1,0,9,0,8,1,0,90,0,0
6,1,0,7,0,7,0,0,30,0,0
6,1,0,3,0,2,1,0,30,0,0
6,1,0,12,1,0,0,0,30,0,0
6,1,0,0,1,4,0,0,30,0,0
6,1,1,0,1,2,0,0,30,1,0
6,1,1,5,1,0,0,0,30,0,0
6,1,0,12,0,8,0,0,30,0,1
6,1,0,5,0,5,1,0,30,0,0
6,1,1,11,1,4,1,0,30,0,0
6,1,0,3,1,2,1,0,30,0,0
6,1,1,3,1,7,0,0,30,0,0
6,1,0,12,1,4,0,0,30,0,0
6,1,1,8,1,2,1,0,30,0,0
6,1,0,9,1,2,0,0,30,0,0
6,1,0,5,1,1,1,0,30,0,0
6,1,0,0,1,2,0,0,30,0,0
6,1,0,0,0,4,1,0,30,0,0
6,1,0,1,1,9,0,0,30,0,0
6,1,0,11,2,0,0,0,30,0,0
6,1,0,5,0,0,1,0,30,0,0
6,1,1,5,1,7,0,0,30,0,0
6,1,1,5,1,0,0,0,30,0,0
6,1,0,0,1,3,0,0,30,0,0
6,1,1,11,1,0,1,0,30,0,0
6,1,0,9,0,9,1,0,30,0,0
6,1,0,8,1,4,0,0,90,1,1
6,1,0,9,0,4,1,0,30,0,0
6,1,0,3,1,0,0,0,30,0,0
6,1,0,8,0,7,1,0,30,1,0
6,1,0,1,0,6,0,0,30,0,0
6,1,0,12,1,5,0,0,90,0,0
6,1,1,4,1,2,0,0,30,0,0
6,1,0,0,1,7,0,0,30,0,0
6,1,0,11,1,1,0,0,30,0,0
6,1,1,9,1,5,0,0,30,0,0
6,1,0,11,0,6,0,0,30,0,0
6,1,0,1,0,1,0,0,30,1,0
6,1,0,5,0,5,1,0,60,0,1
6,1,0,7,0,8,1,0,30,0,0
6,1,0,3,1,0,0,0,30,0,0
6,1,1,3,1,2,0,0,30,0,0
6,1,0,3,0,2,0,0,30,0,0
6,1,0,0,2,2,0,0,60,0,1
6,1,0,3,1,4,1,0,30,0,0
6,1,0,7,1,7,0,0,30,0,0
6,1,0,3,0,6,1,0,30,0,0
6,1,0,8,0,1,0,0,30,0,0
6,1,0,3,1,1,1,0,30,0,0
6,1,1,4,1,1,0,0,30,0,0
6,1,0,1,1,9,1,0,30,0,0
6,1,0,0,0,2,0,0,30,0,0
6,1,1,11,1,3,1,0,30,0,0
6,1,0,0,1,4,1,0,30,0,0
6,1,0,5,1,2,0,0,30,0,0
6,1,0,11,1,1,0,0,30,1,0
6,1,0,3,1,1,0,0,30,0,0
6,1,1,3,1,3,1,0,30,0,0
6,1,0,9,0,9,0,0,30,0,0
6,1,1,7,0,3,0,0,30,0,0
6,1,0,12,1,1,1,0,30,0,0
6,1,1,8,0,4,1,0,30,0,0
6,1,0,0,1,8,0,0,30,0,0
6,1,0,8,1,4,1,0,30,0,0
6,1,0,1,0,1,0,0,30,0,0
6,1,1,5,0,2,1,0,30,0,0
6,1,0,11,1,4,0,0,30,0,0
6,1,0,12,2,3,0,0,30,0,0
6,1,0,5,1,0,1,0,30,0,0
6,1,0,9,1,4,0,0,30,0,0
6,1,0,1,0,4,0,0,30,0,0
6,1,0,3,1,3,0,0,30,0,1
6,1,0,0,1,2,0,0,30,0,0
6,1,1,0,0,4,0,0,30,0,0
6,1,1,8,0,9,0,0,30,0,0
6,1,0,11,0,6,1,0,30,0,0
6,1,0,4,0,0,1,0,30,0,0
6,1,0,0,1,1,0,0,30,0,0
6,1,1,3,0,1,0,0,30,0,0
6,1,0,8,1,7,0,0,60,0,0
6,1,0,3,1,6,0,0,90,0,1
6,1,0,3,1,2,0,0,30,0,0
6,1,0,3,0,5,0,0,30,0,0
6,1,0,1,0,4,1,0,30,0,0
6,1,1,0,1,6,1,0,30,0,0
6,1,0,0,2,2,0,0,30,1,0
6,1,0,11,0,1,0,0,30,1,0
6,1,0,0,0,6,1,0,30,0,0
6,1,1,3,1,1,1,0,30,0,1
6,1,1,8,1,1,1,0,30,0,0
6,1,0,9,0,3,0,0,30,1,0
6,1,0,5,1,3,1,0,30,1,0
6,1,1,0,0,4,0,0,30,0,0
6,1,0,0,1,4,0,0,30,1,0
6,1,0,12,1,5,1,0,30,0,0
6,1,0,9,1,5,0,0,60,0,0
6,1,0,12,1,2,0,0,30,0,1
6,1,1,9,1,1,0,0,30,0,0
6,1,0,7,1,4,1,0,30,1,0
6,1,1,8,0,4,1,0,30,0,0
6,1,1,8,0,4,1,0,30,1,0
6,1,0,11,0,0,1,0,30,0,0
6,1,0,3,0,2,0,0,30,0,0
6,1,1,7,1,6,0,0,30,0,0
6,1,0,1,1,7,1,0,30,0,0
6,1,0,12,1,5,1,0,90,0,0
6,1,0,12,1,5,0,0,30,0,0
6,1,0,7,0,5,0,0,30,0,0
6,1,0,11,1,0,0,0,30,0,0
6,1,0,5,1,4,1,0,30,0,0
6,1,0,0,2,4,0,0,30,0,0
6,1,0,3,1,4,0,0,30,0,0
6,1,1,7,1,6,0,0,30,0,0
6,1,1,0,1,8,0,0,30,0,0
6,1,1,1,0,5,1,0,30,0,0
6,1,0,0,1,3,1,0,30,0,0
6,1,1,7,1,9,0,0,30,0,0
6,1,1,1,0,5,1,0,30,0,0
6,1,0,8,0,9,1,0,30,0,0
6,1,0,11,1,6,0,0,60,0,0
6,1,0,9,1,9,0,0,30,0,0
6,1,0,9,0,8,1,0,30,1,0
6,1,0,8,1,8,0,0,30,0,1
6,1,1,0,0,4,0,0,30,0,0
6,1,1,7,0,8,0,0,30,0,0
6,1,0,11,1,5,1,0,30,0,0
6,1,0,12,1,2,0,0,60,0,0
6,1,1,5,1,1,0,0,30,0,0
6,1,0,3,0,1,1,0,30,0,0
6,1,0,8,0,7,1,0,30,1,0
6,1,0,1,1,2,0,0,30,1,0
6,1,0,0,0,7,0,0,30,1,0
6,1,0,1,1,8,1,0,30,0,0
6,1,0,11,0,0,1,0,30,0,0
6,1,0,5,1,2,0,0,30,1,0
6,1,0,8,1,9,1,0,30,0,0
6,1,0,3,0,2,0,0,30,0,1
6,1,0,0,1,4,1,0,30,1,0
6,1,0,9,1,6,1,0,30,0,0
6,1,1,8,1,4,0,0,30,0,0
6,1,0,3,0,3,1,0,30,0,0
6,1,0,7,1,4,0,0,30,0,0
6,1,1,5,2,3,0,0,30,0,0
6,1,0,11,1,5,0,0,30,0,1
6,1,0,3,0,8,0,0,30,0,0
6,1,0,0,0,4,0,0,30,0,0
6,1,0,5,0,5,0,0,30,0,0
6,1,1,5,0,2,0,0,30,0,0
6,1,0,7,1,6,0,0,30,1,0
6,1,0,0,1,7,1,0,30,0,0
6,1,0,1,1,5,0,0,30,0,0
6,1,1,7,1,3,1,0,30,0,0
6,1,0,3,1,1,1,0,30,0,0
6,1,0,8,1,9,1,0,30,0,0
6,1,0,11,1,4,1,0,30,0,0
6,1,0,1,0,9,0,0,30,0,0
6,1,0,3,1,5,1,0,30,0,0
6,1,0,8,1,1,0,0,30,0,0
6,1,0,8,0,8,1,0,30,0,0
6,1,0,1,1,3,0,0,30,0,0
6,1,1,0,0,3,0,0,30,0,0
6,1,0,1,0,4,0,0,60,0,0
6,1,1,3,0,1,1,0,30,0,0
6,1,0,8,1,5,1,0,30,0,0
6,1,0,0,1,8,1,0,30,0,0
6,1,0,11,1,0,1,0,30,0,0
6,1,0,12,0,2,1,0,30,0,0
6,1,0,0,1,6,1,0,30,0,0
6,1,0,0,1,2,1,0,30,0,0
6,1,0,3,1,2,1,0,30,0,0
6,1,1,3,1,9,1,0,30,0,1
6,1,1,7,0,7,1,0,30,0,0
6,1,0,9,1,8,1,0,30,0,0
6,1,0,7,1,5,1,0,60,0,0
6,1,0,7,0,7,1,0,30,0,0
6,1,0,7,0,3,1,0,30,0,0
6,1,1,1,0,4,1,0,30,0,0
6,1,1,0,1,5,1,0,60,0,0
6,1,0,1,0,3,1,0,30,1,0
6,1,0,8,0,8,1,0,30,1,0
6,1,0,4,1,6,1,0,60,0,0
6,1,0,12,1,7,1,0,90,0,0
6,1,0,3,1,8,1,0,30,0,1
6,1,0,4,0,4,1,0,30,0,0
6,1,0,3,1,1,1,0,30,1,0
6,1,0,5,1,8,1,0,60,0,1
6,1,0,11,1,2,0,0,30,0,0
6,1,1,7,1,0,0,0,30,0,0
6,1,0,5,1,6,0,0,30,0,0
6,1,0,9,1,3,1,0,45,0,0
6,1,0,8,0,4,1,0,30,0,1
6,1,0,11,1,1,1,0,30,0,0
6,1,0,12,1,0,1,0,30,0,0
6,1,0,0,1,3,0,0,30,0,0
6,1,0,4,0,1,1,0,30,0,0
6,1,0,12,1,0,0,0,30,0,0
6,1,1,7,1,7,1,0,30,0,1
6,1,1,3,1,8,1,0,90,0,0
6,1,1,0,1,2,0,0,30,0,0
6,1,0,12,1,4,1,0,30,0,0
6,1,0,8,1,9,1,0,30,1,0
6,1,1,5,0,0,1,0,30,1,0
6,1,0,1,0,9,1,0,30,0,0
6,1,0,11,0,6,0,0,30,0,0
6,1,0,5,1,6,1,0,30,0,0
6,1,1,3,0,0,1,0,30,0,0
6,1,0,1,0,3,0,0,30,0,0
6,1,0,5,0,0,0,0,30,0,0
6,1,0,9,0,5,0,0,30,0,0
6,1,0,7,1,9,1,0,30,1,0
6,1,0,5,1,3,0,0,30,0,0
6,1,0,8,0,1,1,0,30,0,1
6,1,0,7,1,5,1,0,30,0,0
6,1,0,3,0,6,0,0,30,0,1
6,1,0,11,1,0,0,0,30,0,0
6,1,0,0,1,2,1,0,30,0,0
6,1,1,0,1,2,1,0,60,0,0
6,1,0,8,0,3,0,0,90,0,0
6,1,0,8,0,4,1,0,30,1,0
6,1,0,1,1,6,0,0,30,1,0
6,1,0,3,1,3,1,0,60,1,0
6,1,0,9,0,5,0,0,30,0,0
6,1,0,11,1,8,0,0,30,0,0
6,1,0,8,0,5,0,0,30,0,0
6,1,1,3,0,4,1,0,30,0,0
6,1,0,0,0,8,1,0,30,0,0
6,1,0,4,1,1,0,0,30,0,0
6,1,0,5,1,1,0,0,30,1,0
6,1,0,9,0,3,1,0,30,0,0
6,1,0,3,0,1,1,0,30,0,0
6,1,0,0,1,6,1,0,30,0,0
6,1,0,7,1,3,0,0,30,0,0
6,1,1,9,0,4,1,0,30,0,0
6,1,0,9,1,3,0,0,30,0,0
6,1,0,11,1,5,1,0,30,0,0
6,1,0,3,1,1,0,0,30,0,0
6,1,0,0,1,6,0,0,30,1,0
6,1,1,12,0,4,0,0,30,0,0
6,1,0,1,1,2,1,0,30,0,1
6,1,0,5,0,0,0,0,30,0,0
6,1,0,8,0,1,1,0,30,0,0
6,1,0,9,0,3,1,0,30,0,0
6,2,0,12,1,1,0,0,30,1,0
6,2,0,8,1,2,0,0,30,0,0
6,2,1,9,1,4,1,0,30,0,0
6,2,0,0,1,5,0,0,30,0,1
6,2,0,11,1,0,0,0,30,1,0
6,2,1,12,1,5,0,0,30,0,0
6,2,1,3,1,1,1,0,30,0,0
6,2,0,5,0,1,0,1,60,0,1
6,2,0,7,1,9,0,0,30,0,0
6,2,0,8,0,3,0,0,30,0,0
6,2,0,11,0,0,0,0,30,0,0
6,2,0,0,1,4,0,0,30,0,0
6,2,0,12,1,1,0,0,30,0,1
6,2,1,0,0,6,0,1,60,0,0
6,2,0,1,1,2,0,0,30,0,0
6,2,1,8,0,2,1,0,30,0,0
6,2,0,3,1,7,1,0,30,0,0
6,2,0,11,1,2,0,0,30,0,0
6,2,1,0,0,5,1,0,60,0,0
6,2,0,11,1,1,1,0,30,0,0
6,2,0,0,1,3,0,1,60,1,0
6,2,0,5,1,5,0,0,30,0,0
6,2,0,11,1,2,0,1,60,0,0
6,2,0,4,0,4,1,0,30,0,0
6,2,0,12,0,6,0,0,30,0,0
6,2,0,11,0,3,0,0,30,0,0
6,2,0,0,0,7,1,0,30,0,0
6,2,0,4,1,2,0,0,90,0,1
6,2,0,9,1,2,0,0,30,1,0
6,2,0,0,1,6,0,0,30,0,1
6,2,0,3,1,6,1,0,30,0,1
6,2,0,8,0,5,0,0,30,0,0
6,2,0,0,1,8,0,0,30,0,1
6,2,0,8,0,9,1,1,60,1,0
6,2,0,3,1,8,1,0,30,0,0
6,2,0,8,1,3,1,0,30,0,0
6,2,0,12,0,0,0,0,30,0,0
6,2,0,7,0,1,1,0,30,1,0
6,2,1,3,1,9,1,0,30,0,0
6,2,1,5,1,1,0,0,30,0,0
6,2,0,3,1,1,0,0,30,0,0
6,2,0,1,1,1,0,0,30,0,1
6,2,1,1,1,6,1,0,30,0,0
6,2,1,11,1,4,0,0,30,1,0
6,2,1,11,1,7,1,0,30,0,0
6,2,0,11,1,1,0,0,30,1,0
6,2,0,8,1,9,0,0,30,0,0
6,2,0,5,1,4,1,0,30,0,0
6,2,0,9,1,5,0,0,30,1,0
6,2,0,12,1,1,0,0,30,0,0
6,2,1,8,0,4,1,0,30,1,0
6,2,0,8,0,2,1,0,30,0,0
6,2,0,7,0,5,1,0,30,0,0
6,2,0,9,0,0,0,0,30,0,0
6,2,0,3,0,1,1,1,60,1,1
6,2,0,11,0,0,0,1,60,0,0
6,2,0,11,0,1,0,0,30,1,0
6,2,0,7,1,9,0,0,30,0,1
6,2,0,8,0,3,1,0,30,0,0
6,2,0,12,0,9,0,0,30,0,0
6,2,1,5,0,9,0,0,30,0,0
6,2,0,5,0,7,0,0,30,0,0
6,2,0,8,1,4,0,0,30,0,0
6,2,0,8,1,8,0,0,30,1,0
6,2,0,8,0,4,1,0,30,0,0
6,2,1,4,0,0,0,1,60,1,0
6,2,0,7,0,4,0,0,30,0,0
6,2,0,12,1,0,0,0,30,0,0
6,2,0,4,1,6,1,0,30,0,0
6,2,0,9,0,6,1,0,30,0,0
6,2,0,3,0,0,0,0,30,0,0
6,2,0,8,1,9,1,0,30,0,0
6,2,0,12,1,6,0,0,30,0,0
6,2,0,3,1,2,0,0,30,0,1
6,2,0,3,1,1,1,0,30,1,1
6,2,0,8,1,3,1,0,30,1,0
6,2,0,7,1,5,0,1,60,0,0
6,2,1,8,0,7,0,0,30,0,0
6,2,1,11,1,0,1,0,30,0,0
6,2,1,0,1,7,0,1,60,0,0
6,2,0,11,1,1,1,0,30,0,0
6,2,0,7,1,6,1,0,30,0,0
6,2,1,1,0,4,0,0,30,0,0
6,2,0,8,0,4,1,0,30,1,0
6,2,1,3,1,5,1,0,30,0,0
6,2,0,7,0,3,1,0,30,0,0
6,2,0,8,0,8,0,0,30,0,1
6,2,0,7,1,4,1,0,30,1,0
6,2,1,8,1,4,0,0,30,0,0
6,2,1,12,1,6,0,0,30,0,0
6,2,0,1,1,4,1,0,30,0,0
6,2,1,3,0,2,0,0,30,0,0
6,2,1,11,1,2,0,0,30,0,0
6,2,0,9,1,4,0,0,30,0,0
6,2,0,11,1,8,0,0,30,1,0
6,2,0,1,0,1,0,1,60,0,0
6,2,0,7,1,7,0,1,60,0,0
6,2,1,7,1,6,0,0,30,0,0
6,2,0,9,1,4,0,0,30,0,0
6,2,1,9,1,3,0,0,30,0,0
6,2,1,11,1,7,0,0,60,0,0
6,2,0,7,1,9,1,0,30,0,0
6,2,1,9,1,6,0,0,30,0,0
6,2,0,9,0,5,0,0,30,0,1
6,2,0,12,1,0,0,0,30,0,0
6,2,0,7,1,7,1,0,30,0,0
6,2,0,5,1,5,0,0,90,0,0
6,2,0,3,1,1,0,1,60,0,0
6,2,1,8,1,8,0,0,30,0,0
6,2,0,8,1,5,0,0,30,0,0
6,2,0,12,1,4,0,0,60,0,0
6,2,1,5,1,3,0,0,30,0,0
6,2,0,5,1,0,1,1,60,1,0
6,2,0,0,1,6,0,0,30,0,0
6,2,0,9,1,3,1,1,60,0,0
6,2,0,5,0,8,1,0,30,0,0
6,2,0,7,1,9,1,0,30,1,0
6,2,0,7,1,6,0,1,60,0,0
6,2,0,3,1,1,0,0,30,0,0
6,2,0,11,1,4,1,0,30,1,0
6,2,0,11,1,7,0,0,30,0,0
6,2,0,11,1,5,0,0,30,0,0
6,2,1,12,0,0,0,0,30,0,1
6,2,0,1,0,2,0,0,30,0,1
6,2,0,3,1,1,0,0,30,1,1
6,2,0,1,0,2,0,0,60,0,0
6,2,0,0,1,2,1,0,30,0,0
6,2,0,0,1,9,0,0,30,0,1
6,2,0,1,0,9,1,0,30,0,0
6,2,0,7,0,6,0,0,240,1,0
6,2,0,8,1,9,0,0,30,0,0
6,2,0,9,0,2,1,0,60,1,0
6,2,0,0,2,6,0,1,60,0,0
6,2,0,9,2,3,0,0,90,0,0
6,2,0,11,1,4,1,0,30,0,0
6,2,0,1,1,1,0,0,30,0,0
6,2,0,5,1,5,1,0,30,0,0
6,2,0,9,0,8,0,0,90,1,0
6,2,0,0,0,4,0,1,60,0,0
6,2,1,12,1,5,0,0,30,0,0
6,2,0,12,1,2,0,0,30,0,0
6,2,0,0,0,3,0,0,30,0,1
6,2,0,0,0,2,0,0,30,0,0
6,2,0,12,0,1,0,0,30,0,0
6,2,0,8,1,4,1,1,60,0,1
6,2,0,8,1,6,1,0,30,0,0
6,2,0,0,1,6,1,0,30,0,0
6,2,0,3,1,3,0,0,30,1,0
6,2,1,3,0,6,1,0,90,0,1
6,2,1,9,0,6,1,0,30,0,0
6,2,0,8,0,8,0,0,30,0,0
6,2,0,5,1,3,1,0,30,0,0
6,2,0,9,0,7,0,0,30,1,0
6,2,0,5,1,10,0,0,30,0,0
6,2,1,0,1,9,1,0,30,0,0
6,2,1,5,1,5,0,1,60,0,0
6,2,0,3,0,7,0,0,30,0,1
6,2,0,12,0,4,0,0,30,0,0
6,2,0,3,1,0,0,0,30,0,1
6,2,0,1,1,8,1,0,90,0,1
6,2,1,1,1,1,0,1,60,0,0
6,2,0,0,0,4,1,0,30,0,0
6,2,0,3,1,5,1,0,120,0,1
6,2,0,9,1,5,1,0,30,0,0
6,2,1,9,0,6,0,0,30,0,0
6,2,0,5,1,2,1,0,30,1,0
6,2,0,4,0,1,0,0,30,0,0
6,2,1,9,1,3,0,1,120,0,0
6,2,1,3,1,5,1,0,30,0,0
6,2,0,0,1,9,1,0,30,0,0
6,2,0,5,0,1,1,0,150,0,0
6,2,0,11,1,9,0,0,30,0,0
6,2,0,1,0,5,0,0,30,0,1
6,2,0,5,1,0,0,1,120,1,0
6,2,0,9,1,8,0,0,30,0,0
6,2,0,8,0,5,1,1,60,0,0
6,2,1,11,0,3,0,1,60,0,0
6,2,0,0,0,9,0,1,60,0,0
6,2,1,9,1,0,0,1,60,0,0
6,2,0,12,1,1,0,0,30,1,0
6,2,1,8,0,6,1,1,60,0,0
6,2,0,9,1,2,0,0,30,0,0
6,2,0,3,1,3,1,1,60,0,0
6,2,0,3,1,3,0,0,90,1,0
6,2,0,9,1,7,0,0,30,0,0
6,2,0,11,1,2,0,0,30,0,0
6,2,0,1,1,4,1,0,30,0,0
6,2,0,9,1,8,1,0,30,0,0
6,2,0,3,0,5,0,0,30,0,0
6,2,0,12,1,0,0,0,30,1,0
6,2,0,5,1,0,1,0,30,0,0
6,2,1,3,1,2,0,0,30,0,0
6,2,0,11,0,7,0,0,30,0,0
6,2,0,0,1,5,0,0,30,0,0
6,2,0,5,1,0,0,0,30,0,0
6,2,1,0,1,5,0,1,60,0,0
6,2,0,8,0,2,0,0,30,0,0
6,2,0,12,1,6,0,0,30,0,0
6,2,0,8,0,7,0,1,60,0,0
6,2,0,3,1,1,0,0,30,0,0
6,2,0,5,0,1,0,0,30,0,0
6,2,0,12,1,0,0,1,60,0,0
6,2,1,1,0,3,0,1,60,0,0
6,2,0,9,0,6,1,0,30,0,0
6,2,0,8,1,2,0,1,60,0,0
6,2,0,5,1,0,0,0,30,0,0
6,2,1,5,0,5,1,0,30,0,0
6,2,0,5,0,0,0,0,30,0,0
6,2,0,7,1,2,0,1,60,0,0
6,2,0,8,1,6,0,0,30,0,0
6,2,0,1,0,2,0,0,30,0,0
6,2,0,0,0,6,1,0,30,0,0
6,2,0,5,0,3,0,0,30,0,0
6,2,1,9,1,2,0,1,60,0,0
6,2,0,11,0,4,0,0,30,0,0
6,2,0,11,1,2,0,0,90,0,0
6,2,1,7,1,4,0,0,30,1,1
6,2,0,5,0,6,1,0,30,0,0
6,2,1,0,0,9,0,1,60,0,0
6,2,0,11,0,0,0,0,30,0,0
6,2,0,0,1,3,0,1,60,0,0
6,2,1,4,1,1,0,0,150,0,1
6,2,0,5,0,5,1,1,60,0,0
6,2,1,5,1,7,0,0,30,0,0
6,2,0,0,2,2,0,1,60,0,1
6,2,0,1,1,1,1,0,30,1,0
6,2,0,7,0,6,0,0,30,0,1
6,2,0,5,0,1,1,1,60,0,0
6,2,0,1,1,6,0,0,90,0,0
6,2,1,4,1,1,1,1,60,0,0
6,2,1,11,2,0,0,0,30,0,0
6,2,0,0,1,4,0,0,30,1,0
6,2,0,7,0,7,0,0,90,0,0
6,2,0,3,0,1,1,1,60,1,0
6,2,0,3,1,4,0,1,60,0,0
6,2,0,11,0,3,0,1,60,0,0
6,2,0,12,0,7,0,0,30,0,0
6,2,0,7,1,6,1,0,30,1,0
6,2,0,1,1,1,1,0,60,0,0
6,2,0,7,0,4,0,0,30,0,0
6,2,1,1,0,3,0,1,60,0,0
6,2,0,1,1,5,1,1,60,0,0
6,2,1,7,1,9,1,0,30,0,0
6,2,0,5,1,7,0,1,60,0,0
6,2,0,1,1,1,1,0,30,0,0
6,2,0,11,0,4,0,0,30,0,0
6,2,1,4,1,7,0,0,30,0,0
6,2,0,11,0,0,0,0,30,0,0
6,2,0,1,1,0,1,1,60,0,0
6,2,0,0,1,2,0,0,30,0,0
6,2,0,11,1,6,1,1,60,0,0
6,2,0,3,1,0,1,0,30,0,1
6,2,1,11,0,4,0,0,30,0,0
6,2,0,3,1,7,0,0,30,0,0
6,2,0,4,1,0,0,0,30,0,0
6,2,0,9,1,5,0,0,30,0,0
6,2,1,7,0,9,1,0,30,0,0
6,2,0,11,1,8,0,1,60,0,0
6,2,0,3,1,3,0,0,30,0,0
6,2,1,1,1,1,0,0,30,1,1
6,2,0,8,1,3,1,1,60,0,0
6,2,0,8,1,8,1,0,30,0,0
6,2,0,12,1,0,1,0,30,0,0
6,2,0,11,1,0,0,0,30,0,0
6,2,0,0,0,5,0,0,30,0,0
6,2,0,3,1,1,0,0,30,0,0
6,2,0,5,0,2,1,1,60,0,0
6,2,0,3,1,3,1,1,60,0,0
6,2,0,4,1,1,0,0,30,0,0
6,2,0,3,0,0,0,0,30,0,0
6,2,0,1,0,6,0,0,30,0,0
6,2,1,11,0,1,0,0,30,0,0
6,2,0,9,0,9,0,0,30,0,1
6,2,0,5,0,8,1,0,30,0,0
6,2,0,5,0,5,1,0,30,0,0
6,2,0,3,1,2,1,1,60,0,0
6,2,0,11,1,3,0,0,60,0,0
6,2,0,0,1,8,0,0,30,1,0
6,2,0,9,0,5,1,0,30,0,0
6,2,0,9,0,5,1,0,30,0,0
6,2,0,5,1,0,0,0,30,0,0
6,2,0,1,1,8,0,0,30,0,0
6,2,0,5,1,0,0,0,30,0,0
6,2,1,3,0,1,0,0,30,0,0
6,2,0,0,0,1,0,0,30,0,0
6,2,0,1,0,1,0,0,30,0,1
6,2,0,5,1,0,0,0,30,0,0
6,2,0,7,1,9,0,0,30,0,0
6,2,0,7,1,9,1,0,30,0,0
6,2,0,0,1,9,1,0,30,0,0
6,2,0,4,1,5,0,0,30,0,0
6,2,1,9,1,3,0,0,30,1,1
6,2,0,9,1,2,0,0,30,0,0
6,2,0,5,1,0,0,0,30,0,0
6,2,0,0,0,4,1,0,30,0,0
6,2,0,9,0,8,0,0,30,0,0
6,2,0,3,0,3,0,0,30,1,0
6,2,0,8,0,9,1,0,30,0,0
6,2,1,4,1,4,0,0,30,0,0
6,2,0,0,1,0,1,0,30,0,0
6,2,0,12,1,2,1,0,30,0,0
6,2,1,5,0,0,1,0,30,1,0
6,2,0,9,0,3,0,0,30,0,0
6,2,0,7,1,3,1,0,30,0,0
6,2,0,5,1,4,0,0,30,0,0
6,2,1,3,1,1,1,0,30,1,0
6,2,0,5,1,5,0,0,30,0,0
6,2,0,5,1,0,1,0,30,0,0
6,2,0,0,1,5,1,0,30,0,0
6,2,0,8,0,7,0,0,30,0,0
6,2,1,1,1,2,0,0,30,0,0
6,2,0,3,1,2,0,0,90,0,0
6,2,0,7,1,3,0,0,30,0,0
6,2,0,5,1,0,0,0,30,0,0
6,2,0,9,0,2,1,0,30,1,0
6,2,1,12,1,4,0,0,30,0,0
6,2,0,9,1,4,1,0,30,0,1
6,2,0,12,1,4,0,0,30,0,0
6,2,0,4,1,0,0,0,30,0,0
6,2,1,8,0,5,1,0,30,0,0
6,2,0,9,0,2,0,0,30,0,0
6,2,0,11,1,0,1,0,30,1,0
6,2,0,5,1,2,1,0,30,0,0
6,2,0,5,1,5,1,0,30,0,0
6,2,0,3,1,1,0,0,30,0,1
6,2,0,5,0,4,0,0,30,0,0
6,2,0,3,1,3,1,0,30,0,0
6,2,0,12,0,2,1,0,30,0,0
6,2,0,0,1,2,0,0,30,0,0
6,2,0,0,1,5,0,0,30,0,0
6,2,1,9,1,9,1,0,30,0,0
6,2,0,7,0,5,0,0,30,0,0
6,2,0,12,1,0,0,0,30,0,0
6,2,0,9,0,5,1,0,30,0,0
6,2,0,5,1,9,0,0,30,0,0
6,2,0,7,1,0,0,0,30,0,0
6,2,0,5,2,0,0,0,30,0,0
6,2,0,12,1,0,0,0,30,0,0
6,2,0,11,1,2,0,0,30,0,0
6,2,0,9,1,6,1,0,30,0,0
6,2,1,5,0,0,0,0,30,1,0
6,2,0,12,1,2,0,0,30,0,0
6,2,0,9,1,3,0,0,30,1,0
6,2,0,8,1,3,0,0,90,0,1
6,2,1,1,1,6,0,0,30,0,0
6,2,0,1,0,8,0,0,30,0,0
6,2,0,0,1,8,0,0,30,0,0
6,2,1,3,0,6,1,0,30,0,0
6,2,1,0,1,8,2,0,90,0,0
6,2,0,1,0,4,0,0,30,0,0
6,2,0,4,0,3,0,0,30,0,0
6,2,0,4,1,0,0,0,30,0,0
6,2,0,0,1,4,1,0,30,1,0
6,2,0,11,1,6,0,0,30,0,0
6,2,0,9,0,7,0,0,30,0,0
6,2,0,9,1,5,0,0,30,0,0
6,2,0,12,0,2,0,0,30,1,0
6,2,0,8,1,4,0,0,30,1,0
6,2,0,9,1,4,1,0,30,0,0
6,2,0,3,1,0,0,0,30,0,0
6,2,0,3,1,4,0,0,30,0,0
6,2,0,9,1,0,0,0,30,0,0
6,2,0,0,0,1,0,0,30,0,0
6,2,0,4,1,0,1,0,30,0,0
6,2,0,11,0,0,1,0,30,0,0
6,2,0,9,0,3,1,0,30,0,0
6,2,0,5,1,0,0,0,60,1,0
6,2,0,0,1,2,0,0,30,0,0
6,2,0,3,1,2,0,0,30,0,0
6,2,0,9,1,10,0,0,30,0,0
6,2,0,7,1,6,0,0,30,0,0
6,2,0,1,1,3,0,0,30,0,0
6,2,0,3,0,7,1,0,30,0,0
6,2,0,5,0,0,0,0,30,0,1
6,2,0,5,1,7,1,0,30,0,0
6,2,0,3,0,1,1,0,30,0,0
6,2,1,3,0,6,0,0,30,0,0
6,2,0,11,1,0,0,0,30,1,0
6,2,0,0,1,5,0,0,30,1,1
6,2,0,4,1,7,1,0,30,0,0
6,2,0,0,1,2,0,0,30,0,0
6,2,0,12,0,6,0,0,30,0,1
6,2,1,7,0,6,1,0,30,1,0
6,2,0,3,1,1,1,0,30,1,0
6,2,0,3,0,5,0,0,30,0,0
6,2,0,8,1,4,0,0,30,1,0
6,2,0,7,0,7,0,0,30,0,0
6,2,1,5,1,1,0,0,30,0,0
6,2,0,12,0,8,1,0,30,0,0
6,2,0,8,0,7,1,0,30,0,0
6,2,1,3,0,2,1,0,30,0,0
6,2,0,3,0,3,0,0,30,0,0
6,2,0,7,1,2,0,0,30,1,0
6,2,0,0,1,0,1,0,30,0,0
6,2,0,3,0,1,0,0,30,1,1
6,2,0,5,1,0,0,0,30,1,0
6,2,0,0,1,3,1,0,30,0,0
6,2,0,9,1,6,0,0,30,0,0
6,2,0,1,0,8,1,0,30,0,0
6,2,0,12,0,2,0,0,30,1,0
6,2,0,3,1,6,0,0,30,0,0
6,2,0,12,0,3,0,0,30,0,0
6,2,0,7,1,9,0,0,30,0,0
6,2,1,5,1,1,1,0,30,0,0
6,2,1,3,0,1,1,0,30,0,1
6,2,0,0,1,3,0,0,30,0,0
6,2,0,4,0,3,0,0,30,0,0
6,2,0,0,0,8,0,0,30,0,0
6,2,1,11,0,8,0,0,60,0,1
6,2,0,3,1,1,0,0,30,0,0
6,2,0,4,1,1,1,0,30,0,0
6,2,0,12,1,3,1,0,30,1,0
6,2,0,5,1,0,0,0,30,0,1
6,2,0,0,1,6,1,0,30,1,0
6,2,1,9,1,2,0,0,30,1,1
6,2,0,1,0,8,0,0,30,0,0
6,2,0,3,2,1,0,0,30,0,0
6,2,0,0,2,2,0,0,30,0,0
6,2,0,5,1,3,0,0,30,0,0
6,2,0,0,1,9,0,0,30,1,1
6,2,0,8,1,3,0,0,30,0,0
6,2,1,1,1,7,1,0,30,0,1
6,2,0,1,0,0,1,0,30,0,1
6,2,0,9,0,6,0,0,30,0,0
6,2,0,3,1,2,1,0,30,0,0
6,2,0,7,1,2,0,0,30,1,0
6,2,0,0,1,6,0,0,30,0,0
6,2,0,9,0,9,0,0,30,0,0
6,2,0,0,1,5,1,0,30,0,0
6,2,0,8,1,5,1,0,150,0,0
6,2,0,3,0,4,1,0,30,0,1
6,2,0,12,1,9,0,0,30,0,0
6,2,0,11,0,0,0,0,30,0,0
6,2,0,8,1,1,1,0,30,0,0
6,2,0,5,1,1,1,0,30,1,1
6,2,0,5,1,0,1,0,30,0,0
6,2,0,8,1,6,0,0,30,0,0
6,2,0,3,1,4,0,0,30,0,0
6,2,0,9,1,3,1,0,30,0,1
6,2,1,0,0,9,0,0,30,1,0
6,2,0,5,1,5,0,0,30,0,0
6,2,0,0,1,1,0,0,30,0,0
6,2,0,11,1,1,0,0,30,0,0
6,2,0,3,1,1,0,0,30,1,0
6,2,1,5,1,0,1,0,30,1,1
6,2,0,8,0,9,1,0,30,0,0
6,2,0,3,2,5,0,0,30,0,0
6,2,0,11,1,1,0,0,30,0,0
6,2,0,12,0,1,0,0,30,0,0
6,2,0,7,0,9,0,0,30,0,1
6,2,1,1,1,6,0,0,30,1,1
6,2,0,4,1,0,0,0,30,0,0
6,2,0,0,1,2,0,0,30,0,0
6,2,1,0,1,5,0,0,30,0,1
6,2,0,9,1,5,0,0,30,1,0
6,2,0,12,0,1,0,0,30,0,0
6,2,0,8,1,7,0,0,30,0,0
6,2,0,8,1,5,1,0,30,0,0
6,2,0,4,0,5,0,0,30,0,0
6,2,0,12,1,0,1,0,30,0,0
6,2,1,7,1,9,0,0,30,0,0
6,2,0,8,0,4,0,0,30,0,0
6,2,0,5,0,1,1,0,30,0,0
6,2,0,3,1,1,0,0,30,0,0
6,2,0,3,1,2,0,0,30,0,0
6,2,0,6,1,5,1,0,30,0,0
6,2,0,1,1,2,0,0,30,0,0
6,2,0,0,1,7,0,0,30,0,0
6,2,0,12,0,2,1,0,30,0,1
6,2,1,7,0,5,0,0,30,0,1
6,2,0,9,0,4,0,0,30,0,0
6,2,0,12,1,2,0,0,30,0,0
6,2,1,11,1,0,1,0,90,0,1
6,2,0,12,0,2,1,0,30,0,1
6,2,0,8,1,3,1,0,30,1,0
6,2,0,7,0,1,1,0,30,0,0
6,2,0,0,0,8,0,0,30,0,0
6,2,0,5,1,3,0,0,30,0,0
6,2,0,0,2,1,0,0,30,0,0
6,2,0,11,1,8,1,0,30,0,0
6,2,1,12,1,7,1,0,30,0,1
6,2,0,0,2,1,0,0,30,0,0
6,2,0,0,1,5,1,0,30,1,0
6,2,0,12,1,0,0,0,30,0,0
6,2,1,0,0,5,0,0,30,0,0
6,2,0,8,1,5,1,0,30,0,0
6,2,0,3,0,9,1,0,30,0,1
6,2,1,9,0,2,1,0,30,0,0
6,2,0,4,2,1,0,0,30,0,0
6,2,0,0,1,1,0,0,30,0,0
6,2,1,8,1,3,1,0,30,0,0
6,2,0,0,1,5,0,0,30,0,0
6,2,1,3,0,0,0,0,30,0,0
6,2,0,1,1,8,0,0,90,0,1
6,2,0,3,2,2,1,0,30,0,0
6,2,0,7,1,4,0,0,30,0,0
6,2,1,7,1,8,1,0,30,0,0
6,2,0,8,1,8,1,0,30,0,0
6,2,1,0,1,2,1,0,30,0,0
6,2,0,8,2,9,0,0,30,0,0
6,2,0,1,0,8,1,0,30,0,0
6,2,1,4,1,6,0,0,30,0,0
6,2,0,4,1,4,0,0,30,0,0
6,2,0,7,0,2,0,0,30,0,0
6,2,0,8,0,8,0,0,30,0,0
6,2,0,7,1,4,0,0,30,0,0
6,2,0,8,0,9,1,0,30,0,0
6,2,0,1,1,9,1,0,30,0,0
6,2,0,5,1,3,1,0,30,0,0
6,2,1,11,1,0,0,0,30,1,0
6,2,1,5,1,2,0,0,90,1,0
6,2,1,11,0,3,0,0,90,0,0
6,2,1,12,1,5,0,0,30,0,0
6,2,0,1,1,4,1,0,30,0,1
6,2,1,8,0,9,0,0,30,0,0
6,2,0,8,0,8,0,0,30,0,0
6,2,0,11,1,0,1,0,30,0,0
6,2,0,8,1,3,0,0,30,0,0
6,2,0,0,1,5,1,0,30,0,0
6,2,0,9,1,6,1,0,30,1,0
6,2,0,11,1,4,1,0,30,0,0
6,2,0,3,1,1,0,0,90,0,0
6,2,0,3,1,5,0,0,30,0,0
6,2,0,12,1,4,0,0,30,0,0
6,2,0,1,2,0,0,0,30,0,0
6,2,0,8,1,0,0,0,30,1,1
6,2,0,9,1,4,1,0,30,1,0
6,2,1,8,1,3,0,0,30,0,0
6,2,0,8,0,4,1,0,30,0,0
6,2,0,12,0,4,1,0,30,0,0
6,2,0,8,1,7,0,0,30,0,0
6,2,0,12,1,0,0,0,30,0,0
6,2,0,12,0,1,0,0,30,0,0
6,2,0,8,0,9,1,0,30,0,0
6,2,0,0,1,3,0,0,30,0,0
6,2,0,9,1,6,1,0,30,0,0
6,2,1,12,0,0,0,0,30,0,1
6,2,0,0,1,8,1,0,30,0,1
6,2,0,1,0,3,0,0,30,0,0
6,2,0,3,1,1,1,0,30,0,0
6,2,1,8,1,8,1,0,30,0,0
6,2,0,11,1,0,0,0,30,0,0
6,2,0,9,0,6,1,0,30,0,0
6,2,0,7,1,4,0,0,30,1,0
6,2,0,0,1,4,1,0,30,0,0
6,2,0,11,0,2,1,0,30,0,0
6,2,0,1,0,3,0,0,30,0,0
6,2,0,11,1,9,1,0,30,0,0
6,2,0,8,1,5,0,0,30,0,0
6,2,0,3,0,0,0,0,30,0,0
6,2,0,5,0,1,0,0,90,0,0
6,2,1,4,0,9,0,0,30,0,0
6,2,0,12,0,3,1,0,30,0,0
6,2,0,0,1,2,1,0,30,1,0
6,2,0,9,1,1,0,0,30,0,0
6,2,0,9,1,5,0,0,30,0,0
6,2,0,12,1,6,0,0,30,0,1
6,2,0,8,0,4,1,0,30,0,0
6,2,0,3,1,3,1,0,30,0,0
6,2,0,0,0,6,1,0,30,1,0
6,2,0,5,1,2,0,0,30,0,1
6,2,0,7,1,5,0,0,30,0,0
6,2,0,0,1,9,1,0,30,0,0
6,2,0,9,0,3,0,0,30,0,0
6,2,1,7,1,3,1,0,90,0,0
6,2,0,3,0,3,0,0,30,0,0
6,2,0,8,1,4,0,0,30,0,0
6,2,1,3,1,8,1,0,30,0,0
6,2,0,3,1,3,1,0,30,0,0
6,2,0,7,1,7,0,0,30,0,0
6,2,0,8,1,8,0,0,30,0,0
6,2,0,5,1,5,1,0,30,0,0
6,2,0,5,0,5,0,0,30,0,0
6,2,0,3,1,2,0,0,30,0,0
6,2,1,9,1,6,1,0,30,0,0
6,2,0,1,1,2,0,0,30,0,0
6,2,0,0,1,8,0,0,30,0,0
6,2,0,8,0,9,1,0,30,0,0
6,2,0,8,0,6,0,0,60,0,0
6,2,0,3,1,0,0,0,30,0,0
6,2,0,1,1,2,1,0,30,0,0
6,2,0,5,0,0,1,0,30,0,0
6,2,0,5,0,3,0,0,30,0,0
6,2,0,1,1,4,1,0,30,0,1
6,2,1,3,0,2,0,0,30,1,0
6,2,0,0,0,5,0,0,30,0,0
6,2,0,0,0,3,1,0,90,0,0
6,2,0,3,1,1,0,0,30,0,0
6,2,1,7,0,3,0,0,30,0,0
6,2,1,0,0,9,0,0,30,1,0
6,2,0,0,1,0,0,0,30,0,0
6,2,0,9,0,0,0,0,30,0,0
6,2,0,11,1,4,1,0,30,0,0
6,2,0,8,1,8,0,0,60,0,0
6,2,1,7,0,5,0,0,30,0,0
6,2,0,8,0,8,0,0,30,1,0
6,2,0,3,2,1,0,0,30,0,1
6,2,0,8,1,8,1,0,30,0,0
6,2,0,3,0,3,0,0,30,0,0
6,2,1,3,1,2,0,0,30,0,0
6,2,0,5,1,7,0,0,30,0,0
6,2,0,3,1,1,1,0,30,1,0
6,2,1,5,0,6,0,0,90,0,0
6,2,0,11,1,0,0,0,30,0,0
6,2,1,12,1,0,1,0,30,0,0
6,2,0,12,1,3,1,0,30,0,0
6,2,1,9,1,5,0,0,30,0,0
6,2,0,0,1,4,0,0,30,0,0
6,2,1,9,0,4,0,0,30,0,0
6,2,0,11,1,8,0,0,30,0,0
6,2,0,0,0,9,0,0,30,0,0
6,2,1,12,1,1,0,0,60,0,0
6,2,0,7,1,3,0,0,30,0,0
6,2,1,11,1,4,0,0,30,0,0
6,2,0,1,0,5,0,0,30,0,0
6,2,0,0,1,7,1,0,30,0,0
6,2,0,11,1,1,0,0,30,0,0
6,2,0,8,1,4,0,0,30,0,0
6,2,0,7,1,6,0,0,30,0,0
6,2,0,5,1,0,1,0,30,1,0
6,2,0,7,1,3,0,0,30,0,1
6,2,1,0,0,9,0,0,30,0,0
6,2,0,11,0,2,0,0,30,0,0
6,2,1,5,1,0,0,0,30,0,1
6,2,0,1,1,1,0,0,30,0,0
6,2,0,11,1,1,0,0,30,0,0
6,2,1,1,1,8,1,0,30,0,0
6,2,0,0,1,4,0,0,30,0,0
6,2,0,9,1,9,0,0,90,0,1
6,2,0,4,1,4,0,0,30,0,0
6,2,0,3,1,2,0,0,30,0,1
6,2,0,8,1,4,0,0,30,1,0
6,2,0,12,1,8,1,0,30,0,0
6,2,0,3,1,2,0,0,30,0,1
6,2,0,7,1,5,0,0,30,1,0
6,2,0,3,1,1,0,0,30,0,0
6,2,0,11,0,8,1,0,30,0,0
6,2,0,5,0,1,0,0,30,0,0
6,2,0,5,1,5,0,0,30,0,0
6,2,0,0,1,2,1,0,30,0,0
6,2,0,1,1,5,1,0,30,0,0
6,2,0,3,1,5,0,0,30,0,0
6,2,1,1,1,7,0,0,30,0,0
6,2,0,8,0,9,1,0,30,0,0
6,2,0,8,1,1,0,0,30,0,1
6,2,0,7,1,2,1,0,30,0,0
6,2,0,12,0,3,0,0,30,0,0
6,2,0,11,1,7,0,0,30,0,0
6,2,1,0,0,1,0,0,30,1,0
6,2,1,5,0,1,1,0,30,1,0
6,2,0,7,0,7,0,0,30,0,1
6,2,0,12,1,5,1,0,30,0,0
6,2,0,0,0,9,1,0,30,1,0
6,2,1,12,1,0,0,0,30,1,0
6,2,0,0,0,0,0,0,30,1,0
6,2,0,5,1,0,0,0,30,0,1
6,2,0,3,1,3,0,0,30,0,0
6,2,0,3,1,2,0,0,30,0,0
6,2,0,3,1,0,0,0,30,0,0
6,2,1,8,1,2,0,0,30,0,1
6,2,0,12,1,1,0,0,30,0,1
6,2,0,11,1,6,1,0,30,0,0
6,2,1,3,1,0,1,0,30,0,0
6,2,0,1,1,2,0,0,30,0,1
6,2,0,7,1,3,0,0,30,0,0
6,2,0,12,0,4,0,0,30,0,0
6,2,1,12,1,3,1,0,60,0,0
6,2,1,9,1,4,0,0,30,0,0
6,2,0,1,1,4,1,0,30,0,0
6,2,0,0,1,2,1,0,30,0,0
6,2,0,12,1,5,0,0,30,0,1
6,2,0,7,1,5,1,0,30,0,0
6,2,0,3,0,2,1,0,30,0,0
6,2,0,11,0,0,1,0,30,0,0
6,2,0,3,1,1,0,0,30,0,0
6,2,0,0,1,1,0,0,30,0,0
6,2,0,12,1,1,0,0,30,0,0
6,2,1,7,1,7,0,0,30,0,0
6,2,1,4,0,7,0,0,30,0,1
6,2,0,1,0,7,0,0,30,0,0
6,2,0,9,1,9,1,0,30,0,0
6,2,1,0,1,6,1,0,30,1,0
6,2,0,4,0,7,0,0,30,0,0
6,2,0,7,1,1,1,0,30,1,0
6,2,0,4,2,1,0,0,30,0,0
6,2,1,3,1,6,0,0,30,0,0
6,2,1,4,1,2,1,0,30,0,0
6,2,0,7,1,0,0,0,30,0,1
6,2,0,3,1,3,0,0,30,0,0
6,2,1,9,0,8,1,0,30,0,1
6,2,0,5,1,2,1,0,30,0,0
6,2,0,8,1,6,0,0,30,0,0
6,2,0,11,1,3,1,0,30,0,0
6,2,0,3,0,5,0,0,30,1,0
6,2,0,0,1,5,0,0,30,0,0
6,2,0,1,0,8,0,0,90,1,0
6,2,0,3,0,2,1,0,30,1,0
6,2,1,3,0,1,1,0,30,0,0
6,2,1,1,1,7,1,0,30,0,0
6,2,1,3,0,2,0,0,30,0,0
6,2,0,7,1,6,1,0,30,0,0
6,2,0,12,0,1,0,0,30,0,0
6,2,0,11,0,3,1,0,30,0,0
6,2,1,7,1,9,0,0,30,0,0
6,2,1,0,1,9,1,0,30,0,0
6,2,0,11,0,3,0,0,30,0,0
6,2,0,8,0,8,0,0,30,0,0
6,2,0,3,1,1,0,0,30,0,0
6,2,0,0,1,9,0,0,30,0,0
6,2,0,6,0,7,0,0,30,0,0
6,2,0,1,1,0,0,0,30,0,0
6,2,0,12,1,7,0,0,30,0,0
6,2,0,1,0,8,1,0,30,0,0
6,2,0,5,1,1,0,0,30,0,0
6,2,0,5,1,6,1,0,30,0,0
6,2,0,5,1,6,1,0,30,0,0
6,2,1,1,0,8,0,0,30,1,0
6,2,0,3,0,4,1,0,30,0,0
6,2,0,8,1,5,0,0,30,0,0
6,2,0,11,1,1,1,0,30,0,0
6,2,1,11,1,0,0,0,30,0,0
6,2,0,12,0,4,0,0,30,0,0
6,2,0,0,0,9,1,0,30,0,0
6,2,0,4,1,1,0,0,30,0,0
6,2,0,7,1,6,1,0,30,0,0
6,2,1,7,1,7,1,0,30,0,0
6,2,1,12,0,1,1,0,30,0,0
6,2,1,0,0,1,0,0,30,0,0
6,2,0,12,0,3,0,0,30,0,0
6,2,1,3,0,1,0,0,30,0,0
6,2,1,1,1,2,1,0,30,0,0
6,2,0,11,0,0,0,0,30,0,0
6,2,0,11,1,3,0,0,30,0,0
6,2,0,0,1,1,1,0,30,0,0
6,2,0,4,1,6,0,0,30,0,0
6,2,0,5,1,1,1,0,30,1,0
6,2,0,7,1,6,0,0,30,0,0
6,2,1,12,0,7,0,0,30,0,0
6,2,1,3,1,8,0,0,30,1,0
6,2,0,4,1,7,1,0,30,0,1
6,2,0,3,1,7,1,0,30,0,0
6,2,0,7,1,3,1,0,30,0,0
6,2,0,3,1,0,0,0,30,0,0
6,2,0,1,1,1,1,0,30,1,0
6,2,0,8,0,10,0,0,30,0,0
6,2,0,9,1,7,0,0,30,0,0
6,2,0,3,0,6,0,0,30,0,0
6,2,0,8,1,3,0,0,30,0,0
6,2,1,5,1,1,0,0,30,0,0
6,2,0,1,1,4,0,0,30,0,0
6,2,0,9,0,6,0,0,30,0,0
6,2,0,8,0,8,0,0,30,0,0
6,2,0,3,0,1,0,0,30,0,0
6,2,0,12,1,0,0,0,30,0,0
6,2,0,0,0,8,1,0,30,0,0
6,2,1,3,1,1,1,0,30,0,0
6,2,0,9,1,9,0,0,30,0,0
6,2,0,7,0,9,0,0,30,0,1
6,2,0,11,1,0,0,0,30,0,0
6,2,0,1,1,9,0,0,30,0,0
6,2,0,0,1,2,1,0,30,1,0
6,2,0,8,1,3,1,0,30,0,0
6,2,0,7,1,5,1,0,30,0,0
6,2,0,1,0,1,1,0,30,0,0
6,2,1,12,1,8,1,0,60,0,1
6,2,0,11,0,4,1,0,30,0,0
6,2,0,5,0,0,0,0,30,0,0
6,2,1,5,0,7,0,0,30,0,0
6,2,0,3,0,1,1,0,30,0,0
6,2,0,11,1,2,0,0,30,0,0
6,2,1,8,1,0,0,0,30,0,0
6,2,0,3,0,0,1,0,30,0,1
6,2,0,0,1,7,1,0,30,0,0
6,2,0,9,1,5,1,0,30,0,0
6,2,0,1,1,3,1,0,30,0,0
6,2,0,0,1,0,1,0,30,0,0
6,2,0,7,0,3,1,0,30,1,1
6,2,0,11,1,4,1,0,30,1,0
6,2,0,12,0,8,1,0,30,0,1
6,2,0,5,1,0,0,0,30,0,0
6,2,0,5,0,2,1,0,30,0,0
6,2,0,0,0,9,1,0,30,0,0
6,2,0,12,0,5,1,0,30,0,0
6,2,0,3,0,2,0,0,30,0,0
6,2,0,5,1,3,1,0,30,0,0
6,2,0,3,0,3,0,0,30,1,0
6,2,0,1,1,2,1,0,30,0,1
6,2,0,12,0,7,1,0,30,0,0
6,2,1,1,1,5,0,0,30,1,0
6,2,0,5,0,6,1,0,30,0,1
6,2,1,5,0,0,1,0,120,1,0
6,2,1,12,0,1,0,0,30,0,0
6,2,0,9,1,2,1,0,30,1,1
6,2,0,11,0,7,1,0,30,0,0
6,2,0,5,0,0,0,0,30,1,0
6,2,0,3,0,1,1,0,30,0,0
6,2,0,12,0,2,0,0,30,0,1
6,2,0,8,1,5,0,0,30,0,0
6,2,0,1,1,4,0,0,30,0,1
6,2,0,12,1,3,0,0,30,0,0
6,2,0,5,0,6,1,0,30,0,0
6,2,0,7,0,1,0,0,30,0,0
6,2,0,5,1,1,1,0,30,1,0
6,2,1,12,1,7,0,0,30,0,0
6,2,0,12,1,8,1,0,30,0,0
6,2,0,4,0,4,1,0,30,0,0
6,2,0,1,0,0,0,0,30,0,0
6,3,1,1,1,2,1,0,30,1,0
6,3,0,6,1,2,1,0,30,0,0
6,3,0,3,0,3,1,0,30,0,0
6,3,0,2,1,3,0,0,30,0,0
6,3,0,12,1,0,0,0,30,0,1
6,3,0,11,0,1,0,0,30,0,1
6,3,1,5,0,2,0,0,30,0,0
6,3,0,0,1,8,0,0,30,1,0
6,3,1,8,0,2,1,0,30,0,0
6,3,0,9,1,6,1,0,30,1,0
6,3,0,9,0,3,0,0,90,0,1
6,3,1,9,1,4,0,0,30,1,0
6,3,0,8,1,5,2,0,30,0,0
6,3,0,0,0,2,1,0,30,0,0
6,3,1,9,0,1,0,0,30,0,0
6,3,0,3,1,4,1,0,30,0,0
6,3,0,3,1,5,1,0,30,0,0
6,3,0,1,1,1,1,1,30,0,0
6,3,0,0,2,7,0,0,30,0,0
6,3,1,5,1,1,0,0,30,0,0
6,3,1,9,1,0,1,0,30,1,0
6,3,0,9,0,3,0,0,30,1,0
6,3,0,6,0,1,1,0,30,0,0
6,3,0,5,1,0,1,0,30,1,0
6,3,0,0,1,6,1,0,90,0,0
6,3,1,0,0,5,0,0,120,0,0
6,3,0,4,0,1,1,0,30,0,0
6,3,1,8,1,9,0,0,30,1,0
6,3,0,7,1,5,1,0,30,0,0
6,3,0,0,1,9,0,0,30,0,0
6,3,0,3,1,6,0,0,30,0,0
6,3,0,1,1,8,0,0,30,0,0
6,3,0,1,1,6,0,0,30,0,0
6,3,1,3,1,3,1,0,30,0,0
6,3,0,8,1,4,0,0,30,0,0
6,3,0,8,1,4,1,0,30,0,0
6,3,0,0,0,6,0,0,30,0,0
6,3,1,5,1,1,0,0,30,1,0
6,3,0,10,0,6,1,0,30,0,0
6,3,0,9,1,4,1,0,30,1,0
6,3,0,1,1,0,1,0,30,0,0
6,3,0,7,0,6,0,0,30,0,0
6,3,0,12,0,7,0,0,30,0,1
6,3,0,5,1,0,0,0,30,0,0
6,3,0,7,1,2,1,0,30,0,0
6,3,1,3,1,3,0,0,30,0,1
6,3,0,0,1,4,0,0,30,0,0
6,3,0,0,0,8,1,0,30,0,0
6,3,0,12,0,4,1,0,30,0,0
6,3,0,10,1,5,1,0,30,1,0
6,3,0,1,1,8,0,0,60,0,1
6,3,0,12,0,3,0,0,30,0,0
6,3,0,9,1,4,0,0,30,1,0
6,3,1,1,1,7,0,0,30,0,0
6,3,0,5,1,1,1,0,30,0,0
6,3,1,8,0,8,1,0,30,0,0
6,3,1,7,1,3,0,0,30,1,0
6,3,0,1,1,5,1,0,30,0,0
6,3,0,1,1,2,1,0,30,0,0
6,3,1,3,1,8,0,0,30,0,0
6,3,1,9,1,5,1,0,30,0,0
6,3,0,1,1,6,0,0,30,0,0
6,3,0,12,1,4,1,2,30,0,0
6,3,0,5,1,1,1,0,60,0,1
6,3,0,10,1,5,1,0,30,0,0
6,3,0,0,2,1,0,0,30,0,1
6,3,0,5,1,0,0,0,30,1,0
6,3,0,7,0,7,1,0,30,0,0
6,3,0,9,1,6,1,0,30,1,1
6,3,0,9,1,1,0,0,30,1,0
6,3,0,11,0,0,1,1,30,0,0
6,3,0,9,0,5,0,0,30,0,0
6,3,1,0,0,2,1,0,30,0,0
6,3,0,7,1,5,0,0,30,1,0
6,3,0,11,1,9,0,0,30,0,0
6,3,0,7,1,1,0,0,30,0,0
6,3,1,8,0,6,0,0,30,0,0
6,3,0,8,1,2,1,0,30,0,0
6,3,0,11,1,0,0,0,30,1,0
6,3,0,10,0,2,0,0,30,0,0
6,3,0,7,1,6,1,0,60,0,0
6,3,0,11,0,0,1,0,30,0,0
6,3,0,5,0,0,0,0,30,0,0
6,3,0,10,1,1,0,0,30,0,0
6,3,1,12,0,0,0,0,60,0,0
6,3,0,3,1,5,0,2,30,0,0
6,3,1,3,1,1,1,1,60,1,0
6,3,0,9,0,4,1,0,30,0,0
6,3,1,3,1,0,1,0,30,0,0
6,3,0,0,1,4,1,0,30,1,0
6,3,0,3,1,4,0,1,30,0,0
6,3,0,3,1,0,0,0,30,0,0
6,3,0,8,1,3,1,0,120,0,0
6,3,0,12,1,0,0,0,30,0,0
6,3,1,0,1,8,2,0,30,0,0
6,3,1,3,1,8,1,0,30,0,0
6,3,0,8,1,5,0,0,30,0,0
6,3,0,5,1,0,0,0,30,0,0
6,3,0,7,1,8,1,0,30,0,0
6,3,0,11,0,0,1,1,30,0,1
6,3,0,1,0,1,1,0,30,0,0
6,3,0,5,1,7,0,0,30,0,0
6,3,0,11,1,7,0,0,150,0,1
6,3,0,5,1,2,0,0,30,0,0
6,3,0,1,1,8,0,0,30,0,0
6,3,0,8,1,9,1,0,30,0,0
6,3,0,6,1,2,0,0,90,0,1
6,3,0,3,1,3,1,0,30,1,0
6,3,1,3,2,1,1,0,30,0,0
6,3,0,9,0,2,1,0,30,0,0
6,3,0,8,2,9,0,2,30,0,0
6,3,0,5,0,2,0,1,30,0,1
6,3,0,7,1,6,1,1,30,1,0
6,3,0,12,1,7,1,0,30,0,0
6,3,0,11,1,4,1,1,30,1,0
6,3,0,12,0,0,0,2,30,0,0
6,3,1,11,1,3,1,1,30,0,0
6,3,0,0,1,9,1,1,30,0,0
6,3,0,7,1,2,0,0,30,0,1
6,3,0,0,1,6,1,0,30,0,0
6,3,0,7,1,8,0,1,30,0,0
6,3,0,0,1,2,1,0,30,0,0
6,3,0,8,1,8,0,0,30,1,0
6,3,0,1,0,0,0,0,30,0,0
6,3,0,8,1,4,1,0,90,0,0
6,3,0,7,0,2,0,0,30,0,0
6,3,0,1,1,6,1,0,30,1,0
6,3,0,4,1,1,1,0,30,0,0
6,3,0,5,1,0,1,1,30,0,0
6,3,0,11,0,7,1,0,30,0,0
6,3,0,6,1,6,0,0,30,0,0
6,3,0,9,1,2,1,0,30,1,1
6,3,0,11,0,4,0,0,30,0,0
6,3,0,0,1,4,0,0,30,0,0
6,3,0,5,1,0,0,1,30,0,0
6,3,0,0,1,8,1,0,30,1,1
6,3,0,11,0,4,0,0,30,0,0
6,3,0,9,1,7,0,1,30,0,0
6,3,0,7,0,7,0,0,30,0,0
6,3,0,0,1,8,0,0,30,1,0
6,3,0,0,0,9,1,0,30,1,0
6,3,0,3,0,1,0,0,30,0,0
6,3,0,5,0,2,0,0,30,0,0
6,3,0,3,0,9,1,1,30,0,0
6,3,0,9,1,9,0,0,30,0,0
6,3,1,6,1,7,0,0,90,0,0
6,3,0,1,1,7,1,0,30,1,0
6,3,1,1,1,2,0,0,30,0,1
6,3,0,8,0,5,0,0,30,0,0
6,3,0,0,1,4,0,0,30,0,0
6,3,0,12,1,3,0,0,30,0,0
6,3,0,0,1,2,0,1,30,0,0
6,3,0,12,1,6,0,1,30,0,0
6,3,0,1,1,7,1,1,30,0,0
6,3,0,8,1,5,1,1,30,0,0
6,3,0,9,1,7,0,0,30,0,0
6,3,0,3,0,1,1,1,90,0,0
6,3,0,0,0,3,1,0,30,0,0
6,3,1,3,1,0,0,0,30,0,0
6,3,0,8,1,8,0,0,30,0,0
6,3,0,11,0,5,1,0,30,0,0
6,3,0,3,1,3,0,0,30,0,0
6,3,0,0,1,5,0,0,30,1,0
6,3,0,1,0,7,0,0,30,0,0
6,3,0,8,0,5,1,0,30,1,0
6,3,0,12,1,7,0,1,30,0,0
6,3,0,6,1,0,0,0,30,0,0
6,3,0,9,1,3,1,0,30,0,0
6,3,1,5,0,2,0,0,30,0,0
6,3,0,1,1,3,0,0,30,0,0
6,3,0,0,1,6,0,0,30,0,0
6,3,0,8,1,5,0,0,30,0,0
6,3,0,0,0,5,1,0,30,0,0
6,3,0,0,0,6,1,0,30,1,0
6,3,0,8,0,7,0,0,60,0,0
6,3,1,8,1,4,0,0,30,0,0
6,3,0,5,1,0,0,0,30,0,0
6,3,0,7,1,9,0,0,30,1,0
6,3,0,3,0,4,0,0,30,0,0
6,3,0,9,0,3,1,0,30,0,1
6,3,1,0,1,2,1,0,30,0,0
6,3,0,5,0,2,0,0,30,0,0
6,3,0,11,0,7,0,0,30,0,0
6,3,0,1,1,4,0,0,30,0,1
6,3,0,7,1,6,0,0,30,1,0
6,3,0,8,1,9,0,0,30,0,0
6,3,0,7,0,8,1,0,30,0,0
6,3,0,11,1,1,0,0,60,0,1
6,3,1,11,1,4,0,0,30,0,0
6,3,0,9,1,0,0,0,30,0,0
6,3,0,0,0,3,1,0,30,0,0
6,3,0,8,1,8,1,0,30,0,0
6,3,0,4,0,1,0,0,30,0,0
6,3,0,11,0,7,1,0,30,0,0
6,3,0,8,1,2,0,0,30,0,0
6,3,0,0,1,3,1,0,30,0,0
6,3,0,9,0,4,0,0,60,0,1
6,3,0,1,1,1,1,0,30,0,0
6,3,1,11,2,0,0,0,30,0,0
6,3,0,9,1,3,0,0,30,0,1
6,3,0,5,0,8,0,0,30,0,1
6,3,0,8,0,4,0,0,30,0,0
6,3,0,12,0,2,0,0,30,0,0
6,3,1,5,1,0,0,0,30,0,0
6,3,0,11,1,0,0,0,30,0,0
6,3,1,0,1,8,0,0,30,0,1
6,3,0,9,1,6,1,0,30,0,1
6,3,1,6,0,0,1,0,30,1,0
6,3,0,12,1,3,0,0,30,0,1
6,3,0,0,0,5,0,0,30,0,0
6,3,0,12,1,2,0,0,30,0,1
6,3,0,8,0,5,0,0,30,1,0
6,3,0,1,1,4,1,0,30,0,1
6,3,0,0,1,4,0,0,30,0,0
6,3,0,8,1,2,0,0,30,0,0
6,3,0,0,1,2,1,0,30,1,1
6,3,0,3,1,2,0,0,30,0,0
6,3,0,9,1,4,1,0,30,0,0
6,3,0,3,1,0,0,0,30,0,1
6,3,1,12,1,6,1,0,30,0,0
6,3,0,5,0,0,0,0,30,0,0
6,3,1,8,0,9,0,0,40,1,0
6,3,0,1,1,1,0,0,30,0,0
6,3,0,3,1,0,0,0,30,0,0
6,3,0,0,1,4,0,0,30,0,0
6,3,1,5,1,1,1,0,30,0,0
6,3,1,4,1,2,0,0,30,0,0
6,3,0,3,1,2,0,0,30,1,0
6,3,1,12,0,1,0,0,30,0,0
6,3,0,0,1,2,1,0,30,0,0
6,3,0,5,1,5,0,0,30,0,0
6,3,1,3,1,3,0,0,30,0,0
6,3,0,1,1,4,0,0,30,0,0
6,3,0,6,1,4,0,0,30,0,0
6,3,0,0,1,6,1,0,30,0,0
6,3,0,0,1,3,1,0,30,0,1
6,3,0,9,1,2,0,0,30,1,1
6,3,0,9,0,0,0,0,30,0,0
6,3,0,8,0,3,0,0,30,0,0
6,3,0,12,0,2,0,0,30,0,0
6,3,1,5,0,0,1,0,30,1,1
6,3,1,5,1,0,0,0,30,1,0
6,3,0,5,1,4,0,0,30,1,0
6,3,0,10,1,5,1,0,30,1,0
6,3,0,12,0,2,1,0,30,0,0
6,3,0,12,0,7,1,0,30,0,1
6,3,0,10,1,2,0,0,30,1,0
6,3,0,11,2,1,0,0,30,0,0
6,3,1,8,1,9,0,0,30,0,0
6,3,0,10,1,1,1,0,30,0,0
6,3,1,0,1,1,1,0,30,0,0
6,3,0,12,1,5,0,0,30,0,0
6,3,1,6,1,4,1,0,30,0,1
6,3,1,9,1,0,0,0,30,0,0
6,3,0,0,1,3,0,0,30,0,0
6,3,0,3,1,2,0,0,30,0,0
6,3,0,3,2,0,0,0,30,0,0
6,3,0,3,1,1,0,0,30,0,0
6,3,0,0,1,3,1,0,30,0,0
6,3,0,6,1,6,0,0,30,0,0
6,3,0,5,0,6,1,0,30,0,0
6,3,1,11,1,0,0,0,30,0,0
6,3,0,11,0,1,0,0,30,0,0
6,3,0,1,1,1,0,0,60,0,0
6,3,1,0,1,6,0,0,30,1,0
6,3,0,10,0,4,0,0,30,0,0
6,3,0,6,1,3,0,0,30,0,0
6,3,0,9,0,1,0,0,30,0,0
6,3,1,3,1,3,1,0,30,0,0
6,3,0,0,1,7,1,0,30,0,0
6,3,1,3,1,1,1,0,30,0,0
6,3,1,3,0,1,0,0,30,0,1
6,3,1,0,1,3,0,0,30,0,0
6,3,0,3,1,5,1,0,30,0,0
6,3,0,9,0,6,0,0,30,0,0
6,3,0,1,0,4,0,0,30,0,0
6,3,0,3,1,1,1,0,30,0,0
6,3,0,1,1,8,1,0,30,0,0
6,3,1,5,1,2,0,0,30,0,0
6,3,0,8,1,9,0,0,30,0,0
6,3,0,3,0,3,0,0,30,0,1
6,3,0,7,0,6,1,0,30,0,0
6,3,0,5,0,5,1,0,30,0,1
6,3,1,3,1,1,1,0,30,0,0
6,3,0,3,1,1,0,0,30,0,0
6,3,0,1,1,0,0,0,30,0,0
6,3,0,3,1,5,1,0,30,0,0
6,3,0,10,0,5,1,0,30,0,0
6,3,0,7,0,1,1,0,30,1,1
6,3,0,11,1,0,0,0,30,0,0
6,3,1,6,0,3,0,0,30,0,0
6,3,0,8,1,5,0,0,30,0,0
6,3,0,12,1,8,0,0,30,0,1
6,3,0,8,1,1,1,0,60,0,1
6,3,0,7,0,6,0,0,30,0,0
6,3,0,1,1,3,1,0,90,0,0
6,3,0,8,0,2,0,0,30,0,0
6,3,0,5,1,7,1,0,30,0,0
6,3,0,3,0,5,0,0,30,0,0
6,3,0,11,1,0,1,0,30,1,0
6,3,0,12,0,2,0,0,30,0,1
6,3,1,3,0,0,1,0,30,0,0
6,3,0,0,1,2,0,0,30,1,1
6,3,0,7,0,4,1,0,30,0,0
6,3,0,12,1,4,0,0,30,0,0
6,3,0,11,1,4,0,0,30,0,0
6,3,0,1,1,1,0,0,30,0,0
6,3,0,9,0,6,0,0,90,0,0
6,3,0,8,1,5,0,0,30,0,0
6,3,0,4,1,3,1,0,60,0,0
6,3,0,3,1,1,0,0,60,0,1
6,3,1,1,0,2,0,0,60,0,1
6,3,1,7,1,0,0,0,30,0,0
6,3,0,8,1,3,0,0,30,0,1
6,3,0,5,1,3,1,0,30,0,0
6,3,0,5,1,0,0,0,30,0,0
6,3,1,5,1,6,0,0,30,0,1
6,3,1,3,0,3,1,0,30,0,0
6,3,0,11,0,0,0,0,30,0,0
6,3,1,1,1,4,0,0,30,1,0
6,3,0,0,0,3,1,0,30,0,0
6,3,0,0,1,7,0,0,30,0,0
6,3,0,11,1,1,0,0,30,0,0
6,3,1,5,0,0,0,0,90,1,0
6,3,0,3,0,0,1,0,30,0,0
6,3,0,11,0,1,0,0,30,0,0
6,3,0,3,0,2,1,0,30,0,0
6,3,0,1,0,5,0,0,30,0,1
6,3,0,6,1,3,1,0,30,0,1
6,3,1,8,0,7,0,0,30,0,0
6,3,1,1,1,4,0,0,30,0,0
6,3,0,9,1,9,0,0,30,0,1
6,3,0,5,0,2,0,0,30,1,0
6,3,0,6,1,0,0,0,30,1,0
6,3,0,5,1,0,0,0,30,1,0
6,3,0,7,1,1,1,0,90,1,1
6,3,0,1,0,1,0,0,30,0,0
6,3,0,7,0,8,0,0,30,0,0
6,3,1,3,1,1,1,0,30,0,0
6,3,0,0,1,1,0,0,30,0,0
6,3,0,9,1,1,0,0,30,0,0
6,3,1,11,1,3,1,0,30,0,0
6,3,0,1,1,1,0,0,30,0,0
6,3,0,0,1,3,1,0,30,0,1
6,3,1,8,1,9,0,0,30,1,1
6,3,0,9,1,0,1,0,30,0,0
6,3,0,1,1,5,0,0,30,0,0
6,3,0,7,1,9,1,0,30,0,0
6,3,0,3,1,3,0,0,30,1,1
6,3,0,11,0,3,0,0,30,0,1
6,3,1,11,1,4,0,0,30,0,0
6,3,1,10,1,3,0,0,30,0,0
6,3,0,11,1,2,1,0,30,0,0
6,3,1,1,0,0,0,0,30,0,1
6,3,0,5,1,2,1,0,30,0,0
6,3,0,8,1,4,0,0,30,1,0
6,3,0,0,1,6,0,0,30,0,0
6,3,0,7,1,2,0,0,30,0,1
6,3,0,0,0,7,0,0,30,1,0
6,3,0,3,0,3,0,0,60,1,1
6,3,0,3,1,4,1,0,30,0,0
6,3,0,0,1,6,0,0,90,1,0
6,3,1,0,0,4,0,0,30,0,0
6,3,0,9,1,9,1,0,30,0,0
6,3,0,8,0,2,1,0,30,0,1
6,3,0,3,1,0,0,0,30,1,0
6,3,1,1,0,3,0,0,30,0,0
6,3,1,8,1,9,1,0,30,0,0
6,3,0,8,0,7,0,0,30,0,0
6,3,0,5,1,0,1,0,30,1,0
6,3,0,3,0,5,0,0,30,0,0
6,3,0,3,1,3,0,0,30,0,0
6,3,0,11,1,2,0,0,30,0,0
6,3,0,0,0,0,0,0,30,1,1
6,3,1,3,1,3,0,0,60,1,1
6,3,0,0,2,2,0,0,30,1,0
6,3,1,0,1,7,0,0,30,0,1
6,3,0,3,1,1,0,0,30,0,0
6,3,0,3,1,0,0,0,30,1,0
6,3,0,12,1,2,1,0,30,0,0
6,3,0,8,1,4,0,0,90,0,1
6,3,0,8,1,7,0,0,30,0,0
6,3,0,3,1,2,0,0,30,0,0
6,3,0,0,1,9,0,0,30,0,0
6,3,0,7,0,5,1,0,30,0,0
6,3,0,8,0,8,0,0,30,0,0
6,3,0,5,1,6,0,0,30,0,0
6,3,0,6,0,4,0,0,30,0,0
6,3,0,11,1,5,1,0,30,0,0
6,3,0,1,1,5,0,0,30,0,0
6,3,1,9,1,3,0,0,30,0,0
6,3,0,0,1,3,1,0,30,0,0
6,3,0,11,0,7,0,0,30,0,0
6,3,0,0,1,7,0,0,30,0,0
6,3,0,10,2,3,1,0,30,0,0
6,3,1,7,1,8,1,0,30,0,0
6,3,0,7,0,8,0,0,30,0,0
6,3,0,5,0,0,0,0,30,0,0
6,3,0,12,1,0,0,0,30,0,0
6,3,0,3,1,4,1,0,30,0,0
6,3,0,9,0,4,1,0,30,0,0
6,3,0,11,0,3,0,0,30,0,0
6,3,1,3,0,8,1,0,30,1,0
6,3,1,1,0,2,0,0,30,0,0
6,3,0,9,0,4,0,0,30,0,0
6,3,0,9,1,5,0,0,30,1,0
6,3,0,4,0,6,0,0,30,0,0
6,3,1,8,1,2,0,0,30,0,0
6,3,0,1,0,2,0,0,30,0,0
6,3,0,7,1,4,0,0,30,0,0
6,3,0,5,1,2,1,0,30,0,0
6,3,0,6,0,4,1,0,30,0,0
6,3,0,8,0,8,0,0,30,1,1
6,3,0,6,1,8,1,0,30,0,0
6,3,1,3,2,1,1,0,60,0,1
6,3,1,11,0,4,0,0,30,0,0
6,3,1,2,1,5,1,0,30,0,1
6,3,0,0,1,3,1,0,30,0,1
6,3,0,9,0,1,0,0,30,0,0
6,3,1,11,0,4,0,0,30,1,1
6,3,0,8,1,5,0,0,30,0,1
6,3,1,3,1,5,0,0,30,0,0
6,3,0,10,1,4,0,0,30,0,0
6,3,0,0,0,3,1,0,30,1,0
6,3,0,8,1,6,0,0,30,1,0
6,3,0,3,0,1,1,0,60,0,0
6,3,1,4,0,0,0,0,30,0,0
6,3,0,4,1,1,1,0,60,0,1
6,3,0,0,1,0,0,0,30,0,0
6,3,1,5,1,3,0,0,30,1,0
6,3,0,11,1,0,0,0,30,0,0
6,3,0,11,0,7,0,0,30,0,0
6,3,0,6,1,3,1,0,30,0,1
6,3,0,12,1,2,0,0,30,0,0
6,3,1,1,0,4,0,0,30,0,0
6,3,1,4,0,1,1,0,30,0,0
6,3,0,0,1,5,1,0,30,0,0
6,3,0,0,1,5,1,0,30,0,0
6,3,0,0,1,6,1,0,30,0,0
6,3,0,7,0,7,0,0,30,0,0
6,3,0,10,2,3,1,0,30,0,1
6,3,0,10,1,3,0,0,30,0,0
6,3,0,10,1,1,1,0,30,0,1
6,3,0,10,0,6,0,0,30,0,0
6,3,0,6,1,8,0,0,30,0,0
6,3,0,11,0,0,0,0,30,0,0
6,3,0,6,1,0,0,0,30,0,0
6,3,0,7,0,2,0,0,30,0,1
6,3,0,9,1,2,0,0,30,0,0
6,3,1,8,1,8,0,0,90,0,0
6,3,0,10,1,9,1,0,30,0,0
6,3,0,8,1,9,1,0,30,1,1
6,3,0,7,0,2,1,0,30,0,0
6,3,0,3,2,2,0,0,60,0,1
6,3,0,3,0,2,0,0,30,0,1
6,3,0,8,1,9,1,0,30,0,0
6,3,0,7,1,9,1,0,30,1,0
6,3,0,10,1,1,1,0,60,0,1
6,3,1,0,1,5,0,0,30,0,0
6,3,0,12,1,3,0,0,30,0,0
6,3,1,12,1,2,0,0,30,0,0
6,3,0,1,1,7,1,0,30,1,0
6,3,0,3,0,4,0,0,30,0,0
6,3,1,12,1,0,1,0,30,0,0
6,3,0,11,1,9,0,0,30,0,1
6,3,0,0,0,6,1,0,30,0,0
6,3,1,5,1,5,0,0,30,0,1
6,3,0,6,0,5,0,0,30,0,0
6,3,0,4,1,3,0,0,90,0,0
6,3,0,9,0,5,0,0,30,0,1
6,3,0,6,1,3,0,0,30,1,0
6,3,1,4,0,6,1,0,30,0,0
6,3,1,9,0,2,0,0,30,0,0
6,3,0,12,0,3,0,0,30,0,0
6,3,0,3,1,0,1,0,30,0,0
6,3,0,7,1,8,0,0,30,0,0
6,3,0,8,1,1,0,0,30,0,1
6,3,0,1,1,7,0,0,30,0,0
6,3,1,5,2,1,0,0,30,0,0
6,3,1,3,1,0,1,0,30,0,0
6,3,0,5,1,2,1,0,30,1,0
6,3,0,7,0,7,0,0,30,0,1
6,3,0,8,1,2,0,0,30,0,0
6,3,0,6,0,0,0,0,30,0,0
6,3,0,1,1,2,0,0,30,1,1
6,3,0,0,1,4,0,0,30,0,1
6,3,0,1,0,0,0,0,30,0,0
6,3,0,3,1,2,0,0,60,0,0
6,3,0,3,1,0,0,0,30,0,0
6,3,0,10,0,9,0,0,30,0,0
6,3,0,0,0,3,0,0,30,0,0
6,3,0,2,0,4,0,0,30,0,0
6,3,0,9,1,3,0,0,30,0,0
6,3,0,8,1,2,0,0,30,0,0
6,3,0,10,0,0,1,0,30,0,0
6,3,0,5,1,0,0,0,30,0,0
6,3,0,7,1,3,0,0,30,0,0
6,3,0,9,1,3,0,0,30,0,0
6,3,0,6,0,6,0,0,30,0,0
6,3,1,5,1,0,0,0,30,1,0
6,3,1,11,1,7,1,0,30,0,0
6,3,0,7,1,9,1,0,30,1,1
6,3,1,3,1,3,0,0,30,0,1
6,3,0,0,1,5,0,0,30,1,0
6,3,0,9,1,1,0,0,30,1,0
6,3,0,10,1,3,1,0,30,0,0
6,3,1,10,2,1,0,0,30,0,1
6,3,1,6,2,3,1,0,30,0,1
6,3,0,12,0,4,0,0,30,0,0
6,3,0,1,1,0,0,0,30,0,0
6,3,0,5,0,8,0,0,30,0,0
6,3,0,5,1,2,1,0,30,0,0
6,3,0,1,1,9,0,0,90,0,0
6,3,0,1,1,7,1,0,30,0,0
6,3,0,6,1,7,0,0,30,1,0
6,3,1,0,1,7,0,0,30,0,1
6,3,0,9,0,8,0,0,30,0,0
6,3,0,8,1,9,0,0,30,0,0
6,3,1,10,0,1,1,0,30,0,0
6,3,0,9,0,5,0,0,30,0,0
6,3,1,10,1,2,0,0,60,0,1
6,3,0,6,1,2,0,0,30,0,0
6,3,0,6,1,7,0,0,30,0,0
6,3,0,11,0,7,0,0,30,1,0
6,3,1,6,1,6,1,0,30,1,0
6,3,0,0,1,6,1,0,30,0,1
6,3,1,5,1,0,0,0,30,0,0
6,3,0,8,1,8,0,0,30,0,0
6,3,0,0,1,5,0,0,30,0,1
6,3,1,9,1,8,0,0,30,0,0
6,3,0,3,1,1,0,0,30,0,0
6,3,0,0,2,3,0,0,30,0,0
6,3,0,6,1,0,0,0,30,0,1
6,3,0,1,0,9,0,0,30,0,0
6,3,1,0,1,6,1,0,150,0,0
6,3,0,3,1,4,0,0,30,0,0
6,3,0,0,1,7,0,0,30,0,0
6,3,0,4,1,10,0,0,30,0,0
6,3,0,4,1,3,1,0,30,0,0
6,3,0,3,1,1,0,0,30,0,0
6,3,0,9,1,8,0,0,30,0,0
6,3,0,1,1,6,1,0,30,1,0
6,3,0,5,0,0,0,0,30,1,0
6,3,0,10,1,1,0,0,30,0,1
6,3,0,9,0,9,0,0,30,0,0
6,3,0,6,0,1,0,0,30,0,0
6,3,0,11,1,6,1,0,30,0,0
6,3,1,6,1,6,1,0,30,0,1
6,3,1,8,0,4,1,0,30,1,0
6,3,0,2,1,6,1,0,30,0,1
6,3,0,6,1,4,0,0,30,0,1
6,3,1,9,1,9,1,0,30,0,0
6,3,0,3,1,0,0,0,30,0,0
6,3,0,12,1,0,0,0,30,0,0
6,3,0,12,0,4,1,0,30,0,0
6,3,0,10,1,0,1,0,30,1,0
6,3,0,7,1,5,0,0,30,0,0
6,3,0,0,0,3,0,0,30,0,0
6,3,0,6,1,4,0,0,30,0,0
6,3,0,0,1,8,1,0,30,0,0
6,3,0,6,0,7,0,0,30,0,0
6,3,1,0,1,3,1,0,30,1,1
6,3,0,3,1,5,1,0,30,0,1
6,3,1,5,1,2,0,0,30,0,0
6,3,0,3,0,3,0,0,30,0,0
6,3,1,7,0,7,1,0,30,0,0
6,3,0,5,1,4,1,0,90,0,0
6,3,0,9,0,3,0,0,30,0,0
6,3,0,8,1,6,0,0,90,0,0
6,3,0,0,1,4,1,0,30,1,0
6,3,0,11,1,0,1,0,30,1,0
6,3,0,12,0,0,0,0,30,0,0
6,3,0,0,1,3,0,0,120,0,1
6,3,0,9,1,6,1,0,30,0,0
6,3,0,1,1,2,1,0,30,0,0
6,3,0,6,0,8,1,0,30,0,0
6,3,0,5,0,5,0,0,30,0,0
6,3,0,11,0,1,0,0,30,0,1
6,3,1,0,1,6,0,0,30,0,0
6,3,0,5,1,6,1,0,30,0,0
6,3,0,12,1,0,0,0,30,0,1
6,3,1,5,1,4,0,0,30,0,0
6,3,0,6,1,3,1,0,30,0,0
6,3,0,7,1,5,0,0,30,0,0
6,3,0,1,1,6,1,0,30,1,0
6,3,0,5,0,0,0,0,30,0,0
6,3,0,12,1,7,0,0,30,0,0
6,3,1,3,1,1,2,0,30,0,0
6,3,0,7,1,2,0,0,30,0,0
6,3,0,6,1,4,0,0,30,0,0
6,3,0,8,1,7,0,0,90,0,0
6,3,0,6,1,6,0,0,30,0,0
6,3,0,10,0,5,1,0,30,0,0
6,3,0,1,0,9,0,0,30,1,0
6,3,0,9,1,3,1,0,30,0,1
6,3,0,10,1,1,0,0,30,0,1
6,3,0,6,0,1,0,0,30,0,0
6,3,0,3,0,7,1,0,30,0,0
6,3,0,12,1,5,1,0,30,0,0
6,3,0,7,1,6,0,0,30,0,0
6,3,0,4,1,3,0,0,30,0,0
6,3,0,1,1,3,0,0,30,0,0
6,3,0,5,1,1,1,0,30,0,0
6,3,0,8,1,9,1,0,30,1,0
6,3,1,1,1,7,1,0,30,0,0
6,3,0,1,1,8,0,0,30,0,1
6,3,0,0,1,5,0,0,30,0,0
6,3,0,6,1,6,0,0,30,0,0
6,3,0,5,1,5,0,0,30,0,0
6,3,1,3,0,0,0,0,30,0,0
6,3,0,6,1,3,1,0,30,1,0
6,3,1,3,1,1,1,0,30,0,0
6,3,0,3,0,6,1,0,30,0,0
6,3,0,5,0,4,0,0,30,1,0
6,3,0,12,1,2,0,0,30,0,0
6,3,1,2,1,0,0,0,30,0,0
6,3,0,10,1,3,0,0,30,1,0
6,3,0,10,1,0,1,0,30,1,0
6,3,0,3,1,1,1,0,30,0,0
6,3,0,7,1,7,1,0,30,0,0
6,3,0,1,1,5,1,0,30,0,0
6,3,0,6,0,1,0,0,30,0,1
6,3,0,3,0,7,1,0,30,0,0
6,3,0,4,0,0,1,0,30,0,0
6,3,0,6,1,0,1,0,30,1,0
6,3,0,12,1,1,1,0,30,0,0
6,3,0,6,1,7,1,0,30,0,0
6,3,1,0,1,6,1,0,30,1,1
6,3,0,6,1,2,0,0,30,1,0
6,3,0,8,0,9,0,0,30,1,0
6,3,0,10,1,2,0,0,30,0,0
6,3,0,5,0,0,0,0,30,0,0
6,3,0,10,1,4,0,0,30,0,0
6,3,0,5,1,5,0,0,30,0,0
6,3,0,8,1,4,1,0,30,0,0
6,3,0,5,1,0,0,0,30,0,0
6,3,0,3,0,6,0,0,30,0,0
6,3,1,3,2,1,0,0,30,0,0
6,3,0,6,1,1,1,0,30,0,0
6,3,0,6,0,5,1,0,30,0,0
6,3,1,4,1,1,0,0,30,1,0
6,3,0,1,1,3,0,0,30,0,0
6,3,0,0,1,3,0,0,30,1,0
6,3,0,8,1,2,0,0,30,0,0
6,3,0,5,1,2,0,0,30,1,0
6,3,0,9,1,4,1,0,30,0,0
6,3,0,1,0,5,0,0,30,0,0
6,3,1,12,1,1,1,0,30,0,0
6,3,0,1,1,5,0,0,30,0,0
6,3,1,10,1,0,0,0,30,1,1
6,3,0,7,1,4,0,0,30,1,0
6,3,0,3,0,3,1,0,30,0,0
6,3,0,7,0,5,1,0,30,0,0
6,3,0,12,1,8,1,0,30,0,0
6,3,0,9,1,0,1,0,90,1,1
6,3,1,11,0,5,1,0,30,0,0
6,3,0,6,1,2,0,0,30,1,0
6,3,0,8,1,2,0,0,30,0,0
6,3,0,10,1,4,0,0,90,1,0
6,3,0,10,1,0,0,0,30,0,0
6,3,0,9,1,4,1,0,30,0,0
6,3,1,10,1,5,0,0,30,0,0
6,3,0,10,0,2,0,0,30,0,0
6,3,0,10,0,4,0,0,30,0,0
6,3,0,10,0,9,0,0,30,0,0
6,3,0,10,0,1,1,0,30,0,0
6,3,0,8,1,9,1,0,30,1,0
6,3,0,0,1,9,0,0,30,1,0
6,3,0,2,0,1,0,0,30,0,0
6,3,0,2,1,3,0,0,30,0,1
6,3,1,5,1,1,0,0,30,0,0
6,3,0,1,1,6,0,0,30,0,0
6,3,0,10,1,2,0,0,30,0,0
6,3,0,7,1,2,0,0,60,0,1
6,3,0,5,0,0,0,0,30,0,0
6,3,0,3,1,4,1,0,30,0,0
6,3,0,10,0,6,1,0,30,0,0
6,3,0,3,0,1,1,0,30,0,0
6,3,1,6,1,1,1,0,30,0,0
6,3,0,9,0,2,1,0,30,0,0
6,3,0,6,1,4,0,0,30,0,0
6,3,0,5,1,5,1,0,30,0,0
6,3,0,8,0,7,1,0,30,1,0
6,3,0,0,0,2,0,0,30,0,0
6,3,0,3,1,1,1,0,30,0,1
6,3,0,4,1,1,1,0,30,0,0
6,3,0,4,0,0,1,0,30,0,0
6,3,0,11,0,7,1,0,30,0,1
6,3,0,3,1,3,1,0,30,0,0
6,3,0,9,1,4,1,0,30,0,0
6,3,0,8,1,5,1,0,30,0,0
6,3,0,0,1,5,0,0,30,0,0
6,3,0,6,1,5,1,0,30,0,0
6,3,0,9,0,2,1,1,30,1,0
6,3,0,10,0,8,1,0,30,0,1
6,3,0,6,0,7,1,0,30,0,1
6,3,1,5,1,5,1,0,30,0,1
6,3,0,6,1,2,1,0,30,0,0
6,3,0,7,1,6,1,0,30,0,0
6,3,0,3,0,3,1,0,30,0,0
6,3,1,10,0,0,1,0,60,0,1
6,3,0,3,1,3,1,0,30,0,0
6,3,0,6,0,0,1,0,30,1,1
6,3,0,2,1,4,1,0,30,0,1
6,3,1,1,1,2,1,0,30,0,0
6,3,0,11,0,3,1,1,30,0,0
6,3,0,8,1,7,0,0,30,1,0
6,3,0,0,1,4,1,0,90,0,0
6,3,0,1,1,1,0,0,30,0,0
6,3,0,7,1,1,0,0,30,0,0
6,3,0,3,1,8,0,0,30,0,0
6,3,0,6,0,8,0,0,30,1,0
6,3,0,10,1,1,0,0,30,0,0
6,3,0,0,1,4,1,0,30,0,0
6,3,0,8,0,2,0,0,30,1,0
6,3,0,7,1,9,1,0,30,0,1
