Student_ID,Dropout_Probability,Risk_Level,Actual_Status,Predicted_Dropout,Curricular units 2nd sem (approved),Curricular units 2nd sem (grade),Curricular units 1st sem (approved),Curricular units 1st sem (grade),Admission grade,Age at enrollment,Tuition fees up to date,Debtor,Scholarship holder,Gender
2408,99.77,HIGH RISK,Dropout,Yes,0,0.0,0,0.0,151.0,47,0,1,0,1
2493,99.76,HIGH RISK,Dropout,Yes,7,10.428571428571429,4,10.5,128.5,26,0,1,0,1
1745,99.6,HIGH RISK,Dropout,Yes,0,0.0,1,14.0,97.4,44,0,1,0,1
1829,99.57,HIGH RISK,Dropout,Yes,0,0.0,0,0.0,120.0,28,0,1,0,0
2255,99.53,HIGH RISK,Dropout,Yes,0,0.0,2,11.0,128.2,31,0,0,0,1
3534,99.51,HIGH RISK,Dropout,Yes,0,0.0,0,0.0,120.0,45,0,1,0,1
3875,99.49,HIGH RISK,Dropout,Yes,0,0.0,0,0.0,120.0,41,0,1,0,1
1382,99.45,HIGH RISK,Dropout,Yes,0,0.0,0,0.0,128.0,32,0,0,0,1
725,99.44,HIGH RISK,Dropout,Yes,0,0.0,0,0.0,130.0,41,0,0,0,1
3319,99.44,HIGH RISK,Dropout,Yes,1,10.0,4,10.0,115.8,28,0,1,0,1
2844,99.43,HIGH RISK,Dropout,Yes,0,0.0,0,0.0,118.1,37,0,1,0,0
1165,99.38,HIGH RISK,Dropout,Yes,0,0.0,4,13.7,130.0,32,0,1,0,0
4085,99.38,HIGH RISK,Dropout,Yes,0,0.0,0,0.0,109.9,29,0,0,0,0
3206,99.35,HIGH RISK,Dropout,Yes,0,0.0,0,0.0,111.0,28,0,0,0,1
1548,99.34,HIGH RISK,Dropout,Yes,0,0.0,0,0.0,118.4,39,0,0,0,0
2426,99.33,HIGH RISK,Dropout,Yes,0,0.0,0,0.0,102.5,26,0,0,0,1
684,99.33,HIGH RISK,Dropout,Yes,0,0.0,0,0.0,103.5,44,0,0,0,0
475,99.32,HIGH RISK,Dropout,Yes,0,0.0,0,0.0,110.0,28,0,0,0,0
1851,99.3,HIGH RISK,Dropout,Yes,0,0.0,0,0.0,120.0,23,0,0,0,1
2697,99.29,HIGH RISK,Dropout,Yes,0,0.0,0,0.0,101.5,34,0,1,0,1
3356,99.28,HIGH RISK,Dropout,Yes,0,0.0,2,11.5,110.0,32,0,0,0,1
2472,99.27,HIGH RISK,Dropout,Yes,0,0.0,0,0.0,110.0,29,0,0,0,1
4068,99.26,HIGH RISK,Dropout,Yes,0,0.0,0,0.0,120.0,35,0,0,0,0
1856,99.26,HIGH RISK,Dropout,Yes,0,0.0,0,0.0,103.0,34,0,0,0,1
724,99.23,HIGH RISK,Dropout,Yes,0,0.0,1,11.0,115.5,33,0,0,0,1
1542,99.2,HIGH RISK,Dropout,Yes,0,0.0,0,0.0,103.0,41,1,0,0,0
3668,99.2,HIGH RISK,Dropout,Yes,0,0.0,0,0.0,109.8,23,0,0,0,1
2300,99.2,HIGH RISK,Dropout,Yes,0,0.0,0,0.0,124.5,26,0,0,0,1
1135,99.18,HIGH RISK,Dropout,Yes,0,0.0,0,0.0,114.3,20,0,0,0,0
3961,99.16,HIGH RISK,Dropout,Yes,0,0.0,0,0.0,120.0,32,0,0,0,0
3715,99.16,HIGH RISK,Dropout,Yes,0,0.0,0,0.0,120.0,40,0,1,0,1
1360,99.15,HIGH RISK,Dropout,Yes,0,0.0,0,0.0,113.8,27,0,0,0,1
1888,99.15,HIGH RISK,Dropout,Yes,0,0.0,0,0.0,160.0,51,0,1,0,1
2749,99.15,HIGH RISK,Dropout,Yes,0,0.0,0,0.0,130.0,42,0,0,0,1
1302,99.14,HIGH RISK,Dropout,Yes,0,0.0,0,0.0,114.8,19,0,0,0,1
1573,99.13,HIGH RISK,Dropout,Yes,0,0.0,0,0.0,119.0,55,0,0,0,1
1614,99.13,HIGH RISK,Dropout,Yes,0,0.0,0,0.0,100.0,37,0,0,0,0
961,99.13,HIGH RISK,Dropout,Yes,2,11.5,3,11.666666666666666,106.0,28,0,0,0,1
1417,99.12,HIGH RISK,Dropout,Yes,0,0.0,0,0.0,115.8,18,0,0,0,0
641,99.11,HIGH RISK,Dropout,Yes,0,0.0,4,13.5,158.0,34,0,1,0,0
1205,99.1,HIGH RISK,Dropout,Yes,0,0.0,1,13.0,114.0,28,0,0,0,0
1517,99.09,HIGH RISK,Dropout,Yes,0,0.0,0,0.0,140.0,39,0,0,0,0
3103,99.09,HIGH RISK,Dropout,Yes,4,11.5,3,11.75,100.2,26,0,0,0,0
1703,99.09,HIGH RISK,Dropout,Yes,0,0.0,0,0.0,129.3,18,1,0,0,1
1539,99.08,HIGH RISK,Dropout,Yes,3,11.666666666666666,2,12.0,117.5,20,0,1,0,0
2797,99.07,HIGH RISK,Dropout,Yes,0,0.0,0,0.0,141.0,36,1,0,0,1
1002,99.06,HIGH RISK,Dropout,Yes,0,0.0,0,0.0,119.5,18,0,0,0,0
843,99.05,HIGH RISK,Dropout,Yes,0,0.0,0,0.0,120.0,29,0,1,0,1
4009,99.05,HIGH RISK,Dropout,Yes,0,0.0,4,12.0,116.8,19,0,0,0,1
1019,99.04,HIGH RISK,Dropout,Yes,0,0.0,1,11.0,106.1,18,0,1,1,0
1632,99.04,HIGH RISK,Dropout,Yes,0,0.0,0,0.0,131.0,42,0,1,0,1
3847,99.04,HIGH RISK,Dropout,Yes,0,0.0,3,12.0,107.4,26,0,0,0,1
2015,99.02,HIGH RISK,Dropout,Yes,0,0.0,0,0.0,107.5,35,0,0,0,0
2238,99.02,HIGH RISK,Dropout,Yes,0,0.0,0,0.0,102.5,24,0,1,0,1
969,99.02,HIGH RISK,Dropout,Yes,0,0.0,0,0.0,134.1,49,0,0,0,1
1572,99.02,HIGH RISK,Dropout,Yes,0,0.0,0,0.0,120.0,38,0,1,0,1
3793,99.02,HIGH RISK,Dropout,Yes,0,0.0,0,0.0,116.1,24,0,1,0,1
478,99.02,HIGH RISK,Dropout,Yes,0,0.0,0,0.0,140.0,28,1,0,0,0
1626,99.01,HIGH RISK,Dropout,Yes,0,0.0,1,10.0,150.0,48,0,0,0,0
1096,99.01,HIGH RISK,Dropout,Yes,3,10.666666666666666,3,13.666666666666666,114.9,21,0,1,0,0
4090,98.99,HIGH RISK,Dropout,Yes,1,13.0,3,12.0,100.0,34,0,0,0,0
358,98.98,HIGH RISK,Dropout,Yes,0,0.0,0,0.0,128.2,33,1,0,0,0
1223,98.98,HIGH RISK,Dropout,Yes,0,0.0,0,0.0,121.7,31,0,1,0,0
1366,98.98,HIGH RISK,Dropout,Yes,0,0.0,0,0.0,120.0,26,0,1,0,1
3269,98.97,HIGH RISK,Dropout,Yes,0,0.0,0,0.0,118.9,30,1,0,0,0
4364,98.97,HIGH RISK,Dropout,Yes,0,0.0,2,10.5,115.0,18,1,0,0,0
278,98.96,HIGH RISK,Dropout,Yes,5,13.2,7,11.555555555555555,140.0,29,0,1,0,0
3196,98.96,HIGH RISK,Dropout,Yes,0,0.0,0,0.0,127.0,18,0,0,0,1
3507,98.95,HIGH RISK,Dropout,Yes,0,0.0,0,0.0,126.0,29,0,0,0,1
581,98.94,HIGH RISK,Dropout,Yes,0,0.0,0,0.0,118.5,31,1,0,0,0
377,98.93,HIGH RISK,Dropout,Yes,0,0.0,0,0.0,119.9,34,0,0,0,0
1819,98.92,HIGH RISK,Dropout,Yes,0,0.0,0,0.0,115.8,19,0,1,0,0
2848,98.92,HIGH RISK,Dropout,Yes,0,0.0,0,0.0,110.0,53,0,0,0,0
3905,98.91,HIGH RISK,Dropout,Yes,0,0.0,0,0.0,128.0,19,0,0,0,0
1211,98.91,HIGH RISK,Dropout,Yes,0,0.0,0,0.0,128.0,32,0,0,0,0
4386,98.9,HIGH RISK,Dropout,Yes,0,0.0,0,0.0,112.6,19,1,0,0,0
2162,98.89,HIGH RISK,Dropout,Yes,4,10.75,3,12.0,114.6,18,0,1,0,0
3851,98.88,HIGH RISK,Dropout,Yes,0,0.0,0,0.0,107.0,47,0,0,0,1
2427,98.88,HIGH RISK,Dropout,Yes,0,0.0,0,0.0,102.5,27,0,0,0,1
2341,98.88,HIGH RISK,Dropout,Yes,0,0.0,0,0.0,95.8,43,0,0,0,1
496,98.88,HIGH RISK,Dropout,Yes,1,11.0,2,11.5,130.0,27,0,1,0,0
516,98.87,HIGH RISK,Dropout,Yes,0,0.0,0,0.0,120.4,39,0,1,0,0
3642,98.86,HIGH RISK,Dropout,Yes,0,0.0,0,0.0,106.1,20,0,0,0,0
892,98.86,HIGH RISK,Dropout,Yes,0,0.0,0,0.0,133.3,32,0,0,0,0
3855,98.85,HIGH RISK,Dropout,Yes,0,0.0,2,11.0,120.5,32,0,0,0,1
2688,98.85,HIGH RISK,Dropout,Yes,0,0.0,0,0.0,120.0,31,0,1,0,1
2877,98.84,HIGH RISK,Dropout,Yes,0,0.0,0,0.0,169.2,54,0,1,0,0
2441,98.83,HIGH RISK,Dropout,Yes,0,0.0,0,0.0,101.0,23,0,0,0,1
1787,98.8,HIGH RISK,Dropout,Yes,0,0.0,0,0.0,103.5,42,1,0,0,1
2254,98.79,HIGH RISK,Dropout,Yes,0,0.0,0,0.0,95.1,49,0,0,0,1
2022,98.79,HIGH RISK,Dropout,Yes,0,0.0,0,0.0,128.2,30,0,0,0,0
718,98.78,HIGH RISK,Dropout,Yes,0,0.0,3,14.333333333333334,170.0,53,0,1,0,1
1358,98.78,HIGH RISK,Dropout,Yes,0,0.0,0,0.0,97.0,36,0,1,0,1
1550,98.77,HIGH RISK,Dropout,Yes,0,0.0,0,0.0,110.0,37,0,0,0,0
3300,98.77,HIGH RISK,Dropout,Yes,0,0.0,0,0.0,132.5,19,0,0,0,0
2668,98.77,HIGH RISK,Dropout,Yes,1,11.0,2,11.0,150.0,49,0,0,0,1
4405,98.76,HIGH RISK,Dropout,Yes,2,10.5,1,11.0,120.0,28,0,1,0,1
3359,98.76,HIGH RISK,Dropout,Yes,0,0.0,0,0.0,154.3,32,1,0,0,0
232,98.75,HIGH RISK,Dropout,Yes,0,0.0,0,0.0,130.5,38,1,0,0,0
1274,98.75,HIGH RISK,Dropout,Yes,0,0.0,0,0.0,120.3,35,1,0,0,0
792,98.74,HIGH RISK,Dropout,Yes,0,0.0,2,11.5,149.0,36,0,0,0,1
3956,98.74,HIGH RISK,Dropout,Yes,0,0.0,0,0.0,111.8,27,1,0,0,0
915,98.74,HIGH RISK,Dropout,Yes,0,0.0,0,0.0,135.5,32,1,0,0,0
512,98.74,HIGH RISK,Dropout,Yes,0,0.0,0,0.0,101.8,32,0,0,0,0
960,98.73,HIGH RISK,Dropout,Yes,0,0.0,0,0.0,128.4,19,0,0,0,1
1354,98.73,HIGH RISK,Dropout,Yes,0,0.0,0,0.0,127.9,19,1,0,0,0
514,98.72,HIGH RISK,Dropout,Yes,0,0.0,0,0.0,121.9,40,0,0,0,0
3632,98.71,HIGH RISK,Dropout,Yes,2,10.333333333333334,6,12.166666666666666,110.4,19,0,1,0,0
1245,98.71,HIGH RISK,Dropout,Yes,1,10.0,4,11.75,100.0,31,0,0,0,0
8,98.71,HIGH RISK,Dropout,Yes,0,0.0,0,0.0,113.1,22,0,0,0,1
1729,98.7,HIGH RISK,Dropout,Yes,0,0.0,0,0.0,131.7,18,0,0,0,0
3535,98.7,HIGH RISK,Dropout,Yes,0,0.0,2,11.0,120.5,30,1,0,0,1
3894,98.69,HIGH RISK,Dropout,Yes,2,10.5,1,12.0,110.0,35,0,0,0,0
3876,98.69,HIGH RISK,Dropout,Yes,0,0.0,0,0.0,110.0,27,1,0,0,1
2086,98.68,HIGH RISK,Dropout,Yes,0,0.0,0,0.0,124.0,18,0,0,0,0
3762,98.67,HIGH RISK,Dropout,Yes,0,0.0,0,0.0,125.1,27,0,1,0,0
3310,98.67,HIGH RISK,Dropout,Yes,0,0.0,0,0.0,110.5,31,1,0,0,0
3084,98.67,HIGH RISK,Dropout,Yes,0,0.0,0,0.0,105.5,19,0,1,0,0
3552,98.67,HIGH RISK,Dropout,Yes,0,0.0,0,0.0,139.0,33,0,1,0,1
3538,98.67,HIGH RISK,Dropout,Yes,0,0.0,0,0.0,116.3,32,0,0,0,1
3549,98.67,HIGH RISK,Dropout,Yes,0,0.0,0,0.0,148.0,31,0,0,0,1
94,98.66,HIGH RISK,Dropout,Yes,0,0.0,3,12.666666666666666,115.5,39,1,0,0,0
3075,98.66,HIGH RISK,Dropout,Yes,9,12.22222222222222,12,11.75,120.0,57,0,0,0,1
597,98.66,HIGH RISK,Dropout,Yes,3,10.0,4,12.0,111.5,20,0,0,1,0
1191,98.66,HIGH RISK,Dropout,Yes,0,0.0,0,0.0,140.0,25,1,0,0,0
3683,98.66,HIGH RISK,Dropout,Yes,0,0.0,0,0.0,121.8,36,0,0,0,1
1479,98.66,HIGH RISK,Dropout,Yes,0,0.0,2,14.5,120.0,25,0,1,0,1
948,98.65,HIGH RISK,Dropout,Yes,0,0.0,0,0.0,125.8,22,0,0,1,1
3000,98.65,HIGH RISK,Dropout,Yes,0,0.0,0,0.0,127.0,37,0,0,0,0
2511,98.65,HIGH RISK,Dropout,Yes,0,0.0,5,12.0,154.4,18,0,0,0,0
2875,98.65,HIGH RISK,Dropout,Yes,0,0.0,0,0.0,110.7,50,1,0,0,0
3727,98.65,HIGH RISK,Dropout,Yes,0,0.0,0,0.0,124.3,27,0,0,0,1
2476,98.64,HIGH RISK,Dropout,Yes,0,0.0,0,0.0,151.5,45,0,1,0,1
2837,98.64,HIGH RISK,Dropout,Yes,0,0.0,0,0.0,114.6,46,1,0,0,0
690,98.64,HIGH RISK,Dropout,Yes,0,0.0,0,0.0,116.4,70,0,1,0,1
3058,98.63,HIGH RISK,Dropout,Yes,0,0.0,0,0.0,142.4,32,1,0,0,0
1209,98.63,HIGH RISK,Dropout,Yes,0,0.0,1,11.0,130.0,28,0,0,0,0
4006,98.63,HIGH RISK,Dropout,Yes,0,0.0,0,0.0,112.0,34,1,0,0,1
4035,98.62,HIGH RISK,Dropout,Yes,0,0.0,0,0.0,130.0,38,1,0,0,1
3334,98.62,HIGH RISK,Dropout,Yes,3,10.666666666666666,1,11.0,100.0,27,0,0,0,1
3098,98.61,HIGH RISK,Dropout,Yes,0,0.0,4,11.25,118.3,19,1,0,0,0
754,98.61,HIGH RISK,Dropout,Yes,0,0.0,0,0.0,137.2,32,0,1,0,0
4141,98.61,HIGH RISK,Dropout,Yes,0,0.0,0,0.0,130.0,41,1,1,0,0
867,98.61,HIGH RISK,Dropout,Yes,0,0.0,0,0.0,143.4,29,1,0,0,1
2041,98.59,HIGH RISK,Dropout,Yes,2,11.0,3,11.666666666666666,120.3,20,0,1,0,0
609,98.58,HIGH RISK,Dropout,Yes,0,0.0,0,0.0,117.6,18,1,0,0,0
3849,98.58,HIGH RISK,Dropout,Yes,5,11.6,8,11.88888888888889,100.0,28,0,1,0,1
2034,98.57,HIGH RISK,Dropout,Yes,0,0.0,0,0.0,100.0,51,1,0,0,1
1570,98.57,HIGH RISK,Dropout,Yes,0,0.0,0,0.0,100.0,37,1,0,0,0
2582,98.57,HIGH RISK,Dropout,Yes,0,0.0,0,0.0,115.6,27,0,0,0,0
504,98.56,HIGH RISK,Dropout,Yes,0,0.0,1,12.0,130.0,28,0,0,0,0
2412,98.56,HIGH RISK,Dropout,Yes,0,0.0,4,11.25,116.0,51,0,0,0,0
3224,98.55,HIGH RISK,Dropout,Yes,0,0.0,0,0.0,116.9,26,0,1,0,0
3537,98.55,HIGH RISK,Dropout,Yes,0,0.0,0,0.0,139.0,40,1,0,0,1
1460,98.55,HIGH RISK,Dropout,Yes,0,0.0,0,0.0,112.0,20,0,0,0,1
691,98.53,HIGH RISK,Dropout,Yes,0,0.0,0,0.0,100.9,48,1,0,0,1
2683,98.53,HIGH RISK,Dropout,Yes,1,10.0,0,0.0,120.0,46,0,1,0,1
37,98.53,HIGH RISK,Dropout,Yes,0,0.0,0,0.0,128.8,43,1,0,0,1
497,98.52,HIGH RISK,Dropout,Yes,0,0.0,1,10.0,120.0,29,1,0,0,0
1688,98.51,HIGH RISK,Dropout,Yes,0,0.0,3,12.666666666666666,140.0,38,0,1,0,1
3037,98.51,HIGH RISK,Dropout,Yes,0,0.0,0,0.0,123.0,19,0,0,0,0
2768,98.51,HIGH RISK,Dropout,Yes,0,0.0,0,0.0,115.0,24,0,0,0,0
45,98.5,HIGH RISK,Dropout,Yes,0,0.0,0,0.0,109.7,29,1,0,0,0
1357,98.5,HIGH RISK,Dropout,Yes,0,0.0,4,11.75,102.5,26,1,0,0,0
2505,98.48,HIGH RISK,Dropout,Yes,0,0.0,0,0.0,120.3,19,1,0,0,0
2487,98.48,HIGH RISK,Dropout,Yes,0,0.0,0,0.0,107.2,42,1,0,0,1
1871,98.47,HIGH RISK,Dropout,Yes,0,0.0,0,0.0,130.6,23,0,1,0,1
1769,98.47,HIGH RISK,Dropout,Yes,0,0.0,0,0.0,140.0,27,1,0,0,1
3768,98.46,HIGH RISK,Dropout,Yes,0,0.0,3,11.333333333333334,115.7,19,0,1,0,0
2474,98.45,HIGH RISK,Dropout,Yes,0,0.0,0,0.0,120.0,24,0,0,0,1
3292,98.45,HIGH RISK,Dropout,Yes,0,0.0,1,13.0,113.0,35,0,0,0,1
2554,98.44,HIGH RISK,Dropout,Yes,0,0.0,2,10.5,161.8,33,1,1,0,1
2391,98.43,HIGH RISK,Dropout,Yes,4,12.0,6,11.428571428571429,122.0,25,0,1,0,1
4217,98.43,HIGH RISK,Dropout,Yes,0,0.0,0,0.0,100.0,20,0,1,0,0
883,98.42,HIGH RISK,Dropout,Yes,0,0.0,1,11.0,120.0,31,0,1,0,1
2014,98.42,HIGH RISK,Dropout,Yes,0,0.0,0,0.0,95.5,32,0,1,0,0
2664,98.42,HIGH RISK,Dropout,Yes,0,0.0,0,0.0,96.0,38,0,0,0,1
2121,98.41,HIGH RISK,Dropout,Yes,0,0.0,2,13.0,104.1,21,0,1,1,0
100,98.4,HIGH RISK,Dropout,Yes,0,0.0,4,11.96,111.5,19,0,1,0,0
529,98.4,HIGH RISK,Dropout,Yes,0,0.0,0,0.0,110.3,26,0,1,0,1
1102,98.39,HIGH RISK,Dropout,Yes,0,0.0,0,0.0,121.7,22,0,0,0,0
4254,98.38,HIGH RISK,Dropout,Yes,0,0.0,5,12.2,113.7,19,0,1,0,0
4182,98.38,HIGH RISK,Dropout,Yes,0,0.0,0,0.0,107.7,28,0,1,0,0
2839,98.38,HIGH RISK,Dropout,Yes,0,0.0,0,0.0,140.0,37,0,0,0,0
4307,98.37,HIGH RISK,Dropout,Yes,0,0.0,0,0.0,120.0,25,0,0,0,1
1867,98.37,HIGH RISK,Dropout,Yes,0,0.0,2,10.5,121.5,26,0,0,0,1
229,98.36,HIGH RISK,Dropout,Yes,0,0.0,0,0.0,97.0,28,1,0,0,0
2461,98.36,HIGH RISK,Dropout,Yes,0,0.0,4,11.75,132.0,43,1,0,0,1
3488,98.35,HIGH RISK,Dropout,Yes,0,0.0,0,0.0,119.5,19,0,0,0,1
196,98.34,HIGH RISK,Dropout,Yes,0,0.0,0,0.0,152.0,27,1,0,0,0
2462,98.3,HIGH RISK,Dropout,Yes,0,0.0,0,0.0,125.9,18,1,0,0,1
2690,98.29,HIGH RISK,Dropout,Yes,0,0.0,2,12.0,132.8,21,0,0,0,1
4013,98.28,HIGH RISK,Dropout,Yes,0,0.0,0,0.0,130.0,30,1,0,0,0
930,98.28,HIGH RISK,Dropout,Yes,0,0.0,0,0.0,137.0,19,1,0,0,0
3172,98.28,HIGH RISK,Dropout,Yes,4,10.75,5,13.2,123.7,20,0,1,0,0
3948,98.28,HIGH RISK,Dropout,Yes,0,0.0,0,0.0,129.0,21,1,0,0,0
2378,98.27,HIGH RISK,Dropout,Yes,0,0.0,0,0.0,110.0,32,0,0,0,1
1874,98.27,HIGH RISK,Dropout,Yes,0,0.0,0,0.0,97.5,29,1,0,0,1
4416,98.27,HIGH RISK,Dropout,Yes,3,11.083333333333334,3,12.333333333333334,117.8,46,0,1,0,0
262,98.27,HIGH RISK,Dropout,Yes,0,0.0,0,0.0,100.0,34,1,0,0,0
3749,98.26,HIGH RISK,Dropout,Yes,0,0.0,0,0.0,135.1,18,1,1,0,0
2486,98.25,HIGH RISK,Dropout,Yes,1,12.0,4,11.5,100.0,44,0,0,0,1
3774,98.25,HIGH RISK,Dropout,Yes,0,0.0,0,0.0,100.0,26,0,1,1,0
2286,98.24,HIGH RISK,Dropout,Yes,0,0.0,0,0.0,115.8,49,0,0,0,1
2097,98.24,HIGH RISK,Dropout,Yes,0,0.0,0,0.0,140.0,26,1,0,0,0
3862,98.23,HIGH RISK,Dropout,Yes,0,0.0,1,11.0,153.0,18,1,0,1,1
3341,98.21,HIGH RISK,Dropout,Yes,0,0.0,0,0.0,136.1,19,0,0,0,1
2452,98.2,HIGH RISK,Dropout,Yes,0,0.0,4,12.0,120.0,44,0,1,0,1
3426,98.2,HIGH RISK,Dropout,Yes,0,0.0,3,12.333333333333334,96.0,29,0,0,0,0
1527,98.2,HIGH RISK,Dropout,Yes,4,12.6,6,12.5,111.7,19,0,1,0,1
1297,98.2,HIGH RISK,Dropout,Yes,0,0.0,0,0.0,107.0,26,1,0,0,1
2021,98.2,HIGH RISK,Dropout,Yes,0,0.0,0,0.0,107.8,27,0,0,0,1
3191,98.19,HIGH RISK,Dropout,Yes,0,0.0,0,0.0,100.0,29,0,0,0,1
1097,98.18,HIGH RISK,Dropout,Yes,0,0.0,0,0.0,106.5,20,0,1,0,0
1242,98.18,HIGH RISK,Dropout,Yes,3,11.666666666666666,2,11.0,130.0,31,0,0,0,1
1511,98.17,HIGH RISK,Dropout,Yes,0,0.0,0,0.0,126.7,22,0,0,0,1
1676,98.17,HIGH RISK,Dropout,Yes,0,0.0,5,10.4,126.6,18,0,0,0,0
3070,98.17,HIGH RISK,Dropout,Yes,0,0.0,0,0.0,144.0,51,1,0,0,1
1623,98.16,HIGH RISK,Dropout,Yes,4,11.25,6,10.25,150.0,50,0,0,0,0
3364,98.16,HIGH RISK,Dropout,Yes,0,0.0,0,0.0,150.0,38,0,1,0,0
3187,98.16,HIGH RISK,Dropout,Yes,0,0.0,0,0.0,128.2,30,0,0,1,1
2421,98.16,HIGH RISK,Dropout,Yes,0,0.0,0,0.0,150.0,47,1,0,0,1
2855,98.15,HIGH RISK,Dropout,Yes,0,0.0,0,0.0,122.0,19,1,1,0,0
4261,98.14,HIGH RISK,Dropout,Yes,0,0.0,0,0.0,110.0,48,0,1,0,0
2449,98.14,HIGH RISK,Dropout,Yes,0,0.0,0,0.0,98.6,28,0,1,0,1
1446,98.14,HIGH RISK,Dropout,Yes,0,0.0,0,0.0,114.8,18,0,0,0,1
1808,98.14,HIGH RISK,Dropout,Yes,0,0.0,0,0.0,121.4,18,1,0,0,1
772,98.14,HIGH RISK,Dropout,Yes,0,0.0,0,0.0,119.0,18,1,0,0,0
2201,98.13,HIGH RISK,Dropout,Yes,0,0.0,4,12.5,122.0,29,0,1,0,1
952,98.13,HIGH RISK,Dropout,Yes,0,0.0,0,0.0,132.8,45,0,1,0,1
3117,98.13,HIGH RISK,Dropout,Yes,0,0.0,0,0.0,126.8,18,0,1,0,0
1502,98.13,HIGH RISK,Dropout,Yes,0,0.0,1,12.0,119.0,20,1,1,0,1
3590,98.13,HIGH RISK,Dropout,Yes,0,0.0,0,0.0,130.0,27,1,0,0,1
1086,98.12,HIGH RISK,Dropout,Yes,0,0.0,0,0.0,116.5,19,1,0,0,0
3066,98.12,HIGH RISK,Dropout,Yes,0,0.0,0,0.0,113.3,21,1,1,0,0
534,98.12,HIGH RISK,Dropout,Yes,0,0.0,0,0.0,120.0,20,0,1,0,1
2192,98.1,HIGH RISK,Dropout,Yes,0,0.0,0,0.0,124.7,18,1,0,0,1
862,98.09,HIGH RISK,Dropout,Yes,0,0.0,0,0.0,120.0,28,0,1,0,1
355,98.07,HIGH RISK,Dropout,Yes,0,0.0,5,11.0,120.7,22,0,1,0,0
2757,98.06,HIGH RISK,Dropout,Yes,1,10.0,1,10.0,104.0,26,0,0,0,1
2376,98.06,HIGH RISK,Dropout,Yes,5,11.0,4,13.25,95.0,21,0,0,0,1
576,98.06,HIGH RISK,Dropout,Yes,0,0.0,0,0.0,120.0,29,0,0,0,1
1800,98.04,HIGH RISK,Dropout,Yes,0,0.0,3,12.333333333333334,127.3,20,0,1,0,0
4277,98.04,HIGH RISK,Dropout,Yes,0,0.0,1,13.0,114.0,29,0,0,0,1
3,98.04,HIGH RISK,Dropout,Yes,0,0.0,0,0.0,124.8,19,0,0,0,1
669,98.03,HIGH RISK,Dropout,Yes,0,0.0,0,0.0,130.2,19,1,0,0,0
1855,98.03,HIGH RISK,Dropout,Yes,2,10.5,2,11.5,106.3,35,0,1,0,1
3317,98.02,HIGH RISK,Dropout,Yes,2,14.0,1,13.0,120.0,40,0,0,0,1
3846,98.01,HIGH RISK,Dropout,Yes,0,0.0,0,0.0,128.2,27,0,1,0,1
4011,98.01,HIGH RISK,Dropout,Yes,0,0.0,0,0.0,100.0,31,1,0,0,1
2445,98.01,HIGH RISK,Dropout,Yes,0,0.0,0,0.0,142.8,20,1,0,0,1
4195,98.0,HIGH RISK,Dropout,Yes,0,0.0,2,11.5,117.5,22,0,1,0,0
1544,98.0,HIGH RISK,Dropout,Yes,0,0.0,0,0.0,100.0,35,1,0,0,1
802,97.99,HIGH RISK,Dropout,Yes,0,0.0,0,0.0,110.0,18,0,1,0,0
552,97.99,HIGH RISK,Dropout,Yes,4,13.75,4,13.0,115.0,25,0,1,0,1
1868,97.98,HIGH RISK,Dropout,Yes,0,0.0,0,0.0,153.5,31,0,1,0,1
3350,97.98,HIGH RISK,Dropout,Yes,0,0.0,2,12.0,120.0,32,1,1,0,1
1740,97.97,HIGH RISK,Dropout,Yes,0,0.0,0,0.0,126.3,38,0,0,0,1
105,97.97,HIGH RISK,Dropout,Yes,0,0.0,0,0.0,117.4,19,1,0,0,0
1878,97.96,HIGH RISK,Dropout,Yes,0,0.0,0,0.0,123.3,18,1,0,0,1
694,97.95,HIGH RISK,Dropout,Yes,0,0.0,3,11.25,100.0,35,0,1,0,1
515,97.95,HIGH RISK,Dropout,Yes,0,0.0,0,0.0,120.4,39,0,1,0,0
1767,97.95,HIGH RISK,Dropout,Yes,1,14.0,3,14.333333333333334,100.0,29,0,1,0,0
710,97.95,HIGH RISK,Dropout,Yes,0,0.0,0,0.0,96.0,50,0,1,0,1
3347,97.94,HIGH RISK,Dropout,Yes,0,0.0,0,0.0,108.5,36,1,0,0,1
1677,97.93,HIGH RISK,Dropout,Yes,0,0.0,0,0.0,131.6,19,1,0,0,1
967,97.93,HIGH RISK,Dropout,Yes,0,0.0,0,0.0,130.9,28,0,0,0,1
3090,97.92,HIGH RISK,Dropout,Yes,0,0.0,0,0.0,150.0,27,1,0,0,0
2210,97.9,HIGH RISK,Dropout,Yes,0,0.0,0,0.0,132.4,18,0,1,0,1
3234,97.9,HIGH RISK,Dropout,Yes,0,0.0,0,0.0,111.3,20,1,0,0,0
884,97.88,HIGH RISK,Dropout,Yes,6,11.428571428571429,3,13.0,130.0,32,0,1,0,1
2563,97.88,HIGH RISK,Dropout,Yes,0,0.0,2,10.75,120.0,37,1,0,0,0
2271,97.88,HIGH RISK,Dropout,Yes,0,0.0,0,0.0,140.0,33,0,0,0,1
1405,97.88,HIGH RISK,Dropout,Yes,0,0.0,0,0.0,130.0,25,0,1,0,1
4060,97.87,HIGH RISK,Dropout,Yes,0,0.0,0,0.0,157.0,18,0,0,0,0
1758,97.86,HIGH RISK,Dropout,Yes,0,0.0,3,12.666666666666666,150.0,22,0,0,0,0
1744,97.86,HIGH RISK,Dropout,Yes,2,10.0,3,11.666666666666666,110.0,19,0,1,0,1
1691,97.85,HIGH RISK,Dropout,Yes,0,0.0,0,0.0,134.0,24,1,0,0,1
4114,97.84,HIGH RISK,Dropout,Yes,0,0.0,0,0.0,101.5,24,1,0,0,0
1136,97.84,HIGH RISK,Dropout,Yes,3,11.0,4,11.25,108.3,26,0,0,0,0
2637,97.83,HIGH RISK,Dropout,Yes,0,0.0,3,11.0,115.1,21,0,0,0,1
3722,97.83,HIGH RISK,Dropout,Yes,0,0.0,1,10.0,140.0,30,0,0,0,1
811,97.82,HIGH RISK,Dropout,Yes,0,0.0,0,0.0,109.1,22,0,1,1,0
2207,97.82,HIGH RISK,Dropout,Yes,0,0.0,0,0.0,127.8,18,0,0,0,1
3583,97.81,HIGH RISK,Dropout,Yes,0,0.0,0,0.0,154.4,27,1,0,0,1
420,97.8,HIGH RISK,Dropout,Yes,0,0.0,0,0.0,127.5,18,1,0,0,0
1092,97.8,HIGH RISK,Dropout,Yes,0,0.0,0,0.0,120.0,18,1,0,0,0
1157,97.79,HIGH RISK,Dropout,Yes,1,10.0,3,11.666666666666666,120.6,19,0,0,0,0
2872,97.78,HIGH RISK,Dropout,Yes,0,0.0,0,0.0,114.3,41,1,0,0,0
1877,97.77,HIGH RISK,Dropout,Yes,0,0.0,0,0.0,110.5,37,1,0,0,1
4036,97.77,HIGH RISK,Dropout,Yes,0,0.0,0,0.0,110.0,37,1,0,0,1
4246,97.76,HIGH RISK,Dropout,Yes,0,0.0,0,0.0,111.4,20,0,1,0,0
1951,97.76,HIGH RISK,Dropout,Yes,0,0.0,0,0.0,114.3,19,1,0,0,0
2957,97.75,HIGH RISK,Dropout,Yes,0,0.0,0,0.0,130.0,36,1,0,0,0
183,97.74,HIGH RISK,Dropout,Yes,0,0.0,5,12.0,104.0,27,0,1,0,0
1540,97.74,HIGH RISK,Dropout,Yes,0,0.0,0,0.0,122.5,32,0,0,0,0
1883,97.74,HIGH RISK,Dropout,Yes,0,0.0,0,0.0,118.2,19,1,0,0,0
856,97.73,HIGH RISK,Dropout,Yes,0,0.0,5,11.8,128.1,21,1,0,0,1
2274,97.73,HIGH RISK,Dropout,Yes,0,0.0,0,0.0,128.0,37,1,0,0,1
2911,97.72,HIGH RISK,Dropout,Yes,0,0.0,0,0.0,120.9,18,1,0,0,0
1495,97.72,HIGH RISK,Dropout,Yes,0,0.0,0,0.0,100.0,24,1,1,0,1
4230,97.72,HIGH RISK,Dropout,Yes,0,0.0,1,12.0,128.2,28,0,0,1,0
3466,97.71,HIGH RISK,Dropout,Yes,0,0.0,0,0.0,117.9,35,1,0,0,0
2791,97.69,HIGH RISK,Dropout,Yes,1,11.0,2,12.5,112.9,19,0,0,0,1
321,97.68,HIGH RISK,Dropout,Yes,0,0.0,0,0.0,150.0,26,0,1,0,0
3455,97.67,HIGH RISK,Dropout,Yes,1,10.0,2,10.0,109.3,22,0,0,0,0
2920,97.67,HIGH RISK,Dropout,Yes,0,0.0,0,0.0,119.4,27,0,1,0,0
2116,97.65,HIGH RISK,Dropout,Yes,0,0.0,0,0.0,119.2,21,1,0,0,0
3494,97.65,HIGH RISK,Dropout,Yes,0,0.0,0,0.0,130.0,33,0,0,0,1
3345,97.64,HIGH RISK,Dropout,Yes,3,11.666666666666666,5,12.0,142.5,37,0,1,0,1
3414,97.64,HIGH RISK,Dropout,Yes,0,0.0,0,0.0,126.7,18,1,0,0,0
3288,97.64,HIGH RISK,Dropout,Yes,3,10.166666666666666,4,11.25,114.6,19,0,0,0,1
1805,97.62,HIGH RISK,Dropout,Yes,0,0.0,0,0.0,112.1,38,0,1,0,1
1333,97.61,HIGH RISK,Dropout,Yes,1,12.0,0,0.0,137.7,23,0,0,0,0
2748,97.61,HIGH RISK,Dropout,Yes,0,0.0,0,0.0,105.3,36,0,0,0,1
2349,97.6,HIGH RISK,Dropout,Yes,0,0.0,0,0.0,125.3,30,1,0,1,1
3834,97.59,HIGH RISK,Dropout,Yes,0,0.0,0,0.0,110.8,19,1,0,0,1
832,97.59,HIGH RISK,Dropout,Yes,0,0.0,0,0.0,118.0,47,1,0,0,0
2800,97.59,HIGH RISK,Dropout,Yes,3,11.0,5,12.0,108.6,34,0,0,0,1
2924,97.59,HIGH RISK,Dropout,Yes,0,0.0,1,11.0,108.0,25,1,0,0,0
1515,97.57,HIGH RISK,Dropout,Yes,0,0.0,0,0.0,123.8,19,1,0,0,0
2465,97.56,HIGH RISK,Dropout,Yes,4,11.8,4,11.25,141.4,29,0,1,0,1
1863,97.56,HIGH RISK,Dropout,Yes,0,0.0,2,10.5,111.9,20,0,0,0,1
3944,97.55,HIGH RISK,Dropout,Yes,0,0.0,0,0.0,140.5,24,0,1,0,0
2847,97.55,HIGH RISK,Dropout,Yes,0,0.0,1,14.0,100.5,39,1,0,0,0
2328,97.53,HIGH RISK,Dropout,Yes,3,10.666666666666666,2,10.5,120.0,40,0,0,0,1
687,97.52,HIGH RISK,Dropout,Yes,2,11.0,3,12.333333333333334,137.7,41,0,0,0,1
1248,97.52,HIGH RISK,Dropout,Yes,0,0.0,0,0.0,117.0,19,1,1,0,0
667,97.47,HIGH RISK,Dropout,Yes,4,11.75,5,12.2,129.5,18,0,1,0,0
2636,97.46,HIGH RISK,Dropout,Yes,0,0.0,2,11.75,136.1,26,1,0,0,1
2938,97.46,HIGH RISK,Dropout,Yes,0,0.0,4,12.75,150.2,28,0,0,0,0
3693,97.46,HIGH RISK,Dropout,Yes,0,0.0,1,14.0,105.2,29,1,0,0,1
1520,97.43,HIGH RISK,Dropout,Yes,0,0.0,0,0.0,140.0,24,0,1,0,1
4001,97.42,HIGH RISK,Dropout,Yes,0,0.0,0,0.0,140.0,34,0,0,0,1
3015,97.41,HIGH RISK,Dropout,Yes,0,0.0,0,0.0,123.5,19,1,0,0,0
4051,97.41,HIGH RISK,Dropout,Yes,0,0.0,0,0.0,163.0,18,1,0,0,0
3714,97.4,HIGH RISK,Dropout,Yes,0,0.0,0,0.0,100.0,32,1,0,0,1
2947,97.4,HIGH RISK,Dropout,Yes,0,0.0,0,0.0,150.0,19,1,0,0,0
1692,97.4,HIGH RISK,Dropout,Yes,0,0.0,0,0.0,130.8,19,0,0,0,1
2032,97.4,HIGH RISK,Dropout,Yes,0,0.0,5,12.166666666666666,112.0,45,1,1,0,0
2935,97.39,HIGH RISK,Dropout,Yes,0,0.0,0,0.0,135.0,51,1,0,0,0
749,97.39,HIGH RISK,Dropout,Yes,0,0.0,0,0.0,107.0,30,1,0,0,1
2789,97.38,HIGH RISK,Dropout,Yes,0,0.0,0,0.0,130.9,24,0,1,0,1
973,97.38,HIGH RISK,Dropout,Yes,0,0.0,0,0.0,118.0,33,0,0,0,1
3794,97.37,HIGH RISK,Dropout,Yes,0,0.0,0,0.0,125.6,19,1,0,0,1
4099,97.37,HIGH RISK,Dropout,Yes,0,0.0,0,0.0,111.3,32,1,0,0,0
3371,97.37,HIGH RISK,Dropout,Yes,0,0.0,0,0.0,130.0,25,1,0,0,0
2440,97.36,HIGH RISK,Dropout,Yes,0,0.0,1,14.0,111.6,35,1,0,0,1
2270,97.36,HIGH RISK,Dropout,Yes,0,0.0,0,0.0,161.9,59,1,0,0,1
185,97.36,HIGH RISK,Dropout,Yes,0,0.0,0,0.0,135.0,20,1,0,0,0
1387,97.35,HIGH RISK,Dropout,Yes,0,0.0,0,0.0,120.0,22,0,0,0,1
2047,97.34,HIGH RISK,Dropout,Yes,0,0.0,0,0.0,118.7,19,1,0,0,0
3287,97.33,HIGH RISK,Dropout,Yes,0,0.0,1,12.0,160.0,36,1,0,0,1
2010,97.32,HIGH RISK,Dropout,Yes,0,0.0,0,0.0,129.6,22,1,0,0,0
711,97.31,HIGH RISK,Dropout,Yes,0,0.0,0,0.0,121.7,45,1,0,0,1
532,97.29,HIGH RISK,Dropout,Yes,0,0.0,0,0.0,121.8,22,1,0,0,1
728,97.28,HIGH RISK,Dropout,Yes,0,0.0,0,0.0,143.2,35,1,0,0,1
477,97.26,HIGH RISK,Dropout,Yes,0,0.0,2,12.5,104.5,21,1,0,0,0
944,97.26,HIGH RISK,Dropout,Yes,0,0.0,0,0.0,130.0,34,1,0,0,0
1680,97.26,HIGH RISK,Dropout,Yes,0,0.0,3,11.916666666666666,100.0,28,1,0,0,1
375,97.24,HIGH RISK,Dropout,Yes,0,0.0,0,0.0,128.2,31,1,0,0,0
3648,97.23,HIGH RISK,Dropout,Yes,0,0.0,0,0.0,127.0,21,1,0,0,0
1749,97.23,HIGH RISK,Dropout,Yes,0,0.0,0,0.0,120.0,27,0,1,0,1
1474,97.23,HIGH RISK,Dropout,Yes,0,0.0,0,0.0,120.5,19,1,0,0,1
304,97.22,HIGH RISK,Dropout,Yes,4,10.25,2,12.5,122.0,18,0,1,0,0
2677,97.22,HIGH RISK,Dropout,Yes,2,13.15,0,0.0,140.0,43,1,0,0,1
13,97.21,HIGH RISK,Dropout,Yes,0,0.0,0,0.0,130.2,19,1,0,0,0
244,97.21,HIGH RISK,Dropout,Yes,0,0.0,0,0.0,122.7,25,0,0,0,0
4249,97.2,HIGH RISK,Dropout,Yes,3,11.666666666666666,3,12.333333333333334,140.0,30,0,1,0,0
1537,97.19,HIGH RISK,Dropout,Yes,0,0.0,0,0.0,106.2,27,1,0,0,0
1014,97.19,HIGH RISK,Dropout,Yes,0,0.0,0,0.0,122.2,18,1,0,0,0
2745,97.18,HIGH RISK,Dropout,Yes,5,11.0,6,10.833333333333334,123.0,28,0,1,1,0
2136,97.17,HIGH RISK,Dropout,Yes,0,0.0,0,0.0,101.0,25,1,1,0,0
107,97.16,HIGH RISK,Dropout,Yes,0,0.0,0,0.0,118.2,19,1,0,0,0
1263,97.16,HIGH RISK,Dropout,Yes,0,0.0,0,0.0,122.8,19,1,0,0,1
4369,97.16,HIGH RISK,Dropout,Yes,0,0.0,0,0.0,120.0,25,0,0,0,1
519,97.15,HIGH RISK,Dropout,Yes,1,11.0,1,10.0,100.0,48,1,0,0,0
2867,97.14,HIGH RISK,Dropout,Yes,0,0.0,0,0.0,123.5,50,1,0,0,0
198,97.12,HIGH RISK,Dropout,Yes,0,0.0,0,0.0,150.0,35,1,0,0,0
4308,97.11,HIGH RISK,Dropout,Yes,0,0.0,0,0.0,127.0,38,1,0,0,1
3199,97.1,HIGH RISK,Dropout,Yes,0,0.0,0,0.0,110.0,35,1,0,0,1
2104,97.1,HIGH RISK,Dropout,Yes,3,10.666666666666666,4,12.0,141.0,20,0,0,0,0
2932,97.09,HIGH RISK,Dropout,Yes,0,0.0,1,13.0,119.1,29,1,1,0,0
1605,97.09,HIGH RISK,Dropout,Yes,0,0.0,2,11.5,120.0,27,0,1,0,1
3852,97.04,HIGH RISK,Dropout,Yes,5,12.4,5,11.4,130.0,55,0,0,0,1
2070,97.04,HIGH RISK,Dropout,Yes,3,12.333333333333334,3,10.0,117.0,23,0,0,0,1
2317,97.03,HIGH RISK,Dropout,Yes,2,16.0,2,13.333333333333334,134.4,31,0,1,0,1
735,97.03,HIGH RISK,Dropout,Yes,0,0.0,0,0.0,150.0,34,1,0,0,1
1549,97.03,HIGH RISK,Dropout,Yes,0,0.0,0,0.0,100.0,37,0,0,0,0
4100,97.01,HIGH RISK,Dropout,Yes,0,0.0,0,0.0,130.2,18,1,0,0,0
2913,97.0,HIGH RISK,Dropout,Yes,0,0.0,0,0.0,125.2,21,1,0,0,0
3315,96.99,HIGH RISK,Dropout,Yes,0,0.0,0,0.0,117.9,40,0,0,0,1
809,96.99,HIGH RISK,Dropout,Yes,0,0.0,0,0.0,129.7,20,1,0,0,0
712,96.97,HIGH RISK,Dropout,Yes,0,0.0,0,0.0,160.0,45,0,1,0,1
3883,96.96,HIGH RISK,Dropout,Yes,4,10.857142857142858,4,11.25,113.9,18,0,1,0,0
4046,96.95,HIGH RISK,Dropout,Yes,0,0.0,0,0.0,129.9,19,1,0,0,0
3473,96.94,HIGH RISK,Dropout,Yes,0,0.0,0,0.0,95.0,50,0,1,0,0
4030,96.94,HIGH RISK,Dropout,Yes,0,0.0,3,13.833333333333334,130.0,43,1,0,0,0
1037,96.93,HIGH RISK,Dropout,Yes,0,0.0,0,0.0,119.8,18,1,0,0,0
3298,96.93,HIGH RISK,Dropout,Yes,5,11.566666666666668,4,12.86,129.0,26,0,1,0,0
410,96.92,HIGH RISK,Dropout,Yes,0,0.0,0,0.0,128.2,25,1,0,0,0
3072,96.91,HIGH RISK,Dropout,Yes,0,0.0,0,0.0,107.5,29,0,1,0,1
4281,96.88,HIGH RISK,Dropout,Yes,0,0.0,1,11.0,111.4,27,1,0,0,1
1270,96.88,HIGH RISK,Dropout,Yes,0,0.0,1,10.0,120.0,28,1,0,0,0
2591,96.87,HIGH RISK,Dropout,Yes,0,0.0,0,0.0,100.0,30,1,0,0,0
606,96.86,HIGH RISK,Dropout,Yes,0,0.0,0,0.0,108.7,21,0,0,0,0
1197,96.86,HIGH RISK,Dropout,Yes,0,0.0,2,10.0,140.0,23,0,0,0,0
554,96.86,HIGH RISK,Dropout,Yes,0,0.0,2,11.0,119.8,19,1,0,0,1
3460,96.84,HIGH RISK,Dropout,Yes,0,0.0,0,0.0,153.0,40,0,0,0,0
2276,96.82,HIGH RISK,Dropout,Yes,2,10.5,3,11.666666666666666,113.2,22,0,0,0,1
937,96.82,HIGH RISK,Dropout,Yes,1,10.0,1,10.75,114.8,28,1,0,0,0
1510,96.8,HIGH RISK,Dropout,Yes,0,0.0,0,0.0,128.2,39,1,0,0,0
1241,96.79,HIGH RISK,Dropout,Yes,4,11.0,5,11.4,128.2,32,0,0,0,1
3942,96.79,HIGH RISK,Dropout,Yes,0,0.0,0,0.0,116.0,29,1,0,0,0
3848,96.79,HIGH RISK,Dropout,Yes,0,0.0,0,0.0,129.8,20,0,0,0,1
91,96.78,HIGH RISK,Dropout,Yes,0,0.0,0,0.0,100.8,24,1,0,0,1
2933,96.78,HIGH RISK,Dropout,Yes,0,0.0,0,0.0,111.9,36,1,1,0,0
1246,96.76,HIGH RISK,Dropout,Yes,1,13.0,1,10.0,116.5,34,1,0,0,0
830,96.75,HIGH RISK,Dropout,Yes,0,0.0,0,0.0,120.8,19,1,0,0,0
3275,96.74,HIGH RISK,Dropout,Yes,0,0.0,1,12.0,130.0,44,1,0,0,0
3760,96.74,HIGH RISK,Dropout,Yes,0,0.0,0,0.0,127.3,20,1,0,0,0
1328,96.72,HIGH RISK,Dropout,Yes,0,0.0,1,10.0,137.7,19,0,1,0,0
950,96.72,HIGH RISK,Dropout,Yes,0,0.0,0,0.0,135.1,61,1,0,0,1
4284,96.71,HIGH RISK,Dropout,Yes,0,0.0,1,11.0,132.0,28,0,1,0,1
3348,96.67,HIGH RISK,Dropout,Yes,0,0.0,0,0.0,140.0,29,1,0,0,1
4331,96.67,HIGH RISK,Dropout,Yes,0,0.0,0,0.0,118.0,19,1,0,0,0
3910,96.65,HIGH RISK,Dropout,Yes,0,0.0,0,0.0,108.4,34,1,0,0,0
1766,96.65,HIGH RISK,Dropout,Yes,0,0.0,0,0.0,129.2,26,1,0,0,0
2851,96.64,HIGH RISK,Dropout,Yes,0,0.0,0,0.0,109.0,20,0,0,0,0
1059,96.64,HIGH RISK,Dropout,Yes,4,11.25,5,11.2,100.0,25,0,1,0,0
194,96.63,HIGH RISK,Dropout,Yes,0,0.0,0,0.0,134.0,21,1,0,0,0
2940,96.63,HIGH RISK,Dropout,Yes,0,0.0,0,0.0,107.5,41,1,0,0,0
82,96.61,HIGH RISK,Dropout,Yes,0,0.0,0,0.0,155.7,35,1,0,0,1
601,96.61,HIGH RISK,Dropout,Yes,0,0.0,0,0.0,140.0,23,1,0,0,0
3867,96.6,HIGH RISK,Dropout,Yes,0,0.0,0,0.0,119.7,20,1,0,0,1
835,96.6,HIGH RISK,Dropout,Yes,0,0.0,0,0.0,150.0,46,1,0,0,1
4092,96.6,HIGH RISK,Dropout,Yes,3,12.6,2,13.25,135.5,29,0,1,0,0
3870,96.6,HIGH RISK,Dropout,Yes,3,11.666666666666666,4,13.5,120.0,31,0,1,0,1
1375,96.59,HIGH RISK,Dropout,Yes,3,11.333333333333334,3,13.666666666666666,130.0,23,0,0,0,1
3771,96.58,HIGH RISK,Dropout,Yes,0,0.0,0,0.0,140.0,19,1,0,0,0
3985,96.58,HIGH RISK,Dropout,Yes,0,0.0,0,0.0,138.1,28,0,1,0,0
2782,96.58,HIGH RISK,Dropout,Yes,1,11.0,3,10.333333333333334,129.2,20,0,1,0,0
2915,96.58,HIGH RISK,Dropout,Yes,0,0.0,0,0.0,110.0,47,1,0,0,0
4313,96.57,HIGH RISK,Dropout,Yes,2,15.0,4,14.75,130.0,32,0,0,0,1
3952,96.57,HIGH RISK,Dropout,Yes,0,0.0,0,0.0,150.0,26,1,0,0,0
439,96.56,HIGH RISK,Dropout,Yes,0,0.0,0,0.0,133.0,19,1,0,0,0
979,96.55,HIGH RISK,Dropout,Yes,5,14.666666666666666,5,10.6,155.5,39,0,1,0,1
3332,96.55,HIGH RISK,Dropout,Yes,5,12.0,5,12.166666666666666,125.0,31,0,0,0,1
400,96.54,HIGH RISK,Dropout,Yes,0,0.0,3,10.666666666666666,96.0,19,1,0,0,0
2330,96.52,HIGH RISK,Dropout,Yes,0,0.0,0,0.0,130.0,46,0,1,1,1
4146,96.52,HIGH RISK,Dropout,Yes,0,0.0,0,0.0,101.0,21,1,0,0,0
968,96.51,HIGH RISK,Dropout,Yes,0,0.0,0,0.0,120.0,58,1,0,0,1
3322,96.49,HIGH RISK,Dropout,Yes,0,0.0,0,0.0,134.3,21,1,0,0,1
1506,96.48,HIGH RISK,Dropout,Yes,3,12.0,3,11.0,123.1,19,0,0,0,0
918,96.47,HIGH RISK,Dropout,Yes,0,0.0,0,0.0,100.0,37,1,0,0,0
4323,96.45,HIGH RISK,Dropout,Yes,4,11.75,5,12.2,118.1,19,0,1,0,0
2308,96.45,HIGH RISK,Dropout,Yes,0,0.0,0,0.0,125.4,39,1,0,0,1
3563,96.45,HIGH RISK,Dropout,Yes,0,0.0,0,0.0,96.0,31,1,0,0,1
3558,96.44,HIGH RISK,Dropout,Yes,0,0.0,0,0.0,140.0,25,0,0,0,1
3819,96.42,HIGH RISK,Dropout,Yes,0,0.0,0,0.0,144.3,22,1,0,0,1
2993,96.41,HIGH RISK,Dropout,Yes,0,0.0,0,0.0,140.2,20,1,0,0,0
1203,96.41,HIGH RISK,Dropout,Yes,2,14.8,3,10.666666666666666,101.0,29,0,1,0,0
57,96.41,HIGH RISK,Dropout,Yes,0,0.0,0,0.0,130.0,39,1,0,0,0
4233,96.4,HIGH RISK,Dropout,Yes,4,12.25,3,10.666666666666666,120.7,19,0,1,0,0
1521,96.38,HIGH RISK,Dropout,Yes,0,0.0,1,10.0,115.0,27,1,0,0,1
2422,96.38,HIGH RISK,Dropout,Yes,0,0.0,0,0.0,111.9,41,1,0,0,1
1179,96.37,HIGH RISK,Dropout,Yes,2,10.0,3,11.833333333333334,130.0,38,1,1,0,0
483,96.35,HIGH RISK,Dropout,Yes,0,0.0,0,0.0,133.8,19,1,0,0,0
1914,96.33,HIGH RISK,Dropout,Yes,0,0.0,3,10.666666666666666,113.2,18,0,1,0,0
1444,96.33,HIGH RISK,Dropout,Yes,0,0.0,0,0.0,144.1,26,0,1,0,1
3723,96.31,HIGH RISK,Dropout,Yes,0,0.0,0,0.0,130.0,29,1,0,0,1
1747,96.31,HIGH RISK,Dropout,Yes,4,11.5,5,11.833333333333334,156.0,24,0,1,0,1
2283,96.25,HIGH RISK,Dropout,Yes,5,10.0,5,11.833333333333334,121.0,21,0,1,0,1
1748,96.22,HIGH RISK,Dropout,Yes,0,0.0,0,0.0,126.1,27,0,0,0,1
2409,96.19,HIGH RISK,Dropout,Yes,0,0.0,0,0.0,106.4,22,1,0,0,1
2200,96.19,HIGH RISK,Dropout,Yes,0,0.0,0,0.0,100.5,24,1,0,0,1
940,96.19,HIGH RISK,Dropout,Yes,3,11.0,5,11.4,110.0,31,0,0,0,0
2355,96.18,HIGH RISK,Dropout,Yes,0,0.0,0,0.0,137.3,18,1,0,0,1
4328,96.17,HIGH RISK,Dropout,Yes,0,0.0,0,0.0,120.0,25,1,0,0,0
2411,96.17,HIGH RISK,Dropout,Yes,0,0.0,0,0.0,130.0,26,1,0,0,1
3056,96.16,HIGH RISK,Dropout,Yes,2,13.0,3,14.666666666666666,160.0,27,0,0,0,0
2224,96.14,HIGH RISK,Dropout,Yes,0,0.0,0,0.0,128.0,20,0,0,0,1
2338,96.13,HIGH RISK,Dropout,Yes,0,0.0,0,0.0,150.0,25,1,0,0,1
1001,96.13,HIGH RISK,Dropout,Yes,0,0.0,0,0.0,124.3,18,1,0,0,0
2390,96.12,HIGH RISK,Dropout,Yes,0,0.0,0,0.0,136.5,28,1,0,0,1
3104,96.12,HIGH RISK,Dropout,Yes,0,0.0,0,0.0,152.7,27,0,1,0,1
834,96.12,HIGH RISK,Dropout,Yes,1,10.0,2,12.0,160.0,31,1,0,0,1
3755,96.12,HIGH RISK,Dropout,Yes,0,0.0,1,12.0,104.0,26,1,0,0,0
3800,96.09,HIGH RISK,Dropout,Yes,0,0.0,0,0.0,140.0,32,0,1,0,0
2712,96.09,HIGH RISK,Dropout,Yes,0,0.0,0,0.0,128.2,41,0,0,0,0
3928,96.07,HIGH RISK,Dropout,Yes,5,12.0,6,14.142857142857142,122.3,18,0,1,0,0
4357,96.05,HIGH RISK,Dropout,Yes,0,0.0,3,12.666666666666666,140.0,35,1,0,0,0
134,96.05,HIGH RISK,Dropout,Yes,0,0.0,5,14.0,131.7,19,1,0,0,0
2331,96.02,HIGH RISK,Dropout,Yes,0,0.0,0,0.0,110.0,37,1,0,0,1
3812,96.02,HIGH RISK,Dropout,Yes,4,12.0,4,12.0,121.0,44,0,1,0,0
1776,96.01,HIGH RISK,Dropout,Yes,0,0.0,0,0.0,148.7,20,0,0,0,1
2663,96.01,HIGH RISK,Dropout,Yes,4,11.575,4,12.6,115.0,20,0,0,0,1
858,96.0,HIGH RISK,Dropout,Yes,0,0.0,0,0.0,130.0,28,1,0,0,1
136,95.96,HIGH RISK,Dropout,Yes,4,12.5,5,12.0,109.3,19,0,1,1,0
2318,95.96,HIGH RISK,Dropout,Yes,0,0.0,0,0.0,120.5,28,1,0,0,1
260,95.93,HIGH RISK,Dropout,Yes,2,13.0,6,11.833333333333334,118.8,22,0,1,0,0
1639,95.92,HIGH RISK,Dropout,Yes,0,0.0,0,0.0,110.0,26,1,1,0,1
1379,95.91,HIGH RISK,Dropout,Yes,0,0.0,1,14.0,131.0,21,0,1,0,1
1574,95.91,HIGH RISK,Dropout,Yes,4,11.75,5,13.0,110.0,28,0,1,0,0
3801,95.91,HIGH RISK,Dropout,Yes,0,0.0,0,0.0,117.1,21,1,0,1,0
1447,95.91,HIGH RISK,Dropout,Yes,0,0.0,0,0.0,111.9,18,0,0,0,1
2233,95.9,HIGH RISK,Dropout,Yes,0,0.0,2,10.0,111.0,28,1,0,0,1
2524,95.9,HIGH RISK,Dropout,Yes,0,0.0,0,0.0,107.3,20,1,0,0,0
1806,95.9,HIGH RISK,Dropout,Yes,0,0.0,0,0.0,130.0,33,1,0,0,1
184,95.9,HIGH RISK,Dropout,Yes,0,0.0,6,12.166666666666666,122.3,19,0,0,0,0
990,95.87,HIGH RISK,Dropout,Yes,2,13.5,5,12.5,100.0,19,0,1,0,1
93,95.87,HIGH RISK,Dropout,Yes,0,0.0,2,12.0,100.0,26,1,0,0,0
2892,95.87,HIGH RISK,Dropout,Yes,0,0.0,0,0.0,154.0,27,1,0,0,0
3548,95.86,HIGH RISK,Dropout,Yes,0,0.0,0,0.0,128.2,28,1,0,0,1
1295,95.85,HIGH RISK,Dropout,Yes,0,0.0,0,0.0,153.9,34,0,1,0,1
1210,95.85,HIGH RISK,Dropout,Yes,4,10.5,4,12.25,125.7,43,0,1,0,0
864,95.84,HIGH RISK,Dropout,Yes,2,14.5,3,14.0,122.9,25,0,1,0,1
1799,95.83,HIGH RISK,Dropout,Yes,3,13.333333333333334,5,12.8,110.0,40,0,1,0,0
1283,95.83,HIGH RISK,Dropout,Yes,0,0.0,0,0.0,116.5,18,0,0,0,1
3688,95.79,HIGH RISK,Dropout,Yes,0,0.0,1,12.0,119.1,19,0,0,0,1
839,95.79,HIGH RISK,Dropout,Yes,0,0.0,0,0.0,150.0,22,0,0,0,1
3323,95.78,HIGH RISK,Dropout,Yes,0,0.0,2,10.5,128.7,22,1,0,0,1
2245,95.76,HIGH RISK,Dropout,Yes,1,10.0,3,10.0,100.0,48,1,0,0,1
3965,95.74,HIGH RISK,Dropout,Yes,2,10.666666666666666,5,11.714285714285714,114.8,19,0,1,0,0
954,95.73,HIGH RISK,Dropout,Yes,0,0.0,0,0.0,129.3,19,1,0,0,0
2464,95.73,HIGH RISK,Dropout,Yes,0,0.0,0,0.0,122.7,20,1,1,1,1
126,95.72,HIGH RISK,Dropout,Yes,0,0.0,5,12.1,117.1,19,1,0,0,0
3935,95.71,HIGH RISK,Dropout,Yes,0,0.0,0,0.0,115.2,19,1,0,1,0
3418,95.69,HIGH RISK,Dropout,Yes,0,0.0,2,11.0,98.6,21,1,0,0,0
2290,95.68,HIGH RISK,Dropout,Yes,0,0.0,0,0.0,121.7,31,1,0,0,1
3745,95.68,HIGH RISK,Dropout,Yes,0,0.0,0,0.0,134.8,18,1,0,0,0
917,95.68,HIGH RISK,Dropout,Yes,0,0.0,0,0.0,111.7,28,1,0,0,0
4324,95.64,HIGH RISK,Dropout,Yes,0,0.0,2,10.5,105.3,28,1,1,0,0
757,95.64,HIGH RISK,Dropout,Yes,3,12.333333333333334,4,11.25,128.2,18,0,1,0,1
525,95.64,HIGH RISK,Dropout,Yes,0,0.0,4,12.0,183.5,18,1,0,0,0
3527,95.63,HIGH RISK,Dropout,Yes,5,11.2,5,11.6,162.4,49,0,1,0,1
3904,95.63,HIGH RISK,Dropout,Yes,3,10.666666666666666,3,10.666666666666666,130.0,39,0,0,0,0
3338,95.62,HIGH RISK,Dropout,Yes,4,12.25,7,12.142857142857142,100.1,35,0,0,0,1
3565,95.62,HIGH RISK,Dropout,Yes,0,0.0,0,0.0,130.0,23,0,1,0,1
3073,95.62,HIGH RISK,Dropout,Yes,5,12.0,5,11.6,127.4,27,0,1,0,1
1363,95.61,HIGH RISK,Dropout,Yes,0,0.0,0,0.0,117.5,28,1,0,0,1
3497,95.58,HIGH RISK,Dropout,Yes,3,10.8,2,11.5,133.2,43,0,0,0,1
2751,95.57,HIGH RISK,Dropout,Yes,0,0.0,0,0.0,112.0,25,0,0,0,1
1695,95.57,HIGH RISK,Dropout,Yes,0,0.0,0,0.0,147.6,31,1,0,0,1
3493,95.57,HIGH RISK,Dropout,Yes,1,10.0,0,0.0,120.0,39,1,0,0,1
1720,95.56,HIGH RISK,Dropout,Yes,0,0.0,0,0.0,100.0,24,1,0,0,1
2394,95.56,HIGH RISK,Dropout,Yes,0,0.0,0,0.0,98.0,26,1,0,0,1
2005,95.55,HIGH RISK,Dropout,Yes,0,0.0,0,0.0,140.0,24,0,0,0,0
846,95.53,HIGH RISK,Dropout,Yes,0,0.0,0,0.0,129.0,23,0,1,1,0
3720,95.51,HIGH RISK,Dropout,Yes,0,0.0,6,13.5,130.2,18,1,0,0,1
4010,95.51,HIGH RISK,Dropout,Yes,0,0.0,0,0.0,109.5,19,1,0,0,1
1893,95.5,HIGH RISK,Dropout,Yes,0,0.0,4,13.5,146.1,18,1,0,0,0
679,95.49,HIGH RISK,Dropout,Yes,0,0.0,1,15.0,163.5,50,0,1,0,1
4086,95.49,HIGH RISK,Dropout,Yes,3,14.666666666666666,6,12.0,160.0,36,0,1,0,0
2405,95.49,HIGH RISK,Dropout,Yes,4,11.58,4,12.94,127.0,21,0,1,0,1
2140,95.47,HIGH RISK,Dropout,Yes,2,11.5,2,13.0,127.9,20,0,1,1,0
4076,95.46,HIGH RISK,Dropout,Yes,0,0.0,0,0.0,111.1,21,1,0,0,0
3601,95.43,HIGH RISK,Dropout,Yes,0,0.0,0,0.0,129.2,20,0,1,0,1
240,95.42,HIGH RISK,Dropout,Yes,3,10.333333333333334,3,11.75,140.0,24,0,1,0,0
2812,95.41,HIGH RISK,Dropout,Yes,5,12.56,5,12.56,114.0,31,0,1,0,0
248,95.39,HIGH RISK,Dropout,Yes,3,11.333333333333334,3,12.75,130.0,29,0,1,0,0
1755,95.39,HIGH RISK,Dropout,Yes,0,0.0,0,0.0,116.0,20,0,1,0,1
2641,95.35,HIGH RISK,Dropout,Yes,0,0.0,0,0.0,100.0,36,1,0,0,1
1250,95.35,HIGH RISK,Dropout,Yes,5,11.8,3,13.0,118.1,18,0,0,0,0
1077,95.34,HIGH RISK,Dropout,Yes,8,12.0,11,11.727272727272728,122.5,28,0,0,0,0
1594,95.33,HIGH RISK,Dropout,Yes,0,0.0,0,0.0,127.3,19,0,1,1,1
3430,95.33,HIGH RISK,Dropout,Yes,0,0.0,0,0.0,140.0,23,1,0,0,0
2379,95.33,HIGH RISK,Dropout,Yes,3,11.333333333333334,8,11.25,133.9,26,0,0,0,1
2443,95.32,HIGH RISK,Dropout,Yes,1,10.0,0,0.0,128.2,35,1,0,0,1
1735,95.3,HIGH RISK,Dropout,Yes,3,11.428571428571429,2,11.0,111.0,21,0,0,0,1
3333,95.27,HIGH RISK,Dropout,Yes,2,11.5,2,11.0,116.2,21,0,1,0,1
896,95.27,HIGH RISK,Dropout,Yes,1,13.0,3,11.333333333333334,130.0,21,0,0,0,0
3251,95.26,HIGH RISK,Dropout,Yes,0,0.0,1,9.8,130.0,36,1,0,1,0
4345,95.25,HIGH RISK,Dropout,Yes,5,13.2,5,11.833333333333334,126.0,21,0,1,0,0
2614,95.24,HIGH RISK,Dropout,Yes,0,0.0,0,0.0,115.0,25,1,0,0,1
3696,95.23,HIGH RISK,Dropout,Yes,1,12.0,2,11.333333333333334,149.4,29,0,0,0,1
41,95.23,HIGH RISK,Dropout,Yes,0,0.0,4,12.75,121.1,18,1,1,0,0
2666,95.22,HIGH RISK,Dropout,Yes,4,12.25,2,10.0,140.0,43,0,1,0,1
3485,95.22,HIGH RISK,Dropout,Yes,4,11.8125,5,12.18,124.5,38,0,0,0,1
1841,95.21,HIGH RISK,Dropout,Yes,0,0.0,0,0.0,151.0,18,1,0,0,0
308,95.21,HIGH RISK,Dropout,Yes,0,0.0,1,11.0,150.0,34,1,0,0,0
1240,95.2,HIGH RISK,Dropout,Yes,0,0.0,0,0.0,95.0,19,1,0,0,1
3186,95.18,HIGH RISK,Dropout,Yes,0,0.0,0,0.0,112.2,19,1,0,0,1
537,95.15,HIGH RISK,Dropout,Yes,0,0.0,1,14.0,150.0,27,1,0,0,1
457,95.13,HIGH RISK,Dropout,Yes,0,0.0,0,0.0,130.0,32,1,0,0,0
717,95.13,HIGH RISK,Dropout,Yes,0,0.0,0,0.0,107.5,29,1,0,0,1
103,95.12,HIGH RISK,Dropout,Yes,0,0.0,0,0.0,113.5,36,1,0,0,0
2959,95.1,HIGH RISK,Dropout,Yes,2,11.0,3,12.333333333333334,100.0,45,1,0,0,0
1109,95.09,HIGH RISK,Dropout,Yes,5,10.6,7,11.0,128.2,22,0,0,0,0
2610,95.08,HIGH RISK,Dropout,Yes,2,10.0,3,11.0,128.2,34,1,0,0,0
3837,95.08,HIGH RISK,Dropout,Yes,3,12.0,0,0.0,123.8,22,0,0,0,1
2466,95.01,HIGH RISK,Dropout,Yes,0,0.0,5,11.571428571428571,156.4,44,1,1,0,1
2362,95.0,HIGH RISK,Dropout,Yes,0,0.0,0,0.0,120.0,27,1,0,0,1
3542,95.0,HIGH RISK,Dropout,Yes,2,13.0,6,11.5,122.9,20,0,0,0,1
2550,94.95,HIGH RISK,Dropout,Yes,0,0.0,2,10.0,106.7,19,1,1,1,1
2090,94.92,HIGH RISK,Dropout,Yes,5,12.6,5,11.2,100.0,25,0,1,0,0
423,94.92,HIGH RISK,Dropout,Yes,0,0.0,0,0.0,140.0,29,1,0,0,0
3570,94.9,HIGH RISK,Dropout,Yes,0,0.0,0,0.0,103.0,25,1,0,0,1
1589,94.84,HIGH RISK,Dropout,Yes,1,12.0,2,10.5,118.0,19,1,0,0,1
3798,94.84,HIGH RISK,Dropout,Yes,0,0.0,0,0.0,123.5,22,1,0,0,1
2403,94.82,HIGH RISK,Dropout,Yes,3,11.0,3,12.0,115.6,20,0,0,0,1
1411,94.79,HIGH RISK,Dropout,Yes,0,0.0,0,0.0,135.5,58,1,0,0,0
4389,94.79,HIGH RISK,Dropout,Yes,12,12.5,13,11.923076923076923,122.8,42,0,1,0,0
4053,94.79,HIGH RISK,Dropout,Yes,3,11.333333333333334,4,11.25,114.3,20,0,0,1,0
2332,94.75,HIGH RISK,Dropout,Yes,0,0.0,0,0.0,110.0,31,1,0,0,1
1046,94.71,HIGH RISK,Dropout,Yes,0,0.0,0,0.0,120.0,24,1,0,0,0
4385,94.7,HIGH RISK,Dropout,Yes,4,10.5,2,11.0,139.4,27,0,0,0,0
913,94.69,HIGH RISK,Dropout,Yes,2,11.0,5,10.6,120.0,38,0,0,0,0
2604,94.67,HIGH RISK,Dropout,Yes,0,0.0,0,0.0,114.0,19,0,0,0,0
2193,94.66,HIGH RISK,Dropout,Yes,4,16.0,5,16.166666666666668,154.9,35,0,1,0,1
2488,94.66,HIGH RISK,Dropout,Yes,0,0.0,0,0.0,139.3,20,1,0,0,1
1318,94.65,HIGH RISK,Dropout,Yes,3,10.666666666666666,3,12.0,128.3,18,0,0,1,0
4299,94.61,HIGH RISK,Dropout,Yes,0,0.0,3,11.333333333333334,150.3,24,1,0,0,1
3384,94.61,HIGH RISK,Dropout,Yes,0,0.0,0,0.0,130.0,35,1,0,0,0
907,94.59,HIGH RISK,Dropout,Yes,0,0.0,0,0.0,116.5,20,1,0,0,0
2470,94.58,HIGH RISK,Dropout,Yes,0,0.0,0,0.0,104.7,36,1,0,0,1
4358,94.57,HIGH RISK,Dropout,Yes,3,12.333333333333334,2,10.5,120.0,31,0,1,0,0
3293,94.56,HIGH RISK,Dropout,Yes,1,11.0,2,11.0,150.8,27,1,0,0,0
3865,94.54,HIGH RISK,Dropout,Yes,2,11.5,3,11.333333333333334,105.0,34,0,1,0,1
2263,94.54,HIGH RISK,Dropout,Yes,0,0.0,2,13.5,157.7,34,1,0,0,1
3040,94.53,HIGH RISK,Dropout,Yes,6,11.833333333333334,4,12.0,125.4,19,0,1,0,0
2174,94.5,HIGH RISK,Dropout,Yes,0,0.0,1,13.0,144.6,24,0,1,0,0
393,94.5,HIGH RISK,Dropout,Yes,5,11.4,5,13.0,128.4,18,0,1,0,0
2624,94.48,HIGH RISK,Dropout,Yes,1,11.0,2,10.5,114.7,34,1,0,0,0
3328,94.46,HIGH RISK,Dropout,Yes,1,10.0,0,0.0,150.0,28,1,0,0,1
660,94.45,HIGH RISK,Dropout,Yes,0,0.0,0,0.0,120.0,25,1,0,0,0
4251,94.45,HIGH RISK,Dropout,Yes,5,11.832,5,11.832,100.0,40,0,0,0,0
2451,94.44,HIGH RISK,Enrolled,Yes,0,0.0,0,0.0,118.1,18,0,1,0,1
2249,94.43,HIGH RISK,Dropout,Yes,0,0.0,0,0.0,129.4,23,0,1,0,1
2295,94.32,HIGH RISK,Dropout,Yes,0,0.0,0,0.0,127.1,21,0,0,0,1
2802,94.3,HIGH RISK,Dropout,Yes,0,0.0,0,0.0,120.0,20,1,0,0,0
1543,94.29,HIGH RISK,Dropout,Yes,0,0.0,1,10.0,107.0,38,1,0,0,0
1477,94.29,HIGH RISK,Dropout,Yes,2,11.5,2,12.5,139.2,33,1,1,0,1
4239,94.28,HIGH RISK,Dropout,Yes,2,11.5,3,11.333333333333334,127.2,20,0,1,0,1
4421,94.28,HIGH RISK,Dropout,Yes,2,11.0,6,12.0,119.0,18,0,1,0,0
3564,94.25,HIGH RISK,Dropout,Yes,2,16.0,2,16.0,160.0,24,0,1,0,1
360,94.24,HIGH RISK,Dropout,Yes,0,0.0,0,0.0,172.0,26,1,0,0,0
746,94.23,HIGH RISK,Dropout,Yes,0,0.0,0,0.0,156.1,29,0,0,0,1
1789,94.22,HIGH RISK,Dropout,Yes,0,0.0,4,11.25,108.7,23,1,0,0,1
2703,94.21,HIGH RISK,Dropout,Yes,0,0.0,0,0.0,119.9,20,1,1,0,1
2643,94.2,HIGH RISK,Dropout,Yes,0,0.0,3,12.333333333333334,122.8,20,1,0,0,1
2685,94.18,HIGH RISK,Dropout,Yes,0,0.0,0,0.0,130.0,27,1,0,0,1
1698,94.18,HIGH RISK,Dropout,Yes,0,0.0,0,0.0,128.2,25,1,0,0,1
3650,94.18,HIGH RISK,Dropout,Yes,1,10.0,6,11.666666666666666,118.0,27,1,0,0,0
2448,94.16,HIGH RISK,Graduate,Yes,3,10.0,2,15.0,156.5,53,1,0,0,1
1386,94.16,HIGH RISK,Dropout,Yes,0,0.0,2,10.5,116.1,22,1,0,0,1
3483,94.15,HIGH RISK,Dropout,Yes,0,0.0,0,0.0,130.0,25,1,0,0,1
3352,94.12,HIGH RISK,Dropout,Yes,2,10.5,1,12.0,140.0,37,1,0,0,1
1861,94.11,HIGH RISK,Dropout,Yes,0,0.0,0,0.0,137.0,30,1,1,0,1
3095,94.1,HIGH RISK,Dropout,Yes,0,0.0,1,10.0,121.6,18,1,0,1,0
1842,94.08,HIGH RISK,Dropout,Yes,0,0.0,2,10.5,131.0,19,1,0,0,1
3062,94.08,HIGH RISK,Dropout,Yes,0,0.0,2,10.0,122.0,18,1,0,0,0
1995,94.05,HIGH RISK,Dropout,Yes,0,0.0,0,0.0,121.5,20,1,0,1,0
3366,94.03,HIGH RISK,Dropout,Yes,1,13.0,2,11.5,120.4,21,0,0,0,0
924,94.02,HIGH RISK,Dropout,Yes,2,10.5,3,11.5,120.0,39,0,0,1,0
3353,94.01,HIGH RISK,Dropout,Yes,2,11.0,3,12.0,111.3,27,1,0,0,1
263,93.99,HIGH RISK,Dropout,Yes,6,12.166666666666666,8,11.75,120.0,30,0,1,0,0
3409,93.96,HIGH RISK,Dropout,Yes,0,0.0,0,0.0,123.3,18,0,0,0,0
40,93.94,HIGH RISK,Dropout,Yes,3,12.0,3,11.666666666666666,120.0,20,0,1,0,0
1117,93.94,HIGH RISK,Dropout,Yes,0,0.0,0,0.0,152.0,19,0,0,0,0
3806,93.92,HIGH RISK,Dropout,Yes,2,10.0,4,10.75,110.0,38,1,0,0,0
731,93.91,HIGH RISK,Dropout,Yes,3,12.0,5,12.166666666666666,118.3,18,0,1,1,1
3996,93.91,HIGH RISK,Dropout,Yes,0,0.0,2,10.5,126.5,27,1,0,0,0
74,93.88,HIGH RISK,Dropout,Yes,1,12.0,3,11.666666666666666,111.7,18,1,0,0,1
1436,93.81,HIGH RISK,Dropout,Yes,2,14.0,6,13.0,100.0,26,0,1,0,1
2087,93.8,HIGH RISK,Dropout,Yes,0,0.0,0,0.0,140.0,30,1,0,0,0
3205,93.79,HIGH RISK,Dropout,Yes,0,0.0,6,13.0,123.6,18,1,0,0,1
2654,93.79,HIGH RISK,Dropout,Yes,0,0.0,0,0.0,110.0,43,1,0,0,1
3492,93.77,HIGH RISK,Dropout,Yes,0,0.0,0,0.0,128.2,32,1,0,0,1
3337,93.75,HIGH RISK,Dropout,Yes,0,0.0,2,12.5,140.0,21,0,0,0,1
2500,93.74,HIGH RISK,Dropout,Yes,1,15.0,2,10.0,120.0,40,1,1,0,0
704,93.73,HIGH RISK,Dropout,Yes,0,0.0,0,0.0,133.2,32,1,0,0,1
3859,93.66,HIGH RISK,Dropout,Yes,0,0.0,0,0.0,116.7,21,1,0,0,1
2910,93.65,HIGH RISK,Dropout,Yes,4,12.25,5,11.6,140.0,23,0,1,0,0
2309,93.65,HIGH RISK,Dropout,Yes,0,0.0,0,0.0,128.0,18,1,0,0,1
3836,93.65,HIGH RISK,Dropout,Yes,5,11.8,3,12.0,100.0,30,1,0,0,1
3703,93.65,HIGH RISK,Dropout,Yes,0,0.0,0,0.0,134.1,20,1,0,0,1
2291,93.63,HIGH RISK,Dropout,Yes,2,13.5,2,15.0,115.0,30,1,0,0,1
310,93.62,HIGH RISK,Dropout,Yes,2,11.0,5,11.6,120.0,19,0,1,0,0
1925,93.59,HIGH RISK,Dropout,Yes,0,0.0,1,14.0,125.6,18,1,1,1,0
36,93.55,HIGH RISK,Dropout,Yes,1,10.0,0,0.0,102.5,37,0,1,0,1
4008,93.54,HIGH RISK,Dropout,Yes,0,0.0,3,14.4,110.0,31,1,0,0,1
4402,93.47,HIGH RISK,Dropout,Yes,0,0.0,3,14.666666666666666,140.0,24,1,0,0,1
955,93.4,HIGH RISK,Dropout,Yes,4,12.0,4,11.25,108.2,26,1,0,0,1
2937,93.38,HIGH RISK,Dropout,Yes,0,0.0,0,0.0,150.0,21,1,0,0,0
315,93.36,HIGH RISK,Dropout,Yes,0,0.0,2,10.5,118.5,25,1,0,0,0
3840,93.32,HIGH RISK,Dropout,Yes,0,0.0,0,0.0,122.0,22,0,0,0,1
3866,93.3,HIGH RISK,Dropout,Yes,0,0.0,2,12.0,130.8,20,1,0,0,1
1669,93.3,HIGH RISK,Dropout,Yes,5,10.0,5,11.6,104.8,22,0,1,0,0
676,93.29,HIGH RISK,Dropout,Yes,2,11.0,2,10.0,142.8,23,1,0,0,0
1026,93.27,HIGH RISK,Dropout,Yes,2,10.5,2,11.5,124.2,21,0,0,0,0
2702,93.22,HIGH RISK,Dropout,Yes,0,0.0,1,10.0,113.3,26,1,0,0,1
3874,93.18,HIGH RISK,Dropout,Yes,0,0.0,4,12.5,123.5,19,0,0,0,1
2648,93.17,HIGH RISK,Dropout,Yes,2,12.0,4,11.8,130.0,20,0,1,0,1
2053,93.14,HIGH RISK,Dropout,Yes,0,0.0,2,10.0,120.4,18,1,0,0,0
703,93.12,HIGH RISK,Dropout,Yes,1,12.5,4,13.875,190.0,43,1,0,0,1
3820,93.05,HIGH RISK,Dropout,Yes,0,0.0,0,0.0,115.0,24,0,0,0,1
2459,93.04,HIGH RISK,Dropout,Yes,0,0.0,0,0.0,121.0,19,1,0,0,1
3566,93.03,HIGH RISK,Dropout,Yes,3,10.666666666666666,3,10.666666666666666,130.0,26,0,0,1,1
3945,93.02,HIGH RISK,Dropout,Yes,0,0.0,0,0.0,179.6,27,0,1,0,0
2321,93.01,HIGH RISK,Dropout,Yes,0,0.0,4,12.25,140.0,50,1,0,0,1
598,92.94,HIGH RISK,Dropout,Yes,5,12.6,6,12.666666666666666,140.0,31,0,1,0,0
1629,92.94,HIGH RISK,Dropout,Yes,4,12.75,3,12.0,137.9,20,0,0,0,1
2787,92.93,HIGH RISK,Dropout,Yes,1,12.0,3,13.0,102.0,28,1,0,0,1
186,92.93,HIGH RISK,Dropout,Yes,3,10.571428571428571,3,10.0,119.1,20,0,1,0,0
3853,92.9,HIGH RISK,Dropout,Yes,2,11.0,0,0.0,120.0,39,1,0,0,1
927,92.89,HIGH RISK,Dropout,Yes,0,0.0,1,14.0,140.0,32,1,0,0,0
741,92.88,HIGH RISK,Dropout,Yes,0,0.0,0,0.0,113.9,18,1,0,0,1
272,92.87,HIGH RISK,Dropout,Yes,1,13.0,2,10.0,113.7,20,0,0,0,0
1489,92.8,HIGH RISK,Dropout,Yes,0,0.0,0,0.0,125.0,24,1,0,0,1
1792,92.79,HIGH RISK,Dropout,Yes,0,0.0,0,0.0,138.7,18,1,0,0,1
3661,92.79,HIGH RISK,Dropout,Yes,0,0.0,0,0.0,116.0,19,1,1,0,0
3999,92.73,HIGH RISK,Dropout,Yes,3,14.166666666666666,5,12.62,130.0,42,0,0,0,0
2313,92.71,HIGH RISK,Dropout,Yes,0,0.0,4,12.75,152.8,18,1,0,1,1
4243,92.71,HIGH RISK,Dropout,Yes,2,11.5,4,11.0,111.4,19,0,0,0,0
2439,92.66,HIGH RISK,Dropout,Yes,10,12.7,11,12.727272727272728,130.0,32,0,0,0,1
4376,92.59,HIGH RISK,Dropout,Yes,0,0.0,0,0.0,100.0,27,1,0,0,0
2178,92.58,HIGH RISK,Dropout,Yes,2,10.5,4,12.0,100.0,29,1,1,0,0
1359,92.57,HIGH RISK,Dropout,Yes,0,0.0,0,0.0,134.7,19,0,0,0,1
878,92.55,HIGH RISK,Dropout,Yes,0,0.0,2,10.0,100.0,25,1,0,1,1
1952,92.54,HIGH RISK,Dropout,Yes,0,0.0,0,0.0,126.0,19,1,0,0,0
218,92.52,HIGH RISK,Dropout,Yes,0,0.0,1,10.0,100.0,24,1,0,0,0
3579,92.52,HIGH RISK,Dropout,Yes,0,0.0,0,0.0,123.9,21,1,0,0,1
1583,92.49,HIGH RISK,Dropout,Yes,1,11.0,0,0.0,100.0,34,1,0,0,0
305,92.48,HIGH RISK,Dropout,Yes,0,0.0,0,0.0,128.0,19,1,0,0,0
4252,92.46,HIGH RISK,Dropout,Yes,0,0.0,2,10.0,106.1,20,1,0,0,0
3514,92.46,HIGH RISK,Dropout,Yes,0,0.0,1,14.0,130.0,29,1,1,1,1
353,92.46,HIGH RISK,Dropout,Yes,0,0.0,0,0.0,124.2,19,0,0,0,0
872,92.42,HIGH RISK,Dropout,Yes,2,13.0,1,18.0,140.0,33,1,0,0,1
4221,92.42,HIGH RISK,Dropout,Yes,0,0.0,2,12.5,147.0,22,1,0,0,0
602,92.37,HIGH RISK,Dropout,Yes,4,11.6,4,13.0,119.6,21,0,1,0,0
3843,92.33,HIGH RISK,Dropout,Yes,0,0.0,3,11.75,100.0,35,1,0,0,1
2326,92.31,HIGH RISK,Dropout,Yes,0,0.0,1,10.0,106.8,34,1,0,0,1
3788,92.31,HIGH RISK,Dropout,Yes,0,0.0,5,11.0,108.7,18,1,0,0,1
2954,92.3,HIGH RISK,Dropout,Yes,0,0.0,0,0.0,100.8,26,1,0,0,0
3425,92.21,HIGH RISK,Dropout,Yes,0,0.0,0,0.0,134.2,20,1,0,0,0
3217,92.13,HIGH RISK,Dropout,Yes,2,10.0,5,11.2,124.3,18,0,0,0,1
3243,92.11,HIGH RISK,Dropout,Yes,1,12.0,3,10.25,100.0,38,1,0,0,0
645,92.1,HIGH RISK,Dropout,Yes,0,0.0,0,0.0,115.0,20,0,1,0,0
2323,92.1,HIGH RISK,Dropout,Yes,1,13.0,1,11.0,140.0,31,1,0,0,1
4142,92.09,HIGH RISK,Dropout,Yes,1,16.0,2,16.0,120.0,32,1,0,0,0
1732,92.08,HIGH RISK,Dropout,Yes,3,12.0,4,13.0,133.9,20,0,0,0,1
2706,92.06,HIGH RISK,Dropout,Yes,1,14.0,3,10.666666666666666,100.0,24,1,0,0,1
3188,92.06,HIGH RISK,Dropout,Yes,0,0.0,0,0.0,126.8,19,1,0,0,1
2307,92.04,HIGH RISK,Dropout,Yes,0,0.0,2,13.0,140.0,18,0,0,0,1
1700,92.0,HIGH RISK,Dropout,Yes,0,0.0,0,0.0,130.0,30,1,0,0,1
555,91.97,HIGH RISK,Dropout,Yes,0,0.0,0,0.0,95.0,20,1,0,0,1
1380,91.93,HIGH RISK,Dropout,Yes,0,0.0,0,0.0,125.0,22,1,0,0,1
434,91.92,HIGH RISK,Dropout,Yes,0,0.0,0,0.0,127.8,19,1,0,1,0
4359,91.92,HIGH RISK,Dropout,Yes,1,11.0,2,11.5,133.3,19,1,1,0,0
3189,91.91,HIGH RISK,Dropout,Yes,0,0.0,1,10.0,132.1,21,1,0,0,1
1062,91.86,HIGH RISK,Dropout,Yes,0,0.0,0,0.0,117.0,20,1,0,0,0
214,91.85,HIGH RISK,Dropout,Yes,0,0.0,0,0.0,126.3,26,1,0,1,0
332,91.84,HIGH RISK,Dropout,Yes,0,0.0,0,0.0,151.0,26,1,1,0,0
3176,91.82,HIGH RISK,Dropout,Yes,0,0.0,0,0.0,153.8,35,1,1,0,1
567,91.78,HIGH RISK,Dropout,Yes,0,0.0,0,0.0,120.0,25,1,0,0,1
1128,91.77,HIGH RISK,Graduate,Yes,5,11.0,5,10.6,125.0,19,0,1,1,0
2652,91.75,HIGH RISK,Dropout,Yes,1,11.0,5,15.2,140.0,35,0,0,0,1
2626,91.71,HIGH RISK,Dropout,Yes,1,12.0,0,0.0,134.3,24,1,0,0,1
1256,91.68,HIGH RISK,Dropout,Yes,1,10.0,0,0.0,110.0,30,1,0,1,0
3167,91.67,HIGH RISK,Dropout,Yes,1,10.0,2,14.5,124.1,18,1,0,0,0
3587,91.62,HIGH RISK,Dropout,Yes,0,0.0,0,0.0,130.0,18,0,0,0,1
972,91.58,HIGH RISK,Dropout,Yes,0,0.0,1,10.0,123.0,33,1,0,0,1
3790,91.52,HIGH RISK,Dropout,Yes,2,12.5,3,13.333333333333334,124.6,20,0,1,0,1
1793,91.52,HIGH RISK,Dropout,Yes,2,13.5,3,11.0,135.8,29,1,1,0,1
1860,91.48,HIGH RISK,Enrolled,Yes,2,12.5,2,12.5,130.0,27,1,0,0,1
2753,91.46,HIGH RISK,Dropout,Yes,0,0.0,0,0.0,149.5,48,1,0,0,1
2425,91.39,HIGH RISK,Dropout,Yes,0,0.0,0,0.0,128.0,30,1,0,0,1
1630,91.35,HIGH RISK,Dropout,Yes,0,0.0,0,0.0,100.0,24,1,1,0,1
1456,91.34,HIGH RISK,Dropout,Yes,0,0.0,0,0.0,113.4,19,1,0,1,1
3201,91.31,HIGH RISK,Dropout,Yes,0,0.0,0,0.0,159.5,33,1,0,0,1
2946,91.29,HIGH RISK,Dropout,Yes,3,13.0,4,10.25,138.3,45,1,0,0,0
2542,91.23,HIGH RISK,Dropout,Yes,0,0.0,6,12.833333333333334,143.5,19,1,0,1,0
2001,91.18,HIGH RISK,Dropout,Yes,3,10.333333333333334,6,11.285714285714286,105.0,24,0,1,0,0
4093,91.16,HIGH RISK,Dropout,Yes,0,0.0,6,13.861666666666666,145.0,18,1,0,0,0
1389,91.14,HIGH RISK,Dropout,Yes,0,0.0,0,0.0,117.1,19,1,0,0,1
1278,91.07,HIGH RISK,Dropout,Yes,5,11.8,4,12.5,140.0,35,0,0,0,0
563,91.07,HIGH RISK,Dropout,Yes,2,11.333333333333334,1,10.0,140.7,25,1,0,0,1
1406,91.01,HIGH RISK,Dropout,Yes,0,0.0,0,0.0,100.0,21,1,1,0,1
2253,90.91,HIGH RISK,Dropout,Yes,5,14.4,8,13.5,140.0,27,1,1,0,1
1409,90.89,HIGH RISK,Dropout,Yes,1,11.0,4,10.5,122.2,22,1,0,0,0
700,90.89,HIGH RISK,Dropout,Yes,1,17.0,3,17.333333333333332,146.5,39,1,0,0,1
2822,90.85,HIGH RISK,Dropout,Yes,0,0.0,0,0.0,111.9,21,1,0,0,0
3692,90.83,HIGH RISK,Dropout,Yes,1,11.0,1,10.0,118.1,26,0,1,0,1
3291,90.79,HIGH RISK,Dropout,Yes,0,0.0,1,14.0,128.5,20,1,0,0,1
2416,90.74,HIGH RISK,Dropout,Yes,0,0.0,0,0.0,118.9,22,1,0,0,1
90,90.72,HIGH RISK,Enrolled,Yes,0,0.0,2,10.0,112.2,18,1,1,0,1
429,90.71,HIGH RISK,Dropout,Yes,0,0.0,0,0.0,129.4,21,1,0,0,0
312,90.63,HIGH RISK,Dropout,Yes,3,11.333333333333334,3,11.333333333333334,118.9,21,1,0,0,0
1262,90.61,HIGH RISK,Dropout,Yes,2,14.0,0,0.0,135.0,25,1,1,0,1
3578,90.6,HIGH RISK,Dropout,Yes,2,10.25,2,10.25,100.0,24,1,1,0,1
2124,90.56,HIGH RISK,Dropout,Yes,0,0.0,5,11.285714285714286,112.4,19,1,0,0,0
1301,90.54,HIGH RISK,Dropout,Yes,0,0.0,3,12.333333333333334,122.0,19,1,0,0,1
2541,90.49,HIGH RISK,Dropout,Yes,0,0.0,2,14.0,120.0,33,1,0,0,0
189,90.47,HIGH RISK,Dropout,Yes,0,0.0,2,11.0,162.3,24,1,0,0,0
3263,90.46,HIGH RISK,Dropout,Yes,0,0.0,0,0.0,116.5,37,0,1,0,0
2305,90.46,HIGH RISK,Dropout,Yes,0,0.0,0,0.0,95.0,20,1,0,0,1
2228,90.44,HIGH RISK,Dropout,Yes,0,0.0,0,0.0,119.0,23,1,1,0,1
4002,90.39,HIGH RISK,Dropout,Yes,0,0.0,0,0.0,133.6,22,1,0,0,1
1953,90.37,HIGH RISK,Dropout,Yes,0,0.0,0,0.0,124.0,19,0,0,0,0
4373,90.34,HIGH RISK,Dropout,Yes,0,0.0,0,0.0,126.1,24,1,0,0,1
193,90.33,HIGH RISK,Dropout,Yes,0,0.0,0,0.0,118.0,24,1,0,0,0
2673,90.32,HIGH RISK,Dropout,Yes,1,11.0,3,12.0,117.2,21,1,0,0,1
510,90.32,HIGH RISK,Dropout,Yes,0,0.0,0,0.0,115.2,21,1,0,0,0
2631,90.29,HIGH RISK,Dropout,Yes,1,12.0,2,11.0,152.1,28,1,0,0,1
2632,90.27,HIGH RISK,Dropout,Yes,0,0.0,4,10.75,126.1,20,1,0,0,1
1545,90.27,HIGH RISK,Dropout,Yes,3,12.0,4,12.25,100.0,27,1,0,0,0
3502,90.24,HIGH RISK,Dropout,Yes,0,0.0,6,13.5,118.0,45,1,1,1,1
738,90.23,HIGH RISK,Dropout,Yes,3,11.333333333333334,2,10.0,123.4,30,1,0,0,1
1579,90.18,HIGH RISK,Dropout,Yes,3,12.0,3,13.0,136.3,18,0,1,0,0
4280,90.15,HIGH RISK,Dropout,Yes,0,0.0,0,0.0,137.2,20,1,0,1,1
3667,90.13,HIGH RISK,Dropout,Yes,5,13.4,8,14.625,148.5,47,1,0,0,1
841,90.08,HIGH RISK,Dropout,Yes,0,0.0,0,0.0,107.0,19,0,1,0,0
2758,90.06,HIGH RISK,Dropout,Yes,0,0.0,0,0.0,110.0,23,1,0,0,1
239,90.02,HIGH RISK,Dropout,Yes,4,14.25,4,13.5,122.5,25,0,0,0,0
2578,90.0,HIGH RISK,Dropout,Yes,1,10.0,2,10.5,113.2,24,1,0,0,0
394,89.97,HIGH RISK,Dropout,Yes,2,12.333333333333334,2,10.5,115.0,20,0,0,0,0
3221,89.89,HIGH RISK,Dropout,Yes,0,0.0,1,10.0,128.8,19,1,1,0,0
3624,89.89,HIGH RISK,Dropout,Yes,0,0.0,4,11.0,120.7,23,1,0,0,0
3361,89.85,HIGH RISK,Dropout,Yes,5,13.125,3,12.666666666666666,115.2,19,0,0,0,0
3719,89.76,HIGH RISK,Dropout,Yes,0,0.0,2,10.5,118.9,21,1,0,0,1
1173,89.75,HIGH RISK,Dropout,Yes,1,12.0,1,10.0,119.5,18,1,0,0,1
3282,89.74,HIGH RISK,Dropout,Yes,8,12.875,12,13.333333333333334,140.0,59,0,0,0,0
3358,89.72,HIGH RISK,Dropout,Yes,0,0.0,0,0.0,115.0,22,1,0,0,1
3220,89.71,HIGH RISK,Dropout,Yes,0,0.0,0,0.0,154.5,26,1,0,0,0
2770,89.67,HIGH RISK,Dropout,Yes,1,10.0,0,0.0,116.7,18,1,0,1,0
859,89.66,HIGH RISK,Dropout,Yes,0,0.0,0,0.0,113.3,23,1,0,0,1
1467,89.66,HIGH RISK,Dropout,Yes,0,0.0,3,11.0,120.4,20,1,0,0,1
2544,89.64,HIGH RISK,Dropout,Yes,0,0.0,0,0.0,111.9,19,1,0,0,0
4289,89.63,HIGH RISK,Dropout,Yes,2,13.0,2,11.333333333333334,130.0,23,0,1,0,1
3591,89.61,HIGH RISK,Enrolled,Yes,0,0.0,0,0.0,116.7,19,1,0,0,1
2589,89.61,HIGH RISK,Dropout,Yes,2,10.5,3,12.333333333333334,122.6,20,1,0,0,0
2670,89.55,HIGH RISK,Dropout,Yes,0,0.0,4,12.25,148.5,34,1,0,0,1
3100,89.53,HIGH RISK,Dropout,Yes,0,0.0,1,12.0,115.8,24,1,0,0,0
2577,89.5,HIGH RISK,Dropout,Yes,3,11.0,4,11.5,120.0,32,1,1,0,0
4078,89.49,HIGH RISK,Dropout,Yes,0,0.0,2,11.0,129.8,18,1,0,0,0
2337,89.49,HIGH RISK,Dropout,Yes,5,11.2,4,10.25,130.0,40,1,0,0,1
894,89.48,HIGH RISK,Dropout,Yes,0,0.0,0,0.0,140.0,26,0,0,0,0
3586,89.45,HIGH RISK,Dropout,Yes,2,11.5,2,15.0,96.1,25,1,0,0,1
1345,89.44,HIGH RISK,Dropout,Yes,6,11.0,6,11.833333333333334,123.8,18,0,1,1,0
2397,89.36,HIGH RISK,Dropout,Yes,0,0.0,0,0.0,130.0,25,1,0,0,1
3209,89.35,HIGH RISK,Dropout,Yes,5,11.0,4,11.5,122.1,19,0,1,0,1
4305,89.27,HIGH RISK,Dropout,Yes,0,0.0,4,13.75,138.3,19,1,0,0,1
683,89.26,HIGH RISK,Dropout,Yes,5,14.0,5,14.4,166.6,20,0,1,1,0
1999,89.09,HIGH RISK,Dropout,Yes,0,0.0,1,10.0,110.0,24,1,0,0,0
1655,89.07,HIGH RISK,Dropout,Yes,0,0.0,6,13.5,121.9,20,1,0,0,0
1872,89.05,HIGH RISK,Dropout,Yes,0,0.0,1,13.0,115.0,20,1,0,1,1
2424,89.01,HIGH RISK,Dropout,Yes,0,0.0,0,0.0,130.0,29,1,0,0,1
3627,88.99,HIGH RISK,Dropout,Yes,2,11.0,7,11.571428571428571,112.4,26,1,0,0,0
3704,88.99,HIGH RISK,Dropout,Yes,0,0.0,0,0.0,101.6,30,1,0,1,1
1699,88.98,HIGH RISK,Dropout,Yes,0,0.0,7,16.142857142857142,161.0,18,1,0,0,1
607,88.97,HIGH RISK,Dropout,Yes,0,0.0,0,0.0,121.6,19,1,1,1,0
3422,88.95,HIGH RISK,Dropout,Yes,0,0.0,0,0.0,130.0,23,1,0,0,0
1361,88.89,HIGH RISK,Dropout,Yes,0,0.0,1,13.0,116.9,18,1,0,0,1
3484,88.89,HIGH RISK,Dropout,Yes,5,12.88,5,13.0,130.1,37,0,0,0,1
3222,88.83,HIGH RISK,Dropout,Yes,5,12.0,5,12.36,106.0,24,0,1,1,0
1017,88.77,HIGH RISK,Dropout,Yes,0,0.0,4,11.0,123.7,19,1,1,1,0
2759,88.77,HIGH RISK,Enrolled,Yes,0,0.0,0,0.0,120.0,23,1,0,0,1
16,88.71,HIGH RISK,Dropout,Yes,0,0.0,5,13.2,120.7,20,1,0,0,0
2319,88.63,HIGH RISK,Dropout,Yes,0,0.0,0,0.0,141.4,19,1,0,0,1
2280,88.59,HIGH RISK,Dropout,Yes,0,0.0,6,12.142857142857142,161.1,47,1,0,0,1
4264,88.55,HIGH RISK,Dropout,Yes,1,11.0,3,11.666666666666666,138.4,30,1,0,0,1
747,88.37,HIGH RISK,Dropout,Yes,2,11.0,3,11.333333333333334,120.0,22,0,1,0,1
3346,88.36,HIGH RISK,Dropout,Yes,1,13.0,2,12.0,114.6,19,1,0,0,1
2902,88.19,HIGH RISK,Dropout,Yes,0,0.0,0,0.0,170.0,27,1,0,0,0
1557,88.17,HIGH RISK,Dropout,Yes,0,0.0,0,0.0,140.2,20,1,0,0,1
1834,88.13,HIGH RISK,Dropout,Yes,3,12.285714285714286,3,10.666666666666666,119.0,19,0,0,1,0
1035,88.13,HIGH RISK,Dropout,Yes,0,0.0,2,13.0,121.7,18,1,0,0,0
905,88.13,HIGH RISK,Dropout,Yes,0,0.0,1,10.0,126.3,20,1,0,0,0
4315,88.05,HIGH RISK,Dropout,Yes,0,0.0,0,0.0,119.4,21,1,0,0,1
4388,88.03,HIGH RISK,Dropout,Yes,5,10.166666666666666,4,12.25,131.8,29,0,0,0,0
1376,88.02,HIGH RISK,Dropout,Yes,0,0.0,0,0.0,111.1,21,1,0,0,1
3463,87.93,HIGH RISK,Dropout,Yes,3,11.666666666666666,4,11.5,120.0,32,1,0,0,0
3678,87.93,HIGH RISK,Dropout,Yes,0,0.0,1,13.0,133.7,19,1,0,0,0
1066,87.93,HIGH RISK,Dropout,Yes,8,14.625,11,14.0,130.0,23,0,1,0,0
2525,87.9,HIGH RISK,Dropout,Yes,0,0.0,6,11.666666666666666,95.0,19,1,0,1,0
2595,87.89,HIGH RISK,Enrolled,Yes,1,12.0,2,10.0,115.0,23,1,0,0,0
1887,87.88,HIGH RISK,Dropout,Yes,4,11.0,6,11.833333333333334,160.0,30,0,0,0,1
3152,87.86,HIGH RISK,Dropout,Yes,0,0.0,0,0.0,162.2,18,0,1,0,0
1718,87.84,HIGH RISK,Enrolled,Yes,1,10.0,1,10.0,130.0,33,1,0,1,1
4347,87.76,HIGH RISK,Dropout,Yes,0,0.0,1,10.0,102.8,20,1,0,0,0
3809,87.73,HIGH RISK,Dropout,Yes,16,13.0,17,13.176470588235292,130.0,53,1,0,0,0
3955,87.63,HIGH RISK,Dropout,Yes,1,10.0,2,12.0,119.1,22,1,0,0,0
1591,87.54,HIGH RISK,Dropout,Yes,0,0.0,1,11.0,120.0,23,1,0,0,1
4021,87.45,HIGH RISK,Dropout,Yes,0,0.0,3,11.333333333333334,155.0,22,1,0,0,0
2002,87.45,HIGH RISK,Dropout,Yes,0,0.0,6,13.833333333333334,137.8,18,1,0,1,0
4302,87.45,HIGH RISK,Dropout,Yes,0,0.0,0,0.0,140.0,25,0,0,0,1
256,87.39,HIGH RISK,Dropout,Yes,0,0.0,1,16.0,99.5,37,0,1,1,0
3827,87.39,HIGH RISK,Dropout,Yes,3,14.75,3,11.333333333333334,100.0,27,1,0,0,1
10,87.37,HIGH RISK,Dropout,Yes,2,13.5,5,11.4,123.0,18,0,1,0,0
3382,87.37,HIGH RISK,Dropout,Yes,11,12.545454545454543,13,11.615384615384617,121.5,31,1,0,0,0
3254,87.06,HIGH RISK,Dropout,Yes,1,13.0,3,12.333333333333334,130.0,21,1,1,1,0
219,87.01,HIGH RISK,Dropout,Yes,0,0.0,1,10.0,102.5,27,1,0,1,0
1432,86.91,HIGH RISK,Dropout,Yes,1,10.0,4,12.0,113.2,20,1,0,0,0
2264,86.84,HIGH RISK,Dropout,Yes,10,15.0,11,15.090909090909092,150.0,28,0,1,0,1
4316,86.8,HIGH RISK,Dropout,Yes,2,12.5,3,11.666666666666666,121.9,18,1,0,0,1
956,86.78,HIGH RISK,Dropout,Yes,1,11.0,3,13.333333333333334,125.4,19,1,0,0,1
4170,86.76,HIGH RISK,Dropout,Yes,0,0.0,0,0.0,114.3,20,1,0,0,0
1296,86.75,HIGH RISK,Dropout,Yes,0,0.0,1,10.0,130.0,24,1,0,0,1
868,86.74,HIGH RISK,Dropout,Yes,0,0.0,0,0.0,96.7,29,1,0,1,1
2037,86.74,HIGH RISK,Dropout,Yes,1,10.0,2,10.0,131.4,22,1,0,0,1
2038,86.72,HIGH RISK,Dropout,Yes,2,12.0,2,11.5,128.2,33,1,0,0,0
1794,86.62,HIGH RISK,Dropout,Yes,0,0.0,0,0.0,134.6,22,1,0,0,1
3253,86.59,HIGH RISK,Dropout,Yes,0,0.0,0,0.0,123.3,21,1,0,1,0
3423,86.52,HIGH RISK,Dropout,Yes,2,11.5,6,12.666666666666666,125.8,18,0,0,1,0
2708,86.51,HIGH RISK,Dropout,Yes,0,0.0,0,0.0,137.1,20,1,0,0,1
3506,86.44,HIGH RISK,Dropout,Yes,0,0.0,0,0.0,116.2,18,1,0,0,1
3365,86.3,HIGH RISK,Dropout,Yes,4,10.5,5,11.8,131.3,21,1,0,0,0
3860,86.24,HIGH RISK,Dropout,Yes,1,11.0,1,10.0,136.1,42,1,0,1,1
1061,86.2,HIGH RISK,Dropout,Yes,4,13.25,7,13.571428571428571,128.3,23,0,1,0,0
721,86.01,HIGH RISK,Dropout,Yes,3,12.0,6,12.666666666666666,140.0,35,1,1,0,1
1078,85.96,HIGH RISK,Dropout,Yes,1,14.0,4,12.5,138.1,19,1,0,0,0
2126,85.95,HIGH RISK,Dropout,Yes,1,10.0,0,0.0,125.9,19,1,0,1,0
4294,85.71,HIGH RISK,Dropout,Yes,1,11.0,3,10.333333333333334,118.7,20,1,0,0,1
3785,85.53,HIGH RISK,Dropout,Yes,4,13.75,4,13.0,120.0,36,1,0,0,0
2297,85.51,HIGH RISK,Dropout,Yes,1,10.0,0,0.0,100.0,22,1,0,0,1
2385,85.46,HIGH RISK,Enrolled,Yes,0,0.0,4,11.5,115.8,20,1,0,0,1
1184,85.44,HIGH RISK,Dropout,Yes,5,13.2,8,13.75,138.2,21,0,1,0,0
1988,85.41,HIGH RISK,Enrolled,Yes,0,0.0,0,0.0,130.0,34,1,0,0,0
3051,85.32,HIGH RISK,Dropout,Yes,3,11.7,5,10.9,120.0,31,1,0,0,0
2268,85.28,HIGH RISK,Dropout,Yes,0,0.0,0,0.0,109.1,19,1,0,0,1
2163,85.2,HIGH RISK,Dropout,Yes,0,0.0,0,0.0,104.1,20,1,0,0,0
3776,85.14,HIGH RISK,Dropout,Yes,2,12.5,4,12.5,132.1,29,1,1,0,0
782,85.12,HIGH RISK,Dropout,Yes,4,10.5,2,11.666666666666666,106.7,20,1,1,0,0
2649,85.07,HIGH RISK,Dropout,Yes,2,13.5,6,11.333333333333334,112.5,50,1,0,0,1
3573,84.98,HIGH RISK,Dropout,Yes,5,10.6,7,10.285714285714286,120.0,28,1,0,0,1
2883,84.96,HIGH RISK,Dropout,Yes,2,12.0,1,10.0,113.4,33,1,0,0,0
4262,84.84,HIGH RISK,Dropout,Yes,9,13.0,9,12.22222222222222,120.0,38,0,0,0,0
1865,84.83,HIGH RISK,Dropout,Yes,0,0.0,0,0.0,131.2,26,1,0,1,1
3336,84.82,HIGH RISK,Enrolled,Yes,1,10.0,0,0.0,132.5,21,1,0,0,1
1523,84.65,HIGH RISK,Dropout,Yes,0,0.0,4,12.8,101.3,20,1,0,0,1
860,84.63,HIGH RISK,Dropout,Yes,2,10.0,4,10.75,105.9,20,1,0,0,1
2617,84.57,HIGH RISK,Dropout,Yes,0,0.0,5,12.2,139.0,18,1,0,1,0
2755,84.33,HIGH RISK,Dropout,Yes,5,13.6,10,13.6,130.0,38,1,0,0,1
526,84.29,HIGH RISK,Dropout,Yes,1,11.0,1,12.0,136.0,31,1,0,0,1
2499,84.27,HIGH RISK,Dropout,Yes,0,0.0,0,0.0,110.0,25,1,0,1,1
2894,84.2,HIGH RISK,Dropout,Yes,6,12.0,9,12.444444444444445,130.0,45,1,0,0,0
147,84.02,HIGH RISK,Dropout,Yes,0,0.0,0,0.0,124.7,19,1,0,0,0
3472,84.0,HIGH RISK,Graduate,Yes,6,13.5,6,13.333333333333334,111.3,25,0,1,0,0
2370,83.96,HIGH RISK,Dropout,Yes,3,13.333333333333334,1,18.0,120.0,29,1,0,0,1
3246,83.93,HIGH RISK,Dropout,Yes,6,12.0,6,12.0,129.0,21,0,0,0,0
3214,83.91,HIGH RISK,Dropout,Yes,0,0.0,0,0.0,150.0,20,1,0,0,1
4337,83.89,HIGH RISK,Enrolled,Yes,1,17.0,1,17.0,117.1,20,1,0,0,0
553,83.76,HIGH RISK,Dropout,Yes,3,13.666666666666666,9,11.77777777777778,115.0,21,1,1,0,1
2605,83.61,HIGH RISK,Dropout,Yes,1,13.0,2,10.5,132.1,19,1,0,0,0
4018,83.47,HIGH RISK,Dropout,Yes,0,0.0,0,0.0,140.0,43,1,0,1,0
2713,83.45,HIGH RISK,Dropout,Yes,0,0.0,2,11.5,117.8,19,1,1,1,0
3822,83.43,HIGH RISK,Dropout,Yes,0,0.0,0,0.0,168.6,26,1,0,0,1
3844,83.39,HIGH RISK,Dropout,Yes,1,11.0,1,10.0,135.9,20,1,0,0,1
2267,83.35,HIGH RISK,Dropout,Yes,1,13.0,2,13.5,140.0,50,1,0,0,1
2972,83.3,HIGH RISK,Dropout,Yes,2,12.666666666666666,1,11.0,134.0,25,1,0,0,0
3445,83.28,HIGH RISK,Dropout,Yes,4,11.333333333333334,6,11.714285714285714,127.7,18,0,0,0,0
756,83.27,HIGH RISK,Dropout,Yes,0,0.0,0,0.0,138.0,19,0,1,0,1
38,83.22,HIGH RISK,Dropout,Yes,2,12.0,1,10.0,122.9,55,1,0,0,0
3474,83.21,HIGH RISK,Dropout,Yes,13,12.846153846153848,14,11.357142857142858,131.8,24,1,0,0,0
3270,83.21,HIGH RISK,Dropout,Yes,5,11.6,7,13.285714285714286,103.6,27,1,0,0,0
1616,82.88,HIGH RISK,Dropout,Yes,2,11.0,3,12.666666666666666,101.0,26,1,0,0,0
4422,82.67,HIGH RISK,Dropout,Yes,1,13.5,7,14.9125,149.5,30,1,0,1,0
1461,82.54,HIGH RISK,Dropout,Yes,4,12.5,4,10.5,140.0,24,1,0,0,1
988,82.52,HIGH RISK,Dropout,Yes,0,0.0,5,10.8,133.3,18,1,0,0,1
2682,82.5,HIGH RISK,Dropout,Yes,0,0.0,6,12.783333333333331,170.0,36,1,0,0,1
1733,82.42,HIGH RISK,Dropout,Yes,2,12.5,3,10.666666666666666,145.4,40,1,1,0,1
362,82.19,HIGH RISK,Dropout,Yes,2,10.0,3,12.666666666666666,128.5,19,1,1,0,0
3687,82.16,HIGH RISK,Dropout,Yes,11,11.636363636363637,11,10.818181818181818,125.3,26,1,0,0,1
989,82.02,HIGH RISK,Dropout,Yes,2,10.0,3,12.0,115.8,19,1,0,0,1
4247,81.93,HIGH RISK,Dropout,Yes,8,11.25,12,11.916666666666666,120.1,39,0,0,0,0
1628,81.85,HIGH RISK,Dropout,Yes,4,11.0,4,12.5,130.0,32,1,0,0,1
2931,81.85,HIGH RISK,Dropout,Yes,2,12.5,0,0.0,118.1,39,1,0,0,0
2259,81.76,HIGH RISK,Dropout,Yes,3,12.666666666666666,2,12.0,120.0,28,1,0,0,1
3342,81.7,HIGH RISK,Enrolled,Yes,4,13.0,5,12.4,123.0,20,0,1,0,1
3732,81.65,HIGH RISK,Dropout,Yes,4,13.5,5,13.2,128.8,21,1,0,0,1
1645,81.54,HIGH RISK,Dropout,Yes,1,11.0,5,11.4,126.1,20,1,0,0,0
175,81.49,HIGH RISK,Dropout,Yes,6,13.166666666666666,4,11.75,122.6,20,0,1,0,0
2975,81.49,HIGH RISK,Dropout,Yes,0,0.0,0,0.0,113.9,19,1,0,0,0
1493,81.47,HIGH RISK,Dropout,Yes,2,10.5,4,10.75,110.0,20,1,0,0,1
3826,81.38,HIGH RISK,Dropout,Yes,0,0.0,0,0.0,135.6,26,1,0,0,1
3245,81.36,HIGH RISK,Dropout,Yes,3,10.666666666666666,5,12.4,126.7,19,1,0,0,0
3517,81.31,HIGH RISK,Dropout,Yes,0,0.0,0,0.0,116.4,19,1,1,0,1
3536,81.31,HIGH RISK,Dropout,Yes,9,11.333333333333334,13,12.0,118.1,28,1,0,0,1
1846,81.23,HIGH RISK,Dropout,Yes,2,13.0,4,11.6,131.0,19,1,0,0,1
2360,81.22,HIGH RISK,Dropout,Yes,2,10.5,4,11.5,110.2,21,1,0,0,1
3709,81.02,HIGH RISK,Dropout,Yes,5,11.8,6,12.666666666666666,136.1,19,0,1,0,1
3838,80.92,HIGH RISK,Dropout,Yes,3,11.333333333333334,4,10.0,131.4,19,0,0,0,1
1673,80.91,HIGH RISK,Dropout,Yes,4,12.0,5,13.285714285714286,130.0,21,0,0,0,0
3475,80.91,HIGH RISK,Dropout,Yes,0,0.0,0,0.0,119.1,18,1,0,0,0
2715,80.91,HIGH RISK,Dropout,Yes,6,16.666666666666668,6,16.428571428571427,160.0,30,1,1,0,0
1882,80.67,HIGH RISK,Dropout,Yes,3,10.333333333333334,4,12.0,140.0,35,1,0,0,1
1624,80.67,HIGH RISK,Dropout,Yes,4,11.75,6,12.514285714285716,120.0,47,1,0,0,0
2060,80.65,HIGH RISK,Dropout,Yes,5,12.0,4,13.0,140.0,20,0,1,0,0
744,80.62,HIGH RISK,Dropout,Yes,3,10.333333333333334,4,11.5,123.0,27,1,0,0,1
3713,80.57,HIGH RISK,Dropout,Yes,3,10.333333333333334,3,10.75,110.0,27,1,0,0,1
2980,80.5,HIGH RISK,Dropout,Yes,4,12.75,4,14.6,133.6,22,0,0,0,0
3839,80.44,HIGH RISK,Dropout,Yes,1,10.0,1,10.0,118.5,21,1,0,0,1
2450,80.39,HIGH RISK,Dropout,Yes,5,12.8,9,14.22222222222222,130.0,31,1,0,0,1
1181,80.36,HIGH RISK,Dropout,Yes,3,12.333333333333334,4,11.5,110.0,36,1,0,0,0
3182,80.34,HIGH RISK,Dropout,Yes,3,12.666666666666666,5,13.142857142857142,140.0,24,1,1,0,1
758,80.33,HIGH RISK,Dropout,Yes,11,11.363636363636363,12,11.0,126.5,23,0,0,0,1
1746,80.25,HIGH RISK,Dropout,Yes,3,10.0,4,12.5,130.0,26,1,0,0,1
3824,80.22,HIGH RISK,Dropout,Yes,2,13.5,4,11.75,150.0,24,1,0,0,1
2430,80.19,HIGH RISK,Dropout,Yes,5,13.0,7,11.285714285714286,128.2,35,1,0,0,1
2234,79.91,HIGH RISK,Dropout,Yes,3,11.666666666666666,4,11.5,138.6,20,1,0,0,1
3169,79.8,HIGH RISK,Dropout,Yes,6,11.333333333333334,6,13.428571428571429,126.2,21,0,1,1,0
3926,79.74,HIGH RISK,Enrolled,Yes,0,0.0,1,10.0,124.2,23,1,0,0,1
3054,79.74,HIGH RISK,Dropout,Yes,3,13.0,5,12.6,122.3,19,1,0,1,0
3440,79.7,HIGH RISK,Dropout,Yes,2,11.0,2,12.75,106.0,19,1,0,0,0
1238,79.55,HIGH RISK,Dropout,Yes,0,0.0,1,16.0,132.4,18,1,0,0,1
359,79.52,HIGH RISK,Enrolled,Yes,0,0.0,0,0.0,130.0,30,1,1,1,0
235,79.38,HIGH RISK,Dropout,Yes,1,15.0,3,12.0,100.0,21,1,0,0,0
2950,79.37,HIGH RISK,Dropout,Yes,1,12.0,3,10.5,141.7,27,1,0,0,0
1848,79.28,HIGH RISK,Dropout,Yes,2,10.0,4,10.75,130.0,41,1,0,0,1
3324,79.03,HIGH RISK,Dropout,Yes,5,13.571428571428571,5,12.5,116.1,18,0,0,0,1
4191,78.98,HIGH RISK,Dropout,Yes,6,11.833333333333334,3,11.666666666666666,160.0,24,1,0,0,0
2339,78.8,HIGH RISK,Dropout,Yes,3,13.333333333333334,4,14.5,116.9,20,1,1,0,1
1592,78.69,HIGH RISK,Dropout,Yes,0,0.0,0,0.0,155.6,19,1,0,0,1
3143,78.67,HIGH RISK,Dropout,Yes,0,0.0,1,11.0,124.8,19,1,0,0,0
4183,78.64,HIGH RISK,Dropout,Yes,3,11.4,5,12.2,115.5,36,1,0,0,0
1300,78.63,HIGH RISK,Enrolled,Yes,3,12.0,4,10.0,123.3,26,1,0,0,1
44,78.56,HIGH RISK,Dropout,Yes,5,13.8,4,13.0,121.4,20,0,0,0,0
3339,78.43,HIGH RISK,Dropout,Yes,3,11.333333333333334,3,12.0,128.2,28,1,0,0,1
1709,78.36,HIGH RISK,Dropout,Yes,4,13.125,4,12.95,105.0,25,1,0,0,1
1481,78.35,HIGH RISK,Dropout,Yes,5,14.8,5,12.166666666666666,150.0,22,1,0,1,1
1625,78.31,HIGH RISK,Dropout,Yes,9,10.444444444444445,10,11.5,111.3,24,1,0,0,0
1600,77.92,HIGH RISK,Dropout,Yes,3,11.333333333333334,4,11.25,111.1,19,1,1,0,1
71,77.86,HIGH RISK,Enrolled,Yes,0,0.0,0,0.0,134.0,18,1,0,0,1
789,77.83,HIGH RISK,Dropout,Yes,5,14.0,5,14.4,159.1,18,1,1,1,0
4163,77.75,HIGH RISK,Dropout,Yes,3,11.0,6,12.166666666666666,100.0,33,1,0,0,0
4381,77.73,HIGH RISK,Dropout,Yes,4,11.325,4,11.325,140.0,29,1,0,0,0
3596,77.67,HIGH RISK,Dropout,Yes,1,12.0,3,13.25,140.0,19,1,0,0,1
2783,77.67,HIGH RISK,Enrolled,Yes,2,11.0,3,11.333333333333334,105.0,23,1,0,0,0
66,77.66,HIGH RISK,Dropout,Yes,5,11.0,5,11.9,126.0,29,1,0,0,1
4303,77.5,HIGH RISK,Dropout,Yes,12,11.833333333333334,13,10.76923076923077,110.4,25,1,0,0,1
3712,77.26,HIGH RISK,Dropout,Yes,0,0.0,0,0.0,160.0,21,1,1,1,1
3915,76.84,HIGH RISK,Dropout,Yes,8,12.22222222222222,5,12.2,140.0,34,1,1,0,0
3478,76.82,HIGH RISK,Dropout,Yes,5,12.4,6,11.5,131.9,21,1,0,0,0
4409,76.8,HIGH RISK,Dropout,Yes,6,11.666666666666666,5,11.4,133.0,47,1,0,0,1
3829,76.72,HIGH RISK,Dropout,Yes,1,14.0,0,0.0,124.1,19,1,0,0,1
2978,76.71,HIGH RISK,Dropout,Yes,16,13.875,14,12.785714285714286,133.7,28,1,0,0,0
4278,76.47,HIGH RISK,Dropout,Yes,3,13.666666666666666,1,10.0,116.7,21,1,0,0,1
2616,76.32,HIGH RISK,Dropout,Yes,4,13.0,5,11.6,141.7,18,0,0,0,1
1831,76.18,HIGH RISK,Dropout,Yes,4,11.5,5,13.0,142.8,18,1,1,0,0
3614,76.16,HIGH RISK,Dropout,Yes,2,10.5,3,12.0,133.1,19,1,0,0,1
943,76.01,HIGH RISK,Enrolled,Yes,0,0.0,0,0.0,130.0,31,1,0,0,0
865,75.98,HIGH RISK,Dropout,Yes,6,13.5,6,14.0,160.0,19,0,0,0,1
4396,75.93,HIGH RISK,Dropout,Yes,5,12.4,6,12.166666666666666,133.1,19,1,1,1,0
1815,75.89,HIGH RISK,Dropout,Yes,0,0.0,0,0.0,127.9,20,1,0,0,1
3168,75.79,HIGH RISK,Dropout,Yes,3,10.5,3,10.666666666666666,140.9,24,1,0,0,0
77,75.61,HIGH RISK,Dropout,Yes,1,11.0,4,10.5,106.0,21,1,0,1,1
1293,75.42,HIGH RISK,Dropout,Yes,2,10.0,3,11.75,120.0,22,1,0,0,1
4343,75.42,HIGH RISK,Dropout,Yes,3,11.333333333333334,3,13.0,104.0,24,1,0,0,0
1619,75.39,HIGH RISK,Dropout,Yes,6,13.0,6,13.166666666666666,126.9,19,1,0,1,0
2795,75.33,HIGH RISK,Enrolled,Yes,0,0.0,0,0.0,127.6,29,1,0,0,1
3271,75.17,HIGH RISK,Dropout,Yes,2,10.5,4,11.5,122.7,45,1,0,1,0
1393,75.17,HIGH RISK,Dropout,Yes,0,0.0,0,0.0,134.9,20,1,1,0,0
3498,75.07,HIGH RISK,Dropout,Yes,4,11.6,4,13.333333333333334,116.7,49,1,0,0,1
2273,75.06,HIGH RISK,Dropout,Yes,5,11.142857142857142,3,11.333333333333334,138.3,44,1,0,0,1
1107,74.74,HIGH RISK,Dropout,Yes,7,14.901428571428571,7,14.901428571428571,123.3,20,1,0,1,0
1992,74.64,HIGH RISK,Dropout,Yes,0,0.0,0,0.0,140.0,34,1,0,0,0
4081,74.41,HIGH RISK,Dropout,Yes,0,0.0,0,0.0,126.8,18,0,0,1,0
530,74.36,HIGH RISK,Dropout,Yes,4,11.75,5,13.625,137.2,18,1,1,0,1
3792,74.29,HIGH RISK,Dropout,Yes,3,10.666666666666666,4,11.0,130.0,20,1,1,0,1
1236,74.05,HIGH RISK,Dropout,Yes,3,11.0,2,12.0,125.7,26,1,0,0,0
3312,74.02,HIGH RISK,Dropout,Yes,6,14.625,6,16.0,150.9,18,1,0,0,0
2919,73.92,HIGH RISK,Dropout,Yes,12,11.833333333333334,14,10.928571428571429,112.9,38,1,0,0,0
65,73.8,HIGH RISK,Enrolled,Yes,0,0.0,0,0.0,120.9,24,1,0,0,1
3077,73.79,HIGH RISK,Dropout,Yes,3,13.666666666666666,3,11.333333333333334,120.0,26,1,0,0,1
985,73.74,HIGH RISK,Dropout,Yes,1,16.0,2,10.0,116.5,19,1,0,0,1
2410,73.72,HIGH RISK,Dropout,Yes,3,11.0,4,11.25,125.3,41,1,0,0,1
2226,73.69,HIGH RISK,Dropout,Yes,4,10.0,2,10.5,107.2,19,1,0,0,1
3541,73.64,HIGH RISK,Dropout,Yes,0,0.0,1,10.0,123.0,18,1,0,0,1
596,73.63,HIGH RISK,Dropout,Yes,11,11.545454545454543,11,11.454545454545457,141.0,29,1,0,0,0
83,73.57,HIGH RISK,Dropout,Yes,10,13.3,6,12.166666666666666,180.4,24,1,1,0,1
2438,73.5,HIGH RISK,Dropout,Yes,3,12.5,3,12.333333333333334,107.5,22,1,0,1,1
1857,73.5,HIGH RISK,Graduate,Yes,6,12.875,6,11.833333333333334,136.0,19,0,1,1,0
3522,73.44,HIGH RISK,Dropout,Yes,12,11.25,13,11.642857142857142,134.1,24,1,0,0,1
1898,73.19,HIGH RISK,Dropout,Yes,4,11.5,5,12.2,112.3,18,0,1,0,0
1243,73.08,HIGH RISK,Enrolled,Yes,1,10.0,1,11.0,100.0,25,1,0,0,1
672,72.91,HIGH RISK,Dropout,Yes,7,14.714285714285714,9,13.444444444444445,120.0,30,1,0,0,0
3584,72.9,HIGH RISK,Enrolled,Yes,5,10.5,4,12.5,115.5,19,0,1,0,1
1005,72.9,HIGH RISK,Dropout,Yes,6,17.428571428571427,6,16.5,126.6,18,1,0,0,0
69,72.89,HIGH RISK,Dropout,Yes,4,10.75,5,11.2,120.1,19,1,1,0,1
1611,72.76,HIGH RISK,Dropout,Yes,2,12.5,3,10.666666666666666,141.5,18,1,0,0,1
3700,72.72,HIGH RISK,Dropout,Yes,0,0.0,0,0.0,112.9,18,1,0,0,1
3513,72.65,HIGH RISK,Dropout,Yes,0,0.0,0,0.0,129.5,20,1,0,0,1
4387,72.46,HIGH RISK,Dropout,Yes,2,12.5,3,12.333333333333334,115.2,21,1,0,1,0
4327,72.36,HIGH RISK,Dropout,Yes,5,13.2,4,12.0,127.5,26,0,1,0,0
1079,72.35,HIGH RISK,Dropout,Yes,0,0.0,0,0.0,117.3,20,1,1,0,0
520,72.27,HIGH RISK,Dropout,Yes,5,10.2,4,11.25,112.1,23,1,0,0,0
1453,72.14,HIGH RISK,Dropout,Yes,0,0.0,0,0.0,119.4,20,1,0,0,1
2414,72.04,HIGH RISK,Graduate,Yes,3,10.666666666666666,5,11.8,100.0,41,1,0,0,0
2199,71.7,HIGH RISK,Dropout,Yes,2,10.0,3,11.0,127.3,19,1,0,0,1
2204,71.62,HIGH RISK,Dropout,Yes,0,0.0,0,0.0,130.0,37,1,0,0,1
3106,71.59,HIGH RISK,Dropout,Yes,5,15.4,5,15.333333333333334,130.0,29,1,0,0,0
4158,71.41,HIGH RISK,Dropout,Yes,2,12.5,1,13.0,150.2,19,1,0,0,0
1824,71.25,HIGH RISK,Dropout,Yes,2,10.5,2,11.666666666666666,112.9,24,1,0,0,0
556,70.99,HIGH RISK,Dropout,Yes,6,10.857142857142858,14,12.428571428571429,150.0,25,1,0,0,1
3717,70.98,HIGH RISK,Dropout,Yes,2,11.5,2,11.5,140.0,20,1,0,0,1
1188,70.96,HIGH RISK,Dropout,Yes,1,11.0,1,10.0,132.3,20,1,0,0,0
3381,70.62,HIGH RISK,Dropout,Yes,3,12.066666666666668,3,13.766666666666666,105.8,26,1,0,0,0
3515,70.57,HIGH RISK,Dropout,Yes,4,11.25,3,11.666666666666666,114.0,29,1,0,0,1
3787,70.34,HIGH RISK,Dropout,Yes,0,0.0,0,0.0,148.6,20,1,0,0,1
3265,70.29,HIGH RISK,Dropout,Yes,1,11.0,5,12.4,113.0,21,1,0,0,0
880,70.23,HIGH RISK,Dropout,Yes,7,12.142857142857142,5,12.2,120.0,23,1,0,0,1
808,70.16,HIGH RISK,Enrolled,Yes,4,13.0,6,14.0,141.3,23,0,1,0,0
4401,70.14,HIGH RISK,Dropout,Yes,3,13.333333333333334,4,10.75,140.0,37,1,1,0,1
4181,70.13,HIGH RISK,Enrolled,Yes,3,10.666666666666666,4,13.5,121.8,18,1,1,0,0
572,69.98,MEDIUM RISK,Dropout,Yes,1,12.0,0,0.0,124.8,22,1,0,0,1
1798,69.97,MEDIUM RISK,Dropout,Yes,3,11.666666666666666,3,15.0,132.0,18,1,0,1,0
3726,69.72,MEDIUM RISK,Dropout,Yes,6,11.666666666666666,5,11.4,130.0,22,1,0,0,1
2905,69.68,MEDIUM RISK,Dropout,Yes,3,12.0,4,12.0,129.0,37,1,0,0,0
4242,69.68,MEDIUM RISK,Dropout,Yes,7,13.327142857142857,7,13.327142857142857,141.5,19,0,1,0,0
2738,69.68,MEDIUM RISK,Dropout,Yes,4,11.0,6,10.857142857142858,134.9,18,1,1,0,0
1480,69.65,MEDIUM RISK,Dropout,Yes,0,0.0,4,13.2,116.7,20,1,0,1,1
277,69.63,MEDIUM RISK,Dropout,Yes,3,10.666666666666666,5,11.0,113.7,20,1,0,0,0
2644,69.58,MEDIUM RISK,Dropout,Yes,3,13.5,4,11.5,151.2,25,1,0,0,1
3992,69.56,MEDIUM RISK,Dropout,Yes,2,10.5,4,10.5,109.5,19,1,0,0,0
1750,69.33,MEDIUM RISK,Dropout,Yes,10,12.4,13,11.538461538461538,105.2,25,1,0,0,1
3861,69.32,MEDIUM RISK,Dropout,Yes,4,11.75,1,11.0,134.3,25,1,0,0,1
3277,69.14,MEDIUM RISK,Dropout,Yes,5,11.0,10,12.0,117.7,34,1,0,0,0
4147,69.03,MEDIUM RISK,Dropout,Yes,4,12.5625,4,12.0,120.9,39,1,0,0,0
2023,68.91,MEDIUM RISK,Dropout,Yes,0,0.0,0,0.0,117.0,21,1,0,0,1
2469,68.53,MEDIUM RISK,Dropout,Yes,3,12.666666666666666,4,12.75,131.7,20,1,0,0,1
3616,68.51,MEDIUM RISK,Dropout,Yes,4,11.142857142857142,3,12.666666666666666,119.1,18,1,1,0,1
702,68.44,MEDIUM RISK,Dropout,Yes,3,13.666666666666666,3,14.0,128.0,49,1,0,0,1
4312,68.38,MEDIUM RISK,Enrolled,Yes,1,10.0,0,0.0,123.5,18,1,0,0,1
1464,68.29,MEDIUM RISK,Dropout,Yes,1,10.0,2,13.0,150.0,23,1,0,0,1
1564,68.27,MEDIUM RISK,Enrolled,Yes,2,11.0,3,12.0,140.0,20,0,1,0,0
2229,68.1,MEDIUM RISK,Dropout,Yes,4,14.0,5,13.8,155.5,47,1,0,0,1
2834,68.0,MEDIUM RISK,Enrolled,Yes,2,11.0,3,12.0,111.8,22,1,0,0,0
2262,67.74,MEDIUM RISK,Dropout,Yes,2,11.5,0,0.0,114.4,22,1,0,0,1
466,67.67,MEDIUM RISK,Dropout,Yes,5,10.8,9,11.444444444444445,135.0,27,1,0,0,0
3121,67.63,MEDIUM RISK,Dropout,Yes,6,12.833333333333334,5,11.4,129.2,31,1,0,0,0
2701,67.4,MEDIUM RISK,Dropout,Yes,0,0.0,0,0.0,126.3,21,1,1,0,1
4332,67.35,MEDIUM RISK,Dropout,Yes,0,0.0,0,0.0,130.0,23,1,0,0,0
3740,67.25,MEDIUM RISK,Dropout,Yes,2,11.5,0,0.0,118.4,18,1,0,0,1
3520,67.22,MEDIUM RISK,Dropout,Yes,6,11.5,7,11.714285714285714,120.0,34,1,1,0,1
164,67.06,MEDIUM RISK,Dropout,Yes,3,11.0,4,11.5,123.3,21,1,0,0,0
573,66.89,MEDIUM RISK,Dropout,Yes,3,10.8,3,10.5,106.5,19,1,0,0,1
4260,66.88,MEDIUM RISK,Dropout,Yes,2,14.0,3,13.0,141.4,19,1,0,0,0
2447,66.86,MEDIUM RISK,Dropout,Yes,5,16.2,7,13.5,150.0,44,1,0,0,1
4016,66.72,MEDIUM RISK,Dropout,Yes,3,12.0,3,10.333333333333334,138.7,31,1,0,0,0
3735,66.7,MEDIUM RISK,Dropout,Yes,7,11.25,5,11.2,112.0,22,1,0,0,1
2115,66.68,MEDIUM RISK,Dropout,Yes,4,11.25,5,11.0,140.2,18,1,0,0,0
2389,66.61,MEDIUM RISK,Dropout,Yes,2,12.5,4,10.8,120.8,18,1,0,1,1
121,66.6,MEDIUM RISK,Dropout,Yes,2,11.0,3,11.0,131.0,21,1,0,0,0
696,66.59,MEDIUM RISK,Dropout,Yes,2,13.5,4,13.333333333333334,152.1,18,1,1,0,1
3554,66.53,MEDIUM RISK,Dropout,Yes,5,17.714285714285715,5,16.5,150.0,20,1,1,0,1
1813,66.39,MEDIUM RISK,Dropout,Yes,5,12.6,5,12.1,120.0,44,1,0,0,1
4414,66.18,MEDIUM RISK,Enrolled,Yes,2,13.0,5,11.6,121.2,25,1,0,0,1
2129,66.1,MEDIUM RISK,Dropout,Yes,0,0.0,0,0.0,176.7,19,1,0,1,0
3518,65.84,MEDIUM RISK,Dropout,Yes,1,12.0,0,0.0,121.7,18,1,0,0,1
3810,65.83,MEDIUM RISK,Dropout,Yes,5,12.6,4,12.75,104.0,54,1,0,0,0
2128,65.52,MEDIUM RISK,Dropout,Yes,6,12.758333333333333,6,12.758333333333333,130.8,18,0,0,0,0
3009,65.51,MEDIUM RISK,Dropout,Yes,4,14.6,5,14.4,130.7,18,1,0,0,0
3854,65.33,MEDIUM RISK,Dropout,Yes,12,10.666666666666666,14,10.642857142857142,120.5,35,1,1,0,1
3594,65.3,MEDIUM RISK,Dropout,Yes,5,11.8,6,13.0,133.7,18,1,1,0,1
3048,65.26,MEDIUM RISK,Dropout,Yes,5,14.2,6,13.166666666666666,134.2,18,1,0,0,0
2455,65.23,MEDIUM RISK,Dropout,Yes,0,0.0,0,0.0,147.7,18,1,0,1,1
4282,65.2,MEDIUM RISK,Enrolled,Yes,0,0.0,3,11.25,105.0,21,1,0,0,1
3158,64.95,MEDIUM RISK,Dropout,Yes,2,10.0,3,10.333333333333334,129.8,22,1,0,0,0
2417,64.87,MEDIUM RISK,Dropout,Yes,4,11.25,4,10.25,119.3,25,1,0,1,1
4348,64.87,MEDIUM RISK,Dropout,Yes,2,10.0,2,11.0,129.2,19,1,0,0,0
1939,64.78,MEDIUM RISK,Dropout,Yes,1,12.0,5,13.0,100.0,24,1,0,0,0
2704,64.73,MEDIUM RISK,Dropout,Yes,4,11.2,3,11.25,140.0,25,1,0,0,1
575,64.72,MEDIUM RISK,Graduate,Yes,0,0.0,0,0.0,109.3,19,1,0,0,1
3897,64.56,MEDIUM RISK,Enrolled,Yes,0,0.0,1,11.0,122.6,22,1,0,0,1
981,64.48,MEDIUM RISK,Dropout,Yes,2,10.5,4,11.25,128.2,34,1,0,0,1
3561,64.44,MEDIUM RISK,Enrolled,Yes,0,0.0,5,13.06,100.0,33,1,0,0,1
3574,64.43,MEDIUM RISK,Enrolled,Yes,0,0.0,0,0.0,125.7,18,1,0,0,1
3686,64.19,MEDIUM RISK,Dropout,Yes,6,15.9,6,15.714285714285714,134.4,24,1,0,0,1
1719,63.86,MEDIUM RISK,Dropout,Yes,2,14.5,0,0.0,129.0,24,1,0,0,1
622,63.65,MEDIUM RISK,Dropout,Yes,2,10.0,2,10.75,114.6,19,1,0,0,0
910,63.6,MEDIUM RISK,Dropout,Yes,0,0.0,0,0.0,134.6,20,1,0,0,0
2334,63.59,MEDIUM RISK,Dropout,Yes,0,0.0,0,0.0,130.2,18,1,0,1,1
3951,63.59,MEDIUM RISK,Dropout,Yes,3,15.333333333333334,6,13.5,138.0,21,1,0,1,0
2963,63.47,MEDIUM RISK,Dropout,Yes,1,11.0,2,12.0,121.4,18,1,0,0,0
2965,63.28,MEDIUM RISK,Dropout,Yes,6,12.5,6,13.285714285714286,138.4,19,1,1,1,0
76,63.26,MEDIUM RISK,Dropout,Yes,3,10.857142857142858,3,10.333333333333334,115.5,18,1,1,0,1
623,63.24,MEDIUM RISK,Dropout,Yes,4,10.25,4,13.25,114.6,19,1,0,0,0
220,63.24,MEDIUM RISK,Dropout,Yes,2,13.5,0,0.0,131.5,21,1,0,0,0
1189,63.14,MEDIUM RISK,Graduate,Yes,4,11.5,6,11.666666666666666,120.7,18,1,1,0,0
1558,63.14,MEDIUM RISK,Enrolled,Yes,0,0.0,0,0.0,143.6,18,1,1,0,1
3063,63.09,MEDIUM RISK,Dropout,Yes,4,11.0,4,12.25,107.5,18,1,0,1,0
3489,62.96,MEDIUM RISK,Dropout,Yes,3,12.333333333333334,2,12.5,110.0,24,1,1,0,1
1577,62.84,MEDIUM RISK,Dropout,Yes,4,13.75,5,11.4,135.6,46,1,0,0,0
1114,62.81,MEDIUM RISK,Enrolled,Yes,3,11.333333333333334,3,10.666666666666666,140.0,25,1,0,0,0
901,62.8,MEDIUM RISK,Dropout,Yes,2,14.0,2,10.0,107.7,19,1,0,0,0
3997,62.72,MEDIUM RISK,Dropout,Yes,2,12.0,3,12.0,120.0,18,1,0,0,0
155,62.71,MEDIUM RISK,Dropout,Yes,3,10.0,3,12.666666666666666,108.7,21,1,0,0,0
2095,62.65,MEDIUM RISK,Dropout,Yes,5,15.6,6,16.333333333333332,132.9,29,0,0,0,0
1618,62.52,MEDIUM RISK,Dropout,Yes,5,11.8,5,11.4,95.0,24,1,0,0,0
3208,62.48,MEDIUM RISK,Dropout,Yes,6,11.571428571428571,6,11.571428571428571,111.8,25,1,1,0,1
2392,62.34,MEDIUM RISK,Dropout,Yes,10,11.6,8,12.5,130.0,25,1,0,0,1
2293,62.32,MEDIUM RISK,Dropout,Yes,3,11.333333333333334,3,13.666666666666666,131.0,22,1,0,0,1
1569,61.98,MEDIUM RISK,Enrolled,Yes,2,11.666666666666666,0,0.0,137.0,19,1,1,0,0
223,61.85,MEDIUM RISK,Dropout,Yes,2,12.5,4,11.25,117.5,18,1,0,0,0
3937,61.61,MEDIUM RISK,Dropout,Yes,4,11.0,2,12.0,108.0,20,1,1,0,0
540,61.58,MEDIUM RISK,Dropout,Yes,6,11.333333333333334,4,12.5,122.1,19,1,0,0,1
2237,61.43,MEDIUM RISK,Enrolled,Yes,2,13.0,4,12.75,117.8,19,1,0,0,1
4256,61.4,MEDIUM RISK,Dropout,Yes,9,12.555555555555555,13,13.846153846153848,120.0,18,1,0,0,0
4139,61.2,MEDIUM RISK,Dropout,Yes,4,13.5,3,12.333333333333334,111.5,18,1,0,0,0
4300,61.12,MEDIUM RISK,Dropout,Yes,1,10.0,1,10.0,118.3,18,1,0,0,1
3528,60.9,MEDIUM RISK,Dropout,Yes,6,12.2,5,11.94,136.6,23,1,0,0,1
2691,60.85,MEDIUM RISK,Dropout,Yes,2,11.0,4,10.75,100.0,21,1,0,0,1
3301,60.82,MEDIUM RISK,Dropout,Yes,0,0.0,0,0.0,130.7,18,1,0,0,0
1862,60.81,MEDIUM RISK,Enrolled,Yes,1,11.0,0,0.0,125.9,34,1,0,0,1
3028,60.71,MEDIUM RISK,Dropout,Yes,3,11.333333333333334,4,12.0,119.6,19,1,0,0,0
3078,60.58,MEDIUM RISK,Enrolled,Yes,0,0.0,0,0.0,128.0,27,0,1,0,1
254,60.55,MEDIUM RISK,Enrolled,Yes,0,0.0,1,11.0,123.2,18,1,0,0,0
855,60.46,MEDIUM RISK,Enrolled,Yes,0,0.0,0,0.0,120.4,18,0,1,0,1
101,60.42,MEDIUM RISK,Dropout,Yes,5,13.4,8,12.875,128.8,21,1,0,0,0
3708,60.39,MEDIUM RISK,Graduate,Yes,0,0.0,0,0.0,120.5,22,1,0,0,1
1176,60.36,MEDIUM RISK,Dropout,Yes,3,11.25,4,11.0,130.0,18,1,0,0,1
863,60.28,MEDIUM RISK,Dropout,Yes,7,12.142857142857142,2,12.0,119.8,21,1,0,0,1
108,60.24,MEDIUM RISK,Dropout,Yes,4,13.25,4,14.2,106.7,20,1,0,0,0
2790,60.16,MEDIUM RISK,Dropout,Yes,0,0.0,0,0.0,100.0,33,1,1,1,1
4056,59.71,MEDIUM RISK,Dropout,Yes,4,12.0,4,12.0,110.0,28,1,0,0,0
801,59.61,MEDIUM RISK,Enrolled,Yes,4,12.0,6,11.0,130.0,22,0,0,1,0
2765,59.41,MEDIUM RISK,Enrolled,Yes,3,11.25,3,11.0,130.1,25,1,0,0,0
3600,59.32,MEDIUM RISK,Dropout,Yes,6,14.5,11,15.090909090909092,128.2,23,1,0,0,0
993,59.27,MEDIUM RISK,Dropout,Yes,6,11.0,6,11.428571428571429,149.0,18,1,0,0,0
1707,59.2,MEDIUM RISK,Dropout,Yes,0,0.0,0,0.0,139.7,18,1,0,0,1
4272,59.19,MEDIUM RISK,Dropout,Yes,5,15.2,5,14.6,127.5,19,1,0,0,1
2013,58.65,MEDIUM RISK,Dropout,Yes,5,10.6,5,13.2,105.5,33,1,1,0,0
2256,58.61,MEDIUM RISK,Dropout,Yes,5,14.333333333333334,6,13.714285714285714,121.5,54,1,0,0,1
2923,58.59,MEDIUM RISK,Dropout,Yes,5,12.4,6,11.333333333333334,98.5,48,1,0,0,0
2929,58.49,MEDIUM RISK,Dropout,Yes,0,0.0,0,0.0,115.7,20,1,0,0,0
1,58.49,MEDIUM RISK,Dropout,Yes,0,0.0,0,0.0,127.3,20,1,0,0,1
1879,58.46,MEDIUM RISK,Dropout,Yes,0,0.0,0,0.0,139.6,18,0,1,1,1
58,58.15,MEDIUM RISK,Dropout,Yes,10,12.9,5,13.0,155.3,27,1,0,0,0
4412,58.03,MEDIUM RISK,Dropout,Yes,3,13.333333333333334,6,12.5,150.0,21,1,0,0,1
179,57.97,MEDIUM RISK,Dropout,Yes,5,10.4,5,12.4,133.0,18,1,0,0,0
3204,57.81,MEDIUM RISK,Dropout,Yes,3,11.0,4,10.8,118.0,19,1,0,0,1
831,57.64,MEDIUM RISK,Dropout,Yes,6,11.0,6,11.666666666666666,128.7,20,1,0,0,0
3190,57.61,MEDIUM RISK,Dropout,Yes,0,0.0,0,0.0,110.0,19,1,0,0,1
2473,57.61,MEDIUM RISK,Dropout,Yes,3,10.333333333333334,4,11.25,129.1,18,1,0,0,1
743,57.59,MEDIUM RISK,Dropout,Yes,6,12.4,5,14.2,132.9,18,1,0,0,1
518,57.39,MEDIUM RISK,Dropout,Yes,3,11.666666666666666,5,12.8,123.0,23,1,0,0,0
2860,57.35,MEDIUM RISK,Enrolled,Yes,4,12.5,5,13.0,106.0,48,1,0,0,0
1559,57.29,MEDIUM RISK,Dropout,Yes,0,0.0,0,0.0,134.6,19,1,0,0,1
837,57.11,MEDIUM RISK,Dropout,Yes,4,10.75,3,13.333333333333334,125.4,19,1,0,0,1
2922,57.1,MEDIUM RISK,Enrolled,Yes,0,0.0,4,13.25,117.5,34,1,0,0,0
3795,57.06,MEDIUM RISK,Dropout,Yes,2,12.0,1,12.0,121.3,18,1,0,0,1
3685,56.66,MEDIUM RISK,Dropout,Yes,4,11.5,2,11.0,110.0,30,1,0,0,1
3681,56.6,MEDIUM RISK,Dropout,Yes,0,0.0,0,0.0,120.7,18,1,1,0,1
1449,56.5,MEDIUM RISK,Dropout,Yes,3,13.666666666666666,3,11.5,140.0,20,1,0,0,1
3539,56.47,MEDIUM RISK,Dropout,Yes,4,10.25,4,12.5,120.5,19,1,0,0,1
2750,56.4,MEDIUM RISK,Dropout,Yes,5,11.6,4,11.5,122.5,47,1,0,0,1
4378,55.96,MEDIUM RISK,Dropout,Yes,12,11.333333333333334,14,11.071428571428571,103.8,28,1,0,0,0
3370,55.92,MEDIUM RISK,Dropout,Yes,3,11.333333333333334,4,11.0,142.7,18,1,1,0,0
568,55.88,MEDIUM RISK,Dropout,Yes,3,11.333333333333334,3,11.666666666666666,118.9,18,1,0,0,1
1713,55.64,MEDIUM RISK,Dropout,Yes,5,11.34,5,12.16,100.0,33,0,0,0,0
934,55.64,MEDIUM RISK,Dropout,Yes,2,11.5,3,11.0,127.7,31,1,0,0,0
2429,55.56,MEDIUM RISK,Dropout,Yes,6,10.857142857142858,6,11.666666666666666,114.0,29,1,0,0,1
1047,55.52,MEDIUM RISK,Dropout,Yes,6,13.166666666666666,6,13.166666666666666,157.5,19,1,0,0,0
4155,55.42,MEDIUM RISK,Dropout,Yes,3,10.666666666666666,3,11.666666666666666,116.8,18,1,0,0,0
2327,55.39,MEDIUM RISK,Enrolled,Yes,1,10.0,0,0.0,121.6,19,1,0,0,1
3325,55.39,MEDIUM RISK,Dropout,Yes,0,0.0,0,0.0,100.0,27,1,0,0,1
706,55.31,MEDIUM RISK,Dropout,Yes,4,13.333333333333334,5,13.0,138.1,37,1,0,1,1
3638,55.3,MEDIUM RISK,Enrolled,Yes,6,12.666666666666666,7,12.857142857142858,108.0,33,0,1,0,0
2597,55.08,MEDIUM RISK,Dropout,Yes,5,12.2,5,11.4,143.0,21,1,1,0,0
170,54.9,MEDIUM RISK,Dropout,Yes,2,11.333333333333334,3,12.0,117.0,21,1,0,0,0
2190,54.69,MEDIUM RISK,Dropout,Yes,6,12.333333333333334,5,12.2,125.8,20,1,1,0,1
2048,54.57,MEDIUM RISK,Dropout,Yes,4,11.225,4,13.5,121.5,20,1,0,0,0
2879,54.53,MEDIUM RISK,Dropout,Yes,8,11.875,11,13.0,100.0,34,1,0,0,0
4209,54.5,MEDIUM RISK,Dropout,Yes,0,0.0,0,0.0,160.4,19,0,0,0,0
2258,54.43,MEDIUM RISK,Enrolled,Yes,2,11.5,3,10.666666666666666,130.0,20,1,0,0,1
2463,54.39,MEDIUM RISK,Dropout,Yes,0,0.0,0,0.0,165.7,18,1,0,0,1
399,54.29,MEDIUM RISK,Dropout,Yes,4,13.714285714285714,5,11.8,114.2,18,1,1,0,0
2401,54.28,MEDIUM RISK,Dropout,Yes,4,11.0,4,11.5,111.5,45,1,0,0,1
4216,54.24,MEDIUM RISK,Dropout,Yes,0,0.0,0,0.0,137.9,18,0,1,0,0
2512,53.9,MEDIUM RISK,Enrolled,Yes,5,12.419999999999998,4,11.575,190.0,18,1,0,0,0
2269,53.45,MEDIUM RISK,Dropout,Yes,3,10.666666666666666,4,12.65,120.6,18,1,0,0,1
3111,53.39,MEDIUM RISK,Dropout,Yes,0,0.0,0,0.0,132.0,19,1,0,0,0
2164,53.3,MEDIUM RISK,Graduate,Yes,7,13.775,6,13.796666666666669,127.6,23,1,0,0,0
4304,53.1,MEDIUM RISK,Dropout,Yes,6,12.0,5,11.6,139.7,18,1,0,0,1
535,53.03,MEDIUM RISK,Graduate,Yes,0,0.0,0,0.0,150.0,25,1,0,0,1
2383,53.01,MEDIUM RISK,Dropout,Yes,5,15.142857142857142,6,13.166666666666666,130.0,27,1,0,0,1
2880,52.99,MEDIUM RISK,Dropout,Yes,3,11.666666666666666,4,12.5,144.5,45,1,0,0,0
3724,52.94,MEDIUM RISK,Dropout,Yes,3,10.666666666666666,1,12.0,130.4,18,1,1,0,1
2865,52.92,MEDIUM RISK,Dropout,Yes,5,11.0,5,12.0,119.6,22,1,0,1,0
2364,52.87,MEDIUM RISK,Enrolled,Yes,2,11.666666666666666,0,0.0,140.0,22,1,0,0,1
1530,52.85,MEDIUM RISK,Dropout,Yes,7,11.328571428571427,7,11.328571428571427,140.0,23,0,1,0,0
1762,52.81,MEDIUM RISK,Dropout,Yes,0,0.0,0,0.0,146.3,18,1,0,1,0
2240,52.75,MEDIUM RISK,Enrolled,Yes,0,0.0,0,0.0,138.3,25,0,1,0,1
1821,52.53,MEDIUM RISK,Enrolled,Yes,3,11.666666666666666,5,13.0,130.0,19,0,0,0,0
3817,52.45,MEDIUM RISK,Dropout,Yes,3,11.0,4,11.5,111.8,19,1,0,0,1
1726,52.43,MEDIUM RISK,Dropout,Yes,4,12.0,3,11.333333333333334,120.0,38,1,0,0,0
2361,52.24,MEDIUM RISK,Enrolled,Yes,1,11.0,1,10.0,110.3,24,1,1,0,1
2588,52.2,MEDIUM RISK,Enrolled,Yes,1,11.0,2,10.5,106.0,24,1,0,0,0
3173,52.18,MEDIUM RISK,Dropout,Yes,4,12.25,5,12.2,116.9,18,1,1,0,0
17,52.14,MEDIUM RISK,Enrolled,Yes,2,11.0,1,12.0,137.4,18,1,0,0,0
4034,52.1,MEDIUM RISK,Dropout,Yes,0,0.0,0,0.0,162.5,19,1,0,0,1
3482,52.01,MEDIUM RISK,Graduate,Yes,0,0.0,0,0.0,132.9,22,1,0,0,1
1421,51.8,MEDIUM RISK,Dropout,Yes,5,11.4,5,11.8,127.3,18,1,0,0,0
2275,51.38,MEDIUM RISK,Dropout,Yes,0,0.0,0,0.0,139.0,36,1,0,0,1
3194,51.26,MEDIUM RISK,Dropout,Yes,4,11.25,7,12.375,116.9,20,1,0,0,1
1690,51.24,MEDIUM RISK,Dropout,Yes,0,0.0,0,0.0,123.8,19,1,0,0,1
2705,51.23,MEDIUM RISK,Enrolled,Yes,0,0.0,0,0.0,108.0,19,1,0,0,1
3609,51.18,MEDIUM RISK,Dropout,Yes,5,14.571428571428571,5,15.8,121.5,20,1,0,0,1
625,51.12,MEDIUM RISK,Dropout,Yes,3,12.666666666666666,6,13.333333333333334,109.0,23,1,0,1,0
2564,51.01,MEDIUM RISK,Enrolled,Yes,0,0.0,1,12.0,126.0,20,1,0,0,0
361,50.77,MEDIUM RISK,Graduate,Yes,6,11.833333333333334,6,11.666666666666666,128.5,18,1,0,0,0
2004,50.73,MEDIUM RISK,Dropout,Yes,4,12.0,6,11.666666666666666,122.1,18,1,0,1,0
206,50.51,MEDIUM RISK,Graduate,Yes,4,10.75,4,11.0,119.1,18,1,0,0,0
1646,50.32,MEDIUM RISK,Dropout,Yes,0,0.0,0,0.0,119.7,21,1,0,0,0
3613,50.27,MEDIUM RISK,Dropout,Yes,2,12.0,4,12.5,140.0,19,1,0,0,1
776,50.22,MEDIUM RISK,Dropout,Yes,3,12.0,6,12.0,140.0,22,1,1,0,0
3529,49.87,MEDIUM RISK,Dropout,No,3,14.2,4,11.6,111.0,18,1,0,0,1
3695,49.67,MEDIUM RISK,Dropout,No,0,0.0,0,0.0,124.8,18,1,0,0,1
3805,49.51,MEDIUM RISK,Dropout,No,2,10.0,4,10.75,130.1,18,1,0,0,0
4165,49.51,MEDIUM RISK,Dropout,No,0,0.0,0,0.0,143.4,21,1,0,0,0
3279,49.46,MEDIUM RISK,Dropout,No,2,13.0,1,10.0,117.9,22,1,0,0,0
4072,49.25,MEDIUM RISK,Dropout,No,4,10.0,4,11.75,122.7,18,1,0,0,0
2661,49.03,MEDIUM RISK,Dropout,No,4,11.333333333333334,4,10.75,132.9,32,1,0,0,1
2120,48.92,MEDIUM RISK,Enrolled,No,0,0.0,0,0.0,134.8,18,1,0,0,0
3160,48.87,MEDIUM RISK,Enrolled,No,2,11.333333333333334,3,11.0,122.8,20,1,0,1,1
1339,48.82,MEDIUM RISK,Dropout,No,5,11.0,5,11.5,120.0,21,1,0,0,0
2480,48.71,MEDIUM RISK,Dropout,No,3,11.333333333333334,3,10.666666666666666,127.8,23,1,0,0,1
1801,48.52,MEDIUM RISK,Dropout,No,5,12.288,5,12.288,126.0,18,1,0,0,1
1420,48.49,MEDIUM RISK,Dropout,No,5,12.833333333333334,6,12.571428571428571,120.0,24,1,0,0,0
1000,48.37,MEDIUM RISK,Dropout,No,6,13.0,6,12.5,143.6,18,1,0,0,0
1428,48.34,MEDIUM RISK,Enrolled,No,2,13.5,5,13.4,133.2,19,1,0,0,0
2388,48.25,MEDIUM RISK,Graduate,No,0,0.0,0,0.0,137.5,19,0,1,0,1
2659,48.1,MEDIUM RISK,Dropout,No,0,0.0,0,0.0,136.0,22,1,0,0,1
1969,48.01,MEDIUM RISK,Enrolled,No,3,10.666666666666666,4,13.25,128.2,18,1,1,0,0
2830,47.15,MEDIUM RISK,Dropout,No,0,0.0,0,0.0,126.9,20,1,0,0,0
2181,47.04,MEDIUM RISK,Dropout,No,0,0.0,0,0.0,127.3,19,1,0,0,0
3621,46.97,MEDIUM RISK,Dropout,No,5,11.0,4,12.25,109.6,18,1,0,0,0
3698,46.84,MEDIUM RISK,Enrolled,No,2,10.5,5,10.8,125.0,19,1,0,0,1
1143,46.79,MEDIUM RISK,Dropout,No,4,13.75,4,15.0,130.8,20,1,0,0,0
1221,46.74,MEDIUM RISK,Dropout,No,0,0.0,0,0.0,134.3,19,1,1,0,0
3413,46.7,MEDIUM RISK,Enrolled,No,0,0.0,1,11.0,133.4,18,1,0,0,0
3012,46.31,MEDIUM RISK,Dropout,No,3,14.0,5,12.285714285714286,128.5,18,1,0,0,0
2699,46.24,MEDIUM RISK,Dropout,No,8,12.75,5,12.6,123.9,20,1,0,0,1
528,46.07,MEDIUM RISK,Graduate,No,0,0.0,0,0.0,114.5,24,1,0,0,1
3340,46.05,MEDIUM RISK,Enrolled,No,4,10.428571428571429,4,11.25,133.4,24,1,0,0,1
2471,45.99,MEDIUM RISK,Enrolled,No,2,11.0,5,11.6,150.0,19,1,0,0,1
2100,45.68,MEDIUM RISK,Dropout,No,5,11.666666666666666,6,12.166666666666666,113.2,19,1,1,0,0
192,45.65,MEDIUM RISK,Enrolled,No,1,10.0,2,10.0,122.8,23,1,0,0,0
3830,45.29,MEDIUM RISK,Dropout,No,4,15.5,6,15.5,131.6,18,1,0,1,1
2615,45.07,MEDIUM RISK,Dropout,No,3,13.0,5,12.4,123.6,18,1,0,0,1
2689,44.97,MEDIUM RISK,Enrolled,No,0,0.0,0,0.0,166.0,20,1,1,0,1
3706,44.94,MEDIUM RISK,Dropout,No,4,13.25,5,13.4,118.4,30,1,0,0,1
4186,44.92,MEDIUM RISK,Enrolled,No,0,0.0,0,0.0,118.4,20,1,0,0,0
1850,44.59,MEDIUM RISK,Enrolled,No,4,11.0,3,12.5,122.1,19,1,0,0,1
109,44.29,MEDIUM RISK,Dropout,No,5,12.3,6,13.266666666666666,108.2,20,1,0,0,0
4205,44.14,MEDIUM RISK,Dropout,No,4,11.5,5,11.8,120.2,20,1,0,0,0
178,44.05,MEDIUM RISK,Dropout,No,4,11.95,4,11.95,113.3,20,1,0,0,0
3225,43.96,MEDIUM RISK,Dropout,No,4,12.25,1,13.0,118.2,31,1,0,0,0
3080,43.86,MEDIUM RISK,Dropout,No,2,13.5,5,12.5,160.0,23,1,0,0,1
4171,43.66,MEDIUM RISK,Enrolled,No,3,11.333333333333334,4,12.75,110.0,20,1,0,0,0
1367,43.48,MEDIUM RISK,Dropout,No,6,13.875,9,13.454545454545457,133.6,20,1,0,0,1
740,43.45,MEDIUM RISK,Dropout,No,5,13.0,6,13.833333333333334,117.1,20,1,0,0,1
4108,43.41,MEDIUM RISK,Dropout,No,6,13.78,6,13.78,127.8,19,1,0,0,0
1152,43.36,MEDIUM RISK,Dropout,No,0,0.0,0,0.0,150.3,19,1,0,0,0
2396,43.35,MEDIUM RISK,Enrolled,No,3,12.333333333333334,3,11.333333333333334,124.2,22,1,0,0,1
778,43.15,MEDIUM RISK,Dropout,No,9,12.7,8,13.875,131.6,21,1,0,0,0
1770,43.03,MEDIUM RISK,Enrolled,No,3,10.333333333333334,3,12.0,115.2,32,1,1,0,1
2849,42.94,MEDIUM RISK,Dropout,No,10,11.1,13,12.461538461538462,100.0,54,1,0,0,0
2347,42.94,MEDIUM RISK,Enrolled,No,4,13.25,4,12.5,120.5,19,1,0,0,1
488,42.92,MEDIUM RISK,Dropout,No,4,11.75,5,11.4,140.4,31,1,0,0,0
3967,42.91,MEDIUM RISK,Dropout,No,4,12.0,3,10.666666666666666,140.0,21,1,0,0,0
418,42.84,MEDIUM RISK,Dropout,No,3,11.0,5,11.6,97.0,23,1,0,0,0
1576,42.78,MEDIUM RISK,Graduate,No,0,0.0,0,0.0,119.8,22,1,0,0,0
1778,42.68,MEDIUM RISK,Dropout,No,5,12.0,5,10.8,150.0,35,1,1,0,1
428,42.27,MEDIUM RISK,Enrolled,No,2,10.666666666666666,3,11.333333333333334,112.2,20,1,0,0,0
3545,42.26,MEDIUM RISK,Enrolled,No,3,11.333333333333334,2,10.5,121.5,38,1,0,0,1
156,42.17,MEDIUM RISK,Dropout,No,4,11.5,6,12.0,138.1,19,1,0,0,0
4283,42.03,MEDIUM RISK,Dropout,No,3,10.571428571428571,4,10.75,124.3,20,1,0,0,1
1106,41.97,MEDIUM RISK,Dropout,No,0,0.0,0,0.0,127.8,19,1,0,0,0
4329,41.95,MEDIUM RISK,Dropout,No,5,13.5,6,13.666666666666666,124.2,31,1,0,0,0
2619,41.93,MEDIUM RISK,Dropout,No,5,12.4,6,12.333333333333334,142.0,19,1,0,1,0
1584,41.85,MEDIUM RISK,Dropout,No,5,11.2,5,12.0,125.0,21,1,0,1,0
2601,41.82,MEDIUM RISK,Dropout,No,5,12.8,6,13.5,125.1,19,1,0,1,0
4255,41.65,MEDIUM RISK,Dropout,No,4,11.25,3,11.333333333333334,116.5,23,1,0,0,0
1298,41.61,MEDIUM RISK,Dropout,No,5,12.38,4,12.6,132.8,35,1,0,0,1
1742,41.34,MEDIUM RISK,Enrolled,No,2,12.0,5,12.2,116.1,19,1,0,0,1
2936,41.04,MEDIUM RISK,Dropout,No,4,12.25,1,16.0,130.0,23,1,1,0,0
1959,41.03,MEDIUM RISK,Dropout,No,6,11.714285714285714,5,10.6,107.0,19,1,0,0,0
487,40.97,MEDIUM RISK,Dropout,No,4,10.571428571428571,6,11.5,106.6,20,1,0,0,0
3610,40.93,MEDIUM RISK,Enrolled,No,0,0.0,0,0.0,117.0,19,1,1,0,1
2242,40.71,MEDIUM RISK,Enrolled,No,3,11.333333333333334,4,10.75,127.8,37,1,0,0,1
2571,40.66,MEDIUM RISK,Graduate,No,8,14.4025,8,14.4025,130.8,18,1,1,0,0
2761,40.56,MEDIUM RISK,Dropout,No,7,13.30625,6,13.046666666666669,127.0,26,1,0,0,1
3192,40.4,MEDIUM RISK,Dropout,No,4,13.0,4,12.6,114.3,18,1,0,0,1
2185,40.38,MEDIUM RISK,Enrolled,No,2,10.5,1,11.5,136.2,19,1,0,0,0
3738,40.33,MEDIUM RISK,Enrolled,No,2,11.5,5,11.333333333333334,125.0,21,1,0,0,1
63,40.29,MEDIUM RISK,Enrolled,No,0,0.0,0,0.0,126.0,19,1,0,1,1
3553,40.19,MEDIUM RISK,Dropout,No,3,11.666666666666666,3,13.0,113.4,22,1,0,0,1
3716,40.14,MEDIUM RISK,Enrolled,No,2,12.5,2,14.333333333333334,124.8,20,1,0,0,1
1783,40.02,MEDIUM RISK,Dropout,No,7,15.57,7,15.57,143.8,27,1,0,0,1
2106,39.84,LOW RISK,Enrolled,No,2,13.4,5,12.16,121.1,18,1,0,1,0
1804,39.78,LOW RISK,Dropout,No,4,11.142857142857142,6,11.833333333333334,127.6,22,1,0,0,1
1198,39.73,LOW RISK,Dropout,No,3,10.333333333333334,4,12.25,113.9,21,1,0,0,0
1683,39.56,LOW RISK,Dropout,No,5,11.6,4,12.0,117.7,20,1,1,0,1
2845,39.46,LOW RISK,Enrolled,No,3,11.0,2,10.5,119.9,50,1,0,0,0
351,39.35,LOW RISK,Dropout,No,4,11.5,4,12.6,116.3,24,1,0,0,0
3023,39.29,LOW RISK,Dropout,No,4,12.25,4,13.0,122.3,19,1,0,0,0
1073,39.2,LOW RISK,Enrolled,No,5,12.5,4,12.5,142.2,19,1,0,0,0
4382,39.13,LOW RISK,Enrolled,No,0,0.0,0,0.0,121.4,20,1,0,0,0
2646,39.1,LOW RISK,Dropout,No,0,0.0,0,0.0,118.0,22,1,0,0,1
4353,38.93,LOW RISK,Dropout,No,6,12.333333333333334,6,11.666666666666666,137.6,18,1,0,0,0
3938,38.88,LOW RISK,Enrolled,No,2,13.5,4,10.0,125.9,22,1,0,0,0
4380,38.61,LOW RISK,Dropout,No,5,13.666666666666666,5,11.4,133.9,30,1,0,0,0
877,38.5,LOW RISK,Dropout,No,5,11.0,4,11.5,115.2,21,1,0,1,1
509,38.45,LOW RISK,Dropout,No,5,14.0,4,13.0,146.2,18,1,0,0,0
1249,38.41,LOW RISK,Enrolled,No,1,11.0,1,12.0,140.0,21,1,1,0,0
3746,38.35,LOW RISK,Graduate,No,0,0.0,0,0.0,149.9,19,0,0,0,0
3447,38.26,LOW RISK,Dropout,No,6,14.666666666666666,6,15.714285714285714,153.5,19,1,0,0,0
1820,38.2,LOW RISK,Dropout,No,8,14.75,7,13.884285714285712,126.4,18,1,0,0,0
3091,38.14,LOW RISK,Graduate,No,6,10.714285714285714,4,10.25,115.0,19,1,0,0,0
295,38.03,LOW RISK,Dropout,No,2,11.333333333333334,5,12.0,135.6,19,1,0,1,0
3184,37.93,LOW RISK,Enrolled,No,4,11.0,4,10.5,137.0,28,1,0,0,1
548,37.64,LOW RISK,Enrolled,No,2,14.5,6,12.625,138.0,22,1,1,0,1
642,37.02,LOW RISK,Enrolled,No,2,11.0,3,11.666666666666666,116.5,18,1,0,0,0
3770,36.92,LOW RISK,Dropout,No,5,13.2,6,13.166666666666666,127.2,18,1,0,1,0
527,36.69,LOW RISK,Enrolled,No,3,10.5,1,12.0,100.9,24,1,0,0,1
964,36.69,LOW RISK,Enrolled,No,2,12.5,2,11.666666666666666,141.0,18,1,0,0,1
4394,36.66,LOW RISK,Graduate,No,3,10.666666666666666,3,12.333333333333334,146.2,27,1,0,0,0
3626,36.47,LOW RISK,Enrolled,No,1,13.0,1,10.0,121.0,20,1,0,0,0
3512,36.47,LOW RISK,Enrolled,No,2,15.0,5,12.4,140.0,20,1,0,0,1
4173,36.43,LOW RISK,Enrolled,No,1,14.0,1,14.0,123.7,18,1,0,0,0
1089,36.2,LOW RISK,Enrolled,No,6,13.333333333333334,5,11.4,108.8,18,1,0,0,0
2407,36.08,LOW RISK,Graduate,No,0,0.0,0,0.0,106.0,36,1,0,0,1
2491,36.07,LOW RISK,Enrolled,No,4,10.25,3,13.666666666666666,127.9,20,1,0,0,1
1785,35.91,LOW RISK,Dropout,No,8,15.91111111111111,7,14.114285714285714,138.0,28,1,0,0,1
26,35.8,LOW RISK,Enrolled,No,4,11.0,5,11.6,157.0,18,1,1,1,0
3690,35.79,LOW RISK,Enrolled,No,3,14.0,1,13.0,130.0,33,1,0,0,1
2858,35.61,LOW RISK,Dropout,No,0,0.0,0,0.0,149.7,18,1,0,1,0
557,35.47,LOW RISK,Enrolled,No,3,12.0,3,11.0,117.8,20,1,0,0,1
180,35.43,LOW RISK,Dropout,No,6,14.583333333333334,6,14.35,140.0,33,1,0,0,0
3741,35.27,LOW RISK,Dropout,No,5,13.666666666666666,5,12.857142857142858,116.2,24,1,0,0,1
2406,35.15,LOW RISK,Graduate,No,6,14.166666666666666,6,14.0,140.0,35,0,0,0,1
2726,35.11,LOW RISK,Enrolled,No,2,10.5,1,11.0,123.0,21,1,0,0,0
448,34.86,LOW RISK,Dropout,No,8,14.0625,7,12.92875,129.9,18,1,0,0,0
1314,34.86,LOW RISK,Dropout,No,8,13.411111111111111,7,12.65,129.0,18,1,0,0,0
3486,34.76,LOW RISK,Dropout,No,5,11.4,3,11.333333333333334,162.3,36,1,0,0,1
3968,34.73,LOW RISK,Enrolled,No,0,0.0,0,0.0,108.3,20,1,0,1,0
2458,34.68,LOW RISK,Enrolled,No,1,13.0,3,10.0,146.4,27,1,0,0,1
3779,34.6,LOW RISK,Enrolled,No,2,13.5,4,13.4,160.0,23,1,0,0,0
827,34.5,LOW RISK,Dropout,No,6,13.166666666666666,7,11.571428571428571,121.4,18,1,0,0,0
861,34.47,LOW RISK,Dropout,No,3,13.25,5,12.6,122.7,18,1,0,0,1
342,34.41,LOW RISK,Dropout,No,0,0.0,0,0.0,178.3,18,1,0,0,0
1286,34.33,LOW RISK,Dropout,No,6,12.5,6,13.666666666666666,121.1,19,1,0,0,1
1533,34.31,LOW RISK,Graduate,No,4,11.75,6,12.166666666666666,100.0,59,1,0,0,0
4309,34.24,LOW RISK,Dropout,No,0,0.0,0,0.0,114.2,19,1,0,0,1
402,34.11,LOW RISK,Enrolled,No,3,10.333333333333334,3,10.333333333333334,121.7,20,1,0,0,0
2826,34.04,LOW RISK,Dropout,No,4,13.75,6,11.333333333333334,113.5,19,1,0,0,0
2489,33.99,LOW RISK,Enrolled,No,2,12.5,3,12.666666666666666,123.2,20,1,0,0,1
148,33.96,LOW RISK,Dropout,No,3,11.666666666666666,5,11.2,117.2,20,1,0,0,0
925,33.95,LOW RISK,Enrolled,No,3,11.333333333333334,2,10.0,110.0,37,1,0,0,0
2717,33.85,LOW RISK,Enrolled,No,0,0.0,0,0.0,112.8,26,1,0,1,0
2861,33.8,LOW RISK,Graduate,No,4,13.75,4,11.25,110.0,34,1,1,0,0
2088,33.8,LOW RISK,Dropout,No,5,15.166666666666666,6,15.0,150.9,18,1,0,0,0
1369,33.75,LOW RISK,Dropout,No,4,11.0,3,10.0,120.0,21,1,0,0,1
75,33.69,LOW RISK,Graduate,No,3,12.333333333333334,6,12.333333333333334,132.9,18,1,0,0,1
1582,33.65,LOW RISK,Enrolled,No,4,11.0,1,11.0,122.5,18,1,0,0,0
1671,33.61,LOW RISK,Enrolled,No,4,11.0,4,12.5,127.7,25,1,0,0,0
976,33.57,LOW RISK,Enrolled,No,3,10.333333333333334,3,12.0,116.9,18,0,1,0,1
1090,33.38,LOW RISK,Enrolled,No,0,0.0,0,0.0,133.0,18,1,0,0,0
123,33.09,LOW RISK,Dropout,No,0,0.0,0,0.0,122.3,19,1,0,0,0
3842,33.0,LOW RISK,Enrolled,No,3,11.333333333333334,4,11.75,118.7,20,1,0,0,1
403,32.89,LOW RISK,Enrolled,No,3,11.0,4,12.25,114.8,19,1,0,0,0
2232,32.76,LOW RISK,Dropout,No,0,0.0,0,0.0,119.1,18,1,0,0,1
1448,32.74,LOW RISK,Dropout,No,3,12.333333333333334,4,12.25,125.4,18,1,0,1,1
4149,32.7,LOW RISK,Enrolled,No,2,11.0,2,10.0,120.2,20,1,0,0,0
3608,32.65,LOW RISK,Enrolled,No,0,0.0,0,0.0,121.6,22,1,0,0,1
2841,32.64,LOW RISK,Enrolled,No,2,11.333333333333334,3,11.666666666666666,110.0,25,1,0,1,0
345,32.62,LOW RISK,Enrolled,No,2,12.0,4,13.0,130.0,26,1,0,0,0
388,32.61,LOW RISK,Graduate,No,10,12.0,11,11.272727272727272,146.2,28,1,0,0,0
3607,32.57,LOW RISK,Dropout,No,5,11.0,5,11.8,106.0,21,1,0,0,1
73,32.41,LOW RISK,Dropout,No,0,0.0,0,0.0,135.8,19,1,0,0,1
55,32.34,LOW RISK,Dropout,No,5,11.0,5,10.6,120.0,27,1,0,0,0
2208,32.18,LOW RISK,Enrolled,No,3,13.333333333333334,0,0.0,130.8,22,1,0,0,1
3491,32.17,LOW RISK,Dropout,No,0,0.0,0,0.0,142.8,21,1,0,0,1
1689,32.13,LOW RISK,Enrolled,No,0,0.0,0,0.0,121.2,20,1,0,0,1
1338,32.13,LOW RISK,Enrolled,No,4,12.0,5,12.8,142.8,19,0,1,1,0
4017,31.84,LOW RISK,Dropout,No,4,11.25,3,12.0,124.9,19,1,0,0,0
2160,31.83,LOW RISK,Dropout,No,3,10.333333333333334,2,11.0,128.5,18,1,0,1,0
3467,31.74,LOW RISK,Enrolled,No,2,11.5,4,12.0,128.6,20,1,0,0,0
511,31.71,LOW RISK,Enrolled,No,0,0.0,4,10.75,120.7,18,1,0,0,0
1121,31.7,LOW RISK,Enrolled,No,5,16.4,4,15.75,140.0,24,1,0,0,0
4236,31.62,LOW RISK,Enrolled,No,3,11.0,4,11.25,100.0,22,1,0,0,1
2608,31.61,LOW RISK,Dropout,No,6,13.142857142857142,5,13.0,124.2,18,1,0,0,0
3780,31.6,LOW RISK,Enrolled,No,3,11.666666666666666,3,13.0,100.0,25,1,0,0,0
2724,31.49,LOW RISK,Dropout,No,2,12.0,2,10.0,120.1,18,1,0,1,0
1599,31.48,LOW RISK,Dropout,No,5,11.8,4,12.0,140.9,18,1,0,0,1
2102,31.46,LOW RISK,Graduate,No,4,12.0,4,10.8,123.0,20,1,1,0,0
102,31.43,LOW RISK,Graduate,No,0,0.0,0,0.0,110.0,20,1,0,0,0
536,31.39,LOW RISK,Graduate,No,5,11.285714285714286,4,11.5,100.0,24,1,0,0,1
2594,30.85,LOW RISK,Dropout,No,8,11.675,6,12.166666666666666,122.8,26,1,0,0,0
547,30.79,LOW RISK,Enrolled,No,2,13.5,5,14.2,146.8,25,1,0,0,1
1175,30.77,LOW RISK,Graduate,No,4,12.6,4,13.0,130.2,22,1,0,0,1
1138,30.76,LOW RISK,Dropout,No,3,11.666666666666666,6,12.166666666666666,131.7,21,1,0,1,0
1945,30.7,LOW RISK,Dropout,No,6,13.142857142857142,6,13.857142857142858,127.6,19,1,0,1,0
1823,30.54,LOW RISK,Enrolled,No,0,0.0,1,11.0,138.6,19,1,0,0,0
1844,30.49,LOW RISK,Enrolled,No,5,11.4,5,13.2,121.0,20,1,1,0,1
2198,30.4,LOW RISK,Enrolled,No,4,10.333333333333334,3,11.666666666666666,112.5,19,1,0,0,1
3934,30.39,LOW RISK,Enrolled,No,2,10.0,1,10.0,115.2,19,1,1,0,0
3684,30.3,LOW RISK,Graduate,No,0,0.0,0,0.0,117.7,20,1,1,1,1
1053,30.27,LOW RISK,Dropout,No,8,15.2,7,14.85,130.0,18,1,0,0,0
931,30.27,LOW RISK,Enrolled,No,2,12.5,1,11.0,122.2,18,1,0,0,0
1531,30.27,LOW RISK,Enrolled,No,3,13.0,2,13.0,100.7,39,1,0,0,0
551,30.05,LOW RISK,Dropout,No,3,12.0,3,12.0,122.5,19,1,0,0,1
473,29.92,LOW RISK,Dropout,No,5,12.833333333333334,6,11.875,128.4,23,1,0,0,0
2251,29.89,LOW RISK,Dropout,No,2,14.0,6,12.333333333333334,138.6,22,1,0,0,1
923,29.86,LOW RISK,Dropout,No,4,12.25,4,11.75,131.7,18,1,0,0,0
3902,29.86,LOW RISK,Enrolled,No,3,11.0,4,11.5,123.5,20,1,0,1,0
1786,29.78,LOW RISK,Enrolled,No,4,11.5,3,11.0,110.0,25,1,0,0,1
1371,29.72,LOW RISK,Graduate,No,6,14.0,6,12.0,95.5,29,1,0,0,1
836,29.64,LOW RISK,Enrolled,No,2,11.0,4,12.0,121.8,18,1,0,0,1
4336,29.62,LOW RISK,Enrolled,No,2,12.5,3,10.666666666666666,118.8,21,1,0,0,0
2434,29.6,LOW RISK,Enrolled,No,3,13.0,4,12.0,126.6,18,1,0,0,1
1681,29.55,LOW RISK,Enrolled,No,2,14.0,3,10.666666666666666,124.5,19,1,0,0,1
4082,29.52,LOW RISK,Enrolled,No,4,11.0,2,11.5,130.7,21,1,1,0,0
2446,29.43,LOW RISK,Enrolled,No,4,12.6,6,11.333333333333334,100.0,34,1,0,0,1
1754,29.38,LOW RISK,Enrolled,No,2,10.5,0,0.0,150.0,20,1,0,0,1
2481,29.35,LOW RISK,Enrolled,No,0,0.0,0,0.0,120.0,22,1,0,0,1
4203,29.31,LOW RISK,Enrolled,No,0,0.0,0,0.0,143.9,20,1,0,0,0
4290,29.3,LOW RISK,Graduate,No,6,11.166666666666666,5,11.6,128.8,18,1,0,0,1
33,29.16,LOW RISK,Enrolled,No,2,13.5,3,11.333333333333334,138.8,18,0,0,0,1
1973,28.7,LOW RISK,Dropout,No,5,13.125,5,11.2,129.4,19,1,0,1,0
2930,28.5,LOW RISK,Enrolled,No,1,13.67,1,13.67,127.0,19,1,0,0,0
2055,28.45,LOW RISK,Graduate,No,8,14.0625,7,12.214285714285714,130.5,18,1,0,1,0
2202,28.38,LOW RISK,Graduate,No,2,12.6,7,11.294444444444444,140.0,24,1,0,0,1
734,28.32,LOW RISK,Graduate,No,4,12.75,3,11.666666666666666,140.0,34,1,0,0,1
2069,28.18,LOW RISK,Enrolled,No,5,11.0,5,12.666666666666666,123.7,19,1,0,0,0
4267,28.17,LOW RISK,Enrolled,No,0,0.0,0,0.0,140.0,21,1,0,0,1
4365,28.11,LOW RISK,Enrolled,No,4,10.75,4,11.5,123.6,18,1,0,0,0
1167,27.98,LOW RISK,Dropout,No,7,11.142857142857142,7,11.75,103.4,30,1,0,0,0
1451,27.93,LOW RISK,Dropout,No,5,12.166666666666666,6,12.0,127.8,18,1,0,0,1
1330,27.88,LOW RISK,Enrolled,No,3,13.75,4,11.5,113.4,18,1,0,0,0
873,27.87,LOW RISK,Graduate,No,10,11.583333333333334,13,11.461538461538462,113.7,30,1,0,0,1
3344,27.49,LOW RISK,Enrolled,No,2,10.0,1,13.0,153.7,19,1,0,0,1
1475,27.39,LOW RISK,Enrolled,No,2,12.5,4,12.0,123.7,20,1,0,0,1
1003,27.36,LOW RISK,Graduate,No,0,0.0,0,0.0,175.6,18,1,0,0,0
3877,27.33,LOW RISK,Dropout,No,7,13.771428571428572,7,13.44285714285714,131.4,19,1,0,0,0
4407,27.3,LOW RISK,Enrolled,No,2,11.333333333333334,4,12.0,127.5,20,1,0,0,1
2301,27.19,LOW RISK,Enrolled,No,1,14.0,3,14.0,140.0,23,1,0,0,1
167,27.18,LOW RISK,Enrolled,No,0,0.0,0,0.0,170.0,47,1,1,0,0
3691,27.17,LOW RISK,Graduate,No,4,10.75,5,11.6,122.0,19,1,0,0,1
2584,27.13,LOW RISK,Enrolled,No,4,11.25,4,12.0,138.5,26,1,0,0,0
1547,27.11,LOW RISK,Enrolled,No,5,11.8,5,12.6,122.2,18,0,0,0,0
2173,27.07,LOW RISK,Graduate,No,3,11.0,6,15.0,140.0,33,1,0,0,0
1319,27.06,LOW RISK,Dropout,No,3,11.0,4,12.0,130.0,19,1,0,1,0
392,27.01,LOW RISK,Enrolled,No,5,12.14,5,11.2,140.0,26,1,0,0,0
2413,26.98,LOW RISK,Enrolled,No,4,12.5,3,10.666666666666666,120.0,43,1,0,0,0
146,26.87,LOW RISK,Graduate,No,5,10.8,5,12.0,119.1,19,1,0,1,0
1065,26.84,LOW RISK,Enrolled,No,4,11.75,5,13.6,146.6,18,1,1,0,0
3710,26.81,LOW RISK,Dropout,No,4,11.25,3,12.333333333333334,124.0,21,1,0,0,1
2435,26.76,LOW RISK,Enrolled,No,3,11.666666666666666,0,0.0,120.0,21,1,0,0,1
1601,26.58,LOW RISK,Graduate,No,0,0.0,0,0.0,149.9,18,1,0,0,1
4214,26.58,LOW RISK,Graduate,No,5,11.4,5,13.4,130.0,20,0,0,1,0
1810,26.56,LOW RISK,Graduate,No,5,13.0,6,12.333333333333334,120.6,27,1,0,0,1
4148,26.48,LOW RISK,Enrolled,No,2,10.0,4,12.75,154.6,44,0,0,1,0
503,26.45,LOW RISK,Enrolled,No,4,10.833333333333334,5,12.2,132.0,18,0,0,0,0
3756,26.39,LOW RISK,Dropout,No,8,15.622222222222222,7,13.6875,126.7,18,1,0,0,0
2373,26.36,LOW RISK,Enrolled,No,0,0.0,0,0.0,117.0,22,1,0,0,1
1684,26.35,LOW RISK,Dropout,No,4,12.75,3,11.0,124.7,21,1,0,0,1
2444,26.3,LOW RISK,Graduate,No,12,17.692307692307693,6,18.875,150.0,32,1,0,0,1
3694,26.27,LOW RISK,Dropout,No,2,12.5,5,12.6,123.3,19,1,0,1,1
1207,26.17,LOW RISK,Graduate,No,12,12.333333333333334,12,12.333333333333334,121.5,22,1,1,0,0
6,26.15,LOW RISK,Graduate,No,5,11.5,5,11.857142857142858,114.8,50,1,1,0,1
3524,25.97,LOW RISK,Enrolled,No,3,10.333333333333334,2,10.0,113.2,21,1,0,0,1
1103,25.93,LOW RISK,Enrolled,No,4,10.25,3,12.0,120.0,18,1,0,0,0
2734,25.83,LOW RISK,Enrolled,No,3,13.333333333333334,2,10.333333333333334,110.7,18,1,0,0,0
2760,25.8,LOW RISK,Enrolled,No,4,12.0,4,10.8,130.0,20,1,0,0,1
1828,25.6,LOW RISK,Enrolled,No,2,10.5,3,11.333333333333334,118.4,21,1,0,0,0
2235,25.48,LOW RISK,Enrolled,No,4,12.0,3,10.666666666666666,121.2,18,1,0,1,1
2820,25.44,LOW RISK,Enrolled,No,3,11.0,0,0.0,117.6,18,1,0,0,0
4232,25.23,LOW RISK,Enrolled,No,4,12.0,4,11.25,130.0,25,1,1,0,0
1528,25.23,LOW RISK,Graduate,No,3,12.4,3,10.0,98.7,28,1,0,1,1
2794,25.09,LOW RISK,Graduate,No,0,0.0,0,0.0,155.1,18,0,1,1,1
1206,25.08,LOW RISK,Graduate,No,4,13.625,3,12.0,130.0,27,1,0,0,0
4366,25.04,LOW RISK,Graduate,No,0,0.0,0,0.0,120.2,19,1,0,0,1
3557,24.93,LOW RISK,Enrolled,No,4,11.8,6,11.166666666666666,119.3,25,1,0,0,1
949,24.91,LOW RISK,Graduate,No,4,11.5,10,11.4,128.2,32,1,0,0,1
168,24.84,LOW RISK,Graduate,No,4,11.0,5,11.666666666666666,121.5,19,1,0,0,0
210,24.82,LOW RISK,Dropout,No,5,12.8,6,13.714285714285714,124.5,36,1,0,1,0
2125,24.78,LOW RISK,Graduate,No,0,0.0,0,0.0,157.9,18,1,0,0,0
800,24.71,LOW RISK,Enrolled,No,4,12.75,6,12.166666666666666,137.2,18,1,0,0,0
1631,24.61,LOW RISK,Graduate,No,4,11.75,4,12.25,120.0,53,1,0,0,1
3611,24.59,LOW RISK,Enrolled,No,3,11.6,2,12.5,130.0,19,1,0,0,1
1986,24.5,LOW RISK,Graduate,No,4,11.75,4,11.6,108.0,20,1,0,1,0
3203,24.5,LOW RISK,Enrolled,No,3,12.0,6,12.166666666666666,122.8,20,1,0,0,1
3825,24.49,LOW RISK,Enrolled,No,1,15.0,0,0.0,129.8,18,1,0,0,1
886,24.42,LOW RISK,Graduate,No,9,12.333333333333334,10,12.2,122.0,34,1,0,0,0
1289,24.33,LOW RISK,Graduate,No,4,11.5,5,12.6,126.7,20,1,0,0,1
2671,24.31,LOW RISK,Enrolled,No,5,11.285714285714286,4,12.5,123.3,18,1,1,0,1
3789,24.3,LOW RISK,Enrolled,No,6,11.333333333333334,5,11.5,130.0,19,1,0,0,1
2900,24.24,LOW RISK,Graduate,No,0,0.0,0,0.0,148.9,20,1,0,0,0
3074,24.23,LOW RISK,Enrolled,No,3,13.666666666666666,4,12.0,149.0,33,1,0,0,1
3618,24.21,LOW RISK,Dropout,No,5,11.8,5,13.6,131.3,18,1,1,0,0
2027,24.07,LOW RISK,Graduate,No,0,0.0,0,0.0,117.0,21,1,0,0,1
513,24.02,LOW RISK,Graduate,No,4,11.75,4,12.5,100.0,28,1,0,0,0
60,24.0,LOW RISK,Enrolled,No,0,0.0,0,0.0,115.2,18,1,0,0,0
2602,23.87,LOW RISK,Enrolled,No,3,11.333333333333334,4,12.25,112.9,22,1,0,0,0
4193,23.85,LOW RISK,Enrolled,No,5,11.6,4,12.25,132.5,22,1,0,0,0
64,23.81,LOW RISK,Enrolled,No,1,10.0,5,11.4,130.2,19,1,0,0,1
1153,23.81,LOW RISK,Enrolled,No,3,14.428571428571429,3,10.333333333333334,107.8,19,1,0,0,0
2968,23.78,LOW RISK,Enrolled,No,0,0.0,0,0.0,133.0,18,1,0,0,0
458,23.75,LOW RISK,Dropout,No,5,12.0,5,13.6,122.3,22,1,0,0,0
2289,23.72,LOW RISK,Enrolled,No,2,11.5,4,11.8,117.5,19,1,0,0,1
2828,23.7,LOW RISK,Graduate,No,2,10.0,4,12.333333333333334,130.2,39,1,0,1,0
4296,23.61,LOW RISK,Enrolled,No,6,11.0,8,11.625,120.0,28,1,0,0,1
2587,23.61,LOW RISK,Enrolled,No,3,12.666666666666666,3,12.0,108.7,21,1,0,0,0
3367,23.54,LOW RISK,Enrolled,No,3,12.0,2,11.5,113.6,26,1,0,0,1
1960,23.45,LOW RISK,Enrolled,No,6,13.0,8,13.125,130.0,24,0,1,0,0
4371,23.45,LOW RISK,Graduate,No,0,0.0,0,0.0,133.9,19,1,0,0,1
3452,23.43,LOW RISK,Enrolled,No,5,13.5,4,13.375,121.4,28,1,1,0,0
970,23.42,LOW RISK,Enrolled,No,2,10.5,3,10.666666666666666,120.0,24,1,0,0,1
2556,23.39,LOW RISK,Enrolled,No,2,10.5,4,10.5,150.8,18,1,0,0,1
531,23.34,LOW RISK,Enrolled,No,3,11.666666666666666,3,11.666666666666666,116.9,19,1,0,1,1
2303,23.28,LOW RISK,Enrolled,No,2,11.0,5,10.666666666666666,118.8,22,1,1,1,1
1764,23.27,LOW RISK,Graduate,No,4,11.25,3,10.5,140.0,19,1,1,0,1
842,23.24,LOW RISK,Enrolled,No,4,14.0,4,11.5,115.7,22,0,0,0,1
3329,23.19,LOW RISK,Enrolled,No,2,11.0,1,17.0,116.0,34,1,1,1,1
3161,23.18,LOW RISK,Graduate,No,0,0.0,0,0.0,117.3,21,1,0,1,1
177,23.15,LOW RISK,Graduate,No,5,12.0,5,13.2,102.5,27,1,0,0,0
2209,23.14,LOW RISK,Enrolled,No,3,10.571428571428571,3,12.333333333333334,109.0,22,1,0,1,1
2536,23.05,LOW RISK,Enrolled,No,4,10.75,5,11.4,130.2,19,1,0,0,0
1327,22.93,LOW RISK,Enrolled,No,2,12.666666666666666,4,12.5,98.9,21,1,0,0,0
2137,22.91,LOW RISK,Graduate,No,6,12.166666666666666,4,11.5,126.1,18,0,0,0,0
67,22.85,LOW RISK,Graduate,No,0,0.0,0,0.0,128.2,19,1,0,1,1
3900,22.78,LOW RISK,Enrolled,No,5,11.25,5,12.6,120.0,33,1,0,0,0
3195,22.73,LOW RISK,Enrolled,No,9,12.555555555555555,7,10.714285714285714,128.2,24,1,1,0,1
2218,22.67,LOW RISK,Dropout,No,3,11.0,5,11.6,127.6,19,1,0,0,1
3003,22.59,LOW RISK,Dropout,No,5,12.2,6,14.0,129.0,19,1,0,1,0
3941,22.59,LOW RISK,Enrolled,No,4,13.375,3,11.0,124.6,36,1,0,0,0
1320,22.37,LOW RISK,Graduate,No,5,11.2,5,12.6,121.9,19,1,0,0,0
1351,22.3,LOW RISK,Graduate,No,0,0.0,0,0.0,133.3,19,1,0,0,0
1741,22.21,LOW RISK,Dropout,No,3,12.666666666666666,5,13.6,137.8,18,1,0,0,1
909,22.2,LOW RISK,Enrolled,No,3,10.0,4,11.25,130.0,20,1,0,0,0
1492,22.07,LOW RISK,Graduate,No,6,11.0,6,11.5,116.0,20,1,0,0,1
1534,22.05,LOW RISK,Enrolled,No,3,16.2,4,14.5,180.0,30,1,1,0,1
153,22.01,LOW RISK,Enrolled,No,5,10.833333333333334,3,12.333333333333334,124.7,18,1,0,0,0
819,21.98,LOW RISK,Enrolled,No,7,13.164285714285716,7,13.462857142857144,125.4,20,0,0,1,0
870,21.9,LOW RISK,Graduate,No,0,0.0,0,0.0,143.1,18,1,0,0,1
657,21.85,LOW RISK,Enrolled,No,2,10.0,5,10.6,121.0,18,1,1,0,0
2590,21.84,LOW RISK,Enrolled,No,5,12.2,5,12.2,127.4,18,1,0,0,0
347,21.79,LOW RISK,Enrolled,No,9,12.307692307692308,13,10.692307692307692,110.0,36,1,0,0,0
3725,21.77,LOW RISK,Dropout,No,5,12.2,4,12.25,116.1,18,1,0,1,1
1575,21.66,LOW RISK,Graduate,No,5,12.4,8,12.375,120.0,46,1,0,0,0
456,21.65,LOW RISK,Graduate,No,2,11.0,6,11.166666666666666,114.8,44,1,0,0,0
3682,21.63,LOW RISK,Enrolled,No,5,10.2,5,12.0,119.8,26,1,0,0,1
110,21.55,LOW RISK,Enrolled,No,3,13.0,6,11.666666666666666,107.0,20,1,0,0,0
1774,21.45,LOW RISK,Enrolled,No,4,12.0,5,11.666666666666666,140.0,25,1,0,0,1
806,21.44,LOW RISK,Enrolled,No,3,10.0,2,11.5,113.5,20,1,1,0,0
1896,21.43,LOW RISK,Enrolled,No,3,11.0,2,10.5,132.1,19,1,0,0,0
4269,21.34,LOW RISK,Dropout,No,4,12.25,4,11.0,131.5,19,1,0,0,1
2981,21.25,LOW RISK,Graduate,No,6,12.166666666666666,6,12.5,133.5,18,0,0,0,0
3407,21.2,LOW RISK,Enrolled,No,5,11.8,5,12.2,121.1,19,1,0,0,0
2342,21.1,LOW RISK,Enrolled,No,3,14.666666666666666,4,12.5,133.1,18,1,0,0,1
1513,21.01,LOW RISK,Graduate,No,0,0.0,0,0.0,156.3,19,1,0,1,1
638,20.99,LOW RISK,Enrolled,No,4,11.4,3,10.666666666666666,123.2,27,1,0,0,0
1494,20.99,LOW RISK,Graduate,No,5,13.0,4,11.6,97.2,24,1,0,1,1
3647,20.97,LOW RISK,Enrolled,No,4,12.8,3,11.75,144.9,26,1,0,0,0
1682,20.92,LOW RISK,Enrolled,No,3,12.666666666666666,4,12.25,109.3,19,1,0,0,1
1214,20.91,LOW RISK,Graduate,No,4,11.5,3,13.0,117.8,21,1,0,0,0
328,20.79,LOW RISK,Graduate,No,5,11.0,6,11.857142857142858,130.9,18,1,1,0,0
2558,20.79,LOW RISK,Enrolled,No,0,0.0,0,0.0,163.6,18,1,0,0,0
1957,20.78,LOW RISK,Enrolled,No,2,11.5,5,11.833333333333334,122.6,18,1,0,0,0
2856,20.77,LOW RISK,Dropout,No,7,12.2375,5,13.46,127.9,18,1,0,1,0
3841,20.71,LOW RISK,Enrolled,No,3,11.666666666666666,6,11.166666666666666,122.9,19,1,0,1,1
678,20.7,LOW RISK,Enrolled,No,4,12.0,5,11.833333333333334,126.7,18,1,0,0,0
498,20.65,LOW RISK,Graduate,No,5,12.2,5,11.8,130.4,18,1,0,0,0
3468,20.64,LOW RISK,Graduate,No,8,11.375,7,11.142857142857142,135.0,29,1,0,0,0
664,20.56,LOW RISK,Graduate,No,4,13.25,3,12.0,136.5,18,1,0,0,0
2788,20.56,LOW RISK,Enrolled,No,4,11.0,3,11.333333333333334,111.3,19,1,0,0,1
2684,20.52,LOW RISK,Graduate,No,3,10.666666666666666,3,13.0,130.0,22,1,0,0,1
1390,20.48,LOW RISK,Enrolled,No,3,10.6,4,11.5,112.4,21,1,0,0,1
737,20.38,LOW RISK,Enrolled,No,6,12.333333333333334,7,11.285714285714286,116.9,32,1,0,0,1
2278,20.31,LOW RISK,Graduate,No,4,12.75,6,13.333333333333334,110.0,23,1,0,0,1
2375,20.25,LOW RISK,Enrolled,No,3,12.0,4,13.75,160.0,24,1,0,0,1
306,20.24,LOW RISK,Enrolled,No,4,11.0,4,11.0,115.5,19,1,0,0,0
647,20.24,LOW RISK,Enrolled,No,1,10.0,5,11.2,121.0,21,1,0,0,0
2214,20.23,LOW RISK,Dropout,No,3,13.0,5,11.571428571428571,132.0,19,1,0,0,1
3335,20.23,LOW RISK,Graduate,No,5,11.8,4,13.25,132.9,19,1,0,0,1
1303,20.21,LOW RISK,Graduate,No,0,0.0,0,0.0,140.0,20,1,1,0,1
3031,20.14,LOW RISK,Dropout,No,11,11.909090909090908,14,12.428571428571429,130.0,28,1,0,0,0
1897,20.13,LOW RISK,Enrolled,No,2,11.5,4,12.0,102.6,21,1,0,0,0
4355,20.1,LOW RISK,Enrolled,No,4,12.8,3,10.333333333333334,146.2,30,1,0,0,0
1194,20.08,LOW RISK,Graduate,No,12,14.583333333333334,13,13.76923076923077,130.0,39,1,0,0,0
3285,19.98,LOW RISK,Enrolled,No,4,12.0,4,11.0,132.0,25,1,1,0,1
1899,19.97,LOW RISK,Graduate,No,0,0.0,0,0.0,155.3,18,1,0,0,0
3606,19.96,LOW RISK,Graduate,No,3,12.75,5,12.8,129.8,20,1,0,0,1
1336,19.95,LOW RISK,Enrolled,No,5,10.4,5,13.0,126.0,19,1,0,0,0
1364,19.91,LOW RISK,Graduate,No,0,0.0,0,0.0,154.8,21,1,0,0,1
3092,19.88,LOW RISK,Enrolled,No,5,12.833333333333334,5,13.2,128.4,20,1,0,1,0
3170,19.8,LOW RISK,Graduate,No,4,10.868,7,11.716666666666663,120.5,18,1,0,1,1
1637,19.8,LOW RISK,Graduate,No,4,13.0,3,12.0,154.0,37,1,0,0,1
3479,19.8,LOW RISK,Enrolled,No,1,10.0,7,11.0,124.0,28,1,1,0,1
1562,19.75,LOW RISK,Enrolled,No,4,14.25,5,13.6,130.0,21,1,0,0,0
3936,19.75,LOW RISK,Enrolled,No,4,12.5,4,11.0,125.1,19,1,0,0,0
745,19.72,LOW RISK,Graduate,No,6,15.0,5,13.0,129.8,52,1,0,0,1
2184,19.62,LOW RISK,Dropout,No,10,12.9,12,12.153846153846152,133.0,20,1,0,0,0
21,19.61,LOW RISK,Graduate,No,0,0.0,0,0.0,120.3,21,1,0,1,0
1020,19.59,LOW RISK,Graduate,No,6,12.285714285714286,6,11.833333333333334,124.3,19,1,1,1,0
2674,19.58,LOW RISK,Enrolled,No,4,12.5,3,11.0,114.3,40,1,0,0,1
1870,19.56,LOW RISK,Graduate,No,3,12.666666666666666,6,11.666666666666666,131.1,19,1,0,0,1
1414,19.55,LOW RISK,Enrolled,No,3,11.666666666666666,4,11.0,126.9,19,1,0,1,0
3516,19.51,LOW RISK,Enrolled,No,4,11.25,1,13.0,121.0,23,1,0,0,1
3718,19.51,LOW RISK,Graduate,No,0,0.0,0,0.0,124.3,18,1,0,0,1
1772,19.47,LOW RISK,Enrolled,No,4,10.0,2,10.5,134.8,24,1,0,0,0
4178,19.44,LOW RISK,Enrolled,No,5,12.0,6,12.125,148.2,27,1,1,0,0
1463,19.39,LOW RISK,Enrolled,No,4,12.0,3,11.666666666666666,122.4,19,1,0,0,1
729,19.34,LOW RISK,Graduate,No,0,0.0,0,0.0,131.4,20,1,0,0,1
1342,19.21,LOW RISK,Graduate,No,4,12.2,5,12.8,139.4,18,1,0,0,0
1426,19.17,LOW RISK,Graduate,No,0,0.0,0,0.0,134.6,19,1,0,1,0
2568,19.12,LOW RISK,Enrolled,No,5,11.2,3,10.666666666666666,105.0,26,1,0,0,0
1472,19.1,LOW RISK,Enrolled,No,5,11.5,4,11.6,130.0,20,1,0,0,1
3151,19.0,LOW RISK,Enrolled,No,2,13.0,4,12.5,109.3,20,1,0,0,0
4083,18.99,LOW RISK,Enrolled,No,4,12.0,4,11.25,109.8,19,1,0,0,0
3041,18.97,LOW RISK,Dropout,No,6,13.142857142857142,6,13.0,136.1,20,1,0,1,0
2509,18.94,LOW RISK,Graduate,No,0,0.0,0,0.0,129.1,23,1,0,1,1
2545,18.94,LOW RISK,Enrolled,No,4,11.5,3,11.666666666666666,140.0,19,1,0,0,0
1728,18.93,LOW RISK,Enrolled,No,4,10.75,4,12.0,130.0,20,1,0,1,0
3212,18.93,LOW RISK,Enrolled,No,0,0.0,0,0.0,118.4,18,1,0,0,1
3914,18.91,LOW RISK,Graduate,No,4,12.75,4,12.25,128.6,19,1,1,0,0
2742,18.79,LOW RISK,Graduate,No,6,12.0,6,12.833333333333334,136.1,24,1,0,0,0
3943,18.76,LOW RISK,Graduate,No,4,11.0,6,12.0,124.9,19,1,0,0,0
2814,18.72,LOW RISK,Graduate,No,4,11.25,3,11.0,129.3,19,1,1,1,0
1971,18.72,LOW RISK,Enrolled,No,3,11.0,8,12.625,112.6,20,1,1,0,0
3357,18.66,LOW RISK,Enrolled,No,3,12.6,1,13.0,130.0,20,1,0,0,1
4185,18.65,LOW RISK,Graduate,No,5,11.4,5,11.0,133.2,19,1,0,0,0
2660,18.64,LOW RISK,Dropout,No,5,12.2,6,11.0,124.0,19,1,0,1,1
2531,18.62,LOW RISK,Graduate,No,6,12.333333333333334,6,11.666666666666666,116.8,18,1,1,0,0
391,18.56,LOW RISK,Enrolled,No,1,11.0,4,12.75,140.0,21,1,0,0,0
3140,18.51,LOW RISK,Enrolled,No,4,11.5,5,12.2,126.9,19,1,0,1,0
3728,18.44,LOW RISK,Graduate,No,5,14.0,4,14.25,125.0,20,1,0,0,1
626,18.42,LOW RISK,Dropout,No,5,10.8,5,12.0,132.0,21,1,0,0,0
2195,18.39,LOW RISK,Graduate,No,0,0.0,0,0.0,129.0,19,1,0,1,1
2987,18.28,LOW RISK,Enrolled,No,4,11.5,4,12.25,110.0,20,1,0,0,0
84,18.19,LOW RISK,Enrolled,No,3,11.333333333333334,5,12.0,125.5,18,1,0,0,1
1094,18.1,LOW RISK,Dropout,No,6,11.571428571428571,5,12.0,121.3,20,1,0,0,0
2257,18.1,LOW RISK,Dropout,No,12,12.25,21,12.363636363636363,120.0,25,0,1,0,1
2387,18.04,LOW RISK,Enrolled,No,3,10.666666666666666,5,13.4,126.1,22,1,0,0,1
3555,18.04,LOW RISK,Enrolled,No,5,13.2,6,13.166666666666666,122.0,19,1,1,0,1
187,17.97,LOW RISK,Enrolled,No,4,10.0,8,11.5,126.6,21,0,1,0,0
70,17.96,LOW RISK,Enrolled,No,5,10.8,6,12.0,100.0,26,1,0,0,1
833,17.92,LOW RISK,Enrolled,No,2,12.5,5,13.2,120.0,21,1,1,0,0
3757,17.83,LOW RISK,Graduate,No,5,11.6,5,12.4,120.0,58,1,0,0,0
2365,17.76,LOW RISK,Enrolled,No,4,12.5,4,12.0,132.8,19,1,0,1,1
4286,17.75,LOW RISK,Enrolled,No,3,11.0,4,11.75,134.7,22,1,0,0,1
2170,17.72,LOW RISK,Graduate,No,6,17.166666666666668,6,15.571428571428571,129.3,20,1,0,0,0
3987,17.71,LOW RISK,Graduate,No,5,13.0,4,11.25,130.8,18,1,0,0,0
2815,17.69,LOW RISK,Graduate,No,0,0.0,0,0.0,129.7,18,1,0,0,0
381,17.68,LOW RISK,Dropout,No,6,10.978571428571428,5,12.74,140.0,26,1,0,1,0
890,17.67,LOW RISK,Graduate,No,4,11.25,4,13.0,133.1,20,1,0,1,0
1325,17.67,LOW RISK,Enrolled,No,2,12.0,4,10.666666666666666,118.7,18,1,0,0,0
1775,17.66,LOW RISK,Enrolled,No,3,10.0,5,10.8,112.2,19,1,0,0,1
698,17.64,LOW RISK,Enrolled,No,5,10.8,3,10.0,137.2,20,1,0,0,1
1119,17.61,LOW RISK,Enrolled,No,5,11.7,7,11.857142857142858,159.0,25,1,0,0,0
151,17.58,LOW RISK,Enrolled,No,0,0.0,0,0.0,121.7,18,1,0,0,0
1541,17.53,LOW RISK,Dropout,No,4,10.8,3,11.666666666666666,132.9,19,1,0,0,0
3734,17.51,LOW RISK,Dropout,No,4,12.75,6,12.333333333333334,134.0,40,1,0,1,1
2974,17.49,LOW RISK,Graduate,No,3,12.333333333333334,4,11.6,116.5,20,1,0,0,0
143,17.46,LOW RISK,Enrolled,No,0,0.0,0,0.0,99.7,22,0,1,0,0
3930,17.42,LOW RISK,Enrolled,No,4,11.25,5,11.8,135.4,24,1,0,0,0
3120,17.42,LOW RISK,Enrolled,No,3,13.333333333333334,3,11.333333333333334,115.0,21,1,0,0,0
2723,17.35,LOW RISK,Enrolled,No,3,13.666666666666666,4,11.75,100.0,21,1,0,0,0
3462,17.31,LOW RISK,Enrolled,No,5,13.126,5,13.126,103.7,38,1,0,0,0
2467,17.27,LOW RISK,Enrolled,No,1,16.0,4,10.0,148.5,18,1,0,0,1
484,17.18,LOW RISK,Enrolled,No,2,13.0,6,12.666666666666666,140.0,20,1,0,0,0
1743,17.17,LOW RISK,Dropout,No,5,13.333333333333334,6,13.714285714285714,115.4,18,1,0,0,1
1586,17.15,LOW RISK,Graduate,No,0,0.0,0,0.0,122.0,20,1,0,0,1
564,17.12,LOW RISK,Graduate,No,5,13.2,6,13.5,130.4,18,1,0,0,1
3232,17.07,LOW RISK,Enrolled,No,4,11.5,4,11.25,142.5,39,1,0,0,0
1714,17.03,LOW RISK,Enrolled,No,2,11.5,4,12.5,140.0,24,0,1,0,0
1588,16.94,LOW RISK,Enrolled,No,3,10.8,5,11.166666666666666,117.0,21,1,0,0,1
3821,16.89,LOW RISK,Enrolled,No,2,11.5,5,13.0,120.0,22,1,0,0,1
4398,16.89,LOW RISK,Enrolled,No,3,11.666666666666666,5,12.6,110.4,21,1,0,0,0
3211,16.84,LOW RISK,Graduate,No,6,15.571428571428571,6,17.11111111111111,130.0,29,1,0,0,1
589,16.83,LOW RISK,Graduate,No,3,12.0,6,11.666666666666666,124.5,19,1,0,0,0
655,16.83,LOW RISK,Graduate,No,4,11.0,4,11.75,115.9,19,1,0,0,0
2157,16.82,LOW RISK,Enrolled,No,0,0.0,0,0.0,143.3,18,1,0,0,0
2398,16.82,LOW RISK,Enrolled,No,5,12.4,5,11.4,136.1,19,1,0,0,1
3183,16.8,LOW RISK,Graduate,No,8,11.142857142857142,11,11.6875,134.5,25,1,0,0,1
2419,16.78,LOW RISK,Graduate,No,11,12.666666666666666,11,12.545454545454543,130.0,22,0,0,1,1
1032,16.75,LOW RISK,Enrolled,No,4,10.75,4,12.0,115.1,18,1,0,1,0
2194,16.69,LOW RISK,Enrolled,No,3,11.0,3,11.0,127.3,18,1,0,0,1
2956,16.68,LOW RISK,Graduate,No,0,0.0,0,0.0,124.0,18,1,0,0,0
4169,16.64,LOW RISK,Graduate,No,4,11.75,4,10.5,108.4,20,1,0,0,0
3501,16.51,LOW RISK,Dropout,No,5,13.6,5,12.6,120.3,19,1,0,1,1
2431,16.5,LOW RISK,Graduate,No,5,12.6,4,11.5,116.5,18,1,0,1,1
2345,16.48,LOW RISK,Graduate,No,8,11.50625,7,12.12142857142857,131.1,19,1,0,0,1
2600,16.46,LOW RISK,Enrolled,No,5,12.0,5,13.4,121.2,18,1,0,0,0
3911,16.46,LOW RISK,Enrolled,No,5,11.6,6,11.666666666666666,130.7,20,1,0,0,0
3442,16.43,LOW RISK,Enrolled,No,5,13.625,3,11.666666666666666,115.1,19,1,0,0,0
1955,16.37,LOW RISK,Enrolled,No,5,12.46,5,12.46,133.8,17,1,0,0,0
2592,16.36,LOW RISK,Enrolled,No,6,13.166666666666666,6,11.5,95.0,22,0,1,0,0
2223,16.19,LOW RISK,Enrolled,No,3,11.666666666666666,4,12.25,100.0,18,1,0,0,1
730,16.17,LOW RISK,Enrolled,No,5,11.2,4,13.75,133.3,18,1,0,0,1
592,16.08,LOW RISK,Enrolled,No,5,11.7,4,12.45,126.7,19,1,0,0,0
2369,16.08,LOW RISK,Enrolled,No,5,13.8,6,16.5,133.4,29,0,0,0,1
1909,16.03,LOW RISK,Enrolled,No,5,11.0,5,12.333333333333334,106.1,19,1,0,0,0
1070,16.03,LOW RISK,Graduate,No,5,12.8,4,13.2,114.2,18,1,0,0,0
1658,16.02,LOW RISK,Enrolled,No,2,10.5,4,11.75,129.0,20,1,0,0,0
1043,15.92,LOW RISK,Graduate,No,5,11.2,8,11.625,110.0,40,1,0,0,0
3929,15.89,LOW RISK,Graduate,No,0,0.0,0,0.0,126.0,18,1,0,1,0
3159,15.88,LOW RISK,Enrolled,No,3,14.666666666666666,6,11.166666666666666,123.1,21,1,0,0,1
1596,15.82,LOW RISK,Enrolled,No,4,11.0,4,12.5,128.1,19,1,0,0,1
2340,15.82,LOW RISK,Enrolled,No,5,13.714285714285714,5,15.8,114.7,20,1,0,0,1
3198,15.8,LOW RISK,Graduate,No,3,12.666666666666666,5,12.6,120.0,19,1,0,0,1
1923,15.75,LOW RISK,Enrolled,No,3,10.0,5,12.8,132.6,18,1,0,0,0
2971,15.71,LOW RISK,Graduate,No,4,12.6,10,12.5,120.6,24,1,0,0,0
2687,15.71,LOW RISK,Enrolled,No,3,10.0,5,11.0,115.7,20,1,0,0,1
1753,15.63,LOW RISK,Enrolled,No,4,12.0,5,11.8,134.2,20,1,0,0,1
1779,15.62,LOW RISK,Graduate,No,4,11.0,4,11.4,98.0,23,1,0,0,1
2442,15.6,LOW RISK,Enrolled,No,3,11.0,5,11.4,108.3,39,1,0,0,1
3318,15.59,LOW RISK,Graduate,No,0,0.0,0,0.0,167.1,18,1,0,1,1
285,15.57,LOW RISK,Graduate,No,6,11.857142857142858,5,12.8,122.1,21,1,0,0,0
3321,15.57,LOW RISK,Graduate,No,3,13.0,6,11.833333333333334,118.4,19,1,0,1,1
1976,15.56,LOW RISK,Dropout,No,10,11.4,10,13.0,120.0,21,1,0,0,0
1383,15.55,LOW RISK,Graduate,No,13,11.076923076923077,18,11.421052631578949,120.0,27,1,0,0,1
1512,15.54,LOW RISK,Enrolled,No,4,12.5,4,10.0,150.0,47,1,0,0,1
2058,15.49,LOW RISK,Enrolled,No,2,12.0,6,13.0,150.0,20,1,0,0,0
1098,15.47,LOW RISK,Graduate,No,4,11.25,5,12.2,133.9,18,1,0,0,0
2252,15.45,LOW RISK,Dropout,No,7,12.25,10,11.454545454545457,133.9,25,1,0,0,1
1507,15.42,LOW RISK,Enrolled,No,4,10.5,4,10.5,160.0,31,1,0,1,0
656,15.4,LOW RISK,Enrolled,No,3,10.0,5,11.4,114.9,19,1,1,1,0
562,15.37,LOW RISK,Enrolled,No,3,12.666666666666666,2,11.0,143.9,20,1,0,0,1
2367,15.35,LOW RISK,Enrolled,No,11,11.909090909090908,13,12.153846153846152,127.2,23,1,1,0,1
1294,15.24,LOW RISK,Graduate,No,5,17.6,5,14.8,119.5,20,1,0,0,1
3326,15.22,LOW RISK,Enrolled,No,2,10.0,5,11.0,118.8,19,1,0,0,1
2393,15.2,LOW RISK,Enrolled,No,3,12.333333333333334,2,13.5,126.3,18,1,0,0,1
118,15.19,LOW RISK,Enrolled,No,3,10.666666666666666,3,10.333333333333334,113.4,20,1,0,0,0
3349,15.18,LOW RISK,Graduate,No,5,11.6,6,11.375,120.0,30,1,0,0,1
89,15.18,LOW RISK,Enrolled,No,5,13.8,4,14.0,128.7,23,1,0,0,1
3947,15.15,LOW RISK,Graduate,No,0,0.0,0,0.0,139.4,18,1,0,1,0
984,15.15,LOW RISK,Enrolled,No,4,10.833333333333334,4,11.75,145.6,34,1,0,0,1
1902,15.13,LOW RISK,Graduate,No,9,12.555555555555555,9,12.0,128.2,24,1,0,0,0
570,15.12,LOW RISK,Graduate,No,5,11.5,5,13.0,120.0,27,1,0,0,1
1529,15.12,LOW RISK,Graduate,No,4,13.25,6,11.5,140.0,21,0,0,0,0
1809,15.11,LOW RISK,Enrolled,No,4,12.0,5,12.2,126.8,18,0,0,1,1
4270,15.1,LOW RISK,Enrolled,No,1,10.0,6,13.0,141.0,18,1,0,0,1
4306,15.09,LOW RISK,Dropout,No,5,10.5,4,11.0,123.2,18,1,0,0,1
4152,15.07,LOW RISK,Graduate,No,5,12.5,5,13.833333333333334,150.0,34,1,1,0,0
2415,15.06,LOW RISK,Graduate,No,10,11.181818181818182,8,11.625,118.5,23,1,0,0,1
1933,15.04,LOW RISK,Graduate,No,4,11.25,5,11.0,118.0,18,1,0,0,0
947,14.96,LOW RISK,Graduate,No,5,12.833333333333334,5,13.6,151.1,19,1,1,0,1
3046,14.93,LOW RISK,Graduate,No,4,10.75,5,13.0,116.7,19,1,0,0,0
2645,14.93,LOW RISK,Graduate,No,5,13.833333333333334,5,12.8,137.0,35,1,0,0,1
2635,14.88,LOW RISK,Enrolled,No,4,13.0,6,12.714285714285714,129.9,20,1,0,0,1
2964,14.87,LOW RISK,Graduate,No,4,11.5,5,10.8,137.3,23,1,0,0,0
2953,14.86,LOW RISK,Enrolled,No,3,12.333333333333334,5,11.4,100.0,35,1,0,0,0
2033,14.86,LOW RISK,Graduate,No,4,12.25,6,12.666666666666666,130.0,26,1,0,0,0
2282,14.84,LOW RISK,Enrolled,No,4,10.5,4,11.75,140.0,21,1,0,0,1
3593,14.83,LOW RISK,Dropout,No,6,13.166666666666666,9,12.333333333333334,110.0,27,1,0,0,1
1174,14.77,LOW RISK,Enrolled,No,5,12.666666666666666,4,12.0,115.2,24,1,0,0,1
2598,14.72,LOW RISK,Dropout,No,0,0.0,0,0.0,100.0,18,1,0,1,0
4321,14.64,LOW RISK,Enrolled,No,4,11.25,3,12.333333333333334,135.0,21,1,1,0,1
1508,14.6,LOW RISK,Graduate,No,0,0.0,0,0.0,136.1,19,1,0,0,1
1578,14.59,LOW RISK,Enrolled,No,4,13.0,4,11.25,120.7,28,1,0,0,0
2492,14.57,LOW RISK,Enrolled,No,2,13.5,5,10.8,120.3,19,1,0,0,1
1391,14.54,LOW RISK,Graduate,No,8,13.88125,8,13.88125,131.0,18,1,0,1,0
3406,14.53,LOW RISK,Graduate,No,0,0.0,0,0.0,155.1,18,1,0,0,0
852,14.51,LOW RISK,Enrolled,No,4,11.25,5,12.6,112.6,22,1,0,0,0
3459,14.5,LOW RISK,Graduate,No,6,12.142857142857142,5,11.571428571428571,119.8,18,1,0,0,0
3589,14.49,LOW RISK,Graduate,No,4,14.0,5,13.833333333333334,126.8,21,1,0,1,1
1858,14.49,LOW RISK,Graduate,No,5,12.4,5,11.5,146.5,22,0,1,0,1
441,14.39,LOW RISK,Enrolled,No,1,16.0,0,0.0,100.0,18,1,0,0,0
998,14.39,LOW RISK,Enrolled,No,2,11.5,5,12.8,130.0,22,1,0,0,0
2231,14.36,LOW RISK,Graduate,No,0,0.0,0,0.0,141.2,19,1,0,0,1
4367,14.36,LOW RISK,Graduate,No,4,14.0,6,13.571428571428571,127.0,18,1,0,0,1
1378,14.34,LOW RISK,Graduate,No,0,0.0,0,0.0,134.4,18,1,0,1,1
2939,14.34,LOW RISK,Enrolled,No,4,10.75,4,11.0,127.1,34,1,0,0,0
1660,14.34,LOW RISK,Enrolled,No,0,0.0,0,0.0,152.5,20,1,0,0,0
1593,14.33,LOW RISK,Enrolled,No,2,10.333333333333334,4,11.5,122.8,18,1,0,0,1
546,14.31,LOW RISK,Enrolled,No,3,11.0,4,10.2,121.8,20,1,0,0,1
171,14.3,LOW RISK,Enrolled,No,4,10.5,4,11.25,130.0,28,1,0,0,0
2216,14.3,LOW RISK,Enrolled,No,8,11.0,5,12.6,130.2,19,1,0,0,1
2819,14.3,LOW RISK,Graduate,No,7,12.428571428571429,9,12.666666666666666,130.0,30,1,0,0,0
3218,14.24,LOW RISK,Graduate,No,4,12.25,3,10.666666666666666,122.1,20,1,0,0,1
3597,14.2,LOW RISK,Enrolled,No,3,12.75,3,13.333333333333334,150.0,22,1,0,0,1
1408,14.19,LOW RISK,Enrolled,No,5,10.8,5,12.2,124.3,19,1,0,0,0
2191,14.11,LOW RISK,Enrolled,No,0,0.0,0,0.0,129.3,18,1,0,1,1
2243,14.05,LOW RISK,Enrolled,No,2,10.5,5,12.0,100.0,19,1,0,0,1
445,14.02,LOW RISK,Graduate,No,4,11.0,4,11.0,114.6,18,1,0,0,0
3469,14.01,LOW RISK,Enrolled,No,4,10.25,5,11.4,124.6,29,1,0,0,0
680,13.99,LOW RISK,Graduate,No,0,0.0,0,0.0,161.9,19,1,0,1,0
3702,13.98,LOW RISK,Enrolled,No,3,12.833333333333334,5,12.6,111.6,21,1,1,1,1
326,13.92,LOW RISK,Graduate,No,3,11.666666666666666,6,10.571428571428571,117.5,18,1,0,0,0
1104,13.91,LOW RISK,Enrolled,No,7,10.571428571428571,6,11.166666666666666,113.2,21,1,0,0,0
2197,13.91,LOW RISK,Enrolled,No,4,12.25,2,10.5,122.0,20,1,0,0,1
762,13.88,LOW RISK,Enrolled,No,0,0.0,0,0.0,144.7,20,1,0,0,1
4091,13.83,LOW RISK,Graduate,No,6,11.166666666666666,5,11.4,112.5,33,1,0,0,0
4360,13.77,LOW RISK,Graduate,No,5,13.4,6,13.0,124.8,19,1,0,0,0
1635,13.74,LOW RISK,Graduate,No,5,11.8,5,12.2,150.0,49,1,0,0,1
2676,13.71,LOW RISK,Enrolled,No,4,11.25,6,10.666666666666666,97.0,27,1,0,0,1
2878,13.68,LOW RISK,Enrolled,No,4,11.5,5,12.333333333333334,106.8,49,1,0,0,0
2028,13.68,LOW RISK,Enrolled,No,0,0.0,0,0.0,133.5,17,1,0,0,1
2186,13.67,LOW RISK,Graduate,No,3,12.333333333333334,4,12.25,118.0,19,1,0,1,0
3544,13.66,LOW RISK,Enrolled,No,5,13.666666666666666,5,13.6,122.5,19,0,0,0,1
2629,13.64,LOW RISK,Enrolled,No,4,11.75,4,10.8,111.3,18,1,0,1,1
542,13.64,LOW RISK,Enrolled,No,2,12.0,5,10.0,118.4,20,1,0,0,1
3980,13.61,LOW RISK,Enrolled,No,5,12.6,5,13.0,133.0,40,1,0,0,0
3280,13.61,LOW RISK,Graduate,No,6,11.5,2,10.333333333333334,113.0,32,1,0,1,0
3569,13.59,LOW RISK,Graduate,No,5,13.571428571428571,3,13.333333333333334,120.5,20,1,0,0,1
1253,13.57,LOW RISK,Graduate,No,5,12.333333333333334,5,12.0,118.8,18,1,0,1,0
594,13.51,LOW RISK,Enrolled,No,4,13.0,5,13.4,134.7,20,1,0,0,0
2304,13.46,LOW RISK,Enrolled,No,5,14.714285714285714,5,11.833333333333334,125.2,19,1,0,0,1
257,13.43,LOW RISK,Graduate,No,5,12.333333333333334,5,13.571428571428571,124.9,29,1,0,0,0
4276,13.42,LOW RISK,Enrolled,No,3,12.333333333333334,4,13.0,133.0,18,1,0,0,1
1751,13.42,LOW RISK,Enrolled,No,4,12.25,7,11.285714285714286,120.0,21,1,0,0,1
3354,13.41,LOW RISK,Graduate,No,5,11.833333333333334,6,12.714285714285714,131.0,18,1,0,1,1
2189,13.39,LOW RISK,Graduate,No,3,12.666666666666666,6,11.333333333333334,129.9,19,1,0,1,0
1429,13.38,LOW RISK,Enrolled,No,4,12.25,3,10.2,133.5,21,1,0,1,0
1315,13.34,LOW RISK,Enrolled,No,3,12.0,6,12.333333333333334,118.3,18,1,0,0,0
3744,13.32,LOW RISK,Enrolled,No,4,15.6,6,14.428571428571429,125.0,28,1,0,0,0
3241,13.32,LOW RISK,Enrolled,No,5,10.4,3,10.666666666666666,130.4,30,1,0,0,0
4344,13.31,LOW RISK,Enrolled,No,6,12.571428571428571,5,14.06,128.5,18,1,0,0,0
2,13.29,LOW RISK,Graduate,No,6,13.666666666666666,6,14.0,142.5,19,0,0,0,1
630,13.29,LOW RISK,Graduate,No,5,12.0,5,11.8,131.6,19,1,0,0,0
650,13.26,LOW RISK,Graduate,No,4,10.75,4,11.5,113.5,20,1,0,0,0
1344,13.25,LOW RISK,Graduate,No,5,13.5,5,13.0,124.6,18,1,0,1,0
3330,13.23,LOW RISK,Enrolled,No,3,11.428571428571429,5,11.0,99.0,21,1,0,0,1
1687,13.23,LOW RISK,Graduate,No,5,12.285714285714286,0,0.0,111.9,21,1,0,0,1
2921,13.21,LOW RISK,Graduate,No,0,0.0,0,0.0,152.9,18,1,0,1,0
3411,13.19,LOW RISK,Enrolled,No,4,14.0,6,13.428571428571429,140.3,19,1,0,0,0
559,13.19,LOW RISK,Enrolled,No,3,10.666666666666666,3,11.5,130.0,23,1,1,0,1
1609,13.17,LOW RISK,Enrolled,No,5,13.6,6,12.666666666666666,125.2,18,1,0,0,1
2213,13.17,LOW RISK,Enrolled,No,3,12.0,5,10.2,130.2,19,1,0,0,1
3869,13.14,LOW RISK,Graduate,No,4,13.0,6,12.166666666666666,130.0,19,1,0,0,1
2144,13.1,LOW RISK,Graduate,No,0,0.0,0,0.0,141.0,19,1,0,0,0
1936,13.1,LOW RISK,Graduate,No,8,13.8875,7,13.918571428571427,133.2,18,1,0,0,0
398,13.1,LOW RISK,Graduate,No,3,12.0,6,13.142857142857142,150.0,22,1,0,1,0
2642,13.08,LOW RISK,Graduate,No,6,11.5,6,12.0,133.4,20,1,0,1,1
4194,13.05,LOW RISK,Graduate,No,4,13.5,6,11.285714285714286,127.7,18,1,0,1,0
822,13.01,LOW RISK,Graduate,No,0,0.0,0,0.0,151.6,19,1,0,0,0
2695,13.01,LOW RISK,Graduate,No,6,11.5,6,12.666666666666666,131.6,18,1,0,1,1
3625,13.0,LOW RISK,Graduate,No,4,11.75,3,11.666666666666666,113.8,21,1,0,0,0
874,12.99,LOW RISK,Enrolled,No,6,11.583333333333334,5,11.2,131.5,21,1,0,1,1
2647,12.96,LOW RISK,Enrolled,No,7,12.142857142857142,7,13.285714285714286,126.4,26,1,0,0,1
4334,12.94,LOW RISK,Dropout,No,5,11.0,6,12.714285714285714,135.8,19,1,0,1,0
1921,12.94,LOW RISK,Enrolled,No,2,13.5,5,14.2,140.0,20,1,0,0,0
181,12.94,LOW RISK,Graduate,No,19,12.789473684210526,21,12.61904761904762,128.3,35,1,0,0,0
2203,12.92,LOW RISK,Graduate,No,4,12.5,5,11.2,116.1,19,1,0,0,1
2248,12.89,LOW RISK,Enrolled,No,0,0.0,0,0.0,124.1,21,1,0,1,1
3435,12.89,LOW RISK,Dropout,No,6,14.0,6,13.833333333333334,136.7,18,1,0,1,0
2109,12.86,LOW RISK,Enrolled,No,3,11.8,2,11.5,126.8,18,1,0,0,0
1230,12.86,LOW RISK,Enrolled,No,5,12.2,8,13.25,140.0,21,1,1,0,0
558,12.84,LOW RISK,Graduate,No,0,0.0,0,0.0,144.2,18,1,0,0,1
1802,12.83,LOW RISK,Graduate,No,7,13.285714285714286,12,12.333333333333334,130.0,31,1,0,0,1
2148,12.82,LOW RISK,Graduate,No,4,12.5,6,12.0,117.8,18,1,0,0,0
3832,12.82,LOW RISK,Enrolled,No,5,13.25,5,13.2,135.7,19,1,0,0,1
3024,12.82,LOW RISK,Graduate,No,0,0.0,0,0.0,151.7,24,1,0,1,0
695,12.78,LOW RISK,Graduate,No,4,15.5,4,14.0,157.0,44,1,0,0,1
2180,12.76,LOW RISK,Graduate,No,6,12.714285714285714,6,12.666666666666666,142.0,19,1,0,0,0
494,12.76,LOW RISK,Enrolled,No,4,11.4,5,13.333333333333334,101.0,22,1,1,0,0
1040,12.75,LOW RISK,Enrolled,No,5,10.6,5,12.333333333333334,121.6,18,1,0,0,0
4107,12.74,LOW RISK,Graduate,No,5,11.8,4,13.25,120.8,20,1,0,0,0
331,12.72,LOW RISK,Enrolled,No,6,12.666666666666666,5,12.0,121.6,18,1,0,0,0
231,12.71,LOW RISK,Graduate,No,3,12.666666666666666,6,12.857142857142858,123.6,18,1,0,0,0
1334,12.7,LOW RISK,Enrolled,No,4,12.0,3,11.2,103.5,20,1,0,0,0
430,12.68,LOW RISK,Graduate,No,4,14.6,5,11.5,114.4,19,1,0,0,0
882,12.68,LOW RISK,Graduate,No,0,0.0,0,0.0,151.1,19,1,0,0,1
3276,12.64,LOW RISK,Graduate,No,7,11.142857142857142,13,10.923076923076923,110.0,23,1,0,0,0
2146,12.64,LOW RISK,Enrolled,No,5,14.166666666666666,5,12.4,131.8,18,0,1,0,0
899,12.63,LOW RISK,Enrolled,No,4,11.0,6,10.833333333333334,113.8,21,1,0,0,0
3171,12.63,LOW RISK,Graduate,No,5,12.8,4,12.0,121.1,20,1,0,1,1
1603,12.63,LOW RISK,Enrolled,No,3,10.333333333333334,5,11.0,121.5,18,1,0,0,1
3689,12.61,LOW RISK,Graduate,No,4,11.25,5,12.6,146.0,34,1,0,0,1
2868,12.6,LOW RISK,Graduate,No,4,14.75,6,12.75,100.0,60,1,0,0,0
1196,12.59,LOW RISK,Enrolled,No,7,12.714285714285714,6,11.5,128.5,18,1,0,0,0
2534,12.57,LOW RISK,Enrolled,No,6,13.0,6,12.833333333333334,126.3,18,1,0,1,0
442,12.55,LOW RISK,Enrolled,No,3,12.0,1,12.0,120.7,18,1,1,0,0
3127,12.52,LOW RISK,Enrolled,No,3,11.666666666666666,6,10.375,116.9,21,1,0,0,0
463,12.52,LOW RISK,Graduate,No,4,10.5,5,10.6,126.9,19,1,0,0,0
701,12.51,LOW RISK,Enrolled,No,3,12.0,5,13.2,130.0,20,0,0,0,1
266,12.5,LOW RISK,Graduate,No,3,11.666666666666666,4,12.25,149.2,18,1,0,0,0
1956,12.47,LOW RISK,Graduate,No,6,13.166666666666666,6,12.166666666666666,113.5,19,1,0,0,0
386,12.47,LOW RISK,Graduate,No,6,11.166666666666666,6,11.5,129.3,19,1,0,0,0
4138,12.44,LOW RISK,Graduate,No,5,13.0,6,12.285714285714286,125.0,41,1,0,0,0
1706,12.43,LOW RISK,Enrolled,No,3,11.0,2,14.0,135.9,18,1,0,0,1
2897,12.4,LOW RISK,Enrolled,No,5,12.0,4,11.25,147.8,40,1,0,0,0
3429,12.39,LOW RISK,Dropout,No,6,14.333333333333334,4,12.5,100.0,27,1,0,0,0
1659,12.35,LOW RISK,Graduate,No,0,0.0,0,0.0,143.3,20,1,0,1,0
3652,12.32,LOW RISK,Enrolled,No,4,13.25,5,11.833333333333334,110.0,21,1,0,0,0
3733,12.29,LOW RISK,Graduate,No,0,0.0,0,0.0,144.2,19,1,0,0,1
2729,12.28,LOW RISK,Enrolled,No,5,14.5,6,15.428571428571429,120.0,26,0,0,0,0
1845,12.26,LOW RISK,Graduate,No,8,12.36111111111111,7,13.075,119.7,19,1,1,0,1
293,12.25,LOW RISK,Enrolled,No,5,13.0,6,11.428571428571429,140.0,24,1,0,0,0
2901,12.24,LOW RISK,Enrolled,No,12,11.4375,11,11.5,120.0,36,1,0,0,0
3906,12.22,LOW RISK,Graduate,No,3,11.333333333333334,6,11.0,95.0,36,1,0,1,0
1553,12.2,LOW RISK,Graduate,No,12,10.923076923076923,14,10.466666666666669,110.0,52,1,0,0,0
1162,12.18,LOW RISK,Enrolled,No,7,12.6375,4,13.625,130.0,32,1,0,0,0
2990,12.16,LOW RISK,Enrolled,No,5,11.2,4,11.75,125.1,18,1,0,0,0
974,12.15,LOW RISK,Graduate,No,4,15.5,1,16.0,100.0,40,1,0,0,1
46,12.15,LOW RISK,Enrolled,No,3,14.333333333333334,2,11.5,134.1,24,1,0,0,0
2976,12.14,LOW RISK,Graduate,No,10,14.6,10,14.636363636363637,130.0,41,1,0,0,0
4274,12.13,LOW RISK,Enrolled,No,3,12.666666666666666,3,14.0,118.9,18,1,0,0,1
784,12.1,LOW RISK,Enrolled,No,6,13.345,6,13.345,129.0,18,1,0,0,0
2354,12.1,LOW RISK,Graduate,No,5,11.8,4,14.75,121.5,21,1,0,1,1
3071,12.1,LOW RISK,Enrolled,No,4,10.571428571428571,6,11.333333333333334,111.9,20,1,0,1,1
720,12.09,LOW RISK,Enrolled,No,5,12.4,5,13.8,138.5,18,1,0,0,1
4199,12.05,LOW RISK,Enrolled,No,4,10.25,3,15.0,118.3,22,1,0,0,0
3628,12.03,LOW RISK,Enrolled,No,5,11.2,6,12.166666666666666,131.0,18,1,0,1,0
790,12.01,LOW RISK,Graduate,No,0,0.0,0,0.0,137.6,20,1,0,1,0
3808,12.01,LOW RISK,Graduate,No,6,12.833333333333334,6,13.833333333333334,126.3,55,1,0,0,0
4399,11.95,LOW RISK,Graduate,No,4,12.25,4,13.0,121.4,26,1,0,1,0
3665,11.94,LOW RISK,Dropout,No,7,13.771428571428572,6,13.731666666666667,121.8,19,1,0,0,0
2036,11.94,LOW RISK,Enrolled,No,4,14.375,3,14.5,153.0,22,1,0,0,1
2285,11.93,LOW RISK,Enrolled,No,4,11.5,6,13.428571428571429,138.3,20,1,0,0,1
4292,11.91,LOW RISK,Graduate,No,0,0.0,0,0.0,130.4,19,1,0,0,1
4116,11.9,LOW RISK,Enrolled,No,3,13.333333333333334,6,11.833333333333334,129.8,20,1,0,0,0
2325,11.9,LOW RISK,Graduate,No,6,10.5,6,10.166666666666666,112.6,21,1,0,0,1
47,11.89,LOW RISK,Graduate,No,5,13.2,6,11.666666666666666,127.6,18,1,0,0,0
4341,11.88,LOW RISK,Graduate,No,4,11.5,3,11.666666666666666,116.1,20,1,0,0,0
1291,11.88,LOW RISK,Enrolled,No,6,13.625,4,13.5,117.2,18,1,0,1,1
632,11.86,LOW RISK,Enrolled,No,4,13.0,5,12.2,109.7,19,1,0,0,0
1273,11.86,LOW RISK,Dropout,No,4,12.0,2,10.0,132.1,34,1,0,0,0
2279,11.85,LOW RISK,Enrolled,No,3,11.0,5,11.4,136.6,19,1,0,0,1
2966,11.84,LOW RISK,Graduate,No,5,12.6,5,13.6,131.1,19,1,1,1,0
3666,11.83,LOW RISK,Enrolled,No,5,12.142857142857142,6,12.875,140.0,43,1,0,0,1
1217,11.82,LOW RISK,Graduate,No,4,12.0,5,12.0,117.7,18,1,0,0,0
3786,11.81,LOW RISK,Enrolled,No,3,11.666666666666666,3,12.0,150.0,20,1,0,1,1
1937,11.76,LOW RISK,Graduate,No,4,12.8,6,13.0,141.8,19,1,0,0,0
314,11.75,LOW RISK,Graduate,No,5,13.666666666666666,5,13.4,113.7,20,1,0,1,0
3076,11.75,LOW RISK,Enrolled,No,5,11.6,5,12.8,143.6,20,1,0,0,1
4095,11.74,LOW RISK,Graduate,No,6,14.5,4,13.75,130.0,38,1,0,0,0
3438,11.73,LOW RISK,Enrolled,No,9,10.333333333333334,8,10.5,122.5,29,1,0,0,0
2003,11.72,LOW RISK,Graduate,No,5,12.6,6,12.857142857142858,118.0,28,1,0,0,0
3395,11.71,LOW RISK,Enrolled,No,3,14.5,4,12.8,118.9,19,1,0,0,0
2418,11.68,LOW RISK,Graduate,No,14,11.357142857142858,15,10.8,135.8,25,1,0,0,1
1083,11.67,LOW RISK,Enrolled,No,4,12.6,5,12.2,120.0,21,1,0,0,0
1396,11.66,LOW RISK,Graduate,No,6,11.333333333333334,5,11.4,108.7,18,1,0,1,0
3256,11.65,LOW RISK,Graduate,No,4,11.25,4,11.4,113.7,18,1,0,0,0
2831,11.6,LOW RISK,Graduate,No,4,11.6,5,12.6,119.8,19,1,0,0,0
1471,11.57,LOW RISK,Enrolled,No,4,11.4,5,12.0,124.2,18,1,0,0,1
4333,11.56,LOW RISK,Graduate,No,6,11.333333333333334,5,13.2,135.9,18,1,0,0,0
4322,11.55,LOW RISK,Enrolled,No,4,12.0,4,11.5,147.9,28,1,0,0,0
1990,11.55,LOW RISK,Enrolled,No,5,12.2,4,11.25,112.0,18,1,0,0,0
1304,11.55,LOW RISK,Graduate,No,8,13.333333333333334,10,12.1,111.0,21,1,1,0,1
3933,11.54,LOW RISK,Graduate,No,10,13.4,8,12.666666666666666,130.0,26,1,0,0,0
383,11.52,LOW RISK,Enrolled,No,3,10.333333333333334,3,10.333333333333334,121.0,19,1,0,0,0
3193,11.51,LOW RISK,Enrolled,No,3,11.0,3,11.25,116.4,21,1,0,0,1
2638,11.49,LOW RISK,Graduate,No,0,0.0,0,0.0,143.6,18,1,0,0,1
971,11.49,LOW RISK,Graduate,No,4,14.75,4,13.75,114.8,25,1,0,0,1
4162,11.48,LOW RISK,Enrolled,No,5,11.8,5,12.6,110.3,18,0,0,0,0
3919,11.46,LOW RISK,Enrolled,No,3,13.0,3,13.0,119.7,20,1,0,0,0
2813,11.46,LOW RISK,Graduate,No,8,14.23125,7,13.19,131.1,18,1,0,0,0
2241,11.43,LOW RISK,Graduate,No,5,12.2,6,13.0,122.3,28,1,0,0,1
137,11.39,LOW RISK,Graduate,No,4,11.5,4,12.2,113.0,20,1,0,0,0
3464,11.33,LOW RISK,Enrolled,No,5,11.8,3,10.333333333333334,146.0,19,1,0,0,0
4098,11.33,LOW RISK,Graduate,No,11,11.363636363636363,12,11.833333333333334,120.0,37,1,0,0,0
4144,11.31,LOW RISK,Enrolled,No,7,12.15,5,12.4,113.3,24,1,0,0,0
697,11.31,LOW RISK,Graduate,No,6,13.666666666666666,6,13.666666666666666,162.9,45,1,0,0,1
464,11.29,LOW RISK,Graduate,No,5,12.2,5,10.2,153.2,24,1,1,0,0
4080,11.28,LOW RISK,Enrolled,No,5,12.8,6,13.571428571428571,131.8,18,1,0,1,0
4,11.27,LOW RISK,Graduate,No,5,12.4,6,13.428571428571429,119.6,20,1,0,0,0
4235,11.25,LOW RISK,Enrolled,No,4,11.25,3,10.5,107.4,20,1,0,0,1
3320,11.21,LOW RISK,Graduate,No,6,12.0,5,11.2,141.2,19,1,1,0,1
2329,11.2,LOW RISK,Graduate,No,0,0.0,0,0.0,160.6,18,1,0,1,1
2692,11.19,LOW RISK,Graduate,No,4,13.5,5,11.6,121.8,19,1,0,0,1
2539,11.17,LOW RISK,Graduate,No,5,13.0,6,13.5,130.0,20,1,1,0,0
112,11.16,LOW RISK,Enrolled,No,3,11.0,3,13.0,115.3,18,1,0,1,0
1441,11.15,LOW RISK,Graduate,No,4,14.25,4,12.5,132.9,19,1,0,0,1
1595,11.13,LOW RISK,Enrolled,No,4,11.75,2,10.5,118.4,19,1,0,0,1
2346,11.1,LOW RISK,Graduate,No,7,13.75,9,14.22222222222222,150.3,21,1,0,1,1
348,11.09,LOW RISK,Graduate,No,5,11.666666666666666,5,11.0,136.2,39,1,0,0,0
307,11.06,LOW RISK,Graduate,No,4,14.6,6,11.875,117.2,18,1,0,0,0
3921,11.03,LOW RISK,Graduate,No,3,11.0,6,11.0,125.7,19,1,0,1,0
3532,11.01,LOW RISK,Enrolled,No,9,13.11111111111111,8,13.333333333333334,128.2,24,1,0,0,1
370,11.01,LOW RISK,Dropout,No,7,13.414285714285716,7,13.414285714285716,124.8,18,1,0,0,0
3602,11.0,LOW RISK,Graduate,No,6,12.666666666666666,6,13.166666666666666,129.5,18,1,0,0,1
4024,10.98,LOW RISK,Dropout,No,6,12.25,6,12.25,120.0,29,1,0,0,0
1643,10.98,LOW RISK,Graduate,No,8,14.655555555555557,7,13.528571428571428,127.6,18,1,0,0,0
2832,10.96,LOW RISK,Enrolled,No,4,11.0,5,12.6,124.4,18,1,0,0,0
1847,10.96,LOW RISK,Dropout,No,4,12.25,6,13.666666666666666,116.9,19,1,0,0,1
96,10.94,LOW RISK,Enrolled,No,3,13.25,5,14.0,137.0,19,1,0,0,1
693,10.93,LOW RISK,Enrolled,No,4,13.0,6,12.571428571428571,130.0,21,1,0,0,1
3327,10.93,LOW RISK,Graduate,No,8,12.0,9,12.333333333333334,130.0,30,1,0,0,1
2984,10.93,LOW RISK,Graduate,No,6,13.666666666666666,6,14.428571428571429,150.0,25,0,1,0,0
380,10.9,LOW RISK,Enrolled,No,2,13.5,5,12.666666666666666,140.0,21,1,0,0,0
1279,10.9,LOW RISK,Enrolled,No,4,11.5,4,12.25,116.5,24,1,0,1,1
4196,10.87,LOW RISK,Graduate,No,4,12.25,6,11.666666666666666,127.0,18,1,0,1,0
1891,10.86,LOW RISK,Graduate,No,0,0.0,0,0.0,150.2,18,1,0,0,0
1737,10.85,LOW RISK,Graduate,No,8,13.05375,8,13.05375,129.8,18,1,0,0,1
736,10.85,LOW RISK,Graduate,No,5,12.0,6,11.875,115.6,21,1,0,0,1
775,10.85,LOW RISK,Enrolled,No,4,12.2,4,11.8,123.9,19,1,0,0,0
2250,10.83,LOW RISK,Graduate,No,4,13.25,5,13.6,138.9,18,1,0,0,1
2881,10.81,LOW RISK,Graduate,No,4,11.25,5,12.2,134.5,47,1,0,1,0
3238,10.79,LOW RISK,Enrolled,No,4,12.0,3,12.666666666666666,110.2,22,1,0,0,0
3509,10.77,LOW RISK,Enrolled,No,4,12.25,4,11.25,119.5,18,1,0,1,1
2151,10.76,LOW RISK,Graduate,No,7,13.285714285714286,7,13.857142857142858,122.9,20,1,0,0,0
2478,10.75,LOW RISK,Enrolled,No,5,12.2,6,12.666666666666666,140.8,23,1,0,0,1
2322,10.75,LOW RISK,Enrolled,No,4,16.5,5,16.0,100.0,38,1,0,0,1
574,10.75,LOW RISK,Enrolled,No,5,10.833333333333334,3,12.4,116.8,20,1,0,0,1
502,10.69,LOW RISK,Graduate,No,5,14.6,6,12.666666666666666,129.1,18,1,0,0,0
406,10.66,LOW RISK,Graduate,No,0,0.0,0,0.0,137.1,18,1,0,0,0
1840,10.65,LOW RISK,Graduate,No,2,15.5,6,15.166666666666666,110.0,24,1,0,0,0
3197,10.63,LOW RISK,Enrolled,No,5,12.142857142857142,5,12.0,140.0,23,1,0,0,1
825,10.63,LOW RISK,Graduate,No,6,11.5,6,12.5,111.6,21,1,0,1,0
401,10.63,LOW RISK,Enrolled,No,4,11.2,5,11.6,128.9,18,1,0,1,0
1711,10.6,LOW RISK,Enrolled,No,7,12.0,4,12.25,130.0,31,1,0,0,0
1536,10.59,LOW RISK,Enrolled,No,6,12.5,4,12.25,140.0,41,1,0,0,0
154,10.58,LOW RISK,Graduate,No,5,11.8,6,13.333333333333334,132.8,18,1,0,0,0
3983,10.58,LOW RISK,Graduate,No,7,12.166666666666666,5,12.5,125.4,19,1,0,0,0
2650,10.57,LOW RISK,Dropout,No,5,12.002,5,12.002,118.3,20,1,0,0,1
3521,10.57,LOW RISK,Graduate,No,5,13.714285714285714,5,12.6,125.0,26,1,0,0,1
2477,10.56,LOW RISK,Graduate,No,20,13.5,20,13.5,126.8,28,1,0,1,1
2612,10.55,LOW RISK,Graduate,No,4,12.25,4,14.75,123.1,20,1,0,0,1
2051,10.51,LOW RISK,Graduate,No,5,10.833333333333334,4,11.0,114.2,18,1,0,0,0
1602,10.5,LOW RISK,Enrolled,No,4,14.25,6,12.285714285714286,111.3,21,1,0,0,1
1519,10.5,LOW RISK,Enrolled,No,0,0.0,0,0.0,141.4,20,1,0,1,1
2560,10.49,LOW RISK,Dropout,No,6,13.5,6,14.0,136.8,18,1,0,0,0
3503,10.48,LOW RISK,Graduate,No,6,13.0,6,13.0,149.5,19,0,0,0,1
3982,10.46,LOW RISK,Graduate,No,6,14.833333333333334,6,15.666666666666666,144.5,18,1,0,0,0
2675,10.45,LOW RISK,Graduate,No,6,11.555555555555555,4,13.75,125.3,19,1,0,1,1
3599,10.44,LOW RISK,Graduate,No,5,12.8,6,12.666666666666666,137.0,18,1,0,1,0
2657,10.39,LOW RISK,Graduate,No,0,0.0,0,0.0,167.3,19,1,0,0,1
3994,10.34,LOW RISK,Graduate,No,5,11.8,6,12.5,137.9,20,0,1,1,0
4297,10.33,LOW RISK,Graduate,No,7,12.142857142857142,4,11.5,116.3,21,1,0,1,1
1465,10.32,LOW RISK,Enrolled,No,5,10.4,6,11.833333333333334,135.0,20,1,0,0,1
887,10.31,LOW RISK,Graduate,No,6,13.0,6,13.166666666666666,129.7,21,1,0,0,0
3759,10.31,LOW RISK,Enrolled,No,4,12.0,5,11.8,130.0,20,1,0,0,0
857,10.27,LOW RISK,Dropout,No,6,13.833333333333334,6,12.666666666666666,141.7,22,1,0,0,1
2372,10.27,LOW RISK,Graduate,No,0,0.0,0,0.0,136.9,19,1,0,1,1
3136,10.25,LOW RISK,Graduate,No,0,0.0,0,0.0,149.9,20,1,0,0,0
1124,10.25,LOW RISK,Graduate,No,5,13.0,6,13.0,160.0,19,1,1,1,0
1929,10.2,LOW RISK,Enrolled,No,5,13.0,5,11.8,124.8,18,0,0,1,0
2131,10.19,LOW RISK,Enrolled,No,4,12.75,6,12.0,126.8,18,1,0,0,0
686,10.19,LOW RISK,Graduate,No,10,12.8,9,12.2,128.2,46,1,0,0,1
965,10.17,LOW RISK,Graduate,No,5,10.2,6,11.666666666666666,113.0,18,1,0,1,1
3543,10.17,LOW RISK,Enrolled,No,4,12.75,4,12.25,140.0,39,1,0,0,1
4279,10.16,LOW RISK,Graduate,No,6,15.333333333333334,6,14.333333333333334,125.1,18,1,1,1,1
768,10.16,LOW RISK,Graduate,No,7,12.571428571428571,9,12.333333333333334,100.0,26,1,0,0,0
3005,10.15,LOW RISK,Graduate,No,5,13.0,5,12.8,128.0,18,1,1,1,0
3605,10.15,LOW RISK,Graduate,No,6,12.166666666666666,6,11.833333333333334,141.8,20,1,0,0,1
2196,10.15,LOW RISK,Enrolled,No,6,12.285714285714286,4,12.0,98.0,19,1,0,1,1
53,10.15,LOW RISK,Enrolled,No,3,11.0,4,14.0,121.8,20,1,0,1,0
404,10.15,LOW RISK,Enrolled,No,4,12.75,6,12.0,127.0,19,1,0,0,0
1499,10.14,LOW RISK,Enrolled,No,6,12.333333333333334,5,12.0,150.0,28,1,0,0,1
1277,10.12,LOW RISK,Graduate,No,5,12.666666666666666,4,13.6,119.4,18,1,0,0,0
1962,10.11,LOW RISK,Enrolled,No,0,0.0,0,0.0,125.8,20,1,0,1,0
2970,10.05,LOW RISK,Graduate,No,5,14.2,5,11.6,159.0,51,1,0,1,0
951,10.04,LOW RISK,Graduate,No,5,11.6,5,11.0,120.2,30,1,0,0,1
4287,10.04,LOW RISK,Graduate,No,4,13.666666666666666,5,12.8,136.8,20,1,0,0,1
1822,10.03,LOW RISK,Enrolled,No,5,11.1,4,12.65,114.8,19,1,0,1,0
4354,10.01,LOW RISK,Graduate,No,0,0.0,0,0.0,142.8,18,1,0,0,0
372,10.01,LOW RISK,Enrolled,No,4,10.833333333333334,4,11.25,148.0,31,1,0,1,0
3959,9.99,LOW RISK,Graduate,No,8,15.75,7,13.971428571428572,131.1,18,1,0,0,0
4014,9.97,LOW RISK,Graduate,No,8,15.52222222222222,7,16.13142857142857,137.8,20,1,0,1,0
3296,9.96,LOW RISK,Graduate,No,4,11.25,4,10.5,114.8,19,1,0,0,0
549,9.94,LOW RISK,Enrolled,No,6,13.496666666666668,6,13.496666666666668,138.0,18,1,0,0,1
389,9.94,LOW RISK,Enrolled,No,5,12.4,5,13.166666666666666,122.5,22,1,0,0,0
3858,9.93,LOW RISK,Graduate,No,5,14.375,5,14.714285714285714,142.7,34,1,1,1,1
1980,9.93,LOW RISK,Graduate,No,6,14.5,5,13.5,119.2,18,1,0,1,0
975,9.92,LOW RISK,Graduate,No,5,11.125,5,12.285714285714286,151.1,48,1,0,0,1
4413,9.91,LOW RISK,Enrolled,No,5,12.2,4,13.0,133.4,19,1,0,1,1
1154,9.91,LOW RISK,Enrolled,No,5,13.76,5,12.94,127.5,19,1,0,0,0
2586,9.9,LOW RISK,Graduate,No,6,12.0,5,12.2,117.6,19,1,0,0,0
117,9.9,LOW RISK,Enrolled,No,4,10.75,2,10.0,140.4,20,1,0,1,0
3025,9.9,LOW RISK,Graduate,No,0,0.0,0,0.0,176.0,18,1,0,1,0
3577,9.89,LOW RISK,Graduate,No,4,10.5,5,10.2,106.4,19,1,0,0,1
3030,9.89,LOW RISK,Graduate,No,4,10.0,4,12.5,132.0,19,1,0,0,0
3973,9.89,LOW RISK,Graduate,No,5,11.2,4,11.0,111.1,31,1,0,0,0
1771,9.88,LOW RISK,Enrolled,No,5,12.0,4,14.25,121.4,23,1,0,1,0
816,9.87,LOW RISK,Enrolled,No,3,12.666666666666666,5,12.8,120.0,21,1,0,0,0
1920,9.87,LOW RISK,Enrolled,No,5,14.6,5,12.2,100.0,20,1,1,0,0
2997,9.87,LOW RISK,Graduate,No,5,13.8,5,11.833333333333334,122.1,18,1,0,0,0
1232,9.86,LOW RISK,Graduate,No,6,11.666666666666666,6,12.166666666666666,127.3,20,1,1,0,0
2722,9.86,LOW RISK,Enrolled,No,4,11.75,3,11.0,128.3,19,1,0,0,0
3289,9.84,LOW RISK,Graduate,No,5,12.0,4,10.5,120.0,25,1,0,0,1
2838,9.84,LOW RISK,Enrolled,No,5,12.2,3,13.333333333333334,108.0,50,1,0,0,0
1565,9.79,LOW RISK,Enrolled,No,4,14.0,6,13.166666666666666,106.0,20,1,0,0,0
1063,9.77,LOW RISK,Graduate,No,6,11.166666666666666,5,11.0,131.5,27,1,0,0,0
719,9.77,LOW RISK,Enrolled,No,5,17.6,5,15.8,123.0,37,1,0,0,1
1965,9.77,LOW RISK,Graduate,No,3,10.333333333333334,4,11.25,129.3,19,1,0,0,0
2152,9.77,LOW RISK,Enrolled,No,5,12.333333333333334,3,11.75,130.0,21,1,0,0,0
4061,9.76,LOW RISK,Graduate,No,6,14.833333333333334,6,15.0,149.7,18,1,0,0,0
1490,9.76,LOW RISK,Graduate,No,5,14.833333333333334,4,13.0,126.1,20,1,0,0,1
3629,9.75,LOW RISK,Dropout,No,0,0.0,0,0.0,142.7,18,1,0,0,0
1468,9.73,LOW RISK,Enrolled,No,4,14.25,4,13.2,122.9,21,1,0,0,1
1482,9.69,LOW RISK,Graduate,No,6,11.333333333333334,4,11.25,117.5,39,1,0,0,0
1608,9.69,LOW RISK,Graduate,No,8,12.8875,8,12.8875,136.3,18,1,0,0,1
1170,9.69,LOW RISK,Graduate,No,4,11.75,4,11.5,121.4,21,1,0,0,1
3123,9.69,LOW RISK,Enrolled,No,4,11.75,3,10.5,118.4,19,1,0,1,0
2265,9.67,LOW RISK,Enrolled,No,5,11.8,5,12.4,114.3,42,1,0,0,1
2217,9.64,LOW RISK,Graduate,No,4,13.6,6,13.433333333333332,115.5,18,1,0,0,1
726,9.64,LOW RISK,Graduate,No,8,16.575,7,15.2,140.0,51,1,0,0,1
751,9.64,LOW RISK,Graduate,No,3,13.333333333333334,4,11.75,123.4,21,1,0,0,0
2827,9.64,LOW RISK,Graduate,No,5,13.4,6,13.333333333333334,135.4,19,1,0,1,0
646,9.61,LOW RISK,Enrolled,No,3,13.333333333333334,2,10.5,131.8,19,1,0,1,0
3427,9.59,LOW RISK,Enrolled,No,2,11.0,5,10.8,101.8,24,1,0,0,0
4120,9.57,LOW RISK,Graduate,No,5,13.666666666666666,4,13.0,144.3,18,1,0,0,0
1440,9.54,LOW RISK,Graduate,No,5,12.571428571428571,4,11.75,126.8,18,1,0,0,1
1568,9.53,LOW RISK,Graduate,No,5,11.4,4,10.75,105.9,21,1,0,0,1
3857,9.48,LOW RISK,Graduate,No,5,13.2,6,13.571428571428571,115.0,36,1,0,0,1
2333,9.47,LOW RISK,Graduate,No,5,12.4,5,13.333333333333334,145.8,34,1,0,0,1
2778,9.46,LOW RISK,Enrolled,No,5,12.6,4,13.75,122.4,19,1,0,0,0
3135,9.45,LOW RISK,Enrolled,No,5,13.2,7,12.50625,135.4,18,1,0,0,0
4122,9.45,LOW RISK,Graduate,No,6,16.285714285714285,6,17.0,130.0,22,1,0,0,0
2561,9.43,LOW RISK,Graduate,No,5,12.6,6,13.5,130.9,18,1,0,0,0
3511,9.39,LOW RISK,Dropout,No,8,12.805555555555555,7,12.718571428571428,130.7,18,1,0,1,1
2336,9.38,LOW RISK,Graduate,No,6,11.166666666666666,6,12.833333333333334,125.4,19,1,0,1,1
3113,9.37,LOW RISK,Dropout,No,6,12.333333333333334,6,11.666666666666666,122.3,19,1,0,0,0
1788,9.37,LOW RISK,Graduate,No,4,13.75,4,13.5,140.0,27,1,0,0,1
665,9.36,LOW RISK,Graduate,No,8,14.444444444444445,7,13.3625,129.0,19,1,0,0,1
2656,9.36,LOW RISK,Graduate,No,6,12.675,6,12.675,130.0,25,1,0,0,1
2025,9.35,LOW RISK,Enrolled,No,4,11.75,2,11.5,170.0,34,1,0,0,0
4154,9.35,LOW RISK,Enrolled,No,0,0.0,0,0.0,143.8,19,1,1,0,0
2236,9.34,LOW RISK,Graduate,No,0,0.0,0,0.0,150.4,21,1,0,1,1
595,9.33,LOW RISK,Enrolled,No,5,14.0,6,13.333333333333334,113.2,20,1,1,0,0
325,9.33,LOW RISK,Enrolled,No,3,13.0,3,10.333333333333334,128.8,19,1,0,0,0
3619,9.32,LOW RISK,Graduate,No,6,13.833333333333334,6,12.5,136.7,18,1,0,0,0
1784,9.3,LOW RISK,Enrolled,No,2,12.0,4,11.0,116.1,19,1,1,0,1
4140,9.29,LOW RISK,Graduate,No,4,11.4,4,11.25,124.2,21,1,0,1,0
2433,9.26,LOW RISK,Dropout,No,6,12.666666666666666,6,12.5,134.1,18,1,0,1,1
3068,9.26,LOW RISK,Enrolled,No,5,11.9,5,12.32,124.3,19,1,0,0,0
3903,9.25,LOW RISK,Enrolled,No,4,11.857142857142858,4,14.2,131.8,35,1,0,0,0
1402,9.25,LOW RISK,Graduate,No,5,12.4,6,12.285714285714286,125.2,18,1,0,1,0
1442,9.23,LOW RISK,Graduate,No,17,12.055555555555555,17,11.61111111111111,134.3,25,1,0,0,1
1875,9.21,LOW RISK,Graduate,No,4,12.75,6,12.166666666666666,134.4,20,1,0,1,1
3974,9.15,LOW RISK,Graduate,No,8,11.736,7,12.327777777777778,127.5,20,1,1,1,0
3233,9.13,LOW RISK,Graduate,No,5,12.6,4,12.5,126.5,18,1,0,0,0
1752,9.11,LOW RISK,Graduate,No,0,0.0,0,0.0,137.8,19,1,0,1,1
3884,9.1,LOW RISK,Graduate,No,4,11.25,5,10.2,121.8,18,1,0,1,0
226,9.09,LOW RISK,Graduate,No,5,15.8,6,15.333333333333334,140.0,33,1,0,0,0
276,9.09,LOW RISK,Graduate,No,8,15.3875,7,13.685714285714283,139.8,18,1,0,0,0
2101,9.08,LOW RISK,Enrolled,No,5,11.833333333333334,5,11.8,117.0,21,1,0,0,0
1724,9.07,LOW RISK,Graduate,No,5,12.4,6,11.166666666666666,126.4,18,1,0,1,0
2833,9.06,LOW RISK,Enrolled,No,6,12.833333333333334,6,14.333333333333334,120.0,34,0,1,0,0
2363,9.05,LOW RISK,Graduate,No,5,12.8,3,10.333333333333334,114.2,20,1,0,0,1
2141,9.04,LOW RISK,Enrolled,No,7,12.728571428571428,7,12.385714285714286,131.1,18,1,0,0,0
3576,9.04,LOW RISK,Graduate,No,6,14.857142857142858,6,14.285714285714286,127.8,18,1,0,0,1
3603,9.04,LOW RISK,Graduate,No,6,12.833333333333334,6,12.833333333333334,129.6,18,1,0,0,1
1894,9.03,LOW RISK,Enrolled,No,0,0.0,0,0.0,145.3,18,1,0,0,0
3908,9.02,LOW RISK,Enrolled,No,3,13.666666666666666,4,12.5,136.7,22,1,0,0,0
268,9.01,LOW RISK,Graduate,No,5,12.8,5,11.4,133.4,19,1,0,1,0
2569,9.01,LOW RISK,Enrolled,No,5,12.2,5,11.6,139.4,41,1,1,0,0
1459,9.0,LOW RISK,Enrolled,No,1,10.0,4,12.5,129.7,19,1,0,0,1
1807,8.99,LOW RISK,Enrolled,No,3,11.5,5,11.8,111.1,19,1,0,1,1
4134,8.99,LOW RISK,Enrolled,No,5,11.6,5,12.2,114.2,18,1,0,0,0
3969,8.98,LOW RISK,Graduate,No,3,12.666666666666666,6,13.0,150.0,22,1,0,0,0
759,8.97,LOW RISK,Graduate,No,4,13.0,6,12.333333333333334,112.4,20,1,0,0,1
4275,8.97,LOW RISK,Enrolled,No,5,12.6,6,13.166666666666666,134.5,25,1,0,0,1
1940,8.94,LOW RISK,Graduate,No,5,11.2,5,12.8,114.6,21,1,0,0,0
2696,8.94,LOW RISK,Enrolled,No,6,13.5,4,14.4,125.3,30,1,1,0,1
1276,8.94,LOW RISK,Graduate,No,6,13.5,6,12.166666666666666,123.1,19,1,0,0,0
1454,8.93,LOW RISK,Graduate,No,6,11.166666666666666,6,12.0,129.9,20,1,0,1,1
1777,8.91,LOW RISK,Graduate,No,7,11.428571428571429,9,12.8,133.0,33,1,0,0,1
3020,8.91,LOW RISK,Graduate,No,5,11.333333333333334,5,10.8,123.0,19,1,0,0,0
3893,8.9,LOW RISK,Graduate,No,4,12.5,4,14.25,133.2,18,1,0,1,0
752,8.9,LOW RISK,Graduate,No,6,14.666666666666666,6,13.333333333333334,126.7,20,1,1,1,0
3925,8.9,LOW RISK,Enrolled,No,9,11.7,11,11.545454545454543,136.2,21,1,1,0,1
2873,8.9,LOW RISK,Enrolled,No,9,11.333333333333334,6,10.666666666666666,117.3,28,1,0,0,0
1385,8.89,LOW RISK,Graduate,No,2,16.0,6,15.0,112.0,24,1,0,1,1
3112,8.84,LOW RISK,Graduate,No,8,15.366666666666667,7,14.757142857142856,130.7,19,1,0,0,0
363,8.84,LOW RISK,Enrolled,No,4,11.0,3,10.333333333333334,112.0,20,1,0,0,0
635,8.82,LOW RISK,Graduate,No,5,14.0,6,13.5,132.6,18,1,0,1,0
2835,8.8,LOW RISK,Graduate,No,5,13.6,6,14.857142857142858,130.0,24,1,0,0,0
879,8.8,LOW RISK,Graduate,No,5,11.6,3,12.333333333333334,121.4,19,1,0,0,1
4084,8.79,LOW RISK,Graduate,No,5,13.142857142857142,5,13.714285714285714,133.9,28,1,0,0,0
2804,8.77,LOW RISK,Graduate,No,6,15.333333333333334,6,16.714285714285715,135.6,20,1,0,0,0
545,8.77,LOW RISK,Enrolled,No,5,12.6,5,13.2,121.1,18,1,0,1,1
3453,8.76,LOW RISK,Graduate,No,7,11.571428571428571,7,11.571428571428571,100.0,20,1,0,0,0
2989,8.76,LOW RISK,Graduate,No,11,13.25,12,13.0,151.4,19,0,0,0,0
2423,8.76,LOW RISK,Graduate,No,5,12.2,6,14.77777777777778,150.1,43,1,0,0,1
1552,8.74,LOW RISK,Graduate,No,6,10.666666666666666,10,10.4,106.2,49,1,0,0,0
4192,8.72,LOW RISK,Enrolled,No,4,11.5,6,12.666666666666666,140.0,20,1,0,0,0
3178,8.71,LOW RISK,Dropout,No,6,13.0,6,13.0,128.1,18,1,0,1,1
1561,8.7,LOW RISK,Enrolled,No,4,12.75,7,12.857142857142858,100.0,20,1,0,0,1
987,8.7,LOW RISK,Graduate,No,6,15.8,6,14.875,150.0,28,1,0,0,1
1275,8.68,LOW RISK,Graduate,No,5,12.333333333333334,5,11.6,120.0,32,1,0,0,0
2895,8.67,LOW RISK,Graduate,No,5,13.0,6,12.666666666666666,118.9,20,1,0,0,0
1503,8.67,LOW RISK,Graduate,No,5,13.833333333333334,5,14.2,156.0,33,1,0,0,1
3119,8.67,LOW RISK,Graduate,No,4,11.5,5,10.8,117.7,20,1,0,0,0
1108,8.66,LOW RISK,Graduate,No,8,12.445555555555554,7,12.65,126.3,18,1,1,1,0
48,8.64,LOW RISK,Graduate,No,7,13.771428571428572,6,13.516666666666666,132.4,22,1,0,1,0
1524,8.63,LOW RISK,Dropout,No,4,11.0,5,11.166666666666666,122.6,21,1,0,0,1
4403,8.6,LOW RISK,Enrolled,No,6,13.0,5,12.6,126.8,18,1,0,0,1
1496,8.59,LOW RISK,Graduate,No,5,14.142857142857142,5,13.8,140.0,23,1,0,0,1
3027,8.59,LOW RISK,Enrolled,No,6,12.571428571428571,6,12.571428571428571,139.8,18,1,0,0,0
4047,8.58,LOW RISK,Graduate,No,4,13.0,6,12.857142857142858,140.9,18,1,0,1,0
732,8.55,LOW RISK,Graduate,No,5,11.666666666666666,5,12.142857142857142,140.0,21,1,0,0,1
2111,8.54,LOW RISK,Enrolled,No,3,15.333333333333334,1,13.0,150.0,19,1,0,0,0
2042,8.52,LOW RISK,Graduate,No,10,11.6,7,13.428571428571429,100.0,37,1,0,0,0
2377,8.52,LOW RISK,Graduate,No,4,14.75,4,14.25,148.8,25,1,0,1,1
3185,8.51,LOW RISK,Graduate,No,5,13.666666666666666,6,13.833333333333334,107.5,19,1,0,1,1
2548,8.5,LOW RISK,Graduate,No,8,13.2325,8,13.2325,133.8,19,1,0,0,0
1187,8.5,LOW RISK,Enrolled,No,10,12.96818181818182,11,12.7,120.0,45,1,0,0,0
3088,8.5,LOW RISK,Graduate,No,4,12.0,3,12.333333333333334,125.0,18,1,0,0,0
2299,8.49,LOW RISK,Graduate,No,6,11.0,4,12.25,118.8,19,1,0,0,1
1182,8.49,LOW RISK,Graduate,No,4,10.5,4,13.25,127.1,18,1,0,0,0
4377,8.48,LOW RISK,Graduate,No,7,12.11875,7,12.217142857142855,127.3,18,1,0,0,0
3109,8.47,LOW RISK,Enrolled,No,6,12.5,6,13.166666666666666,121.1,18,1,0,0,0
1993,8.47,LOW RISK,Enrolled,No,4,11.75,6,11.333333333333334,119.5,25,1,1,0,0
1455,8.47,LOW RISK,Enrolled,No,4,12.25,4,11.6,114.0,20,1,0,0,1
3405,8.46,LOW RISK,Enrolled,No,4,11.25,5,10.2,113.7,32,1,0,0,0
2298,8.45,LOW RISK,Graduate,No,5,11.0,5,11.4,126.2,22,1,0,0,1
3899,8.45,LOW RISK,Graduate,No,5,12.8,5,12.4,120.0,34,1,0,0,0
733,8.43,LOW RISK,Graduate,No,5,11.6,6,12.0,124.7,21,1,0,0,1
957,8.43,LOW RISK,Graduate,No,6,11.666666666666666,6,12.0,140.2,19,1,0,1,1
507,8.43,LOW RISK,Enrolled,No,5,13.8,7,14.75,152.8,26,1,0,0,0
804,8.42,LOW RISK,Graduate,No,6,14.0,6,15.5,128.4,18,1,0,0,0
2998,8.42,LOW RISK,Enrolled,No,4,11.5,4,11.0,112.0,20,1,0,0,0
2108,8.41,LOW RISK,Graduate,No,5,13.2,6,13.333333333333334,142.5,18,1,0,0,0
2522,8.39,LOW RISK,Graduate,No,6,11.166666666666666,6,12.142857142857142,126.1,18,1,0,0,0
1678,8.38,LOW RISK,Graduate,No,5,12.6,4,10.5,119.0,35,1,0,1,1
3379,8.37,LOW RISK,Enrolled,No,3,11.714285714285714,4,11.25,124.4,19,1,0,0,0
261,8.35,LOW RISK,Graduate,No,5,10.6,6,11.166666666666666,137.0,20,1,0,1,0
627,8.34,LOW RISK,Graduate,No,6,11.333333333333334,9,10.88888888888889,130.0,23,1,0,0,0
3156,8.33,LOW RISK,Enrolled,No,3,11.333333333333334,2,10.0,117.8,18,1,0,0,0
848,8.33,LOW RISK,Graduate,No,4,10.25,3,10.666666666666666,122.2,19,1,0,0,0
2611,8.32,LOW RISK,Graduate,No,8,13.755555555555556,6,12.385714285714286,132.8,18,1,0,0,0
3434,8.31,LOW RISK,Dropout,No,8,14.3875,7,13.642857142857142,131.9,19,1,0,0,0
324,8.3,LOW RISK,Graduate,No,8,12.0,5,11.8,117.4,19,1,0,0,0
2698,8.3,LOW RISK,Enrolled,No,4,13.4,4,12.25,109.1,21,0,1,0,1
3210,8.29,LOW RISK,Graduate,No,4,10.75,5,11.0,119.9,18,1,0,0,1
2995,8.28,LOW RISK,Graduate,No,6,11.857142857142858,6,12.571428571428571,131.5,18,1,0,0,0
1227,8.27,LOW RISK,Graduate,No,5,11.6,3,10.666666666666666,151.3,23,1,0,0,0
1488,8.25,LOW RISK,Enrolled,No,5,12.2,6,11.285714285714286,96.0,25,1,0,1,0
2707,8.24,LOW RISK,Graduate,No,5,13.4,4,11.75,132.4,20,1,0,0,1
4314,8.23,LOW RISK,Graduate,No,19,12.210526315789474,21,12.476190476190476,124.6,37,1,0,0,1
2777,8.22,LOW RISK,Enrolled,No,0,0.0,0,0.0,136.1,18,1,0,1,0
4240,8.21,LOW RISK,Graduate,No,6,14.666666666666666,6,16.142857142857142,160.0,27,1,0,0,0
115,8.21,LOW RISK,Dropout,No,6,12.516666666666666,6,12.516666666666666,131.0,18,1,0,0,0
781,8.21,LOW RISK,Graduate,No,6,15.5,6,15.0,137.8,18,1,0,1,0
2495,8.2,LOW RISK,Graduate,No,6,14.0,6,12.666666666666666,136.1,19,1,1,1,1
4404,8.19,LOW RISK,Graduate,No,7,11.2625,6,12.4125,124.8,19,1,0,1,1
3995,8.17,LOW RISK,Graduate,No,9,12.77777777777778,12,11.23076923076923,128.2,20,1,0,0,0
2000,8.17,LOW RISK,Graduate,No,13,11.384615384615383,14,10.214285714285714,120.4,32,0,1,0,0
2302,8.16,LOW RISK,Enrolled,No,5,10.8,6,12.333333333333334,125.1,18,1,0,0,1
2991,8.16,LOW RISK,Graduate,No,4,13.0,6,14.5,163.3,18,1,0,1,0
3707,8.14,LOW RISK,Graduate,No,4,11.25,5,11.2,127.1,22,1,0,1,1
2402,8.14,LOW RISK,Graduate,No,5,12.8,5,11.2,118.2,52,1,0,0,1
2526,8.13,LOW RISK,Graduate,No,3,11.0,6,13.153846153846152,116.1,18,1,0,0,0
1161,8.11,LOW RISK,Graduate,No,5,11.8,5,11.0,117.2,41,1,0,0,0
1149,8.1,LOW RISK,Enrolled,No,6,12.166666666666666,6,12.0,115.8,18,1,0,0,0
1285,8.09,LOW RISK,Graduate,No,4,11.5,4,11.0,119.1,20,1,0,1,1
3162,8.08,LOW RISK,Graduate,No,5,11.8,6,12.857142857142858,126.5,20,1,0,1,0
760,8.08,LOW RISK,Graduate,No,5,11.8,8,11.375,109.0,46,1,0,0,0
1031,8.07,LOW RISK,Graduate,No,3,10.5,3,10.6,126.4,18,1,0,1,0
939,8.06,LOW RISK,Enrolled,No,4,12.25,6,12.666666666666666,131.7,18,1,0,0,0
2572,8.06,LOW RISK,Graduate,No,8,16.3875,7,15.46875,138.8,31,1,0,0,0
1926,8.05,LOW RISK,Graduate,No,5,14.0,8,13.875,129.3,19,1,0,0,0
142,8.05,LOW RISK,Graduate,No,5,12.0,6,12.666666666666666,110.1,19,1,0,1,0
2678,8.03,LOW RISK,Graduate,No,5,15.4,5,13.833333333333334,124.0,31,1,0,0,1
3748,8.03,LOW RISK,Graduate,No,4,13.75,0,0.0,125.0,21,1,0,0,0
1401,8.02,LOW RISK,Enrolled,No,0,0.0,0,0.0,138.3,18,1,0,0,0
1486,8.02,LOW RISK,Graduate,No,5,11.5,4,10.75,121.4,19,1,0,1,0
3739,8.0,LOW RISK,Graduate,No,5,14.6,5,13.6,123.2,18,1,0,0,1
465,8.0,LOW RISK,Enrolled,No,4,10.4,5,10.6,129.8,20,1,0,0,0
681,7.99,LOW RISK,Graduate,No,6,10.666666666666666,6,10.833333333333334,123.3,22,1,0,0,0
1156,7.98,LOW RISK,Enrolled,No,4,12.0,4,12.25,117.3,19,1,0,0,0
2515,7.97,LOW RISK,Dropout,No,5,12.8,6,13.333333333333334,122.5,19,1,0,0,0
329,7.96,LOW RISK,Enrolled,No,5,11.4,5,12.6,125.0,18,1,0,0,0
4258,7.96,LOW RISK,Enrolled,No,4,12.75,3,12.666666666666666,117.1,21,1,0,0,0
4420,7.96,LOW RISK,Graduate,No,5,12.666666666666666,5,13.6,122.2,19,1,0,0,1
1803,7.94,LOW RISK,Graduate,No,5,12.8,4,11.5,118.8,18,1,0,1,1
2869,7.92,LOW RISK,Enrolled,No,5,13.0,4,14.5,140.0,41,1,0,0,0
2681,7.89,LOW RISK,Graduate,No,12,12.52608695652174,12,12.52608695652174,110.0,30,1,0,0,1
2292,7.89,LOW RISK,Graduate,No,5,11.0,5,10.8,125.3,19,1,0,0,1
2287,7.87,LOW RISK,Graduate,No,5,13.4,5,11.0,160.0,40,1,0,0,1
3777,7.87,LOW RISK,Graduate,No,6,13.0,6,13.375,160.0,20,0,0,0,0
1763,7.86,LOW RISK,Graduate,No,6,16.5,6,15.285714285714286,161.5,36,1,0,0,1
688,7.86,LOW RISK,Graduate,No,8,12.48125,7,11.8375,128.8,18,1,0,0,1
1970,7.85,LOW RISK,Graduate,No,5,15.4,6,13.666666666666666,121.1,18,1,0,0,0
3219,7.84,LOW RISK,Enrolled,No,7,11.571428571428571,9,11.0,134.7,23,1,0,0,0
1814,7.82,LOW RISK,Graduate,No,5,11.5,5,12.0,137.5,19,1,0,0,1
2735,7.81,LOW RISK,Graduate,No,5,13.6,5,13.2,121.7,22,1,0,1,0
1661,7.81,LOW RISK,Graduate,No,7,14.142857142857142,11,14.727272727272728,155.7,27,1,0,0,0
761,7.8,LOW RISK,Graduate,No,12,12.384615384615383,18,12.22222222222222,100.0,27,1,0,0,1
249,7.79,LOW RISK,Graduate,No,4,12.25,6,11.333333333333334,116.8,21,1,0,0,0
3655,7.77,LOW RISK,Graduate,No,6,12.166666666666666,6,12.833333333333334,129.4,18,1,0,0,0
2714,7.75,LOW RISK,Graduate,No,5,12.8,6,12.0,150.0,21,1,0,0,0
1723,7.74,LOW RISK,Graduate,No,12,15.428571428571429,11,14.153846153846152,138.8,22,1,0,0,0
250,7.73,LOW RISK,Graduate,No,5,14.142857142857142,6,13.25,123.4,18,1,0,1,0
1159,7.73,LOW RISK,Graduate,No,5,11.833333333333334,5,11.8,130.8,20,1,0,1,0
467,7.72,LOW RISK,Enrolled,No,8,12.625,5,14.333333333333334,131.3,20,1,0,0,0
1884,7.7,LOW RISK,Graduate,No,0,0.0,0,0.0,150.6,18,1,0,0,1
2358,7.7,LOW RISK,Dropout,No,4,11.875,4,11.8,150.0,21,1,0,0,1
1580,7.69,LOW RISK,Enrolled,No,0,0.0,0,0.0,164.3,18,1,0,1,1
1147,7.68,LOW RISK,Enrolled,No,0,0.0,0,0.0,132.8,18,1,0,0,0
582,7.67,LOW RISK,Graduate,No,7,12.614285714285714,7,12.5375,133.0,18,1,0,0,0
140,7.67,LOW RISK,Graduate,No,8,17.5875,7,17.125,174.7,18,1,0,0,0
2107,7.67,LOW RISK,Enrolled,No,4,12.5,1,15.0,146.1,18,1,0,0,0
2122,7.67,LOW RISK,Graduate,No,4,12.4,5,10.875,122.4,19,1,1,0,0
3533,7.66,LOW RISK,Graduate,No,5,15.0,5,13.4,137.0,18,1,0,0,1
1859,7.65,LOW RISK,Graduate,No,6,12.333333333333334,6,14.166666666666666,131.4,20,1,0,0,1
1146,7.65,LOW RISK,Graduate,No,5,12.2,5,13.4,103.5,22,1,0,0,0
1281,7.64,LOW RISK,Graduate,No,6,13.0,6,13.5,133.9,18,1,0,1,1
1470,7.6,LOW RISK,Graduate,No,6,13.666666666666666,6,12.333333333333334,123.4,18,1,0,0,1
1377,7.6,LOW RISK,Enrolled,No,4,12.5,5,12.0,122.7,18,1,0,0,1
2187,7.6,LOW RISK,Enrolled,No,5,11.142857142857142,6,12.0,126.8,18,1,0,1,0
468,7.57,LOW RISK,Graduate,No,13,13.266666666666667,16,13.0,125.2,23,1,0,1,0
1967,7.57,LOW RISK,Graduate,No,3,13.0,3,12.333333333333334,116.7,20,1,0,0,0
129,7.57,LOW RISK,Graduate,No,6,13.666666666666666,6,13.0,122.6,18,1,0,0,0
3731,7.56,LOW RISK,Graduate,No,7,11.95,6,12.733333333333334,129.6,23,1,0,0,1
3949,7.56,LOW RISK,Graduate,No,5,13.0,5,11.0,135.6,43,1,0,1,0
1466,7.53,LOW RISK,Graduate,No,8,12.75,11,12.454545454545457,116.2,21,1,0,0,1
1885,7.52,LOW RISK,Enrolled,No,3,11.725,4,11.75,115.2,48,1,0,0,0
2230,7.51,LOW RISK,Graduate,No,4,10.75,6,11.833333333333334,118.4,19,1,0,0,1
4293,7.51,LOW RISK,Graduate,No,8,13.9125,7,13.62857142857143,126.0,32,1,0,0,1
3595,7.5,LOW RISK,Enrolled,No,5,11.4,2,11.5,117.6,19,1,0,0,1
4026,7.48,LOW RISK,Enrolled,No,5,11.4,5,11.0,139.0,38,1,0,1,0
1734,7.48,LOW RISK,Enrolled,No,9,11.0,9,12.333333333333334,172.0,44,1,0,0,1
4202,7.46,LOW RISK,Graduate,No,6,11.666666666666666,6,12.166666666666666,122.2,19,1,1,0,0
3888,7.45,LOW RISK,Enrolled,No,4,10.75,4,10.4,107.3,19,1,0,1,0
3052,7.44,LOW RISK,Enrolled,No,3,10.857142857142858,2,11.5,112.3,19,1,0,0,0
620,7.43,LOW RISK,Enrolled,No,4,11.75,5,12.666666666666666,140.0,19,1,0,0,0
1168,7.42,LOW RISK,Graduate,No,5,13.0,6,12.333333333333334,127.1,23,1,0,0,1
35,7.41,LOW RISK,Graduate,No,5,13.428571428571429,5,12.4,131.4,34,1,0,0,1
2357,7.41,LOW RISK,Graduate,No,0,0.0,0,0.0,141.5,19,1,0,0,1
4338,7.41,LOW RISK,Graduate,No,4,13.25,5,13.0,114.5,24,1,0,0,0
4207,7.4,LOW RISK,Graduate,No,4,14.0,6,14.166666666666666,142.6,18,1,0,1,0
938,7.39,LOW RISK,Enrolled,No,7,13.428571428571429,6,12.0,150.0,31,1,0,0,0
2575,7.37,LOW RISK,Graduate,No,6,13.0,6,15.0,134.2,20,1,0,1,0
3069,7.37,LOW RISK,Graduate,No,5,12.5,6,12.35,105.0,36,1,0,1,0
1498,7.36,LOW RISK,Graduate,No,5,13.0,6,13.857142857142858,115.3,19,1,0,0,1
3150,7.36,LOW RISK,Graduate,No,4,10.75,5,10.6,120.0,39,1,1,1,0
798,7.36,LOW RISK,Graduate,No,8,12.95,7,13.087142857142856,133.6,18,1,0,0,0
1881,7.36,LOW RISK,Enrolled,No,6,14.636363636363637,5,14.333333333333334,160.0,41,1,1,0,1
130,7.35,LOW RISK,Graduate,No,8,15.011111111111113,7,13.467142857142855,128.0,19,1,0,0,0
2176,7.35,LOW RISK,Graduate,No,0,0.0,0,0.0,153.6,18,1,0,0,0
2871,7.35,LOW RISK,Graduate,No,17,11.5,17,10.36842105263158,128.2,22,1,0,0,0
2497,7.34,LOW RISK,Graduate,No,0,0.0,0,0.0,158.1,20,1,0,1,1
32,7.34,LOW RISK,Graduate,No,4,13.4,6,12.833333333333334,130.0,20,1,0,0,1
3657,7.33,LOW RISK,Graduate,No,3,13.0,3,12.666666666666666,132.1,19,1,0,1,0
1979,7.33,LOW RISK,Enrolled,No,3,13.0,6,14.285714285714286,140.0,20,1,0,0,0
3036,7.32,LOW RISK,Graduate,No,6,10.833333333333334,6,11.333333333333334,122.0,18,1,0,0,0
4320,7.32,LOW RISK,Graduate,No,6,13.166666666666666,5,12.4,121.7,19,1,0,1,1
1838,7.31,LOW RISK,Enrolled,No,5,12.16,5,12.16,109.0,39,1,0,0,0
3126,7.3,LOW RISK,Graduate,No,13,12.071428571428571,15,12.266666666666667,109.3,30,1,0,0,0
3769,7.29,LOW RISK,Enrolled,No,5,11.6,5,13.6,112.6,23,1,0,0,0
1620,7.29,LOW RISK,Graduate,No,5,11.8,6,12.833333333333334,116.3,20,1,0,1,0
2045,7.28,LOW RISK,Graduate,No,4,12.8,6,13.0,140.0,21,1,0,0,0
1413,7.28,LOW RISK,Graduate,No,10,11.7,6,10.5,127.0,23,1,0,0,1
422,7.28,LOW RISK,Graduate,No,5,14.8,7,14.142857142857142,120.0,30,1,0,0,0
2099,7.27,LOW RISK,Graduate,No,8,13.78125,8,13.78125,119.3,19,1,0,1,0
4038,7.27,LOW RISK,Enrolled,No,5,11.4,1,10.0,122.0,21,1,0,1,0
2009,7.26,LOW RISK,Graduate,No,0,0.0,0,0.0,147.5,18,1,0,0,0
2359,7.26,LOW RISK,Graduate,No,6,14.6,6,15.125,110.0,31,1,0,0,1
2049,7.25,LOW RISK,Graduate,No,8,15.125,7,13.457142857142856,134.5,18,1,0,0,0
3402,7.25,LOW RISK,Enrolled,No,5,13.6,6,13.571428571428571,125.7,20,1,0,0,0
301,7.24,LOW RISK,Graduate,No,6,13.714285714285714,6,12.25,127.0,18,1,0,0,0
2118,7.23,LOW RISK,Dropout,No,8,12.82875,8,12.82875,142.3,18,1,0,0,0
2942,7.23,LOW RISK,Enrolled,No,8,12.3,7,12.428571428571429,152.8,28,1,0,0,0
1349,7.22,LOW RISK,Enrolled,No,8,13.333333333333334,11,13.166666666666666,144.9,23,0,1,0,0
1708,7.18,LOW RISK,Enrolled,No,4,12.25,4,10.75,117.0,19,1,0,0,1
869,7.18,LOW RISK,Graduate,No,5,12.8,6,13.857142857142858,126.9,20,1,0,0,1
2084,7.18,LOW RISK,Graduate,No,6,14.666666666666666,6,14.857142857142858,135.9,18,1,0,0,0
3042,7.18,LOW RISK,Enrolled,No,7,12.757142857142856,6,13.39,128.8,18,1,0,0,0
587,7.16,LOW RISK,Graduate,No,5,13.2,3,12.0,127.0,19,1,0,0,0
131,7.16,LOW RISK,Dropout,No,7,13.742857142857144,7,13.2375,124.9,18,1,0,1,0
1739,7.16,LOW RISK,Graduate,No,6,13.833333333333334,6,14.166666666666666,130.0,27,1,0,0,1
2825,7.15,LOW RISK,Enrolled,No,5,13.7,5,11.716666666666669,120.3,19,1,0,0,0
3419,7.15,LOW RISK,Graduate,No,7,14.428571428571429,7,13.285714285714286,126.9,19,1,0,1,0
3990,7.15,LOW RISK,Graduate,No,11,12.090909090909092,13,12.076923076923077,118.4,28,1,1,0,0
22,7.14,LOW RISK,Enrolled,No,8,11.425,7,11.4375,121.8,20,1,0,0,0
963,7.14,LOW RISK,Graduate,No,5,13.2,3,13.666666666666666,126.0,18,1,0,0,1
992,7.13,LOW RISK,Graduate,No,5,14.8,6,12.0,137.1,18,1,0,0,0
3391,7.13,LOW RISK,Graduate,No,7,12.285714285714286,7,12.714285714285714,127.4,18,1,1,1,0
1890,7.12,LOW RISK,Graduate,No,0,0.0,0,0.0,156.0,18,1,0,0,0
3007,7.12,LOW RISK,Graduate,No,4,11.0,4,11.25,136.3,18,1,0,0,0
2857,7.11,LOW RISK,Graduate,No,6,13.333333333333334,6,15.0,135.8,19,1,0,0,0
3207,7.11,LOW RISK,Graduate,No,5,13.333333333333334,5,13.0,144.6,18,1,0,0,1
1443,7.1,LOW RISK,Graduate,No,6,14.666666666666666,6,14.0,120.5,18,1,0,0,1
538,7.08,LOW RISK,Graduate,No,5,12.4,5,11.0,116.9,21,1,0,0,1
1948,7.07,LOW RISK,Graduate,No,3,14.0,4,11.0,125.6,18,1,0,0,0
2012,7.06,LOW RISK,Graduate,No,5,12.4,5,11.8,160.0,44,1,0,0,0
2996,7.05,LOW RISK,Graduate,No,8,14.9,7,13.857142857142858,132.6,18,1,0,1,0
288,7.04,LOW RISK,Graduate,No,4,11.5,4,12.0,101.0,32,1,0,0,0
339,7.04,LOW RISK,Graduate,No,6,12.428571428571429,5,12.166666666666666,114.7,19,1,0,0,0
408,7.03,LOW RISK,Graduate,No,5,14.8,5,15.8,139.0,27,1,0,0,0
3845,7.02,LOW RISK,Graduate,No,5,12.8,3,14.0,138.4,21,1,0,0,1
176,7.01,LOW RISK,Enrolled,No,4,13.5,3,11.666666666666666,123.0,18,1,0,1,0
1415,7.01,LOW RISK,Graduate,No,8,14.5125,7,13.457142857142856,127.5,18,1,0,0,0
4136,7.0,LOW RISK,Graduate,No,5,11.0,5,12.8,115.0,28,1,0,0,0
1484,7.0,LOW RISK,Graduate,No,4,13.4,6,11.166666666666666,124.3,19,1,0,1,0
4132,7.0,LOW RISK,Graduate,No,7,12.084285714285716,7,12.084285714285716,140.8,25,1,0,0,0
4164,6.99,LOW RISK,Graduate,No,6,11.0,6,12.166666666666666,110.7,19,1,0,0,0
1644,6.99,LOW RISK,Graduate,No,6,11.0,5,12.0,123.8,20,1,0,0,0
4419,6.98,LOW RISK,Graduate,No,7,13.142857142857142,6,12.5,120.0,20,1,0,0,1
999,6.98,LOW RISK,Graduate,No,5,13.4,6,12.666666666666666,109.4,19,1,0,0,0
4106,6.98,LOW RISK,Graduate,No,5,11.444444444444445,5,12.8,130.0,19,1,0,0,1
1321,6.96,LOW RISK,Graduate,No,6,12.333333333333334,6,12.166666666666666,129.4,18,1,1,0,0
3615,6.96,LOW RISK,Enrolled,No,6,11.833333333333334,7,13.142857142857142,100.0,24,1,1,0,1
2859,6.94,LOW RISK,Graduate,No,5,12.8,5,13.4,137.3,19,1,0,0,0
2906,6.93,LOW RISK,Graduate,No,6,12.5,6,12.5,132.5,19,1,0,0,0
4301,6.93,LOW RISK,Graduate,No,5,12.0,5,11.714285714285714,130.0,20,1,0,0,1
215,6.92,LOW RISK,Graduate,No,6,12.0,6,11.714285714285714,126.9,21,1,0,0,0
3416,6.92,LOW RISK,Enrolled,No,6,14.775,6,13.548333333333334,125.7,20,1,0,0,0
2284,6.91,LOW RISK,Graduate,No,10,11.8,10,12.4,118.6,21,1,0,0,1
1816,6.91,LOW RISK,Enrolled,No,6,13.727272727272728,6,14.88888888888889,140.0,24,1,1,0,1
4127,6.89,LOW RISK,Enrolled,No,4,13.5,3,12.0,129.1,19,1,0,0,0
4250,6.88,LOW RISK,Graduate,No,10,14.2,10,14.3,130.0,41,1,0,0,0
3831,6.87,LOW RISK,Graduate,No,7,12.365714285714288,7,12.365714285714288,129.0,18,1,0,0,1
3813,6.87,LOW RISK,Graduate,No,9,12.555555555555555,9,11.666666666666666,130.5,28,1,0,0,0
2353,6.85,LOW RISK,Graduate,No,5,14.2,4,14.0,149.2,18,1,0,0,1
1142,6.85,LOW RISK,Enrolled,No,3,11.0,5,12.4,123.8,19,1,0,1,0
1399,6.85,LOW RISK,Graduate,No,7,12.228571428571428,6,11.833333333333334,123.0,31,1,0,0,0
1148,6.85,LOW RISK,Graduate,No,5,11.4,4,11.5,100.0,21,1,0,0,0
2609,6.84,LOW RISK,Graduate,No,4,12.75,6,11.0,115.6,20,1,0,0,0
1666,6.84,LOW RISK,Enrolled,No,5,15.0,6,14.0,138.1,19,1,0,0,0
1765,6.83,LOW RISK,Graduate,No,9,12.6,11,12.636363636363637,142.2,21,1,0,1,1
1004,6.83,LOW RISK,Graduate,No,3,11.0,5,11.2,116.1,19,1,0,1,0
1606,6.82,LOW RISK,Enrolled,No,8,11.625,11,12.545454545454543,130.0,20,1,1,0,1
1966,6.82,LOW RISK,Graduate,No,12,13.461538461538462,11,13.818181818181818,120.0,31,1,0,0,0
640,6.82,LOW RISK,Dropout,No,6,11.833333333333334,6,12.666666666666666,129.8,18,1,0,1,0
2054,6.81,LOW RISK,Enrolled,No,6,13.066666666666668,5,13.44,123.0,19,1,0,0,0
3641,6.81,LOW RISK,Graduate,No,6,12.666666666666666,6,13.5,146.5,20,1,0,1,0
2891,6.81,LOW RISK,Graduate,No,6,12.5,8,13.75,157.8,44,1,0,0,0
1271,6.8,LOW RISK,Enrolled,No,6,12.428571428571429,5,12.6,113.7,18,1,0,0,0
2384,6.78,LOW RISK,Enrolled,No,9,11.444444444444445,10,11.8,130.0,21,1,1,0,1
1404,6.78,LOW RISK,Graduate,No,8,15.06875,7,13.15,130.6,18,1,0,1,0
242,6.78,LOW RISK,Enrolled,No,9,13.555555555555555,11,12.909090909090908,155.0,24,1,0,0,0
2494,6.78,LOW RISK,Graduate,No,5,12.5,6,15.0,150.0,31,1,0,0,1
3239,6.77,LOW RISK,Graduate,No,8,13.9375,7,14.424285714285714,127.0,18,1,0,0,0
1866,6.75,LOW RISK,Graduate,No,5,12.4,5,12.4,140.0,26,1,0,0,1
2557,6.75,LOW RISK,Graduate,No,5,11.4,4,12.0,130.0,19,1,0,0,0
2348,6.75,LOW RISK,Graduate,No,5,15.285714285714286,5,12.166666666666666,105.6,20,1,0,0,1
875,6.74,LOW RISK,Graduate,No,4,14.5,5,15.0,143.5,18,1,1,0,1
3114,6.73,LOW RISK,Enrolled,No,5,12.375,5,12.6,144.1,19,1,0,0,0
4244,6.72,LOW RISK,Enrolled,No,6,10.375,6,11.714285714285714,136.6,18,1,0,0,0
3306,6.68,LOW RISK,Graduate,No,6,13.0,6,13.666666666666666,130.1,18,1,0,0,0
169,6.68,LOW RISK,Graduate,No,7,14.257142857142856,7,14.257142857142856,130.0,29,1,0,0,0
1269,6.67,LOW RISK,Enrolled,No,5,12.6,8,12.375,135.0,23,1,1,0,0
1045,6.67,LOW RISK,Graduate,No,5,12.2,5,11.6,116.6,19,1,0,0,0
4065,6.67,LOW RISK,Enrolled,No,11,11.25,12,11.833333333333334,135.5,22,1,1,0,0
3001,6.67,LOW RISK,Enrolled,No,7,12.714285714285714,7,12.714285714285714,130.0,24,1,0,0,0
3448,6.67,LOW RISK,Graduate,No,0,0.0,0,0.0,141.4,18,1,0,1,0
1193,6.67,LOW RISK,Graduate,No,0,0.0,0,0.0,142.0,18,1,0,1,0
1915,6.66,LOW RISK,Graduate,No,5,12.2,5,15.4,132.6,18,1,0,0,0
2773,6.66,LOW RISK,Enrolled,No,5,12.858,5,12.858,117.5,19,1,0,0,1
3252,6.64,LOW RISK,Graduate,No,4,11.0,4,10.714285714285714,113.0,18,1,0,1,0
3523,6.64,LOW RISK,Graduate,No,6,13.428571428571429,6,14.875,149.5,17,1,0,1,1
3721,6.62,LOW RISK,Enrolled,No,0,0.0,1,11.0,120.0,19,1,0,0,1
4392,6.62,LOW RISK,Enrolled,No,7,12.06375,7,13.761111111111113,130.0,32,1,0,0,0
1145,6.62,LOW RISK,Enrolled,No,4,12.625,3,12.0,122.6,20,1,0,1,0
1082,6.61,LOW RISK,Graduate,No,5,11.0,5,13.2,116.5,19,1,0,1,0
4339,6.59,LOW RISK,Enrolled,No,4,12.5,3,12.666666666666666,127.2,18,1,0,1,0
3043,6.58,LOW RISK,Graduate,No,5,13.6,6,12.333333333333334,111.1,18,0,0,0,0
161,6.57,LOW RISK,Dropout,No,6,13.0,6,13.166666666666666,118.2,19,1,0,0,0
3863,6.56,LOW RISK,Graduate,No,6,12.833333333333334,5,12.0,132.0,18,1,0,1,1
449,6.56,LOW RISK,Graduate,No,5,12.8,6,13.333333333333334,118.9,20,1,0,0,0
4028,6.55,LOW RISK,Dropout,No,6,13.066666666666668,6,13.066666666666668,128.5,19,1,0,0,0
128,6.55,LOW RISK,Enrolled,No,5,13.4,5,12.8,145.3,18,1,0,1,0
2127,6.55,LOW RISK,Dropout,No,8,13.744444444444444,6,13.766666666666666,118.4,20,1,0,1,0
1317,6.54,LOW RISK,Enrolled,No,4,11.75,3,12.0,113.6,19,1,0,0,0
469,6.54,LOW RISK,Graduate,No,8,13.31,8,13.31,141.3,18,1,0,1,0
4410,6.54,LOW RISK,Graduate,No,5,14.333333333333334,5,14.6,122.7,38,1,0,0,1
1722,6.53,LOW RISK,Graduate,No,5,11.4,6,10.571428571428571,124.2,18,1,0,1,0
1422,6.53,LOW RISK,Enrolled,No,3,12.666666666666666,5,11.6,123.5,19,1,0,1,0
204,6.53,LOW RISK,Graduate,No,6,11.714285714285714,6,12.166666666666666,126.7,21,1,1,0,0
4408,6.52,LOW RISK,Graduate,No,6,13.285714285714286,6,12.833333333333334,131.7,18,1,0,0,1
1374,6.52,LOW RISK,Graduate,No,5,12.4,5,12.0,128.6,19,1,0,0,1
341,6.51,LOW RISK,Enrolled,No,3,12.0,4,12.0,125.9,19,1,0,0,0
750,6.51,LOW RISK,Graduate,No,8,13.944444444444445,7,13.471428571428572,128.4,18,1,0,0,0
3385,6.51,LOW RISK,Enrolled,No,3,11.333333333333334,2,14.5,122.8,19,1,0,0,0
1975,6.5,LOW RISK,Graduate,No,8,13.244444444444444,7,13.135,131.6,18,1,0,0,0
2903,6.47,LOW RISK,Graduate,No,8,13.125,7,11.0,130.0,32,1,0,0,0
3505,6.46,LOW RISK,Graduate,No,5,13.0,6,12.166666666666666,126.3,18,1,0,1,1
3397,6.46,LOW RISK,Enrolled,No,4,13.25,0,0.0,126.1,18,1,0,0,0
81,6.45,LOW RISK,Dropout,No,5,12.2,5,12.2,110.2,20,1,0,0,1
174,6.44,LOW RISK,Graduate,No,5,12.0,3,11.666666666666666,148.0,26,1,0,0,0
2064,6.43,LOW RISK,Graduate,No,5,11.0,5,14.0,111.6,19,1,0,0,0
4189,6.43,LOW RISK,Graduate,No,5,11.8,4,11.75,110.6,20,1,0,0,0
1192,6.43,LOW RISK,Graduate,No,7,12.04142857142857,7,12.04142857142857,124.5,19,1,0,0,0
4064,6.42,LOW RISK,Graduate,No,5,12.75,5,12.285714285714286,130.2,24,1,0,1,0
486,6.42,LOW RISK,Graduate,No,5,12.2,6,12.666666666666666,132.7,18,1,0,1,0
3286,6.42,LOW RISK,Graduate,No,5,13.8,5,13.8,149.8,36,1,0,0,1
1084,6.41,LOW RISK,Graduate,No,7,14.857142857142858,7,13.428571428571429,139.7,19,1,0,1,0
2763,6.4,LOW RISK,Enrolled,No,3,11.666666666666666,3,12.333333333333334,111.0,26,1,0,1,0
31,6.39,LOW RISK,Enrolled,No,5,10.571428571428571,5,11.857142857142858,150.0,21,1,0,0,1
14,6.39,LOW RISK,Graduate,No,5,11.0,6,10.571428571428571,111.8,21,1,0,1,0
4266,6.38,LOW RISK,Graduate,No,6,12.428571428571429,6,13.166666666666666,121.8,19,1,0,0,1
88,6.38,LOW RISK,Graduate,No,5,11.2,6,10.666666666666666,117.6,20,1,0,0,1
2096,6.36,LOW RISK,Graduate,No,12,12.857142857142858,14,12.5625,140.0,20,1,0,0,0
3939,6.36,LOW RISK,Graduate,No,8,15.127777777777778,7,14.20857142857143,128.0,19,1,0,0,0
4172,6.36,LOW RISK,Enrolled,No,4,11.0,0,0.0,121.7,18,1,0,1,0
3737,6.34,LOW RISK,Enrolled,No,4,14.0,5,11.833333333333334,134.0,24,1,0,1,1
541,6.33,LOW RISK,Graduate,No,8,15.018181818181818,7,14.528571428571428,160.0,28,1,0,0,1
4104,6.32,LOW RISK,Enrolled,No,4,11.75,5,11.2,124.0,19,1,0,0,0
2316,6.32,LOW RISK,Dropout,No,5,15.6,5,15.4,135.6,18,1,0,0,1
4190,6.32,LOW RISK,Graduate,No,8,12.0,12,12.333333333333334,154.0,28,1,0,0,0
4121,6.31,LOW RISK,Graduate,No,7,12.485714285714286,7,12.485714285714286,141.0,19,1,0,1,0
3572,6.31,LOW RISK,Graduate,No,5,16.0,5,16.2,148.7,18,1,0,0,1
1139,6.31,LOW RISK,Graduate,No,7,13.297142857142855,7,13.297142857142855,126.3,18,1,0,0,0
3131,6.3,LOW RISK,Graduate,No,5,12.0,6,11.75,133.0,18,1,0,0,0
1127,6.3,LOW RISK,Graduate,No,8,16.582222222222224,7,17.005555555555556,184.0,28,1,0,0,0
205,6.3,LOW RISK,Graduate,No,4,11.25,5,11.142857142857142,116.5,18,1,0,1,0
1381,6.29,LOW RISK,Graduate,No,5,12.583333333333334,7,12.375,106.0,21,1,0,0,1
4025,6.29,LOW RISK,Enrolled,No,2,11.666666666666666,0,0.0,114.0,20,1,0,0,0
1208,6.29,LOW RISK,Enrolled,No,6,12.9,6,12.875,120.0,37,1,1,0,0
1022,6.28,LOW RISK,Graduate,No,5,11.2,6,11.333333333333334,117.4,21,1,0,0,0
2352,6.28,LOW RISK,Graduate,No,10,14.3,12,12.857142857142858,150.0,22,1,0,0,1
2350,6.27,LOW RISK,Graduate,No,6,11.5,6,12.666666666666666,131.0,44,1,0,0,1
1522,6.27,LOW RISK,Graduate,No,5,15.2,5,15.2,168.0,29,1,0,0,1
3129,6.27,LOW RISK,Graduate,No,5,13.0,5,13.8,117.1,22,1,1,0,0
2219,6.27,LOW RISK,Graduate,No,6,13.5,6,14.666666666666666,140.0,25,1,0,0,1
2793,6.25,LOW RISK,Graduate,No,7,11.571428571428571,8,12.0,143.0,37,1,0,0,1
4219,6.25,LOW RISK,Enrolled,No,6,13.333333333333334,6,13.5,135.0,18,1,0,0,0
3880,6.24,LOW RISK,Graduate,No,5,11.166666666666666,5,11.6,160.0,35,1,0,0,0
4227,6.24,LOW RISK,Dropout,No,6,11.5,4,11.5,119.7,19,1,0,1,0
1525,6.24,LOW RISK,Enrolled,No,0,0.0,0,0.0,141.7,18,1,0,0,1
72,6.24,LOW RISK,Graduate,No,8,13.75,7,11.975,130.8,24,1,0,0,1
2436,6.23,LOW RISK,Graduate,No,5,12.6,5,13.0,133.5,21,1,0,0,1
933,6.23,LOW RISK,Graduate,No,8,15.11111111111111,8,13.6,110.0,32,1,0,0,0
3149,6.22,LOW RISK,Enrolled,No,4,10.75,5,11.166666666666666,125.7,20,1,0,0,0
533,6.21,LOW RISK,Graduate,No,7,11.69,7,11.69,127.3,18,1,0,0,1
2266,6.2,LOW RISK,Enrolled,No,4,14.8,5,14.0,104.6,21,0,0,0,1
1110,6.18,LOW RISK,Graduate,No,5,12.666666666666666,4,12.4,134.9,20,1,0,0,0
1649,6.17,LOW RISK,Dropout,No,7,12.142857142857142,7,12.9,127.6,18,1,0,0,0
2371,6.17,LOW RISK,Enrolled,No,5,11.77777777777778,6,11.285714285714286,140.0,20,1,0,0,1
1670,6.16,LOW RISK,Graduate,No,5,13.0,4,12.75,132.5,22,1,1,1,0
739,6.16,LOW RISK,Enrolled,No,10,11.181818181818182,11,12.0,146.5,19,1,1,0,1
522,6.15,LOW RISK,Graduate,No,5,12.6,2,12.0,115.9,18,1,0,0,0
3033,6.14,LOW RISK,Graduate,No,8,12.205555555555556,6,12.648333333333332,128.9,19,1,0,1,0
685,6.13,LOW RISK,Graduate,No,9,11.22222222222222,7,12.0,110.0,49,1,0,0,1
1900,6.12,LOW RISK,Graduate,No,8,14.0,10,14.5,153.8,21,1,0,0,0
2960,6.12,LOW RISK,Graduate,No,6,12.833333333333334,6,15.0,103.0,62,1,0,0,0
1433,6.12,LOW RISK,Enrolled,No,5,11.0,6,10.833333333333334,122.0,18,1,0,1,0
3783,6.12,LOW RISK,Graduate,No,7,13.142857142857142,7,12.142857142857142,119.4,18,1,0,0,0
1452,6.11,LOW RISK,Graduate,No,12,12.307692307692308,11,12.0,131.6,19,1,0,0,1
3804,6.11,LOW RISK,Graduate,No,7,12.142857142857142,9,12.666666666666666,113.0,30,1,0,0,0
4066,6.11,LOW RISK,Enrolled,No,5,14.0,6,12.166666666666666,118.3,20,1,0,0,0
1817,6.11,LOW RISK,Graduate,No,13,12.0,13,11.357142857142858,131.8,31,1,0,0,0
356,6.09,LOW RISK,Graduate,No,6,16.428571428571427,6,15.0,127.1,18,1,0,0,0
838,6.09,LOW RISK,Enrolled,No,2,13.5,5,12.414285714285713,126.6,23,1,0,0,1
2672,6.09,LOW RISK,Graduate,No,5,13.666666666666666,5,13.8,138.7,43,1,0,0,1
216,6.09,LOW RISK,Enrolled,No,8,13.3125,6,12.125,145.0,25,1,0,0,0
3815,6.08,LOW RISK,Graduate,No,7,11.77777777777778,9,12.333333333333334,112.5,20,1,0,0,0
2502,6.07,LOW RISK,Graduate,No,6,13.333333333333334,3,12.333333333333334,113.0,46,1,0,0,0
2874,6.07,LOW RISK,Graduate,No,13,12.384615384615383,13,12.692307692307692,120.0,32,1,0,0,0
427,6.07,LOW RISK,Graduate,No,6,13.571428571428571,6,13.5,121.0,19,1,0,0,0
4291,6.06,LOW RISK,Graduate,No,11,12.181818181818182,12,10.923076923076923,148.4,20,1,0,1,1
881,6.05,LOW RISK,Graduate,No,5,13.2,6,13.666666666666666,129.9,19,1,0,1,1
845,6.05,LOW RISK,Graduate,No,5,10.8,5,11.4,133.6,18,1,0,0,0
1607,6.05,LOW RISK,Graduate,No,6,13.0,4,13.0,98.9,20,1,0,0,1
19,6.04,LOW RISK,Graduate,No,4,12.25,4,12.5,136.3,20,1,0,0,0
1476,6.04,LOW RISK,Graduate,No,5,12.6,4,12.0,122.5,19,1,0,0,1
2546,6.03,LOW RISK,Graduate,No,6,14.333333333333334,6,16.0,137.6,18,1,0,0,0
385,6.03,LOW RISK,Graduate,No,8,11.11111111111111,9,12.555555555555555,140.2,20,1,0,0,0
3729,6.03,LOW RISK,Graduate,No,10,14.2,11,14.454545454545457,110.0,42,1,0,0,1
230,6.02,LOW RISK,Graduate,No,7,11.571428571428571,7,11.571428571428571,112.0,19,1,0,1,0
1587,6.0,LOW RISK,Enrolled,No,4,12.25,4,12.0,131.3,18,1,0,0,0
3133,5.99,LOW RISK,Graduate,No,6,13.333333333333334,6,14.444444444444445,151.0,18,1,0,0,0
3677,5.98,LOW RISK,Graduate,No,4,11.25,9,10.88888888888889,119.9,22,0,1,0,0
1832,5.98,LOW RISK,Graduate,No,5,14.0,6,11.5,124.8,18,1,0,1,0
3680,5.98,LOW RISK,Graduate,No,6,12.0,6,12.666666666666666,113.9,19,1,0,1,0
3273,5.98,LOW RISK,Graduate,No,10,13.4,11,12.25,128.2,41,1,0,0,0
1991,5.96,LOW RISK,Graduate,No,5,12.8,5,12.2,121.2,18,1,0,0,0
3180,5.96,LOW RISK,Enrolled,No,5,11.2,5,11.2,125.7,19,1,0,1,1
3504,5.95,LOW RISK,Graduate,No,4,11.75,6,11.714285714285714,130.0,21,1,0,1,1
663,5.95,LOW RISK,Graduate,No,6,13.666666666666666,6,12.571428571428571,115.8,18,1,0,0,0
1781,5.94,LOW RISK,Enrolled,No,5,12.25,5,12.8,139.0,21,1,0,0,1
3443,5.94,LOW RISK,Graduate,No,5,12.4,6,11.5,116.9,20,1,0,0,0
1757,5.94,LOW RISK,Enrolled,No,10,12.272727272727272,10,12.7,143.6,19,1,1,0,1
4226,5.93,LOW RISK,Graduate,No,6,13.5,6,12.571428571428571,141.8,21,1,0,0,0
2296,5.93,LOW RISK,Graduate,No,6,13.428571428571429,6,15.125,138.4,19,1,0,0,1
2555,5.93,LOW RISK,Enrolled,No,3,11.333333333333334,3,10.666666666666666,124.9,18,1,1,0,1
2221,5.92,LOW RISK,Graduate,No,7,12.742857142857144,7,12.742857142857144,150.0,24,1,0,0,1
1725,5.91,LOW RISK,Graduate,No,17,12.666666666666666,17,12.0,151.9,21,1,0,0,0
241,5.91,LOW RISK,Enrolled,No,7,11.4625,6,12.471428571428572,119.4,19,1,0,0,0
1023,5.9,LOW RISK,Graduate,No,6,11.68,6,11.68,112.7,21,1,0,0,0
2368,5.89,LOW RISK,Graduate,No,6,13.666666666666666,6,14.0,128.2,18,1,0,0,1
1518,5.89,LOW RISK,Graduate,No,11,13.583333333333334,12,13.583333333333334,131.9,19,1,0,0,1
1177,5.88,LOW RISK,Graduate,No,5,12.166666666666666,6,13.571428571428571,126.9,18,1,0,0,0
2513,5.88,LOW RISK,Graduate,No,8,13.0625,7,13.198571428571428,132.5,19,1,0,0,0
643,5.87,LOW RISK,Enrolled,No,3,12.333333333333334,2,10.5,121.0,18,1,0,0,0
3247,5.87,LOW RISK,Graduate,No,6,13.5,6,14.833333333333334,133.7,18,1,0,1,0
3297,5.87,LOW RISK,Enrolled,No,6,12.8,5,11.94,126.2,18,1,0,1,0
4000,5.87,LOW RISK,Dropout,No,8,14.2125,6,13.0,141.1,20,1,0,0,0
619,5.85,LOW RISK,Graduate,No,8,13.01875,6,12.339999999999998,126.3,19,1,0,1,0
3021,5.84,LOW RISK,Graduate,No,5,12.833333333333334,3,12.0,118.4,19,1,0,0,0
2807,5.84,LOW RISK,Graduate,No,6,12.0,5,11.6,119.1,22,1,0,1,0
3424,5.84,LOW RISK,Dropout,No,5,15.4,5,14.6,160.0,30,1,0,0,0
3895,5.83,LOW RISK,Enrolled,No,5,13.82,4,13.25,114.8,21,1,0,0,0
2573,5.83,LOW RISK,Graduate,No,6,14.166666666666666,6,12.625,110.0,23,1,1,0,0
1450,5.83,LOW RISK,Graduate,No,9,12.555555555555555,6,12.571428571428571,140.0,25,1,0,0,1
584,5.8,LOW RISK,Graduate,No,4,12.8,4,12.0,133.0,18,1,0,0,0
3451,5.8,LOW RISK,Enrolled,No,5,12.125,5,12.285714285714286,151.6,24,1,0,0,0
1163,5.8,LOW RISK,Graduate,No,7,14.652857142857142,7,14.652857142857142,131.8,18,1,0,0,0
1347,5.79,LOW RISK,Graduate,No,6,13.5,6,12.333333333333334,120.4,18,1,0,1,0
11,5.79,LOW RISK,Graduate,No,5,14.2,6,12.333333333333334,130.6,18,1,0,0,0
1930,5.78,LOW RISK,Graduate,No,8,15.11111111111111,7,14.868571428571428,128.5,18,1,0,1,0
2798,5.78,LOW RISK,Graduate,No,5,14.0,6,13.333333333333334,120.6,19,1,0,0,1
4231,5.78,LOW RISK,Graduate,No,8,14.7375,7,14.95,115.0,28,1,0,0,0
2092,5.78,LOW RISK,Enrolled,No,3,11.333333333333334,5,12.2,119.7,21,1,0,0,0
1901,5.77,LOW RISK,Graduate,No,6,12.666666666666666,6,13.333333333333334,110.0,20,1,1,0,0
4229,5.77,LOW RISK,Enrolled,No,5,13.0,5,13.6,134.5,45,1,0,0,0
3477,5.77,LOW RISK,Graduate,No,13,14.538461538461538,18,15.052631578947368,140.7,20,1,1,1,0
1704,5.76,LOW RISK,Graduate,No,6,11.5,6,12.5,136.3,18,1,0,0,1
4288,5.76,LOW RISK,Graduate,No,5,11.4,3,12.333333333333334,160.0,21,1,0,0,1
1392,5.75,LOW RISK,Graduate,No,5,12.6,6,11.333333333333334,130.9,18,1,0,0,0
3490,5.75,LOW RISK,Graduate,No,5,12.166666666666666,5,11.0,105.0,20,1,0,0,1
2356,5.75,LOW RISK,Graduate,No,6,14.285714285714286,6,13.625,119.6,18,1,0,0,1
3519,5.74,LOW RISK,Dropout,No,2,12.5,4,11.5,130.0,22,1,0,0,1
432,5.74,LOW RISK,Graduate,No,5,12.8,6,11.833333333333334,120.0,27,1,0,1,0
1028,5.74,LOW RISK,Graduate,No,5,12.2,5,11.666666666666666,123.7,19,1,0,1,0
1427,5.73,LOW RISK,Graduate,No,4,11.5,6,13.333333333333334,140.0,22,1,0,0,0
4211,5.73,LOW RISK,Graduate,No,4,13.25,6,12.833333333333334,121.0,22,1,0,1,0
461,5.73,LOW RISK,Graduate,No,5,14.6,5,16.4,155.1,20,1,0,0,0
1235,5.72,LOW RISK,Graduate,No,7,13.925714285714283,7,13.925714285714283,131.5,19,1,0,0,0
2762,5.72,LOW RISK,Enrolled,No,6,10.833333333333334,8,11.0,100.0,45,1,0,0,0
3439,5.72,LOW RISK,Graduate,No,8,11.9625,6,11.416666666666666,117.8,24,1,0,0,0
4145,5.72,LOW RISK,Enrolled,No,8,11.8375,6,10.744444444444444,123.5,22,1,0,0,0
2079,5.72,LOW RISK,Graduate,No,7,13.042857142857144,7,12.5,133.4,18,1,0,0,0
1998,5.71,LOW RISK,Graduate,No,6,13.333333333333334,6,12.857142857142858,122.4,18,1,0,0,0
3105,5.71,LOW RISK,Graduate,No,6,12.428571428571429,6,12.0,123.1,19,1,0,0,0
3699,5.71,LOW RISK,Graduate,No,7,11.85625,5,12.87857142857143,101.0,20,1,0,0,1
2737,5.71,LOW RISK,Graduate,No,8,15.925,7,13.385714285714286,128.4,19,1,0,1,0
2519,5.7,LOW RISK,Graduate,No,6,13.0,6,12.666666666666666,141.7,18,1,0,1,0
2969,5.7,LOW RISK,Graduate,No,6,11.166666666666666,4,13.5,100.0,41,1,0,0,0
227,5.7,LOW RISK,Graduate,No,5,13.8,5,11.0,130.0,45,1,0,0,0
2211,5.7,LOW RISK,Graduate,No,7,13.1,7,13.1,129.3,18,1,0,0,1
2621,5.7,LOW RISK,Enrolled,No,10,11.9,9,11.555555555555555,115.9,29,1,0,0,0
1780,5.69,LOW RISK,Graduate,No,8,14.5,7,13.725714285714286,122.4,19,1,0,0,1
713,5.69,LOW RISK,Graduate,No,5,11.6,4,13.5,110.3,33,1,0,0,1
1095,5.69,LOW RISK,Graduate,No,8,12.55,7,13.308571428571428,129.0,19,1,0,1,0
85,5.68,LOW RISK,Graduate,No,5,11.0,6,11.0,110.0,33,1,0,0,0
1093,5.67,LOW RISK,Graduate,No,6,11.666666666666666,5,11.0,126.9,18,1,0,0,0
847,5.67,LOW RISK,Graduate,No,5,12.0,5,10.4,128.4,34,1,0,0,0
1051,5.67,LOW RISK,Graduate,No,0,0.0,0,0.0,136.8,18,1,0,1,0
4245,5.66,LOW RISK,Dropout,No,10,12.727272727272728,12,12.333333333333334,154.6,19,1,0,0,0
2294,5.66,LOW RISK,Graduate,No,6,13.333333333333334,6,12.833333333333334,126.3,19,1,0,0,1
3885,5.66,LOW RISK,Graduate,No,7,15.675714285714283,7,15.675714285714283,140.0,30,1,0,0,0
1905,5.65,LOW RISK,Graduate,No,6,11.666666666666666,6,12.833333333333334,117.9,19,1,0,0,0
3086,5.65,LOW RISK,Enrolled,No,4,12.0,6,12.833333333333334,110.0,33,1,0,0,0
980,5.65,LOW RISK,Graduate,No,8,12.25,9,11.9,101.0,21,1,0,0,1
4143,5.65,LOW RISK,Graduate,No,6,11.0,6,11.666666666666666,110.0,29,1,0,0,0
414,5.65,LOW RISK,Graduate,No,5,15.6,5,14.0,140.0,26,1,0,0,0
3396,5.64,LOW RISK,Graduate,No,9,13.88888888888889,11,13.785714285714286,160.0,20,1,0,0,0
224,5.64,LOW RISK,Graduate,No,7,12.19285714285714,5,13.85,150.0,19,1,0,1,0
1212,5.64,LOW RISK,Enrolled,No,5,11.5,4,10.75,113.2,20,1,0,1,0
1977,5.64,LOW RISK,Enrolled,No,7,12.62142857142857,4,12.85,110.0,19,1,0,0,0
2917,5.63,LOW RISK,Graduate,No,10,14.5,12,13.416666666666666,110.0,39,1,0,0,0
3268,5.63,LOW RISK,Enrolled,No,5,11.8,3,11.666666666666666,110.0,35,1,0,1,0
767,5.63,LOW RISK,Enrolled,No,4,12.4,4,12.0,150.0,20,1,0,0,0
4310,5.62,LOW RISK,Graduate,No,5,13.2,6,12.333333333333334,119.7,19,1,0,0,1
1237,5.62,LOW RISK,Graduate,No,8,13.744444444444444,7,13.44285714285714,126.8,18,1,0,0,0
2017,5.61,LOW RISK,Graduate,No,5,12.2,5,12.6,116.3,24,1,0,0,0
1694,5.61,LOW RISK,Enrolled,No,4,12.4,5,11.8,123.3,19,1,0,0,1
935,5.61,LOW RISK,Enrolled,No,7,11.705714285714285,7,11.705714285714285,121.3,34,1,0,0,0
3781,5.61,LOW RISK,Graduate,No,7,13.154285714285717,7,13.154285714285717,125.8,18,1,0,0,0
3970,5.61,LOW RISK,Graduate,No,5,11.4,5,12.0,160.0,26,1,0,0,0
812,5.6,LOW RISK,Graduate,No,6,13.666666666666666,7,12.142857142857142,107.1,18,1,0,1,0
2437,5.59,LOW RISK,Graduate,No,12,12.083333333333334,13,13.714285714285714,110.0,32,1,0,0,1
4393,5.59,LOW RISK,Enrolled,No,5,11.0,4,11.25,138.4,18,1,0,0,0
1738,5.59,LOW RISK,Enrolled,No,7,13.75,6,12.035714285714286,118.1,18,1,0,0,1
916,5.59,LOW RISK,Graduate,No,6,13.666666666666666,6,13.0,120.0,22,1,0,0,0
1171,5.57,LOW RISK,Graduate,No,5,13.2,5,11.2,118.1,19,1,0,0,1
2281,5.57,LOW RISK,Graduate,No,12,12.307692307692308,17,13.058823529411764,130.0,28,1,0,0,1
2836,5.56,LOW RISK,Graduate,No,11,13.181818181818182,12,11.916666666666666,138.0,34,1,0,0,0
610,5.55,LOW RISK,Enrolled,No,5,11.98,5,11.98,124.3,18,1,0,1,0
4058,5.55,LOW RISK,Enrolled,No,4,13.666666666666666,6,12.571428571428571,140.0,22,1,0,0,0
921,5.55,LOW RISK,Graduate,No,5,10.4,4,11.75,131.0,29,1,0,1,0
2840,5.54,LOW RISK,Graduate,No,6,15.5,6,17.0,134.7,18,1,0,0,0
97,5.54,LOW RISK,Graduate,No,6,13.333333333333334,6,13.666666666666666,124.9,18,1,0,0,0
3259,5.54,LOW RISK,Graduate,No,5,13.4,7,13.0,130.0,20,1,0,1,0
3313,5.54,LOW RISK,Enrolled,No,6,10.166666666666666,5,11.0,106.6,31,1,1,0,0
1313,5.54,LOW RISK,Graduate,No,6,12.833333333333334,6,13.666666666666666,138.4,24,1,0,1,0
2460,5.54,LOW RISK,Graduate,No,5,13.2,5,11.6,129.9,18,1,0,0,1
2710,5.52,LOW RISK,Enrolled,No,7,12.042857142857144,7,11.95,130.0,25,1,0,0,0
3637,5.52,LOW RISK,Graduate,No,6,11.666666666666666,6,13.0,125.7,19,1,0,0,0
1012,5.52,LOW RISK,Graduate,No,7,12.4125,6,11.605,117.2,20,1,0,0,0
3989,5.52,LOW RISK,Graduate,No,3,12.0,5,14.0,124.1,20,1,0,1,0
3082,5.51,LOW RISK,Graduate,No,8,12.575,7,13.314285714285717,116.6,20,1,1,1,1
4187,5.51,LOW RISK,Enrolled,No,4,11.75,3,14.0,123.3,19,1,0,0,0
3508,5.51,LOW RISK,Graduate,No,5,11.6,5,11.5,122.3,19,1,0,0,1
517,5.5,LOW RISK,Graduate,No,5,12.4,6,12.5,148.8,50,1,0,0,0
1621,5.5,LOW RISK,Graduate,No,5,14.5,6,14.125,120.0,19,1,0,0,0
2693,5.5,LOW RISK,Graduate,No,4,11.6,5,11.8,109.5,20,1,0,1,1
2314,5.5,LOW RISK,Graduate,No,5,14.6,4,14.5,150.0,22,1,0,0,1
3417,5.5,LOW RISK,Enrolled,No,6,12.5,6,12.166666666666666,144.8,19,1,0,0,0
1633,5.49,LOW RISK,Graduate,No,5,14.2,5,13.6,133.8,52,1,0,0,1
715,5.49,LOW RISK,Graduate,No,5,14.4,5,13.5,150.0,43,1,0,0,1
958,5.49,LOW RISK,Graduate,No,5,13.0,6,12.5,116.1,19,1,0,0,1
1812,5.49,LOW RISK,Graduate,No,8,13.544444444444444,7,12.765714285714289,120.2,19,1,0,1,0
3823,5.49,LOW RISK,Graduate,No,6,14.833333333333334,6,15.166666666666666,127.7,18,1,0,0,1
4110,5.47,LOW RISK,Graduate,No,5,11.2,4,11.0,126.0,18,1,0,0,0
2482,5.47,LOW RISK,Graduate,No,5,12.4,6,12.666666666666666,131.3,22,1,0,1,1
1010,5.46,LOW RISK,Graduate,No,6,13.714285714285714,6,13.875,114.3,18,1,0,0,0
613,5.46,LOW RISK,Graduate,No,6,11.166666666666666,6,12.833333333333334,110.8,20,1,0,0,0
1057,5.46,LOW RISK,Dropout,No,7,12.242857142857144,7,12.495714285714286,126.1,19,1,0,1,0
3742,5.45,LOW RISK,Enrolled,No,5,12.428571428571429,3,14.333333333333334,123.0,28,1,0,1,1
2633,5.44,LOW RISK,Graduate,No,8,12.55375,8,12.55375,136.0,22,1,0,0,1
3560,5.44,LOW RISK,Graduate,No,4,14.5,5,12.6,140.7,20,1,0,0,1
2523,5.43,LOW RISK,Graduate,No,7,13.085714285714284,7,13.875714285714285,126.5,19,1,0,1,0
810,5.43,LOW RISK,Enrolled,No,6,11.5,6,11.166666666666666,121.3,20,1,0,0,0
2400,5.43,LOW RISK,Graduate,No,8,11.7125,7,12.492857142857144,126.3,19,1,0,0,1
2527,5.43,LOW RISK,Dropout,No,6,12.833333333333334,6,14.5,134.6,18,1,0,1,0
603,5.42,LOW RISK,Graduate,No,8,15.744444444444444,7,16.885714285714283,170.0,24,1,0,0,0
2272,5.4,LOW RISK,Graduate,No,5,12.8,6,13.333333333333334,178.0,23,1,0,1,1
3079,5.4,LOW RISK,Graduate,No,4,12.25,5,10.8,118.2,19,1,0,0,1
2806,5.4,LOW RISK,Graduate,No,6,12.416666666666666,6,11.658333333333331,125.0,19,1,0,0,0
1144,5.39,LOW RISK,Graduate,No,6,12.571428571428571,6,13.333333333333334,154.1,18,1,1,1,0
590,5.39,LOW RISK,Graduate,No,8,13.825,7,12.1625,123.9,19,1,0,0,0
709,5.39,LOW RISK,Graduate,No,9,15.77777777777778,11,14.727272727272728,148.3,47,1,0,0,1
2876,5.38,LOW RISK,Enrolled,No,12,11.666666666666666,15,11.8,118.0,53,1,0,0,0
1042,5.38,LOW RISK,Graduate,No,7,12.791428571428572,7,12.791428571428572,117.8,20,1,0,1,0
962,5.37,LOW RISK,Graduate,No,14,13.642857142857142,15,13.466666666666669,130.2,24,1,0,0,1
699,5.37,LOW RISK,Graduate,No,6,11.714285714285714,5,12.6,140.0,22,1,0,0,1
653,5.37,LOW RISK,Graduate,No,7,12.614285714285714,7,12.614285714285714,100.0,24,1,0,0,0
982,5.37,LOW RISK,Enrolled,No,5,11.4,4,11.0,113.0,41,1,0,1,1
1041,5.36,LOW RISK,Graduate,No,5,10.4,5,11.8,120.4,18,1,0,0,0
4198,5.36,LOW RISK,Graduate,No,6,13.714285714285714,6,13.0,140.5,19,1,0,0,0
2227,5.35,LOW RISK,Graduate,No,5,13.0,5,13.333333333333334,110.1,19,1,0,0,1
2639,5.35,LOW RISK,Graduate,No,5,12.2,5,13.4,115.8,18,1,0,0,1
1410,5.35,LOW RISK,Graduate,No,5,11.6,5,10.6,150.0,19,1,0,0,1
3633,5.35,LOW RISK,Enrolled,No,2,12.5,3,12.0,136.1,21,1,1,0,0
1419,5.34,LOW RISK,Graduate,No,5,11.8,5,11.6,116.4,18,1,1,1,0
1284,5.34,LOW RISK,Graduate,No,5,18.571428571428573,5,17.333333333333332,171.2,18,1,0,1,1
722,5.33,LOW RISK,Enrolled,No,6,12.0,6,13.0,113.6,23,1,0,0,1
3856,5.33,LOW RISK,Graduate,No,6,16.666666666666668,6,16.833333333333332,137.0,20,1,0,0,1
1674,5.33,LOW RISK,Graduate,No,8,14.077777777777778,7,14.757142857142856,190.0,27,1,0,0,0
3471,5.31,LOW RISK,Graduate,No,7,13.79857142857143,7,13.79857142857143,129.5,18,1,0,1,0
649,5.31,LOW RISK,Graduate,No,8,13.2125,7,12.228571428571428,110.2,27,1,0,0,0
787,5.31,LOW RISK,Graduate,No,5,14.0,6,13.666666666666666,146.7,18,1,0,0,0
160,5.3,LOW RISK,Graduate,No,5,12.6,5,11.0,122.0,24,1,0,1,0
3294,5.3,LOW RISK,Enrolled,No,7,13.68142857142857,7,13.68142857142857,130.8,18,1,0,0,0
318,5.3,LOW RISK,Graduate,No,8,14.355555555555554,7,13.694285714285714,137.8,19,1,0,0,0
3362,5.29,LOW RISK,Graduate,No,6,14.0,6,13.5,130.6,18,1,0,1,0
2479,5.28,LOW RISK,Graduate,No,7,11.347142857142858,7,12.444285714285714,125.6,18,1,0,0,1
2244,5.28,LOW RISK,Graduate,No,8,13.90625,7,13.462857142857144,126.4,18,1,0,1,1
1736,5.27,LOW RISK,Graduate,No,8,13.125,6,13.428571428571429,120.0,21,1,0,0,1
1843,5.27,LOW RISK,Graduate,No,3,11.0,5,11.8,155.2,18,1,0,1,1
3157,5.27,LOW RISK,Graduate,No,8,11.25,9,12.0,125.0,21,1,0,0,0
2508,5.27,LOW RISK,Graduate,No,5,12.0,6,11.857142857142858,108.0,37,1,0,1,1
1397,5.27,LOW RISK,Enrolled,No,6,13.0,6,13.333333333333334,138.0,20,1,0,0,0
1546,5.26,LOW RISK,Graduate,No,6,12.5,4,12.0,131.3,19,1,0,0,0
3531,5.26,LOW RISK,Graduate,No,5,13.8,6,13.333333333333334,105.7,19,1,0,0,1
785,5.25,LOW RISK,Graduate,No,6,12.333333333333334,5,12.8,124.8,20,1,0,1,0
4153,5.24,LOW RISK,Graduate,No,4,14.8,5,13.333333333333334,135.8,18,1,0,0,0
908,5.24,LOW RISK,Graduate,No,6,11.0,5,11.714285714285714,128.6,19,1,0,1,0
851,5.23,LOW RISK,Graduate,No,7,12.82375,7,13.761111111111113,126.2,19,1,0,0,0
20,5.23,LOW RISK,Enrolled,No,6,13.5,6,11.666666666666666,124.6,18,1,0,0,0
928,5.23,LOW RISK,Enrolled,No,6,12.166666666666666,7,11.375,100.0,37,1,1,0,0
4330,5.23,LOW RISK,Graduate,No,6,11.666666666666666,5,11.857142857142858,113.4,20,1,0,1,0
2983,5.23,LOW RISK,Graduate,No,8,14.575,7,13.801428571428572,127.2,19,1,0,1,0
671,5.22,LOW RISK,Graduate,No,6,11.0,6,14.25,138.4,20,1,0,1,0
3035,5.22,LOW RISK,Graduate,No,5,11.857142857142858,5,12.8,130.6,18,1,0,0,0
578,5.21,LOW RISK,Enrolled,No,5,10.2,5,10.6,150.0,28,1,0,1,0
1473,5.2,LOW RISK,Graduate,No,6,12.285714285714286,6,11.333333333333334,126.2,18,1,0,1,1
1653,5.2,LOW RISK,Enrolled,No,5,14.0,5,15.2,120.0,27,1,0,0,0
78,5.2,LOW RISK,Graduate,No,6,13.333333333333334,6,13.666666666666666,120.3,19,1,1,1,1
4022,5.19,LOW RISK,Graduate,No,7,12.285714285714286,7,12.75,100.0,26,1,0,0,0
3670,5.19,LOW RISK,Graduate,No,6,12.491666666666667,6,12.491666666666667,122.0,20,1,0,0,0
2754,5.19,LOW RISK,Graduate,No,10,12.8,10,13.8,141.0,32,1,0,1,1
3308,5.18,LOW RISK,Graduate,No,7,12.428571428571429,11,13.454545454545457,121.3,32,1,0,0,0
2914,5.18,LOW RISK,Graduate,No,6,14.75,6,14.375,135.7,19,1,0,0,0
1105,5.18,LOW RISK,Graduate,No,5,11.6,2,13.0,120.3,19,1,0,0,0
2593,5.18,LOW RISK,Graduate,No,10,11.615384615384617,9,10.88888888888889,130.0,21,1,0,0,0
3979,5.17,LOW RISK,Graduate,No,7,15.142857142857142,7,14.857142857142858,127.9,18,1,0,1,0
1924,5.16,LOW RISK,Graduate,No,4,12.5,5,13.2,129.4,18,1,0,0,0
3761,5.16,LOW RISK,Graduate,No,14,11.928571428571429,13,11.76923076923077,122.0,29,1,0,0,0
450,5.15,LOW RISK,Enrolled,No,5,12.8,5,12.8,114.3,20,1,0,1,0
3971,5.15,LOW RISK,Graduate,No,5,13.8,6,12.166666666666666,131.7,20,1,0,0,0
4397,5.14,LOW RISK,Graduate,No,6,13.333333333333334,6,12.666666666666666,121.9,18,1,0,1,0
2169,5.14,LOW RISK,Graduate,No,8,12.8,7,12.4,121.2,18,1,0,0,0
977,5.13,LOW RISK,Graduate,No,6,12.666666666666666,6,12.666666666666666,106.0,24,1,0,0,1
2882,5.13,LOW RISK,Enrolled,No,5,11.2,8,11.0,114.3,22,1,0,0,0
3753,5.12,LOW RISK,Graduate,No,5,12.2,6,11.666666666666666,126.2,18,1,0,0,0
2343,5.12,LOW RISK,Graduate,No,12,11.5,18,11.666666666666666,150.0,35,1,0,0,1
2011,5.12,LOW RISK,Graduate,No,6,12.666666666666666,6,12.333333333333334,126.1,18,1,0,1,0
4424,5.12,LOW RISK,Graduate,No,6,13.0,6,11.666666666666666,152.0,22,1,0,0,0
2821,5.12,LOW RISK,Graduate,No,7,12.771428571428572,7,12.771428571428572,130.8,18,1,0,0,0
1505,5.11,LOW RISK,Enrolled,No,7,12.457142857142856,7,12.457142857142856,130.0,27,1,0,0,0
2119,5.11,LOW RISK,Graduate,No,5,14.4,6,12.666666666666666,129.9,18,1,0,0,0
1244,5.11,LOW RISK,Graduate,No,5,13.0,5,13.666666666666666,159.9,21,1,0,0,0
4151,5.1,LOW RISK,Graduate,No,6,14.857142857142858,6,15.166666666666666,160.1,18,1,0,0,0
1252,5.08,LOW RISK,Graduate,No,6,12.857142857142858,6,11.833333333333334,127.9,20,1,0,0,0
1685,5.08,LOW RISK,Graduate,No,5,13.0,6,14.166666666666666,124.5,18,1,0,0,1
2767,5.08,LOW RISK,Graduate,No,7,14.414285714285716,7,14.414285714285716,130.0,27,1,0,0,0
1435,5.08,LOW RISK,Enrolled,No,6,12.875,6,12.816666666666668,125.1,18,1,0,1,0
2453,5.08,LOW RISK,Graduate,No,4,12.0,5,12.6,127.7,19,1,0,0,1
2143,5.08,LOW RISK,Graduate,No,6,13.285714285714286,6,12.166666666666666,115.7,21,1,0,0,0
3958,5.07,LOW RISK,Graduate,No,4,12.2,4,13.6,129.9,19,1,0,0,0
437,5.07,LOW RISK,Enrolled,No,6,10.5,4,11.25,118.2,20,1,0,1,0
1418,5.07,LOW RISK,Graduate,No,5,13.6,6,13.666666666666666,121.6,18,1,0,0,0
1604,5.06,LOW RISK,Graduate,No,5,13.6,6,12.142857142857142,120.0,19,1,0,0,1
2310,5.05,LOW RISK,Graduate,No,5,14.2,5,13.0,129.3,18,1,0,1,1
550,5.05,LOW RISK,Graduate,No,5,11.0,5,13.25,116.3,19,1,0,0,1
2618,5.03,LOW RISK,Graduate,No,5,12.8,5,11.0,118.0,19,1,0,1,0
221,5.01,LOW RISK,Graduate,No,3,12.333333333333334,4,13.0,147.0,18,1,0,1,0
2665,5.01,LOW RISK,Graduate,No,5,14.166666666666666,5,14.0,168.2,45,1,0,0,1
2510,5.0,LOW RISK,Graduate,No,13,13.615384615384617,14,14.0,135.9,26,1,0,0,1
3267,5.0,LOW RISK,Graduate,No,5,14.0,5,13.4,116.7,19,1,0,0,0
3765,5.0,LOW RISK,Graduate,No,5,12.2,6,11.5,114.9,19,1,0,1,0
3175,4.99,LOW RISK,Enrolled,No,6,10.833333333333334,5,11.333333333333334,120.2,19,1,0,1,0
2599,4.99,LOW RISK,Enrolled,No,4,12.0,2,13.0,121.3,21,1,0,0,0
1585,4.99,LOW RISK,Graduate,No,6,13.0,5,13.0,131.0,18,1,0,1,0
357,4.98,LOW RISK,Graduate,No,7,13.44285714285714,6,12.585714285714284,133.0,24,1,0,0,0
1008,4.98,LOW RISK,Graduate,No,9,13.22222222222222,9,12.77777777777778,136.9,21,1,0,0,0
1903,4.97,LOW RISK,Graduate,No,6,14.0,6,15.125,120.4,18,1,0,0,0
651,4.97,LOW RISK,Graduate,No,6,16.428571428571427,6,15.375,144.4,18,1,0,0,0
4089,4.96,LOW RISK,Enrolled,No,9,10.444444444444445,8,10.375,107.8,33,1,0,0,0
3138,4.96,LOW RISK,Graduate,No,6,16.5,6,16.857142857142858,173.3,25,1,0,0,0
3115,4.95,LOW RISK,Graduate,No,6,11.5,6,11.666666666666666,118.2,19,1,0,0,0
481,4.95,LOW RISK,Graduate,No,8,14.0375,6,11.614285714285714,123.8,19,1,0,0,0
28,4.95,LOW RISK,Enrolled,No,4,13.0,5,12.666666666666666,131.0,18,1,0,0,0
3295,4.95,LOW RISK,Enrolled,No,6,12.616666666666667,6,12.1,114.5,23,1,0,0,0
2366,4.94,LOW RISK,Graduate,No,6,14.5,6,13.833333333333334,121.5,19,1,0,0,1
290,4.93,LOW RISK,Graduate,No,8,13.385,8,13.385,140.0,24,1,0,0,0
234,4.93,LOW RISK,Graduate,No,5,12.0,5,11.0,132.1,21,1,0,1,0
2934,4.92,LOW RISK,Graduate,No,7,11.971428571428572,7,11.971428571428572,130.5,18,1,0,0,0
583,4.92,LOW RISK,Enrolled,No,6,13.285714285714286,6,14.833333333333334,128.8,19,1,0,0,0
2893,4.92,LOW RISK,Graduate,No,6,12.428571428571429,6,13.166666666666666,135.9,18,1,0,1,0
2399,4.92,LOW RISK,Graduate,No,6,14.571428571428571,6,14.428571428571429,132.8,19,1,0,0,1
5,4.91,LOW RISK,Graduate,No,6,13.0,5,12.333333333333334,141.5,45,1,0,0,0
3137,4.91,LOW RISK,Graduate,No,4,11.75,4,12.75,120.1,18,1,0,0,0
508,4.9,LOW RISK,Graduate,No,6,13.666666666666666,6,12.666666666666666,133.5,18,1,0,0,0
1445,4.9,LOW RISK,Graduate,No,5,13.833333333333334,5,13.8,100.0,34,1,0,0,1
2395,4.9,LOW RISK,Graduate,No,5,11.5,5,12.75,121.0,18,1,0,1,1
18,4.9,LOW RISK,Graduate,No,8,14.545,7,13.30625,127.3,18,1,0,0,0
1730,4.88,LOW RISK,Graduate,No,13,12.846153846153848,12,12.25,132.5,37,1,0,0,1
897,4.88,LOW RISK,Graduate,No,6,13.0,6,12.5,125.3,18,1,0,0,0
4054,4.87,LOW RISK,Enrolled,No,6,12.75,5,12.4,140.8,19,1,0,0,0
3022,4.87,LOW RISK,Graduate,No,8,14.71875,6,13.958333333333334,131.6,18,1,0,0,0
2890,4.87,LOW RISK,Graduate,No,5,13.8,6,14.0,119.4,18,1,0,1,0
1679,4.86,LOW RISK,Graduate,No,5,13.4,4,14.25,127.6,23,1,0,0,1
4088,4.86,LOW RISK,Enrolled,No,7,13.29,7,13.29,120.0,25,1,0,1,0
3118,4.84,LOW RISK,Graduate,No,6,13.333333333333334,6,13.571428571428571,121.0,20,1,0,0,0
866,4.84,LOW RISK,Graduate,No,8,15.055555555555555,7,14.682857142857143,125.2,18,1,0,1,1
3372,4.84,LOW RISK,Graduate,No,7,12.192307692307692,7,12.192307692307692,120.8,19,1,0,0,0
114,4.84,LOW RISK,Graduate,No,6,12.571428571428571,6,12.666666666666666,157.0,18,1,0,0,0
648,4.83,LOW RISK,Graduate,No,5,14.833333333333334,5,12.0,152.4,26,1,0,0,0
2078,4.82,LOW RISK,Graduate,No,8,14.3775,8,14.3775,136.8,18,1,0,0,0
1478,4.82,LOW RISK,Graduate,No,11,13.0,12,13.666666666666666,131.2,21,1,0,0,1
1610,4.81,LOW RISK,Graduate,No,6,12.571428571428571,6,12.833333333333334,130.0,18,1,0,0,1
3202,4.81,LOW RISK,Graduate,No,6,12.833333333333334,6,14.166666666666666,135.2,18,1,0,0,1
585,4.81,LOW RISK,Graduate,No,5,11.6,5,11.8,102.0,19,1,0,0,0
1702,4.8,LOW RISK,Graduate,No,6,14.5,6,13.666666666666666,129.3,18,1,0,0,1
122,4.8,LOW RISK,Graduate,No,4,11.25,5,10.8,118.6,19,1,0,0,0
3646,4.79,LOW RISK,Graduate,No,6,12.428571428571429,6,12.666666666666666,117.0,21,1,0,0,0
1172,4.78,LOW RISK,Graduate,No,7,15.07,7,15.07,121.3,18,1,0,1,1
895,4.78,LOW RISK,Graduate,No,13,12.461538461538462,18,11.833333333333334,150.0,26,1,0,0,0
283,4.78,LOW RISK,Graduate,No,5,13.8,5,14.0,100.1,31,1,0,0,0
2239,4.78,LOW RISK,Enrolled,No,3,11.333333333333334,6,11.333333333333334,110.0,24,1,0,0,1
523,4.77,LOW RISK,Graduate,No,6,13.5,5,13.0,132.5,20,0,0,0,0
3495,4.76,LOW RISK,Graduate,No,4,10.75,5,12.4,121.7,20,1,0,1,1
1007,4.76,LOW RISK,Graduate,No,7,15.228571428571428,7,15.228571428571428,133.5,18,1,0,1,0
2501,4.76,LOW RISK,Graduate,No,5,13.375,6,13.333333333333334,150.0,20,1,0,0,0
723,4.76,LOW RISK,Graduate,No,0,0.0,0,0.0,170.0,22,1,0,0,1
1255,4.75,LOW RISK,Enrolled,No,4,14.75,0,0.0,170.0,19,1,0,0,0
300,4.75,LOW RISK,Graduate,No,8,12.86,8,12.86,125.5,18,1,0,0,0
2135,4.75,LOW RISK,Graduate,No,7,13.614285714285714,7,13.614285714285714,130.8,18,1,0,0,0
4062,4.74,LOW RISK,Graduate,No,5,13.285714285714286,4,12.25,140.0,22,1,0,0,0
3154,4.74,LOW RISK,Graduate,No,11,15.0,12,15.333333333333334,147.7,21,1,0,0,0
748,4.74,LOW RISK,Graduate,No,12,11.428571428571429,18,12.5,117.2,28,1,0,0,1
727,4.74,LOW RISK,Graduate,No,7,14.375,6,14.428571428571429,126.6,19,1,0,0,1
929,4.74,LOW RISK,Enrolled,No,0,0.0,0,0.0,129.3,28,1,1,0,0
689,4.74,LOW RISK,Graduate,No,5,14.0,5,11.8,170.0,43,1,0,0,1
580,4.74,LOW RISK,Graduate,No,6,13.625,4,13.5,136.7,20,1,0,0,0
4040,4.74,LOW RISK,Graduate,No,7,11.857142857142858,7,11.857142857142858,112.9,18,1,0,0,0
2073,4.74,LOW RISK,Graduate,No,5,13.8,6,13.285714285714286,105.0,20,1,0,0,0
1199,4.73,LOW RISK,Graduate,No,6,15.166666666666666,6,14.5,137.2,18,0,0,0,0
3039,4.73,LOW RISK,Graduate,No,6,13.833333333333334,6,12.833333333333334,126.6,18,1,0,0,0
68,4.73,LOW RISK,Graduate,No,6,12.428571428571429,6,12.571428571428571,130.0,23,1,0,0,1
3920,4.72,LOW RISK,Graduate,No,7,12.91,7,12.91,120.5,21,1,0,0,0
2780,4.72,LOW RISK,Graduate,No,5,11.8,5,12.333333333333334,121.7,21,1,0,1,0
4411,4.71,LOW RISK,Graduate,No,5,12.5,6,13.5,121.2,20,1,0,1,1
2142,4.7,LOW RISK,Graduate,No,5,11.285714285714286,2,13.5,117.9,20,1,0,0,0
3470,4.7,LOW RISK,Enrolled,No,7,12.771428571428572,7,12.771428571428572,124.0,19,1,0,1,0
4372,4.7,LOW RISK,Graduate,No,8,14.925,7,13.175714285714289,113.5,18,1,0,0,1
770,4.69,LOW RISK,Graduate,No,6,14.0,6,15.166666666666666,134.1,21,1,0,0,1
2077,4.69,LOW RISK,Graduate,No,6,12.333333333333334,6,11.666666666666666,129.0,19,1,0,0,0
2517,4.69,LOW RISK,Graduate,No,4,12.0,6,12.166666666666666,131.8,22,1,0,1,0
3134,4.69,LOW RISK,Enrolled,No,8,13.8375,6,13.25,119.6,21,1,0,0,0
2059,4.69,LOW RISK,Graduate,No,4,11.25,5,12.8,130.5,21,1,0,1,0
3701,4.69,LOW RISK,Enrolled,No,5,11.4,6,12.833333333333334,120.2,18,1,0,0,1
1425,4.68,LOW RISK,Enrolled,No,5,13.4,4,13.5,129.5,18,1,0,0,0
1332,4.68,LOW RISK,Graduate,No,8,13.994444444444444,7,13.7,142.8,18,1,0,0,0
3634,4.68,LOW RISK,Graduate,No,7,13.0,9,12.416666666666666,138.3,33,1,0,0,0
4037,4.67,LOW RISK,Graduate,No,5,14.5,6,13.333333333333334,142.3,26,1,0,1,0
2277,4.66,LOW RISK,Graduate,No,6,14.428571428571429,6,12.166666666666666,139.0,49,1,0,0,1
3065,4.64,LOW RISK,Graduate,No,6,11.5,5,12.2,133.1,19,1,0,1,0
659,4.63,LOW RISK,Graduate,No,5,12.4,5,12.4,127.0,20,1,0,0,0
4071,4.62,LOW RISK,Graduate,No,8,14.6,7,14.05714285714286,130.8,18,1,0,0,0
560,4.62,LOW RISK,Graduate,No,8,12.5075,8,12.5075,128.2,23,1,0,0,1
2521,4.62,LOW RISK,Graduate,No,6,13.0,6,13.0,123.9,18,1,0,1,0
1229,4.62,LOW RISK,Graduate,No,8,13.76375,8,13.76375,126.5,18,1,0,0,0
4177,4.62,LOW RISK,Graduate,No,6,12.5,6,12.666666666666666,121.7,18,1,0,1,0
4113,4.61,LOW RISK,Graduate,No,7,12.16,7,12.16,101.5,24,1,0,0,0
2380,4.61,LOW RISK,Graduate,No,6,12.5,6,13.5,125.7,18,1,0,1,1
3811,4.6,LOW RISK,Enrolled,No,5,12.86,5,12.86,123.6,18,1,0,1,0
3415,4.6,LOW RISK,Graduate,No,7,12.94375,6,13.271666666666668,129.3,18,1,0,1,0
255,4.59,LOW RISK,Graduate,No,5,10.8,5,12.4,124.1,18,1,0,0,0
1790,4.58,LOW RISK,Graduate,No,6,11.333333333333334,6,12.142857142857142,115.9,18,1,0,1,1
482,4.58,LOW RISK,Graduate,No,7,14.314285714285717,7,14.314285714285717,126.7,18,1,0,1,0
2312,4.58,LOW RISK,Graduate,No,8,12.4875,6,13.391666666666666,128.8,18,1,0,0,1
3274,4.56,LOW RISK,Enrolled,No,6,12.0,6,12.0,120.0,26,1,0,0,0
903,4.56,LOW RISK,Graduate,No,8,12.8875,8,12.8875,130.0,27,1,0,0,0
30,4.56,LOW RISK,Enrolled,No,6,13.716666666666669,6,12.933333333333332,118.8,19,1,0,0,1
3235,4.56,LOW RISK,Graduate,No,8,13.661,7,13.78,125.1,18,1,0,0,0
799,4.56,LOW RISK,Graduate,No,6,13.666666666666666,6,13.333333333333334,123.2,19,1,0,1,0
3622,4.55,LOW RISK,Graduate,No,8,16.09375,7,15.101428571428572,131.9,18,1,0,1,0
2779,4.55,LOW RISK,Graduate,No,12,13.214285714285714,17,13.15,130.0,23,1,0,0,0
39,4.54,LOW RISK,Graduate,No,5,11.6,5,11.0,113.9,39,1,0,0,0
1458,4.54,LOW RISK,Enrolled,No,6,12.041666666666666,6,13.976666666666668,114.3,18,1,0,0,1
3449,4.54,LOW RISK,Graduate,No,6,13.0,6,13.0,135.8,19,1,0,1,0
4115,4.53,LOW RISK,Graduate,No,6,15.5,6,14.333333333333334,126.2,20,1,0,0,0
566,4.53,LOW RISK,Graduate,No,6,14.714285714285714,6,14.0,118.0,27,1,0,0,1
2634,4.53,LOW RISK,Graduate,No,7,12.665714285714284,7,12.665714285714284,124.3,19,1,0,0,1
2630,4.53,LOW RISK,Enrolled,No,5,14.333333333333334,4,12.75,144.8,28,1,0,0,1
4340,4.52,LOW RISK,Graduate,No,12,13.291666666666666,12,13.291666666666666,130.0,25,1,0,0,0
3064,4.52,LOW RISK,Graduate,No,6,13.0,6,13.5,104.0,24,0,1,1,0
3674,4.52,LOW RISK,Graduate,No,4,13.75,6,11.833333333333334,131.5,39,1,1,1,0
673,4.52,LOW RISK,Graduate,No,8,11.7375,7,12.285714285714286,123.5,19,1,0,1,0
618,4.52,LOW RISK,Graduate,No,8,13.788888888888888,7,12.847142857142858,130.6,20,1,0,0,0
440,4.52,LOW RISK,Graduate,No,6,11.3,6,11.3,129.0,36,1,0,0,0
3002,4.52,LOW RISK,Graduate,No,7,12.18888888888889,7,13.422222222222224,136.4,19,1,0,0,0
424,4.52,LOW RISK,Graduate,No,8,13.25375,8,13.25375,131.5,19,1,0,0,0
4188,4.51,LOW RISK,Graduate,No,6,13.0,5,11.833333333333334,134.5,28,1,0,0,0
2040,4.5,LOW RISK,Graduate,No,6,11.666666666666666,6,12.5,128.4,18,1,0,1,0
3799,4.5,LOW RISK,Graduate,No,6,13.857142857142858,6,14.25,130.5,19,1,0,0,1
3551,4.49,LOW RISK,Enrolled,No,5,12.16,6,12.565,135.4,21,1,0,0,1
4033,4.48,LOW RISK,Graduate,No,8,13.74625,8,13.74625,130.3,18,1,0,0,1
476,4.48,LOW RISK,Graduate,No,5,12.8,4,11.5,116.8,21,1,0,0,0
2746,4.47,LOW RISK,Graduate,No,6,13.142857142857142,6,13.428571428571429,137.5,21,1,0,0,0
4031,4.47,LOW RISK,Graduate,No,5,13.2,5,11.8,129.3,19,1,0,0,0
2955,4.46,LOW RISK,Graduate,No,5,14.8,6,14.0,125.5,39,1,0,1,0
2530,4.45,LOW RISK,Graduate,No,4,12.625,5,11.6,129.5,18,1,0,1,0
3013,4.45,LOW RISK,Graduate,No,7,13.571428571428571,6,13.755,95.0,20,1,0,0,0
2843,4.45,LOW RISK,Graduate,No,5,12.857142857142858,6,13.0,126.5,30,1,0,1,0
3816,4.45,LOW RISK,Enrolled,No,7,12.820000000000002,7,12.59125,126.1,18,1,0,0,0
1346,4.45,LOW RISK,Graduate,No,6,13.333333333333334,6,14.0,126.3,18,1,0,0,0
3146,4.45,LOW RISK,Graduate,No,8,12.0,7,11.142857142857142,113.5,32,1,0,1,0
2899,4.45,LOW RISK,Graduate,No,7,12.414285714285716,7,12.414285714285716,129.0,21,1,0,0,0
3654,4.44,LOW RISK,Enrolled,No,5,11.8,6,12.555555555555555,140.0,20,1,0,0,0
1132,4.44,LOW RISK,Graduate,No,7,13.285714285714286,7,13.285714285714286,130.0,22,1,0,0,0
3499,4.44,LOW RISK,Graduate,No,6,13.5,6,12.666666666666666,126.4,18,1,0,1,1
3014,4.44,LOW RISK,Graduate,No,6,13.5,6,13.833333333333334,119.4,18,1,0,1,0
2864,4.44,LOW RISK,Graduate,No,19,12.105263157894736,21,12.333333333333334,125.2,41,1,1,0,0
716,4.43,LOW RISK,Graduate,No,11,12.0,13,11.846153846153848,100.0,44,1,0,0,1
3828,4.43,LOW RISK,Graduate,No,5,13.2,5,12.6,140.0,20,1,0,1,1
3487,4.43,LOW RISK,Graduate,No,7,13.0,7,13.0,137.8,18,1,0,0,1
1457,4.43,LOW RISK,Enrolled,No,4,13.0,5,12.0,117.8,20,1,0,0,1
201,4.42,LOW RISK,Graduate,No,4,14.333333333333334,4,13.75,132.1,19,1,0,0,0
2035,4.42,LOW RISK,Graduate,No,6,14.166666666666666,6,12.285714285714286,162.0,49,1,1,1,1
714,4.41,LOW RISK,Graduate,No,7,13.105714285714283,7,13.105714285714283,129.0,18,1,0,0,1
4032,4.41,LOW RISK,Enrolled,No,10,12.818181818181818,12,13.333333333333334,128.2,19,1,0,1,1
3547,4.41,LOW RISK,Graduate,No,8,14.1875,7,12.5125,131.5,18,1,0,1,1
1849,4.41,LOW RISK,Graduate,No,8,12.68888888888889,6,13.492857142857144,137.8,19,1,0,0,1
1431,4.4,LOW RISK,Graduate,No,7,12.90857142857143,7,12.90857142857143,128.0,18,1,0,1,0
1652,4.4,LOW RISK,Graduate,No,7,14.7,7,14.7,131.0,18,1,0,0,0
2625,4.39,LOW RISK,Graduate,No,6,12.0,6,12.333333333333334,130.5,20,1,0,0,0
1961,4.39,LOW RISK,Graduate,No,6,12.666666666666666,6,12.833333333333334,124.2,19,1,1,1,0
213,4.39,LOW RISK,Graduate,No,6,15.857142857142858,6,15.625,140.0,20,1,0,1,0
2039,4.39,LOW RISK,Graduate,No,4,11.5,5,11.6,148.9,20,1,0,0,0
397,4.39,LOW RISK,Graduate,No,11,12.0,11,11.727272727272728,111.9,20,1,0,0,0
1853,4.38,LOW RISK,Graduate,No,5,11.8,5,12.6,115.2,19,1,0,0,1
3562,4.38,LOW RISK,Graduate,No,6,13.625,6,13.833333333333334,146.7,19,1,0,0,1
3871,4.38,LOW RISK,Graduate,No,5,14.333333333333334,6,14.75,150.0,21,1,0,0,1
1267,4.38,LOW RISK,Graduate,No,5,14.166666666666666,6,12.5,100.0,20,1,0,0,0
340,4.37,LOW RISK,Graduate,No,4,12.5,4,11.25,166.9,18,1,0,0,0
2528,4.37,LOW RISK,Graduate,No,8,13.65625,7,14.44142857142857,128.0,18,1,0,1,0
56,4.36,LOW RISK,Graduate,No,8,13.595,7,13.044444444444444,129.1,18,1,0,0,0
413,4.36,LOW RISK,Graduate,No,7,14.071428571428571,7,11.5875,118.9,20,1,0,0,0
2179,4.36,LOW RISK,Graduate,No,8,14.772727272727272,7,13.642857142857142,134.9,18,1,0,0,0
4220,4.36,LOW RISK,Graduate,No,6,11.833333333333334,5,13.0,121.0,18,1,0,0,0
2613,4.36,LOW RISK,Graduate,No,5,15.833333333333334,5,16.166666666666668,125.6,20,1,0,0,0
850,4.35,LOW RISK,Graduate,No,8,14.10625,7,13.914285714285713,129.9,20,1,0,1,0
1491,4.34,LOW RISK,Graduate,No,6,13.5,6,16.11111111111111,155.8,29,1,0,0,1
4079,4.34,LOW RISK,Graduate,No,5,15.333333333333334,5,12.8,134.7,33,1,0,0,0
1306,4.34,LOW RISK,Graduate,No,6,12.833333333333334,6,12.666666666666666,123.0,18,1,0,0,0
2031,4.34,LOW RISK,Graduate,No,8,14.36875,7,14.125714285714285,133.4,19,1,0,0,0
3457,4.34,LOW RISK,Graduate,No,11,13.0,13,13.071428571428571,140.0,36,1,0,0,0
4043,4.33,LOW RISK,Graduate,No,6,12.0,5,12.6,110.0,18,1,0,0,0
455,4.33,LOW RISK,Enrolled,No,4,11.25,5,11.8,132.4,19,1,0,0,0
1316,4.32,LOW RISK,Graduate,No,7,14.65,6,14.37,129.8,20,1,0,0,0
4150,4.3,LOW RISK,Graduate,No,12,13.417391304347827,12,13.417391304347827,146.5,21,1,0,0,0
639,4.3,LOW RISK,Graduate,No,5,11.6,5,11.2,117.2,19,1,0,0,0
826,4.29,LOW RISK,Graduate,No,5,14.0,6,14.0,117.3,18,1,0,0,0
3932,4.29,LOW RISK,Graduate,No,6,12.857142857142858,6,14.5,121.9,18,1,0,0,0
1908,4.29,LOW RISK,Graduate,No,7,12.944285714285714,7,12.944285714285714,126.8,18,1,0,0,0
1833,4.28,LOW RISK,Graduate,No,5,11.6,5,11.8,126.3,18,1,0,1,0
3604,4.28,LOW RISK,Enrolled,No,3,12.0,5,11.8,121.7,18,1,0,0,1
470,4.28,LOW RISK,Graduate,No,5,12.2,5,10.571428571428571,117.1,18,1,0,1,0
203,4.28,LOW RISK,Graduate,No,7,12.324285714285711,7,12.324285714285711,129.5,18,1,0,0,0
1299,4.27,LOW RISK,Graduate,No,5,11.8,5,12.428571428571429,127.5,22,1,0,0,1
912,4.27,LOW RISK,Graduate,No,5,13.4,4,12.75,135.7,20,1,0,0,0
23,4.27,LOW RISK,Graduate,No,7,12.857142857142858,7,12.857142857142858,125.5,18,1,0,0,0
1928,4.27,LOW RISK,Graduate,No,6,12.5,6,13.428571428571429,139.9,18,1,0,1,0
2958,4.27,LOW RISK,Graduate,No,8,11.0,11,12.636363636363637,160.5,38,1,0,0,0
2824,4.26,LOW RISK,Enrolled,No,5,14.6,6,13.285714285714286,109.1,19,1,0,1,0
1264,4.26,LOW RISK,Graduate,No,6,16.2,6,16.142857142857142,140.0,34,1,1,1,0
1200,4.26,LOW RISK,Graduate,No,6,16.375,6,15.571428571428571,140.0,23,1,0,0,0
1563,4.25,LOW RISK,Graduate,No,5,12.4,3,14.0,113.6,22,1,0,1,0
407,4.25,LOW RISK,Graduate,No,12,14.25,13,13.615384615384617,120.0,21,1,0,0,0
4237,4.25,LOW RISK,Graduate,No,6,14.0,6,12.333333333333334,125.0,20,1,0,1,1
3181,4.24,LOW RISK,Graduate,No,6,13.666666666666666,6,16.0,146.2,18,1,0,0,1
3898,4.24,LOW RISK,Graduate,No,8,12.65125,7,11.9725,133.5,20,1,0,1,1
3592,4.24,LOW RISK,Enrolled,No,7,13.154285714285717,7,13.154285714285717,125.5,18,1,0,0,1
2854,4.23,LOW RISK,Graduate,No,6,14.375,6,13.714285714285714,161.2,18,1,0,0,0
3008,4.23,LOW RISK,Enrolled,No,4,11.75,2,10.0,124.6,19,1,0,1,0
4176,4.22,LOW RISK,Graduate,No,7,12.071428571428571,7,12.071428571428571,129.3,19,1,0,0,0
1627,4.22,LOW RISK,Graduate,No,5,12.77777777777778,6,15.714285714285714,123.2,18,1,0,1,0
2999,4.22,LOW RISK,Graduate,No,6,13.666666666666666,6,14.666666666666666,133.0,19,1,0,0,0
3510,4.22,LOW RISK,Graduate,No,8,12.375,7,12.285714285714286,131.8,22,1,0,1,1
1958,4.22,LOW RISK,Graduate,No,7,14.805714285714286,7,14.805714285714286,140.0,25,1,0,0,0
1612,4.21,LOW RISK,Enrolled,No,5,12.4,5,13.0,123.9,18,1,0,0,1
2885,4.21,LOW RISK,Graduate,No,12,15.23076923076923,13,14.307692307692308,120.0,54,1,0,0,0
4218,4.21,LOW RISK,Graduate,No,6,13.5,6,12.333333333333334,128.2,19,1,0,1,0
2667,4.2,LOW RISK,Graduate,No,6,13.125,6,13.833333333333334,137.4,19,1,0,0,1
2720,4.2,LOW RISK,Graduate,No,6,13.11111111111111,6,14.857142857142858,123.3,19,1,0,1,0
252,4.2,LOW RISK,Dropout,No,6,12.833333333333334,6,15.0,127.2,18,1,0,1,0
3743,4.2,LOW RISK,Graduate,No,6,14.0,5,13.5,113.5,19,1,0,1,0
200,4.2,LOW RISK,Enrolled,No,3,11.333333333333334,3,11.816666666666668,105.9,35,1,0,0,0
3125,4.2,LOW RISK,Graduate,No,8,14.863636363636363,7,13.714285714285714,126.7,19,1,0,1,0
311,4.2,LOW RISK,Graduate,No,6,15.142857142857142,6,14.833333333333334,116.1,26,1,1,0,0
3643,4.2,LOW RISK,Graduate,No,5,14.0,6,11.666666666666666,118.0,20,1,0,1,0
2669,4.19,LOW RISK,Enrolled,No,7,11.635714285714286,7,11.635714285714286,100.5,43,1,0,0,1
3226,4.19,LOW RISK,Graduate,No,8,13.81375,8,13.81375,105.7,27,1,0,0,0
127,4.19,LOW RISK,Graduate,No,5,13.77777777777778,6,14.166666666666666,160.0,20,1,0,0,0
4117,4.19,LOW RISK,Enrolled,No,6,12.5,6,14.833333333333334,138.4,18,0,0,0,0
2166,4.19,LOW RISK,Graduate,No,6,13.833333333333334,6,12.833333333333334,135.7,20,1,0,0,0
3444,4.19,LOW RISK,Graduate,No,6,12.666666666666666,6,13.833333333333334,141.7,18,1,0,0,0
211,4.18,LOW RISK,Graduate,No,7,12.642857142857142,7,12.642857142857142,128.3,18,1,0,1,0
1567,4.18,LOW RISK,Graduate,No,8,15.61111111111111,7,14.85,130.7,18,1,0,1,0
2952,4.18,LOW RISK,Graduate,No,6,13.833333333333334,6,14.666666666666666,128.7,18,1,0,0,0
1636,4.18,LOW RISK,Graduate,No,6,13.333333333333334,6,12.285714285714286,126.4,18,1,0,1,1
1219,4.18,LOW RISK,Graduate,No,7,12.764285714285714,7,12.764285714285714,128.3,19,1,0,0,0
4375,4.18,LOW RISK,Graduate,No,7,13.742857142857144,7,13.742857142857144,150.0,29,1,0,0,0
2655,4.18,LOW RISK,Graduate,No,7,13.867142857142856,7,13.867142857142856,119.8,19,1,0,0,1
1944,4.17,LOW RISK,Graduate,No,5,11.4,6,12.666666666666666,123.7,19,1,0,0,0
319,4.17,LOW RISK,Graduate,No,6,11.857142857142858,6,11.285714285714286,130.2,18,1,0,1,0
3392,4.17,LOW RISK,Graduate,No,8,12.88625,8,12.88625,124.0,23,1,0,0,0
4160,4.17,LOW RISK,Graduate,No,6,13.666666666666666,6,13.5,131.3,18,1,0,1,0
2133,4.16,LOW RISK,Graduate,No,5,12.2,3,11.333333333333334,113.8,20,1,0,0,0
316,4.16,LOW RISK,Graduate,No,5,16.4,5,16.2,146.7,18,1,0,0,0
4125,4.16,LOW RISK,Enrolled,No,5,11.4,2,13.5,133.7,19,1,0,1,0
4123,4.15,LOW RISK,Graduate,No,6,10.166666666666666,5,10.8,117.5,19,1,0,0,0
2764,4.15,LOW RISK,Graduate,No,7,13.285714285714286,10,11.8,130.0,26,1,0,0,0
281,4.15,LOW RISK,Graduate,No,4,11.4,4,12.0,123.7,22,1,0,1,0
246,4.14,LOW RISK,Graduate,No,8,13.22,8,13.22,130.0,23,1,0,0,0
3697,4.14,LOW RISK,Graduate,No,5,11.4,6,12.666666666666666,108.5,21,1,0,0,1
412,4.13,LOW RISK,Graduate,No,7,12.401428571428571,7,12.401428571428571,135.8,24,1,0,0,0
3281,4.13,LOW RISK,Graduate,No,8,14.625,7,12.728571428571428,124.4,20,1,0,0,0
267,4.13,LOW RISK,Graduate,No,7,14.828571428571427,7,14.828571428571427,140.0,18,1,0,0,0
1423,4.12,LOW RISK,Graduate,No,6,11.833333333333334,6,11.333333333333334,125.6,19,1,0,1,0
1048,4.11,LOW RISK,Graduate,No,7,14.1,7,14.1,136.3,19,1,0,0,0
959,4.11,LOW RISK,Graduate,No,5,12.666666666666666,5,13.2,137.8,19,1,0,1,1
658,4.1,LOW RISK,Graduate,No,11,11.454545454545457,13,10.923076923076923,112.3,22,1,0,0,0
3892,4.1,LOW RISK,Enrolled,No,6,13.428571428571429,6,14.166666666666666,124.1,18,1,0,0,0
4133,4.09,LOW RISK,Enrolled,No,8,12.2,8,12.25,140.0,21,1,0,0,0
479,4.09,LOW RISK,Graduate,No,7,13.225,6,11.98,113.2,18,1,0,0,0
3016,4.09,LOW RISK,Graduate,No,8,14.627777777777778,7,14.711111111111112,133.9,18,1,0,0,0
259,4.08,LOW RISK,Graduate,No,5,12.666666666666666,5,11.666666666666666,118.9,19,1,0,1,0
1251,4.07,LOW RISK,Graduate,No,6,16.0,6,14.833333333333334,153.5,20,1,0,0,0
1368,4.07,LOW RISK,Graduate,No,7,12.2,7,12.2,122.0,19,1,0,0,1
1551,4.06,LOW RISK,Graduate,No,13,12.0,16,12.6875,100.0,35,1,0,1,0
2721,4.05,LOW RISK,Graduate,No,6,13.714285714285714,6,13.833333333333334,128.9,18,1,0,1,0
2977,4.04,LOW RISK,Graduate,No,6,12.166666666666666,6,13.0,129.9,19,1,0,1,0
914,4.04,LOW RISK,Graduate,No,6,12.0,5,11.2,138.0,42,1,0,0,0
1911,4.04,LOW RISK,Graduate,No,5,14.0,5,13.0,115.5,18,1,0,0,0
4346,4.04,LOW RISK,Graduate,No,6,13.333333333333334,6,12.833333333333334,141.1,18,1,0,0,0
495,4.04,LOW RISK,Enrolled,No,6,12.833333333333334,6,10.666666666666666,116.9,18,1,0,0,0
3363,4.03,LOW RISK,Graduate,No,5,11.4,5,12.0,117.4,18,1,0,1,0
2944,4.03,LOW RISK,Graduate,No,11,13.833333333333334,6,13.0,140.0,26,1,0,0,0
1350,4.03,LOW RISK,Graduate,No,6,12.833333333333334,6,12.5,139.9,24,1,0,1,0
2896,4.02,LOW RISK,Graduate,No,6,10.5,6,11.333333333333334,152.4,40,1,0,0,0
2485,4.02,LOW RISK,Graduate,No,5,14.8,5,14.833333333333334,170.0,45,1,0,0,1
4368,4.01,LOW RISK,Graduate,No,6,12.0,6,14.7,120.4,18,1,0,0,1
2818,4.01,LOW RISK,Enrolled,No,4,13.857142857142858,4,11.0,117.8,19,1,0,1,0
1768,4.01,LOW RISK,Enrolled,No,6,13.666666666666666,8,15.125,170.0,26,0,0,0,1
1125,4.01,LOW RISK,Graduate,No,6,13.5,6,12.833333333333334,139.1,19,1,0,1,0
344,4.0,LOW RISK,Graduate,No,6,13.1,6,14.0,150.0,35,1,0,0,0
1852,4.0,LOW RISK,Dropout,No,5,14.8,5,13.285714285714286,133.0,18,1,0,0,1
2912,3.99,LOW RISK,Graduate,No,8,13.27625,8,13.27625,135.3,18,1,0,0,0
3500,3.99,LOW RISK,Enrolled,No,0,0.0,0,0.0,140.0,27,1,0,0,1
199,3.99,LOW RISK,Graduate,No,7,14.428571428571429,7,12.571428571428571,131.8,18,1,0,0,0
2547,3.99,LOW RISK,Graduate,No,6,11.833333333333334,6,13.833333333333334,135.0,20,1,0,0,0
599,3.99,LOW RISK,Graduate,No,6,13.77777777777778,6,12.666666666666666,134.3,20,1,0,0,0
2020,3.99,LOW RISK,Graduate,No,6,13.833333333333334,6,13.666666666666666,144.1,19,1,0,1,1
2786,3.99,LOW RISK,Graduate,No,7,13.428571428571429,11,12.75,114.9,29,1,0,0,0
3302,3.99,LOW RISK,Graduate,No,8,14.3625,7,13.894285714285711,130.4,19,1,0,1,0
1949,3.99,LOW RISK,Graduate,No,6,13.333333333333334,6,13.333333333333334,145.0,18,1,0,1,0
3011,3.98,LOW RISK,Graduate,No,6,13.0,6,15.75,130.2,20,1,0,0,0
3730,3.98,LOW RISK,Graduate,No,12,14.461538461538462,12,14.538461538461538,115.0,21,1,1,0,1
1234,3.97,LOW RISK,Graduate,No,6,12.666666666666666,6,12.833333333333334,115.0,19,1,0,0,0
298,3.97,LOW RISK,Graduate,No,6,12.333333333333334,6,11.571428571428571,125.7,18,1,0,0,0
4351,3.96,LOW RISK,Graduate,No,5,11.857142857142858,6,11.833333333333334,140.0,20,1,0,1,0
505,3.96,LOW RISK,Graduate,No,7,11.721428571428572,7,11.721428571428572,132.8,18,1,0,1,0
3766,3.95,LOW RISK,Graduate,No,6,13.15,6,13.081666666666669,125.6,22,1,0,1,0
208,3.95,LOW RISK,Graduate,No,6,14.166666666666666,6,13.833333333333334,149.8,18,1,0,1,0
3373,3.95,LOW RISK,Graduate,No,6,12.333333333333334,6,12.833333333333334,130.3,18,1,0,1,0
2784,3.95,LOW RISK,Enrolled,No,6,12.666666666666666,5,13.2,129.9,20,1,0,0,0
677,3.94,LOW RISK,Graduate,No,6,15.0,6,14.0,155.5,18,1,0,0,0
2344,3.94,LOW RISK,Graduate,No,5,13.0,4,13.0,118.5,23,1,0,0,1
27,3.93,LOW RISK,Graduate,No,6,13.285714285714286,6,11.375,116.4,21,1,0,0,0
4268,3.92,LOW RISK,Graduate,No,5,12.2,6,11.666666666666666,116.3,21,1,0,1,1
3369,3.92,LOW RISK,Enrolled,No,7,14.06,7,14.06,132.3,19,1,0,1,0
1880,3.91,LOW RISK,Graduate,No,7,13.55714285714286,7,13.55714285714286,138.8,18,1,0,0,1
3446,3.91,LOW RISK,Graduate,No,7,13.0375,7,11.678571428571429,122.1,19,1,0,1,0
3659,3.91,LOW RISK,Graduate,No,5,12.833333333333334,5,12.4,135.0,20,1,0,1,0
3017,3.91,LOW RISK,Graduate,No,9,13.7,11,14.615384615384617,145.2,20,1,0,0,0
4319,3.91,LOW RISK,Graduate,No,11,15.0,12,15.25,163.1,19,0,0,0,0
4384,3.91,LOW RISK,Graduate,No,6,15.625,6,13.166666666666666,150.5,29,1,0,0,0
2870,3.9,LOW RISK,Graduate,No,5,14.4,5,14.8,150.3,47,1,0,0,0
1024,3.9,LOW RISK,Graduate,No,6,13.5,6,14.5,123.7,20,1,0,0,0
3630,3.9,LOW RISK,Graduate,No,6,14.285714285714286,6,13.833333333333334,125.5,19,0,0,1,0
773,3.9,LOW RISK,Enrolled,No,7,13.294444444444444,6,13.411428571428573,131.1,19,1,0,0,0
3038,3.9,LOW RISK,Graduate,No,6,13.0,6,14.166666666666666,126.7,20,1,0,1,0
888,3.9,LOW RISK,Graduate,No,7,11.0,6,11.0,112.5,53,1,0,1,0
2382,3.89,LOW RISK,Graduate,No,6,12.333333333333334,6,15.166666666666666,141.0,19,1,0,1,1
1622,3.89,LOW RISK,Graduate,No,5,13.0,3,11.666666666666666,123.6,21,1,0,0,0
2063,3.89,LOW RISK,Graduate,No,7,13.328571428571427,7,13.328571428571427,126.3,18,1,0,0,0
3166,3.89,LOW RISK,Graduate,No,4,13.25,5,12.857142857142858,128.4,18,1,0,1,0
3155,3.88,LOW RISK,Enrolled,No,6,11.783333333333331,6,12.183333333333332,115.6,18,1,0,0,0
670,3.88,LOW RISK,Graduate,No,17,13.554736842105264,17,13.394736842105264,134.3,28,1,0,0,0
1337,3.88,LOW RISK,Enrolled,No,6,11.685714285714283,6,12.6,121.7,27,1,0,1,0
4417,3.88,LOW RISK,Graduate,No,12,12.625,12,12.625,131.3,23,1,0,0,0
1215,3.88,LOW RISK,Enrolled,No,7,12.228571428571428,6,13.533333333333331,121.3,18,1,0,1,0
364,3.88,LOW RISK,Graduate,No,7,13.714285714285714,8,13.5,142.5,22,1,0,1,0
616,3.88,LOW RISK,Graduate,No,7,13.857142857142858,7,13.857142857142858,127.5,18,1,0,1,0
2061,3.87,LOW RISK,Graduate,No,8,13.666666666666666,7,13.371428571428572,119.4,19,1,0,1,0
821,3.87,LOW RISK,Graduate,No,4,11.6,5,12.0,127.0,18,1,0,1,0
2159,3.87,LOW RISK,Graduate,No,5,14.333333333333334,5,13.2,111.0,21,1,0,0,0
4391,3.87,LOW RISK,Graduate,No,5,13.0,5,12.0,132.0,24,1,0,0,0
1946,3.86,LOW RISK,Graduate,No,8,14.9625,7,14.692857142857145,117.1,30,1,0,0,0
3089,3.86,LOW RISK,Graduate,No,7,15.94285714285714,7,15.94285714285714,160.0,27,1,0,0,0
674,3.86,LOW RISK,Graduate,No,5,13.2,6,11.666666666666666,116.1,22,1,0,0,0
2171,3.85,LOW RISK,Graduate,No,7,13.714285714285714,7,13.714285714285714,123.0,19,1,0,0,0
2071,3.85,LOW RISK,Graduate,No,6,11.77777777777778,6,12.833333333333334,116.5,19,1,0,0,0
3142,3.85,LOW RISK,Graduate,No,5,11.6,4,11.75,120.2,21,1,0,0,0
270,3.85,LOW RISK,Graduate,No,7,13.671428571428573,7,13.671428571428573,127.8,18,1,0,1,0
3343,3.85,LOW RISK,Graduate,No,6,12.666666666666666,6,12.833333333333334,130.3,20,1,0,1,1
2766,3.85,LOW RISK,Graduate,No,8,13.11,8,13.11,127.5,18,1,0,0,0
3972,3.85,LOW RISK,Graduate,No,7,13.65,6,11.85,112.6,19,1,0,0,0
4370,3.84,LOW RISK,Enrolled,No,6,11.833333333333334,6,11.833333333333334,120.0,18,1,0,0,1
352,3.84,LOW RISK,Graduate,No,6,13.333333333333334,6,13.666666666666666,134.0,20,1,0,1,0
98,3.84,LOW RISK,Graduate,No,8,14.47777777777778,7,13.75,120.3,18,1,0,1,0
3314,3.84,LOW RISK,Enrolled,No,5,12.4,6,12.857142857142858,118.3,20,1,0,0,1
3950,3.83,LOW RISK,Graduate,No,5,14.4,5,13.2,147.8,18,1,0,1,0
3454,3.82,LOW RISK,Graduate,No,7,12.657142857142857,7,12.657142857142857,131.5,19,1,0,1,0
3404,3.81,LOW RISK,Graduate,No,8,14.02625,7,13.56875,131.9,18,1,0,1,0
1907,3.81,LOW RISK,Graduate,No,8,15.6625,7,13.877142857142855,119.8,18,1,0,0,0
1638,3.81,LOW RISK,Graduate,No,7,11.65,6,13.342857142857143,114.9,21,1,0,1,1
1526,3.81,LOW RISK,Graduate,No,7,12.828571428571427,7,12.828571428571427,132.3,19,1,0,0,1
3227,3.8,LOW RISK,Graduate,No,6,12.875,6,13.285714285714286,126.9,24,1,1,0,0
1373,3.8,LOW RISK,Graduate,No,6,11.714285714285714,6,12.0,111.1,18,1,0,0,1
3099,3.79,LOW RISK,Enrolled,No,6,11.666666666666666,5,11.6,135.9,19,1,0,0,0
946,3.78,LOW RISK,Graduate,No,6,12.666666666666666,6,13.166666666666666,113.9,18,1,0,0,0
443,3.78,LOW RISK,Graduate,No,7,12.3,7,12.3,132.5,19,1,0,0,0
237,3.78,LOW RISK,Graduate,No,6,13.166666666666666,5,13.4,141.7,18,1,0,1,0
374,3.78,LOW RISK,Graduate,No,5,12.857142857142858,5,12.0,129.7,35,1,0,0,0
1394,3.78,LOW RISK,Graduate,No,6,13.666666666666666,6,12.857142857142858,127.1,19,1,0,0,0
2988,3.78,LOW RISK,Graduate,No,6,11.833333333333334,6,13.333333333333334,100.0,46,1,0,0,0
3550,3.78,LOW RISK,Graduate,No,6,13.483333333333334,6,13.483333333333334,121.5,23,1,0,0,1
4356,3.77,LOW RISK,Graduate,No,5,14.285714285714286,5,16.166666666666668,162.1,18,1,0,0,0
4044,3.77,LOW RISK,Enrolled,No,7,12.285714285714286,7,12.285714285714286,136.3,18,1,0,0,0
2662,3.77,LOW RISK,Graduate,No,6,14.166666666666666,5,14.2,154.0,57,1,0,0,1
3428,3.77,LOW RISK,Graduate,No,6,11.333333333333334,6,11.666666666666666,125.2,20,1,0,0,0
1054,3.77,LOW RISK,Graduate,No,5,13.0,6,13.0,140.0,19,1,0,0,0
1049,3.77,LOW RISK,Graduate,No,7,12.94285714285714,6,12.396666666666668,121.5,20,1,0,1,0
1141,3.77,LOW RISK,Graduate,No,7,12.833333333333334,7,13.37,125.1,18,1,0,0,0
4361,3.76,LOW RISK,Graduate,No,6,11.966666666666669,6,11.966666666666669,133.3,19,1,0,0,0
2973,3.76,LOW RISK,Enrolled,No,4,13.0,3,12.0,139.4,18,1,0,0,0
2026,3.76,LOW RISK,Graduate,No,7,12.9125,7,11.828571428571427,100.0,18,1,0,0,1
654,3.76,LOW RISK,Graduate,No,6,11.5,5,12.2,126.3,19,1,0,1,0
805,3.76,LOW RISK,Graduate,No,7,14.285714285714286,7,13.857142857142858,113.6,19,1,0,0,0
436,3.76,LOW RISK,Graduate,No,7,13.814285714285717,7,13.814285714285717,130.3,18,1,0,1,0
3525,3.75,LOW RISK,Enrolled,No,5,14.6,5,14.2,146.0,34,1,0,0,1
2165,3.75,LOW RISK,Graduate,No,6,15.333333333333334,6,14.833333333333334,151.0,18,1,0,0,0
2731,3.75,LOW RISK,Graduate,No,6,13.714285714285714,6,13.833333333333334,131.6,18,1,0,0,0
983,3.75,LOW RISK,Graduate,No,6,12.5,6,12.0,122.8,18,1,0,0,1
2351,3.74,LOW RISK,Graduate,No,7,13.614285714285714,7,13.614285714285714,127.0,19,1,0,0,1
1044,3.74,LOW RISK,Graduate,No,7,12.43142857142857,6,11.994444444444444,128.8,18,1,0,1,0
3388,3.74,LOW RISK,Graduate,No,6,11.8,6,13.285714285714286,119.1,20,1,0,0,0
376,3.74,LOW RISK,Enrolled,No,10,12.8,10,11.9,104.0,42,1,1,0,0
3130,3.74,LOW RISK,Graduate,No,6,12.833333333333334,6,12.666666666666666,114.4,18,1,0,1,0
3403,3.73,LOW RISK,Graduate,No,6,13.666666666666666,5,13.0,143.0,18,1,0,0,0
2736,3.73,LOW RISK,Graduate,No,6,15.4,6,15.4,126.0,20,1,1,0,0
3814,3.72,LOW RISK,Graduate,No,11,16.90909090909091,14,16.5,180.0,37,1,0,0,0
159,3.72,LOW RISK,Graduate,No,6,11.833333333333334,4,11.0,123.6,20,1,0,0,0
2062,3.72,LOW RISK,Graduate,No,8,13.3875,7,13.385714285714286,121.3,19,1,0,1,0
1693,3.72,LOW RISK,Graduate,No,8,14.022222222222222,7,13.7,130.2,19,1,0,1,1
346,3.71,LOW RISK,Graduate,No,6,12.5,6,13.5,135.1,18,1,0,0,0
3581,3.71,LOW RISK,Graduate,No,5,12.6,5,13.625,150.0,21,1,0,0,1
2247,3.71,LOW RISK,Enrolled,No,6,12.416666666666666,6,12.528571428571428,124.7,19,1,0,1,1
1169,3.7,LOW RISK,Dropout,No,6,13.857142857142858,6,14.0,124.0,20,1,0,1,0
941,3.7,LOW RISK,Graduate,No,5,12.4,6,13.0,105.5,19,1,0,0,0
3918,3.7,LOW RISK,Graduate,No,6,12.333333333333334,6,13.333333333333334,137.1,18,1,0,0,0
1773,3.7,LOW RISK,Graduate,No,6,14.428571428571429,6,13.5,136.9,19,1,0,1,0
3147,3.69,LOW RISK,Graduate,No,6,11.333333333333334,6,11.333333333333334,125.7,18,1,0,1,0
2068,3.69,LOW RISK,Graduate,No,6,12.5,6,13.0,132.0,17,1,0,1,0
3450,3.69,LOW RISK,Graduate,No,8,14.58888888888889,7,14.485714285714286,127.5,18,1,0,1,0
991,3.69,LOW RISK,Graduate,No,8,16.327272727272728,7,14.728571428571428,128.6,18,1,0,0,0
3791,3.69,LOW RISK,Graduate,No,8,13.472,7,14.594444444444443,131.0,18,1,0,0,1
4206,3.68,LOW RISK,Graduate,No,6,13.533333333333331,6,13.533333333333331,134.8,19,1,0,0,0
202,3.68,LOW RISK,Graduate,No,6,11.333333333333334,6,11.166666666666666,127.4,20,1,0,0,0
4003,3.68,LOW RISK,Graduate,No,6,13.333333333333334,6,13.5,123.5,39,1,0,0,1
1029,3.67,LOW RISK,Graduate,No,8,14.875,7,13.175,129.8,18,1,0,0,0
233,3.67,LOW RISK,Graduate,No,5,13.2,5,13.0,133.3,19,1,0,0,0
3139,3.67,LOW RISK,Graduate,No,6,15.0,6,13.166666666666666,126.2,19,1,0,0,0
1983,3.66,LOW RISK,Graduate,No,5,13.285714285714286,3,13.0,150.0,21,1,0,1,0
3331,3.66,LOW RISK,Graduate,No,6,11.571428571428571,5,11.142857142857142,132.0,20,1,0,1,1
3881,3.65,LOW RISK,Graduate,No,6,15.285714285714286,6,13.571428571428571,115.9,22,1,0,0,0
3772,3.65,LOW RISK,Graduate,No,5,12.6,5,11.666666666666666,140.0,20,1,0,0,0
3231,3.65,LOW RISK,Graduate,No,7,14.985714285714286,7,14.985714285714286,140.0,24,1,0,0,0
4298,3.65,LOW RISK,Graduate,No,6,13.0,5,14.0,133.9,19,1,0,1,1
371,3.65,LOW RISK,Graduate,No,7,13.571428571428571,11,13.545454545454543,140.9,50,1,0,0,0
1439,3.65,LOW RISK,Graduate,No,6,14.333333333333334,6,13.0,121.5,19,1,0,1,0
1130,3.64,LOW RISK,Graduate,No,7,12.114285714285714,7,12.114285714285714,133.5,18,1,0,1,0
323,3.64,LOW RISK,Graduate,No,8,14.055555555555555,7,14.3,155.6,19,1,0,0,0
349,3.64,LOW RISK,Graduate,No,6,13.833333333333334,6,13.0,116.0,44,1,0,0,0
3758,3.64,LOW RISK,Graduate,No,8,13.5425,7,13.398,124.6,18,1,0,0,0
2566,3.64,LOW RISK,Graduate,No,6,13.428571428571429,6,12.333333333333334,140.0,21,1,0,0,1
3032,3.63,LOW RISK,Graduate,No,8,15.9,7,13.3875,141.4,21,1,0,0,0
3640,3.63,LOW RISK,Graduate,No,6,13.285714285714286,6,14.0,128.0,18,1,0,1,0
1052,3.63,LOW RISK,Graduate,No,8,15.1,7,14.05,133.5,19,1,0,0,0
577,3.63,LOW RISK,Graduate,No,7,13.828571428571427,7,13.828571428571427,137.5,19,1,0,0,1
3975,3.62,LOW RISK,Graduate,No,5,13.428571428571429,4,12.0,120.2,20,1,0,0,0
1362,3.61,LOW RISK,Graduate,No,7,13.331428571428573,7,13.331428571428573,124.0,18,1,0,1,1
524,3.61,LOW RISK,Graduate,No,5,13.0,4,12.0,132.2,18,1,0,1,0
1796,3.61,LOW RISK,Graduate,No,7,13.512857142857142,7,13.512857142857142,132.8,19,1,0,1,0
3047,3.61,LOW RISK,Enrolled,No,4,10.25,3,12.333333333333334,126.0,19,1,0,0,0
2030,3.61,LOW RISK,Graduate,No,6,13.666666666666666,6,13.833333333333334,122.1,18,1,0,0,1
708,3.6,LOW RISK,Graduate,No,13,14.23076923076923,18,14.11111111111111,140.0,60,1,0,0,1
149,3.6,LOW RISK,Graduate,No,5,14.166666666666666,5,13.375,128.8,18,1,0,0,0
3835,3.6,LOW RISK,Graduate,No,6,12.333333333333334,4,14.0,124.5,19,1,0,1,1
3850,3.6,LOW RISK,Graduate,No,6,13.666666666666666,6,13.833333333333334,113.0,19,1,0,0,1
902,3.59,LOW RISK,Graduate,No,5,11.2,6,11.428571428571429,110.0,19,1,0,1,0
1220,3.59,LOW RISK,Graduate,No,5,12.166666666666666,5,13.75,132.2,18,1,0,1,0
3664,3.59,LOW RISK,Graduate,No,7,12.671428571428573,6,12.583333333333334,130.8,19,1,0,1,0
2979,3.59,LOW RISK,Graduate,No,5,12.0,6,14.5,124.8,21,1,0,0,0
124,3.59,LOW RISK,Graduate,No,5,14.2,5,12.8,127.9,19,1,0,1,0
2134,3.58,LOW RISK,Graduate,No,8,13.05,7,13.507142857142856,120.8,19,1,0,1,0
771,3.58,LOW RISK,Graduate,No,6,15.142857142857142,6,15.142857142857142,133.0,20,1,0,1,0
471,3.58,LOW RISK,Graduate,No,7,13.487142857142857,7,13.487142857142857,126.5,20,1,0,1,0
1854,3.58,LOW RISK,Graduate,No,6,14.666666666666666,6,14.0,160.0,20,1,0,0,1
133,3.57,LOW RISK,Graduate,No,5,14.6,5,12.4,120.1,19,1,0,0,0
588,3.57,LOW RISK,Graduate,No,6,12.285714285714286,6,12.833333333333334,120.4,18,1,0,1,0
4129,3.57,LOW RISK,Graduate,No,6,13.875,6,15.307692307692308,112.4,19,1,0,0,0
764,3.57,LOW RISK,Enrolled,No,1,10.0,1,11.0,100.0,40,1,1,0,1
2046,3.57,LOW RISK,Graduate,No,7,12.842857142857143,6,12.783333333333331,122.2,20,1,0,0,0
2533,3.56,LOW RISK,Graduate,No,6,11.0,3,12.666666666666666,127.1,19,1,0,1,0
228,3.56,LOW RISK,Graduate,No,6,12.857142857142858,6,12.0,133.3,20,1,0,1,0
4015,3.56,LOW RISK,Graduate,No,8,14.8,7,14.838571428571427,136.5,18,1,0,1,0
405,3.56,LOW RISK,Graduate,No,7,14.731428571428571,7,14.731428571428571,131.3,19,1,0,0,0
2781,3.55,LOW RISK,Graduate,No,8,13.122222222222222,7,13.778571428571428,122.7,18,1,0,1,0
4234,3.55,LOW RISK,Graduate,No,7,14.992857142857142,7,14.992857142857142,130.5,19,1,0,0,0
141,3.55,LOW RISK,Graduate,No,6,12.666666666666666,6,12.666666666666666,128.8,19,1,0,0,0
614,3.54,LOW RISK,Enrolled,No,5,13.2,4,11.0,118.0,20,1,0,0,0
1705,3.54,LOW RISK,Graduate,No,6,13.0,6,12.285714285714286,140.0,25,1,0,1,1
1348,3.53,LOW RISK,Enrolled,No,7,12.5,5,13.04,120.5,19,1,0,1,0
1963,3.53,LOW RISK,Graduate,No,5,13.8,5,13.0,108.0,20,1,0,1,0
795,3.53,LOW RISK,Graduate,No,6,12.166666666666666,6,13.166666666666666,116.1,18,1,0,1,0
2103,3.53,LOW RISK,Graduate,No,8,14.28625,7,13.26,127.2,18,1,0,1,0
368,3.52,LOW RISK,Enrolled,No,5,11.2,1,11.0,131.2,19,1,0,0,0
4204,3.52,LOW RISK,Graduate,No,6,12.375,5,13.4,127.2,20,1,0,1,0
2520,3.52,LOW RISK,Graduate,No,6,13.5,6,12.285714285714286,131.3,18,1,0,1,0
815,3.52,LOW RISK,Graduate,No,7,15.0,7,15.714285714285714,147.2,18,1,0,0,0
379,3.51,LOW RISK,Enrolled,No,6,13.333333333333334,7,12.285714285714286,116.6,18,0,0,1,0
3797,3.51,LOW RISK,Graduate,No,5,11.8,6,13.571428571428571,116.9,18,1,0,0,1
3255,3.5,LOW RISK,Graduate,No,6,12.25,6,13.0,101.3,18,1,0,0,0
3546,3.5,LOW RISK,Graduate,No,6,13.266666666666666,6,13.266666666666666,132.3,18,1,0,1,1
3540,3.5,LOW RISK,Graduate,No,6,12.166666666666666,6,13.666666666666666,134.9,20,1,0,0,1
144,3.5,LOW RISK,Graduate,No,6,11.5,6,11.333333333333334,121.0,19,1,0,1,0
3141,3.49,LOW RISK,Graduate,No,6,14.285714285714286,6,16.5,157.4,26,1,0,0,0
793,3.49,LOW RISK,Graduate,No,6,12.428571428571429,6,11.333333333333334,129.6,19,1,0,1,0
2808,3.49,LOW RISK,Enrolled,No,6,14.142857142857142,6,14.625,126.6,18,1,0,0,0
2518,3.48,LOW RISK,Graduate,No,7,12.214285714285714,7,12.214285714285714,135.0,18,1,0,1,0
1731,3.48,LOW RISK,Graduate,No,5,12.8,5,11.6,116.5,20,1,0,0,1
3067,3.48,LOW RISK,Graduate,No,8,12.75,6,12.0,130.0,19,1,0,0,0
3059,3.48,LOW RISK,Graduate,No,7,12.628571428571428,7,12.628571428571428,127.3,18,1,0,0,0
4166,3.48,LOW RISK,Graduate,No,8,13.2,7,13.557142857142855,115.9,18,1,0,0,0
1384,3.48,LOW RISK,Graduate,No,6,13.35,6,13.35,134.8,18,1,0,0,1
1916,3.48,LOW RISK,Graduate,No,6,13.45,6,13.45,132.0,18,1,0,0,0
2756,3.48,LOW RISK,Graduate,No,9,11.88888888888889,15,11.733333333333333,130.0,37,1,0,0,1
1201,3.47,LOW RISK,Graduate,No,6,14.714285714285714,6,15.571428571428571,152.3,18,1,0,0,0
274,3.47,LOW RISK,Graduate,No,8,13.55,7,12.67,136.7,19,1,0,0,0
4019,3.47,LOW RISK,Graduate,No,6,14.0,6,13.166666666666666,122.6,20,1,0,1,0
2888,3.47,LOW RISK,Graduate,No,6,12.833333333333334,6,13.142857142857142,153.7,18,1,0,1,0
3864,3.47,LOW RISK,Graduate,No,6,11.857142857142858,6,11.125,129.6,19,1,0,0,1
2261,3.47,LOW RISK,Enrolled,No,6,12.714285714285714,6,13.125,116.1,19,1,0,1,1
2570,3.47,LOW RISK,Graduate,No,6,14.666666666666666,6,13.666666666666666,140.0,18,1,0,1,0
459,3.46,LOW RISK,Graduate,No,11,14.090909090909092,12,13.846153846153848,152.4,36,1,0,0,0
4023,3.46,LOW RISK,Graduate,No,5,11.25,5,12.6,137.6,19,1,0,1,0
797,3.46,LOW RISK,Graduate,No,9,13.22222222222222,7,13.0,144.3,19,1,0,0,0
2507,3.46,LOW RISK,Graduate,No,8,11.425,7,11.155555555555557,113.8,18,1,0,0,0
3568,3.46,LOW RISK,Graduate,No,5,13.8,5,14.0,116.6,20,1,0,1,1
2050,3.46,LOW RISK,Graduate,No,7,13.44285714285714,7,13.44285714285714,127.0,19,1,0,0,0
3963,3.46,LOW RISK,Graduate,No,6,13.383333333333333,6,13.383333333333333,127.3,20,1,0,0,0
2381,3.46,LOW RISK,Graduate,No,6,12.857142857142858,5,12.666666666666666,116.6,19,1,0,1,1
791,3.45,LOW RISK,Graduate,No,6,13.833333333333334,6,13.166666666666666,124.0,19,1,0,1,0
1532,3.45,LOW RISK,Graduate,No,6,13.033333333333331,6,13.033333333333331,133.8,18,1,0,0,0
195,3.45,LOW RISK,Graduate,No,7,12.242857142857144,7,12.242857142857144,129.8,18,1,0,0,0
707,3.45,LOW RISK,Graduate,No,7,12.142857142857142,10,12.5,144.3,41,1,0,0,1
3913,3.45,LOW RISK,Graduate,No,5,11.4,5,11.0,106.1,20,1,0,0,0
320,3.44,LOW RISK,Enrolled,No,6,13.083333333333334,6,11.757142857142856,147.8,20,1,0,0,0
4363,3.44,LOW RISK,Graduate,No,4,12.5,5,12.0,128.2,21,1,0,0,0
299,3.44,LOW RISK,Graduate,No,8,13.1375,7,12.5,107.1,20,1,0,0,0
3977,3.44,LOW RISK,Graduate,No,8,12.6125,7,13.78,119.9,18,1,0,0,0
3284,3.44,LOW RISK,Graduate,No,6,10.833333333333334,6,11.333333333333334,124.0,18,1,0,1,0
4180,3.43,LOW RISK,Graduate,No,8,14.51125,7,14.15,131.9,18,1,0,1,0
4161,3.43,LOW RISK,Graduate,No,6,12.333333333333334,5,11.8,120.0,23,1,0,1,0
3026,3.43,LOW RISK,Graduate,No,7,14.0,7,14.0,133.0,18,1,0,1,0
4379,3.43,LOW RISK,Graduate,No,8,13.25,7,13.428571428571429,131.0,32,1,0,1,0
2811,3.43,LOW RISK,Graduate,No,6,12.833333333333334,6,12.5,124.9,19,1,0,1,0
3887,3.43,LOW RISK,Enrolled,No,5,15.0,6,14.5,120.0,20,1,0,1,0
501,3.42,LOW RISK,Enrolled,No,5,12.6,3,11.333333333333334,120.4,20,1,0,0,0
1309,3.42,LOW RISK,Graduate,No,7,13.314285714285717,7,13.314285714285717,126.0,18,1,0,0,0
1613,3.42,LOW RISK,Graduate,No,8,12.28125,6,11.983333333333334,114.5,18,1,0,0,0
4326,3.41,LOW RISK,Graduate,No,10,12.8,13,12.846153846153848,130.0,32,1,0,0,0
1076,3.41,LOW RISK,Graduate,No,6,12.0,6,13.333333333333334,110.1,18,1,0,0,0
1416,3.41,LOW RISK,Graduate,No,4,12.333333333333334,5,12.6,122.0,20,1,0,0,0
4241,3.41,LOW RISK,Graduate,No,5,13.833333333333334,6,14.833333333333334,120.0,22,1,0,0,0
1091,3.41,LOW RISK,Graduate,No,5,12.0,4,12.0,123.8,18,1,0,0,0
3200,3.4,LOW RISK,Graduate,No,7,12.84142857142857,7,12.84142857142857,127.0,20,1,0,0,1
396,3.4,LOW RISK,Graduate,No,7,12.86,7,12.86,124.5,19,1,0,1,0
3307,3.4,LOW RISK,Graduate,No,11,13.727272727272728,10,13.3,120.0,33,1,0,0,0
4228,3.4,LOW RISK,Graduate,No,6,13.285714285714286,6,13.5,118.4,19,1,0,1,0
491,3.39,LOW RISK,Graduate,No,6,11.875,6,13.0,123.4,23,1,0,0,0
4349,3.39,LOW RISK,Graduate,No,8,13.6625,7,14.105714285714289,119.3,20,1,0,0,0
79,3.39,LOW RISK,Graduate,No,8,15.055555555555555,7,14.842857142857142,130.8,22,1,0,1,1
222,3.39,LOW RISK,Graduate,No,6,14.5,6,13.333333333333334,122.5,19,1,0,1,0
2018,3.39,LOW RISK,Graduate,No,8,14.22222222222222,7,13.542857142857144,137.4,19,1,0,0,0
1950,3.38,LOW RISK,Graduate,No,7,12.33,6,11.7725,115.0,20,1,0,0,0
3061,3.38,LOW RISK,Enrolled,No,6,14.0,6,15.0,137.4,19,1,0,0,0
4259,3.38,LOW RISK,Graduate,No,7,12.545714285714286,7,12.545714285714286,120.8,19,1,0,0,0
3530,3.38,LOW RISK,Enrolled,No,7,13.475,5,12.7,115.7,20,1,0,0,1
3927,3.38,LOW RISK,Graduate,No,8,14.34125,8,14.34125,138.5,19,1,0,0,0
1919,3.38,LOW RISK,Graduate,No,5,12.8,5,10.8,134.0,22,1,0,1,0
2700,3.37,LOW RISK,Graduate,No,7,13.4,7,13.4,143.0,18,1,0,0,1
1150,3.37,LOW RISK,Graduate,No,7,13.485714285714284,7,13.485714285714284,133.8,18,1,0,0,0
675,3.37,LOW RISK,Graduate,No,6,13.5,6,12.166666666666666,110.8,18,1,0,0,0
2918,3.37,LOW RISK,Graduate,No,7,12.321428571428571,6,12.97166666666667,115.2,19,1,0,0,0
3526,3.37,LOW RISK,Graduate,No,6,13.5,6,12.714285714285714,140.0,19,1,0,0,1
2686,3.36,LOW RISK,Enrolled,No,3,12.0,5,10.8,122.5,20,1,0,0,1
4128,3.36,LOW RISK,Graduate,No,6,11.666666666666666,6,12.333333333333334,135.5,34,1,0,0,0
966,3.36,LOW RISK,Graduate,No,5,12.4,5,13.4,120.0,21,1,0,0,1
1006,3.35,LOW RISK,Graduate,No,5,12.0,3,13.666666666666666,130.8,18,1,0,0,0
2153,3.35,LOW RISK,Graduate,No,8,13.125555555555556,7,14.283333333333337,126.0,19,1,0,0,0
4213,3.35,LOW RISK,Graduate,No,6,14.666666666666666,6,13.333333333333334,115.6,19,1,0,0,0
986,3.35,LOW RISK,Graduate,No,7,13.714285714285714,7,13.714285714285714,142.0,19,1,0,0,1
1941,3.35,LOW RISK,Graduate,No,6,12.166666666666666,6,13.571428571428571,123.4,18,1,0,1,0
1352,3.34,LOW RISK,Graduate,No,7,15.657142857142857,7,15.657142857142857,126.0,18,1,0,0,0
3412,3.34,LOW RISK,Graduate,No,7,12.454285714285716,7,12.454285714285716,120.0,19,1,0,0,0
920,3.34,LOW RISK,Graduate,No,6,12.333333333333334,5,12.833333333333334,114.8,41,1,0,1,0
1305,3.34,LOW RISK,Graduate,No,6,15.0,6,14.714285714285714,133.2,19,1,0,1,0
4374,3.34,LOW RISK,Enrolled,No,6,10.833333333333334,2,13.0,121.2,19,1,0,0,0
145,3.34,LOW RISK,Graduate,No,8,12.33125,7,13.605,131.7,19,1,0,1,0
2603,3.34,LOW RISK,Graduate,No,6,12.833333333333334,6,12.285714285714286,120.8,19,1,0,0,0
3773,3.34,LOW RISK,Graduate,No,6,13.428571428571429,6,13.5,120.4,19,1,0,1,0
3639,3.34,LOW RISK,Graduate,No,8,13.91,7,14.455000000000002,128.7,18,1,0,0,0
3456,3.33,LOW RISK,Graduate,No,6,13.166666666666666,6,13.714285714285714,127.9,19,1,0,0,0
1074,3.33,LOW RISK,Graduate,No,5,14.857142857142858,4,13.75,161.9,18,1,0,0,0
2516,3.33,LOW RISK,Enrolled,No,1,10.0,4,14.25,121.0,20,1,0,0,1
3309,3.33,LOW RISK,Graduate,No,8,13.41625,8,13.41625,133.3,17,1,0,1,0
2852,3.33,LOW RISK,Graduate,No,6,14.166666666666666,6,14.333333333333334,120.9,18,1,1,0,0
1033,3.32,LOW RISK,Graduate,No,6,14.142857142857142,6,13.428571428571429,138.4,18,1,0,0,0
435,3.32,LOW RISK,Graduate,No,6,14.571428571428571,5,14.2,124.6,19,1,0,0,0
2776,3.32,LOW RISK,Graduate,No,7,15.075714285714286,7,15.075714285714286,127.3,18,1,0,0,0
365,3.31,LOW RISK,Enrolled,No,5,13.98,5,13.98,133.0,19,1,0,0,0
3833,3.31,LOW RISK,Enrolled,No,7,11.857142857142858,7,11.428571428571429,108.0,34,1,0,0,1
1895,3.31,LOW RISK,Graduate,No,17,12.176470588235292,17,11.5,116.8,23,1,0,0,0
4101,3.31,LOW RISK,Enrolled,No,8,12.625,7,12.333333333333334,140.2,20,1,0,0,0
3258,3.31,LOW RISK,Graduate,No,6,12.666666666666666,5,12.6,140.0,29,1,1,0,0
1011,3.3,LOW RISK,Graduate,No,6,13.193333333333332,7,13.128,122.9,18,1,0,0,0
2205,3.3,LOW RISK,Graduate,No,5,11.8,5,13.2,146.2,18,1,0,0,1
2168,3.3,LOW RISK,Graduate,No,5,11.2,4,12.0,117.3,20,1,0,0,0
652,3.3,LOW RISK,Enrolled,No,6,13.5,9,13.666666666666666,143.3,23,0,0,0,0
705,3.3,LOW RISK,Graduate,No,7,14.857142857142858,9,13.11111111111111,124.3,47,1,0,0,1
447,3.29,LOW RISK,Graduate,No,8,16.05,7,14.4125,127.8,19,1,0,1,0
2188,3.29,LOW RISK,Graduate,No,8,13.40375,8,13.40375,128.5,18,1,0,1,0
608,3.29,LOW RISK,Graduate,No,7,12.355714285714283,7,12.355714285714283,125.3,19,1,0,1,0
1715,3.28,LOW RISK,Graduate,No,6,12.166666666666666,6,12.75,130.2,18,1,0,1,0
3383,3.28,LOW RISK,Graduate,No,6,14.142857142857142,6,15.166666666666666,134.2,18,1,0,1,0
823,3.28,LOW RISK,Enrolled,No,6,13.2,6,14.714285714285714,131.6,20,1,0,0,0
1989,3.27,LOW RISK,Graduate,No,8,12.66875,6,12.993333333333334,109.0,23,1,0,1,0
493,3.27,LOW RISK,Graduate,No,6,12.6,6,12.6,121.3,20,1,0,0,0
3351,3.27,LOW RISK,Enrolled,No,6,11.666666666666666,6,11.833333333333334,127.6,26,1,0,0,1
2850,3.26,LOW RISK,Graduate,No,5,13.0,4,14.4,140.0,19,1,0,0,0
2506,3.26,LOW RISK,Graduate,No,7,13.585714285714284,7,13.585714285714284,127.0,18,1,0,1,0
3034,3.26,LOW RISK,Graduate,No,6,13.333333333333334,6,14.0,118.1,19,1,0,0,0
3290,3.26,LOW RISK,Graduate,No,13,11.615384615384617,18,11.555555555555555,100.0,35,1,0,0,1
4335,3.26,LOW RISK,Graduate,No,6,12.666666666666666,6,12.5,133.1,18,1,0,0,0
2374,3.25,LOW RISK,Enrolled,No,6,12.0,5,14.0,110.7,20,1,0,0,1
1099,3.25,LOW RISK,Graduate,No,6,12.833333333333334,6,12.666666666666666,124.9,20,1,0,1,0
1811,3.25,LOW RISK,Graduate,No,6,12.833333333333334,6,12.428571428571429,126.5,26,1,0,0,1
2320,3.24,LOW RISK,Graduate,No,6,14.714285714285714,6,13.714285714285714,145.2,20,1,0,0,1
3612,3.24,LOW RISK,Graduate,No,6,13.857142857142858,6,14.666666666666666,117.7,20,1,0,0,1
3663,3.24,LOW RISK,Graduate,No,5,12.6,3,12.333333333333334,127.0,18,1,0,0,0
3060,3.24,LOW RISK,Graduate,No,7,14.232857142857142,7,14.232857142857142,125.5,19,1,0,1,0
3480,3.24,LOW RISK,Graduate,No,6,13.166666666666666,6,13.0,139.2,19,1,0,1,1
3228,3.24,LOW RISK,Enrolled,No,4,12.2,4,11.5,150.0,23,1,0,0,0
3432,3.23,LOW RISK,Graduate,No,7,14.2,7,14.2,134.3,18,1,0,0,0
1839,3.23,LOW RISK,Graduate,No,8,13.427499999999998,8,13.427499999999998,130.8,19,1,0,0,0
3556,3.23,LOW RISK,Graduate,No,6,13.142857142857142,6,13.8,150.0,20,1,0,0,1
3575,3.23,LOW RISK,Graduate,No,6,13.166666666666666,6,13.571428571428571,120.1,20,1,0,1,1
1972,3.22,LOW RISK,Graduate,No,6,12.142857142857142,6,14.833333333333334,123.3,20,1,0,1,0
1388,3.22,LOW RISK,Graduate,No,5,11.833333333333334,5,13.25,119.7,19,1,0,0,1
2607,3.22,LOW RISK,Graduate,No,5,12.2,5,14.2,134.0,22,1,0,0,0
4423,3.21,LOW RISK,Graduate,No,5,12.0,5,13.8,153.8,20,1,0,1,0
1497,3.21,LOW RISK,Graduate,No,8,14.6875,7,13.585714285714284,128.0,20,1,0,0,1
3437,3.21,LOW RISK,Graduate,No,6,13.5,6,13.428571428571429,146.5,18,1,0,1,0
454,3.21,LOW RISK,Graduate,No,5,12.6,5,11.714285714285714,123.7,19,1,0,0,0
2771,3.21,LOW RISK,Graduate,No,8,13.3125,7,14.1,128.5,18,1,0,1,0
34,3.2,LOW RISK,Graduate,No,6,14.375,6,12.666666666666666,134.5,19,1,0,0,0
1675,3.2,LOW RISK,Graduate,No,6,12.766666666666666,6,12.766666666666666,128.5,18,1,0,0,0
425,3.2,LOW RISK,Graduate,No,8,14.1,7,13.785714285714286,112.2,20,1,0,0,0
1355,3.19,LOW RISK,Enrolled,No,5,11.166666666666666,5,10.6,105.9,20,1,0,1,0
4077,3.19,LOW RISK,Graduate,No,7,13.971428571428572,7,13.971428571428572,136.3,18,1,0,1,0
4048,3.19,LOW RISK,Graduate,No,7,13.9,7,13.9,135.5,18,1,0,0,0
3102,3.19,LOW RISK,Graduate,No,5,12.8,5,12.4,136.2,19,1,0,0,0
197,3.19,LOW RISK,Graduate,No,8,12.93375,8,12.93375,122.8,18,1,0,0,0
1412,3.19,LOW RISK,Graduate,No,6,12.0,4,11.25,127.3,19,1,0,1,0
1968,3.19,LOW RISK,Enrolled,No,5,11.6,3,12.333333333333334,121.0,18,1,0,0,0
3912,3.19,LOW RISK,Graduate,No,6,15.5,6,15.714285714285714,155.9,33,1,0,0,0
92,3.19,LOW RISK,Graduate,No,6,13.5,6,14.0,105.0,21,0,0,0,0
3636,3.19,LOW RISK,Graduate,No,18,14.933333333333334,18,14.933333333333334,145.0,21,1,0,0,0
2246,3.19,LOW RISK,Graduate,No,6,13.666666666666666,6,12.333333333333334,117.1,21,1,0,0,1
2948,3.19,LOW RISK,Graduate,No,6,13.142857142857142,6,12.375,112.3,20,1,0,0,0
2490,3.19,LOW RISK,Graduate,No,6,12.5,6,14.714285714285714,122.3,20,1,0,1,1
1617,3.18,LOW RISK,Graduate,No,4,14.5,4,13.75,121.0,19,1,0,0,0
157,3.18,LOW RISK,Graduate,No,5,11.8,5,10.6,126.5,18,1,0,1,0
1287,3.18,LOW RISK,Enrolled,No,5,13.8,6,11.375,132.9,20,1,0,1,1
604,3.18,LOW RISK,Graduate,No,6,12.333333333333334,6,12.5,150.5,27,1,0,0,0
166,3.18,LOW RISK,Graduate,No,6,13.0,6,12.5,126.0,19,1,0,1,0
742,3.18,LOW RISK,Graduate,No,6,12.5,6,14.428571428571429,128.7,19,1,0,0,1
1160,3.17,LOW RISK,Graduate,No,5,13.285714285714286,5,14.2,112.6,20,1,0,1,0
1231,3.17,LOW RISK,Graduate,No,5,12.2,5,10.714285714285714,112.3,22,1,0,1,0
1403,3.17,LOW RISK,Graduate,No,5,13.8,5,14.4,141.8,21,1,0,0,0
840,3.17,LOW RISK,Graduate,No,5,12.4,5,13.8,114.5,19,1,0,0,1
4406,3.16,LOW RISK,Graduate,No,7,14.314285714285717,7,14.314285714285717,133.0,18,1,0,1,1
2769,3.16,LOW RISK,Graduate,No,5,12.2,5,12.333333333333334,126.8,20,1,0,0,0
4027,3.16,LOW RISK,Graduate,No,9,12.7,12,11.833333333333334,110.0,41,1,0,0,0
1997,3.16,LOW RISK,Graduate,No,6,13.1,6,13.857142857142858,132.4,18,1,0,0,0
1662,3.16,LOW RISK,Graduate,No,6,15.666666666666666,6,16.571428571428573,153.9,18,1,0,0,0
1712,3.16,LOW RISK,Graduate,No,8,13.38125,8,13.38125,131.5,20,1,0,1,0
2075,3.15,LOW RISK,Graduate,No,6,13.666666666666666,6,14.0,136.1,18,1,0,1,0
3705,3.15,LOW RISK,Graduate,No,6,14.0,6,14.166666666666666,111.9,19,1,0,0,1
3585,3.15,LOW RISK,Graduate,No,7,13.142857142857142,9,13.22222222222222,119.0,39,1,0,0,1
1126,3.15,LOW RISK,Graduate,No,4,13.0,5,13.2,126.9,21,1,0,1,0
24,3.14,LOW RISK,Graduate,No,6,12.285714285714286,6,13.375,114.9,19,1,0,1,0
4253,3.14,LOW RISK,Graduate,No,5,11.6,5,12.0,151.4,28,1,0,0,0
4248,3.14,LOW RISK,Graduate,No,6,11.0,6,11.833333333333334,100.0,37,1,1,0,0
1668,3.14,LOW RISK,Graduate,No,8,13.76125,8,13.76125,130.0,18,1,0,0,0
302,3.14,LOW RISK,Graduate,No,5,12.2,4,12.0,113.5,21,1,0,1,0
1996,3.14,LOW RISK,Graduate,No,6,11.666666666666666,6,11.333333333333334,121.5,18,1,0,0,0
337,3.14,LOW RISK,Graduate,No,7,14.571428571428571,7,15.0,110.0,40,1,1,0,0
3660,3.14,LOW RISK,Enrolled,No,4,11.25,2,14.5,150.0,20,1,0,0,0
1268,3.13,LOW RISK,Graduate,No,7,12.464285714285714,7,12.464285714285714,121.3,20,1,0,1,0
2945,3.13,LOW RISK,Graduate,No,8,12.75,7,11.714285714285714,110.7,18,1,0,0,0
1500,3.13,LOW RISK,Graduate,No,5,12.6,6,13.444444444444445,160.0,20,1,0,1,1
637,3.12,LOW RISK,Graduate,No,7,12.62857142857143,7,12.62857142857143,134.3,18,1,0,1,0
3223,3.12,LOW RISK,Graduate,No,6,14.714285714285714,6,15.25,146.2,20,1,0,1,0
521,3.12,LOW RISK,Graduate,No,7,12.61,7,12.61,126.8,18,1,0,1,0
2866,3.12,LOW RISK,Graduate,No,5,16.6,5,16.4,142.8,43,1,0,0,0
2739,3.11,LOW RISK,Graduate,No,5,12.0,5,11.333333333333334,143.9,18,1,0,0,0
2432,3.11,LOW RISK,Graduate,No,5,16.0,5,16.0,149.3,24,1,0,1,1
3261,3.11,LOW RISK,Graduate,No,5,12.0,4,12.75,117.4,19,1,0,0,0
2083,3.11,LOW RISK,Graduate,No,8,14.0475,7,14.072222222222225,130.2,21,1,0,0,0
1155,3.1,LOW RISK,Graduate,No,7,13.258571428571427,7,13.258571428571427,120.5,19,1,0,0,0
1118,3.1,LOW RISK,Graduate,No,7,13.571428571428571,6,12.7,144.3,20,1,0,0,0
3360,3.1,LOW RISK,Enrolled,No,5,12.0,4,11.0,135.0,21,1,0,0,0
182,3.09,LOW RISK,Enrolled,No,6,13.166666666666666,6,12.666666666666666,140.0,26,1,0,1,0
2909,3.09,LOW RISK,Graduate,No,7,13.571428571428571,8,13.555555555555555,125.1,21,1,0,0,0
1353,3.09,LOW RISK,Graduate,No,6,11.333333333333334,6,12.166666666666666,133.5,19,1,0,0,0
287,3.08,LOW RISK,Enrolled,No,6,12.333333333333334,6,12.5,113.9,18,1,0,0,0
2740,3.08,LOW RISK,Graduate,No,5,13.6,4,14.5,145.0,19,1,0,1,0
1657,3.08,LOW RISK,Graduate,No,5,13.0,5,13.4,118.8,19,1,0,0,0
1641,3.08,LOW RISK,Graduate,No,8,12.91111111111111,7,12.1375,117.9,19,1,0,1,0
2775,3.08,LOW RISK,Enrolled,No,7,11.242857142857142,5,14.06,120.2,19,1,0,1,0
1717,3.08,LOW RISK,Graduate,No,6,13.03125,7,14.175,133.2,20,1,0,1,0
539,3.08,LOW RISK,Graduate,No,6,13.166666666666666,6,12.857142857142858,140.0,21,1,0,0,1
2772,3.07,LOW RISK,Graduate,No,8,13.045,8,13.045,127.5,18,1,0,0,0
544,3.07,LOW RISK,Graduate,No,8,15.188888888888888,7,15.957142857142856,144.9,18,1,0,1,1
2796,3.07,LOW RISK,Graduate,No,8,12.6875,7,12.828571428571427,146.6,37,1,0,0,1
1647,3.07,LOW RISK,Graduate,No,11,14.5,12,12.916666666666666,121.6,22,1,0,0,0
350,3.07,LOW RISK,Enrolled,No,4,11.25,5,12.0,100.0,20,1,0,0,0
1560,3.07,LOW RISK,Graduate,No,8,13.24875,8,13.24875,126.8,18,1,0,0,1
2967,3.07,LOW RISK,Graduate,No,8,14.1875,7,13.55,100.0,18,1,0,0,0
62,3.06,LOW RISK,Graduate,No,6,12.0,6,12.0,131.9,21,1,0,1,0
1288,3.06,LOW RISK,Graduate,No,6,11.833333333333334,6,12.833333333333334,132.8,19,1,0,0,1
3751,3.06,LOW RISK,Graduate,No,7,13.937142857142858,7,13.937142857142858,122.5,19,1,0,0,0
2992,3.05,LOW RISK,Graduate,No,7,11.82,7,11.82,118.0,19,1,0,1,0
3128,3.05,LOW RISK,Graduate,No,5,15.4,5,11.0,121.7,19,1,0,0,0
2730,3.05,LOW RISK,Graduate,No,5,13.4,4,12.0,120.4,20,1,0,0,0
2585,3.04,LOW RISK,Graduate,No,6,13.666666666666666,6,14.166666666666666,133.2,19,1,0,0,0
1016,3.04,LOW RISK,Graduate,No,6,12.333333333333334,6,12.333333333333334,119.9,20,1,0,0,0
190,3.04,LOW RISK,Graduate,No,6,12.0,6,11.5,163.4,20,1,0,0,0
828,3.03,LOW RISK,Graduate,No,6,15.333333333333334,6,15.833333333333334,126.1,18,1,0,1,0
4112,3.03,LOW RISK,Graduate,No,8,15.599999999999998,7,13.775714285714288,119.4,20,1,0,0,0
3736,3.03,LOW RISK,Graduate,No,6,13.2,6,13.2,128.8,19,1,0,0,1
2651,3.03,LOW RISK,Enrolled,No,8,13.22222222222222,5,13.976666666666668,121.4,20,1,0,0,1
1261,3.03,LOW RISK,Graduate,No,6,11.5,5,11.8,131.4,20,1,0,0,0
1782,3.03,LOW RISK,Graduate,No,6,11.166666666666666,6,13.5,112.0,21,1,0,1,1
1931,3.03,LOW RISK,Graduate,No,8,13.21875,7,13.03,117.8,18,1,0,0,0
818,3.03,LOW RISK,Graduate,No,6,12.833333333333334,6,14.5,120.8,18,1,0,0,0
209,3.03,LOW RISK,Graduate,No,5,13.4,6,13.857142857142858,115.1,19,1,0,0,0
4295,3.02,LOW RISK,Graduate,No,12,13.75,18,13.736842105263158,120.0,32,1,0,0,1
1233,3.02,LOW RISK,Graduate,No,6,14.357142857142858,6,14.357142857142858,130.0,23,1,0,0,0
3044,3.02,LOW RISK,Graduate,No,6,11.625,6,12.571428571428571,135.9,21,1,0,1,0
4070,3.02,LOW RISK,Graduate,No,6,11.666666666666666,6,11.166666666666666,132.7,19,1,0,0,0
1665,3.02,LOW RISK,Graduate,No,4,11.75,5,14.166666666666666,123.2,20,1,0,0,0
2709,3.01,LOW RISK,Graduate,No,6,14.125,6,12.666666666666666,138.1,18,1,0,0,0
4042,3.01,LOW RISK,Graduate,No,6,13.714285714285714,6,12.166666666666666,129.7,19,1,0,0,0
3571,3.01,LOW RISK,Graduate,No,4,11.2,5,12.0,111.9,19,1,0,0,1
2805,3.01,LOW RISK,Graduate,No,6,11.666666666666666,6,10.857142857142858,121.5,19,1,0,1,0
1759,3.01,LOW RISK,Graduate,No,6,15.0,6,14.428571428571429,118.0,19,1,0,0,0
2483,3.0,LOW RISK,Graduate,No,5,14.833333333333334,5,13.2,155.7,33,1,0,0,1
1932,3.0,LOW RISK,Graduate,No,6,12.333333333333334,6,14.571428571428571,115.1,19,1,0,0,0
1272,3.0,LOW RISK,Graduate,No,4,12.4,5,12.6,129.7,19,1,0,0,0
1597,3.0,LOW RISK,Enrolled,No,6,12.5,6,12.833333333333334,99.0,22,1,0,0,1
3960,3.0,LOW RISK,Graduate,No,6,14.857142857142858,6,15.0,141.4,19,1,0,1,0
3872,2.99,LOW RISK,Graduate,No,5,11.666666666666666,5,12.375,115.6,20,1,0,1,1
2110,2.99,LOW RISK,Graduate,No,5,13.0,6,14.428571428571429,150.0,22,1,0,0,0
106,2.98,LOW RISK,Graduate,No,11,12.272727272727272,10,13.0,122.2,20,1,1,0,0
1964,2.98,LOW RISK,Graduate,No,8,13.7125,7,12.725,115.2,20,1,0,1,0
612,2.98,LOW RISK,Graduate,No,6,14.166666666666666,5,13.0,139.9,24,1,0,0,0
29,2.98,LOW RISK,Graduate,No,5,12.333333333333334,5,12.0,122.1,20,1,0,0,0
1195,2.97,LOW RISK,Graduate,No,13,15.307692307692308,18,15.444444444444445,144.0,29,1,0,0,0
3441,2.97,LOW RISK,Enrolled,No,7,12.814285714285717,6,11.15,119.0,19,1,0,0,0
4285,2.97,LOW RISK,Enrolled,No,7,11.857142857142858,6,10.857142857142858,110.0,24,1,0,1,1
1115,2.96,LOW RISK,Graduate,No,7,14.051428571428572,6,13.766666666666666,136.6,19,1,0,1,0
2324,2.95,LOW RISK,Enrolled,No,7,14.085714285714284,7,14.085714285714284,126.0,27,1,0,0,1
2574,2.95,LOW RISK,Graduate,No,6,14.983333333333334,6,14.983333333333334,127.8,19,1,0,0,0
911,2.95,LOW RISK,Graduate,No,6,13.333333333333334,6,13.166666666666666,146.8,18,1,0,0,0
4039,2.94,LOW RISK,Graduate,No,6,15.285714285714286,6,15.666666666666666,153.6,18,1,0,1,0
2540,2.94,LOW RISK,Graduate,No,5,12.4,4,11.5,121.7,18,1,0,1,0
3264,2.94,LOW RISK,Graduate,No,5,13.8,4,15.75,165.2,18,1,0,1,0
1566,2.94,LOW RISK,Graduate,No,6,12.166666666666666,6,13.625,126.6,19,1,0,1,0
769,2.94,LOW RISK,Graduate,No,7,13.857142857142858,9,14.333333333333334,162.5,54,1,0,0,1
4069,2.94,LOW RISK,Graduate,No,5,12.6,5,11.8,154.7,18,1,0,1,0
3177,2.94,LOW RISK,Graduate,No,8,14.0,6,12.428571428571429,120.1,19,1,0,1,0
87,2.94,LOW RISK,Graduate,No,5,11.6,4,10.5,100.0,25,1,0,1,0
4318,2.94,LOW RISK,Graduate,No,6,14.0,6,12.0,118.7,19,1,0,1,1
3957,2.94,LOW RISK,Graduate,No,5,12.6,5,12.8,125.0,18,1,0,0,0
796,2.93,LOW RISK,Graduate,No,6,14.166666666666666,6,14.833333333333334,133.3,18,1,0,1,0
80,2.93,LOW RISK,Graduate,No,6,11.666666666666666,6,12.0,117.0,33,1,0,0,1
4342,2.93,LOW RISK,Graduate,No,7,14.24,7,14.24,130.5,18,1,0,0,0
786,2.93,LOW RISK,Graduate,No,6,12.142857142857142,6,10.833333333333334,115.1,19,1,0,0,0
4156,2.93,LOW RISK,Graduate,No,6,13.428571428571429,5,15.0,113.9,19,1,0,0,0
774,2.93,LOW RISK,Graduate,No,6,12.166666666666666,6,12.333333333333334,129.4,18,1,0,0,0
1873,2.92,LOW RISK,Graduate,No,9,15.011111111111113,7,15.66,125.0,20,1,0,0,1
766,2.92,LOW RISK,Enrolled,No,5,11.2,5,10.2,111.3,20,1,0,0,1
2887,2.92,LOW RISK,Graduate,No,5,13.2,5,11.0,120.7,39,1,0,0,0
2404,2.92,LOW RISK,Graduate,No,7,15.885714285714286,7,15.885714285714286,117.8,19,1,0,0,1
2315,2.91,LOW RISK,Graduate,No,6,12.166666666666666,6,12.166666666666666,112.0,19,1,0,0,1
1085,2.91,LOW RISK,Graduate,No,6,12.625,6,12.714285714285714,123.7,18,1,0,1,0
2117,2.9,LOW RISK,Graduate,No,6,12.0,6,12.285714285714286,140.7,19,1,0,0,0
2916,2.9,LOW RISK,Enrolled,No,5,11.8,6,10.666666666666666,119.0,48,1,0,1,0
1055,2.9,LOW RISK,Graduate,No,8,15.8625,7,14.7875,132.7,19,1,0,1,0
794,2.9,LOW RISK,Graduate,No,5,13.6,6,12.0,110.0,18,1,0,0,0
61,2.9,LOW RISK,Graduate,No,7,12.221428571428572,6,13.133333333333333,114.9,18,1,0,0,0
4012,2.9,LOW RISK,Enrolled,No,3,10.5,3,10.8,117.3,19,1,0,0,0
1485,2.9,LOW RISK,Graduate,No,6,10.983333333333334,6,10.983333333333334,116.0,26,1,0,1,0
3163,2.9,LOW RISK,Graduate,No,7,14.328571428571427,7,14.328571428571427,123.0,19,1,0,0,0
3108,2.9,LOW RISK,Graduate,No,8,14.75625,7,13.79857142857143,113.1,19,1,0,0,0
3230,2.89,LOW RISK,Graduate,No,6,13.116666666666667,6,13.683333333333332,114.2,20,1,0,0,0
238,2.89,LOW RISK,Graduate,No,6,11.571428571428571,6,11.333333333333334,119.7,18,1,0,1,0
1030,2.88,LOW RISK,Graduate,No,7,13.314285714285717,7,13.314285714285717,123.8,19,1,0,1,0
3620,2.88,LOW RISK,Graduate,No,6,13.5,6,13.333333333333334,126.2,21,1,0,1,0
628,2.88,LOW RISK,Graduate,No,8,13.811111111111112,7,13.025,109.5,19,1,0,0,0
1340,2.88,LOW RISK,Graduate,No,7,11.4,7,11.4,119.3,19,1,0,1,0
1514,2.87,LOW RISK,Graduate,No,6,14.333333333333334,6,13.5,116.1,19,1,0,0,0
593,2.87,LOW RISK,Graduate,No,6,13.571428571428571,6,12.125,110.0,20,1,0,1,0
1343,2.87,LOW RISK,Graduate,No,4,15.0,5,12.0,113.9,20,1,0,1,0
2113,2.87,LOW RISK,Graduate,No,8,16.8,7,15.155555555555557,129.5,18,1,0,0,0
2627,2.87,LOW RISK,Graduate,No,8,14.38888888888889,7,14.842857142857143,137.5,18,1,0,0,1
2065,2.86,LOW RISK,Graduate,No,5,13.2,5,12.6,111.3,21,1,0,0,0
3807,2.86,LOW RISK,Graduate,No,6,13.333333333333334,6,13.666666666666666,135.8,20,1,0,0,0
2801,2.86,LOW RISK,Graduate,No,6,16.0,6,15.5,134.9,18,1,0,0,0
3101,2.85,LOW RISK,Graduate,No,8,13.32625,7,13.47,121.2,19,1,0,0,0
3818,2.85,LOW RISK,Graduate,No,13,12.923076923076923,18,11.894736842105264,131.4,23,1,0,1,1
1935,2.85,LOW RISK,Graduate,No,7,12.825714285714286,6,12.808333333333332,119.6,19,1,0,1,0
113,2.84,LOW RISK,Graduate,No,5,12.8,5,13.4,139.8,19,1,0,0,0
25,2.84,LOW RISK,Graduate,No,7,14.114285714285714,6,13.296666666666669,123.9,19,1,0,0,0
2928,2.84,LOW RISK,Graduate,No,5,10.4,4,11.25,130.0,20,1,0,0,0
3049,2.84,LOW RISK,Graduate,No,5,13.6,5,13.333333333333334,123.0,18,1,0,1,0
460,2.84,LOW RISK,Graduate,No,6,13.333333333333334,6,12.5,120.1,18,1,0,1,0
4131,2.84,LOW RISK,Graduate,No,8,14.44875,7,14.368,131.6,19,1,0,1,0
1434,2.83,LOW RISK,Graduate,No,6,15.833333333333334,6,15.333333333333334,156.9,19,1,0,0,0
586,2.83,LOW RISK,Graduate,No,5,15.2,5,15.0,133.9,18,1,0,1,0
4052,2.83,LOW RISK,Graduate,No,6,12.166666666666666,6,12.166666666666666,107.4,19,1,0,1,0
4350,2.83,LOW RISK,Graduate,No,7,12.471428571428572,7,12.471428571428572,126.3,20,1,0,0,0
1356,2.83,LOW RISK,Enrolled,No,5,12.666666666666666,6,13.428571428571429,124.3,20,1,0,0,0
2679,2.82,LOW RISK,Enrolled,No,0,0.0,0,0.0,140.0,26,1,1,0,1
4005,2.82,LOW RISK,Graduate,No,6,13.285714285714286,6,13.166666666666666,123.5,21,1,0,1,1
4263,2.82,LOW RISK,Graduate,No,5,13.0,5,13.285714285714286,120.2,19,1,0,0,0
2658,2.81,LOW RISK,Enrolled,No,6,12.5,6,12.0,111.9,20,1,0,1,1
1329,2.81,LOW RISK,Graduate,No,8,14.622222222222224,7,14.69625,113.6,21,1,0,0,0
1922,2.81,LOW RISK,Graduate,No,6,14.0,6,13.833333333333334,139.2,18,1,0,0,0
4210,2.8,LOW RISK,Graduate,No,5,13.0,5,13.6,134.6,20,1,0,0,1
297,2.8,LOW RISK,Graduate,No,6,13.666666666666666,6,14.166666666666666,118.7,18,1,0,1,0
2640,2.8,LOW RISK,Graduate,No,17,12.117647058823527,17,12.578947368421051,149.0,22,1,0,0,1
1981,2.8,LOW RISK,Graduate,No,5,13.0,4,10.75,124.3,18,1,0,1,0
4111,2.8,LOW RISK,Graduate,No,7,15.798571428571426,7,15.798571428571426,138.5,20,1,0,1,0
431,2.8,LOW RISK,Graduate,No,7,12.082857142857142,7,12.082857142857142,120.3,18,1,0,1,0
338,2.8,LOW RISK,Graduate,No,8,13.39125,8,13.39125,132.5,18,1,0,1,0
1265,2.79,LOW RISK,Graduate,No,7,11.785714285714286,7,11.785714285714286,125.3,18,1,0,1,0
111,2.79,LOW RISK,Graduate,No,6,15.0,6,13.857142857142858,136.1,18,1,0,0,0
4362,2.79,LOW RISK,Graduate,No,8,13.3475,8,13.3475,141.8,19,1,0,0,0
1721,2.79,LOW RISK,Graduate,No,5,12.142857142857142,5,12.0,116.5,18,1,0,0,1
119,2.78,LOW RISK,Graduate,No,5,11.4,5,13.142857142857142,137.0,18,1,0,0,0
1483,2.78,LOW RISK,Graduate,No,6,14.428571428571429,6,15.166666666666666,137.6,21,1,0,1,1
1190,2.78,LOW RISK,Graduate,No,6,13.142857142857142,6,14.0,132.6,18,1,0,1,0
2898,2.78,LOW RISK,Graduate,No,8,14.575,7,13.6125,100.0,18,1,0,0,0
3778,2.78,LOW RISK,Graduate,No,6,12.666666666666666,6,13.166666666666666,126.3,19,1,0,0,0
3658,2.77,LOW RISK,Graduate,No,7,14.471428571428572,6,13.271428571428572,116.8,20,1,0,0,0
2468,2.77,LOW RISK,Enrolled,No,6,12.3,5,13.833333333333334,140.0,20,1,0,1,1
4167,2.77,LOW RISK,Enrolled,No,4,11.8,4,12.25,145.0,21,1,0,1,0
3966,2.77,LOW RISK,Graduate,No,8,13.01125,8,13.01125,132.8,18,1,0,1,0
286,2.77,LOW RISK,Graduate,No,6,13.833333333333334,6,12.166666666666666,100.0,24,1,0,0,0
191,2.77,LOW RISK,Graduate,No,6,12.5,6,12.0,121.5,21,1,0,1,0
409,2.76,LOW RISK,Graduate,No,6,14.571428571428571,6,14.666666666666666,129.1,19,1,0,0,0
2694,2.76,LOW RISK,Graduate,No,6,15.166666666666666,6,16.0,138.3,18,1,0,0,1
2567,2.76,LOW RISK,Graduate,No,8,14.788888888888888,7,13.464285714285714,136.6,18,1,0,1,0
15,2.76,LOW RISK,Graduate,No,5,12.0,4,13.25,137.1,18,1,0,1,0
2579,2.76,LOW RISK,Graduate,No,6,13.983333333333334,6,13.983333333333334,135.8,18,1,0,0,0
1254,2.76,LOW RISK,Graduate,No,6,11.333333333333334,4,12.75,126.7,19,1,0,0,0
207,2.76,LOW RISK,Graduate,No,7,12.914285714285713,7,12.914285714285713,126.5,18,1,0,0,0
3433,2.75,LOW RISK,Graduate,No,6,14.666666666666666,6,14.833333333333334,144.7,19,1,0,1,0
452,2.75,LOW RISK,Graduate,No,7,13.381428571428572,7,13.381428571428572,123.0,18,1,0,1,0
666,2.75,LOW RISK,Graduate,No,5,16.0,5,15.4,137.6,19,1,0,1,0
1889,2.74,LOW RISK,Graduate,No,5,14.333333333333334,6,15.0,184.4,18,1,0,0,0
3946,2.74,LOW RISK,Graduate,No,6,14.285714285714286,6,13.857142857142858,116.1,18,1,0,1,0
489,2.74,LOW RISK,Graduate,No,8,14.4775,7,14.70625,128.3,19,1,0,1,0
932,2.74,LOW RISK,Graduate,No,7,13.285714285714286,6,13.0,108.0,19,1,0,1,0
3922,2.74,LOW RISK,Graduate,No,8,12.93625,6,13.579999999999998,125.5,19,1,0,1,0
313,2.74,LOW RISK,Graduate,No,5,11.8,5,11.2,127.3,18,1,0,1,0
2961,2.74,LOW RISK,Graduate,No,6,12.666666666666666,4,11.75,103.0,20,1,0,1,0
172,2.74,LOW RISK,Graduate,No,8,13.5625,7,12.457142857142856,108.0,20,1,0,0,0
4215,2.74,LOW RISK,Graduate,No,8,15.6375,7,13.3125,124.3,19,1,0,1,0
2454,2.73,LOW RISK,Enrolled,No,11,13.083333333333334,12,15.083333333333334,130.0,21,1,0,0,1
753,2.73,LOW RISK,Graduate,No,8,13.105,8,13.105,123.0,21,1,0,1,0
1068,2.73,LOW RISK,Graduate,No,5,11.4,5,12.333333333333334,123.0,18,1,0,0,0
2727,2.72,LOW RISK,Graduate,No,6,13.428571428571429,5,14.428571428571429,150.0,23,1,0,0,0
3045,2.72,LOW RISK,Graduate,No,6,12.833333333333334,6,12.333333333333334,119.6,19,1,0,1,0
1400,2.72,LOW RISK,Graduate,No,7,14.142857142857142,7,14.428571428571429,142.8,19,1,0,1,0
1830,2.71,LOW RISK,Enrolled,No,5,12.0,4,11.571428571428571,122.1,18,1,0,1,0
891,2.71,LOW RISK,Graduate,No,6,14.666666666666666,6,14.0,151.3,18,1,0,0,0
2044,2.71,LOW RISK,Graduate,No,6,12.166666666666666,6,12.5,111.7,19,1,0,0,0
3750,2.71,LOW RISK,Graduate,No,6,13.166666666666666,6,14.666666666666666,138.3,19,1,0,0,0
2785,2.71,LOW RISK,Graduate,No,6,12.375,6,13.571428571428571,136.3,18,1,0,1,0
3236,2.71,LOW RISK,Graduate,No,8,14.2725,7,13.805,126.3,19,1,0,0,0
247,2.71,LOW RISK,Graduate,No,7,13.151428571428571,7,13.151428571428571,120.0,19,1,0,1,0
2863,2.71,LOW RISK,Graduate,No,6,11.833333333333334,6,12.666666666666666,121.0,50,1,0,0,0
4109,2.7,LOW RISK,Graduate,No,7,15.11,7,15.11,126.0,19,1,0,0,0
2809,2.7,LOW RISK,Graduate,No,6,12.666666666666666,6,12.166666666666666,116.7,18,1,0,1,0
1869,2.7,LOW RISK,Graduate,No,11,14.333333333333334,12,14.583333333333334,142.2,20,1,0,1,1
387,2.7,LOW RISK,Graduate,No,6,12.333333333333334,6,13.666666666666666,145.3,18,1,0,0,0
1123,2.7,LOW RISK,Graduate,No,8,13.49375,7,14.355555555555554,136.0,21,1,0,0,0
4124,2.7,LOW RISK,Graduate,No,6,14.716666666666669,6,14.716666666666669,131.8,18,1,0,0,0
273,2.69,LOW RISK,Graduate,No,5,12.333333333333334,5,13.5,117.8,20,1,0,0,0
289,2.69,LOW RISK,Graduate,No,6,11.5,6,10.833333333333334,111.8,19,1,0,1,0
3004,2.69,LOW RISK,Dropout,No,8,13.375,7,12.142857142857142,119.0,19,1,0,1,0
2288,2.69,LOW RISK,Graduate,No,6,14.428571428571429,6,13.625,114.5,22,1,0,1,1
1131,2.69,LOW RISK,Graduate,No,8,13.05875,8,13.05875,141.5,18,1,0,1,0
1260,2.69,LOW RISK,Graduate,No,6,15.875,6,16.0,133.4,19,1,0,0,0
3240,2.68,LOW RISK,Graduate,No,6,12.5,6,13.166666666666666,128.6,18,1,0,1,0
813,2.68,LOW RISK,Graduate,No,8,13.627777777777778,7,14.145714285714286,129.2,18,1,0,1,0
2529,2.68,LOW RISK,Graduate,No,6,14.285714285714286,6,15.166666666666666,144.2,18,1,0,0,0
1696,2.68,LOW RISK,Graduate,No,6,13.285714285714286,6,13.333333333333334,113.4,19,1,0,1,1
1837,2.68,LOW RISK,Graduate,No,7,12.142857142857142,9,12.333333333333334,100.0,34,1,0,0,0
2732,2.68,LOW RISK,Graduate,No,6,12.142857142857142,6,12.166666666666666,104.2,20,1,0,0,0
444,2.67,LOW RISK,Graduate,No,7,12.694285714285714,7,12.694285714285714,120.3,18,1,0,1,0
2733,2.67,LOW RISK,Enrolled,No,7,14.014285714285714,7,14.014285714285714,122.0,20,1,0,0,0
4159,2.67,LOW RISK,Graduate,No,7,12.05,6,13.075,115.1,19,1,0,1,0
4004,2.67,LOW RISK,Graduate,No,6,13.516666666666666,6,13.516666666666666,136.3,18,1,0,1,1
1310,2.67,LOW RISK,Graduate,No,7,11.98857142857143,7,11.98857142857143,119.3,19,1,0,0,0
3764,2.66,LOW RISK,Graduate,No,6,11.166666666666666,6,11.666666666666666,129.8,20,1,0,1,0
3304,2.66,LOW RISK,Graduate,No,5,14.6,5,13.6,132.6,19,1,0,1,0
2799,2.66,LOW RISK,Graduate,No,14,13.072857142857144,14,13.072857142857144,110.0,33,1,0,1,1
4257,2.66,LOW RISK,Graduate,No,7,12.412857142857144,7,12.412857142857144,122.0,24,1,0,0,0
2260,2.66,LOW RISK,Graduate,No,6,13.166666666666666,7,12.857142857142858,107.0,41,1,0,0,1
3081,2.65,LOW RISK,Graduate,No,5,14.166666666666666,5,15.2,152.4,27,1,0,0,1
1180,2.65,LOW RISK,Graduate,No,8,12.5125,7,12.625,122.8,19,1,0,1,0
1324,2.64,LOW RISK,Graduate,No,6,12.8,6,12.4,117.8,19,1,0,1,0
2949,2.64,LOW RISK,Graduate,No,6,12.0,6,12.666666666666666,122.0,18,1,0,0,0
1112,2.64,LOW RISK,Graduate,No,7,13.328571428571427,7,12.135714285714286,115.5,19,1,0,1,0
3711,2.64,LOW RISK,Graduate,No,5,12.0,4,12.25,141.6,21,1,0,0,1
3087,2.64,LOW RISK,Graduate,No,14,12.428571428571429,15,11.2,119.5,22,1,0,0,0
644,2.64,LOW RISK,Enrolled,No,8,14.26875,8,14.26875,133.8,18,1,0,0,0
291,2.64,LOW RISK,Graduate,No,6,14.5,6,15.666666666666666,124.4,19,1,0,0,0
3669,2.64,LOW RISK,Graduate,No,6,12.666666666666666,6,12.666666666666666,119.7,19,1,1,1,0
3257,2.63,LOW RISK,Graduate,No,6,12.766666666666666,6,12.766666666666666,138.8,19,1,0,0,0
2167,2.63,LOW RISK,Graduate,No,7,14.962857142857144,7,14.962857142857144,137.8,18,1,0,1,0
4223,2.63,LOW RISK,Graduate,No,6,13.0,6,13.5,144.4,20,1,0,0,0
3316,2.63,LOW RISK,Graduate,No,5,14.2,5,14.8,135.0,32,1,0,0,1
2543,2.63,LOW RISK,Graduate,No,8,14.75,7,13.428571428571429,128.3,18,1,0,1,0
3311,2.63,LOW RISK,Graduate,No,5,13.0,6,11.333333333333334,102.5,32,1,0,1,0
600,2.63,LOW RISK,Graduate,No,13,11.461538461538462,18,11.88888888888889,125.3,21,1,0,0,0
4073,2.62,LOW RISK,Enrolled,No,6,13.0,6,13.166666666666666,130.0,31,1,0,0,0
1716,2.62,LOW RISK,Graduate,No,8,13.3425,8,13.3425,133.5,19,1,0,0,0
3237,2.62,LOW RISK,Graduate,No,5,12.6,5,13.8,142.2,18,1,0,0,0
3390,2.62,LOW RISK,Enrolled,No,5,12.4,2,10.5,108.3,21,1,0,1,0
1430,2.62,LOW RISK,Graduate,No,6,12.833333333333334,5,13.0,117.9,21,1,0,1,0
165,2.61,LOW RISK,Graduate,No,5,14.2,5,14.2,124.4,19,1,0,0,0
2091,2.61,LOW RISK,Graduate,No,6,14.233333333333334,6,14.233333333333334,128.8,18,1,0,0,0
4418,2.61,LOW RISK,Graduate,No,6,13.5,6,13.833333333333334,133.8,20,1,0,1,0
3057,2.61,LOW RISK,Graduate,No,6,14.0,6,13.666666666666666,120.1,18,1,0,1,0
1088,2.61,LOW RISK,Graduate,No,6,13.166666666666666,5,11.0,146.0,20,1,1,0,0
251,2.61,LOW RISK,Enrolled,No,5,12.4,5,12.4,125.4,19,1,0,0,0
417,2.61,LOW RISK,Graduate,No,6,12.375,6,15.23076923076923,127.4,19,1,0,0,0
2222,2.61,LOW RISK,Graduate,No,7,13.12857142857143,7,11.975,100.0,19,1,0,0,1
1918,2.6,LOW RISK,Graduate,No,8,12.9375,7,12.485714285714286,116.7,20,1,0,0,0
419,2.6,LOW RISK,Graduate,No,6,11.6,6,11.6,126.3,18,1,0,1,0
2386,2.6,LOW RISK,Graduate,No,6,11.333333333333334,6,14.5,140.0,21,1,0,0,1
2496,2.6,LOW RISK,Graduate,No,6,13.666666666666666,6,13.166666666666666,128.0,28,1,0,0,1
763,2.6,LOW RISK,Graduate,No,6,12.0,9,12.0,120.0,41,1,0,0,1
945,2.6,LOW RISK,Graduate,No,8,16.075,7,15.285714285714286,122.7,18,1,0,1,0
3303,2.6,LOW RISK,Graduate,No,8,13.31375,7,13.46875,124.3,19,1,0,1,0
3998,2.6,LOW RISK,Graduate,No,8,12.3,7,10.985714285714286,123.0,37,1,0,1,0
2741,2.6,LOW RISK,Graduate,No,6,12.375,6,14.166666666666666,132.0,19,1,0,1,0
9,2.6,LOW RISK,Graduate,No,6,14.142857142857142,6,13.875,129.3,21,1,0,1,0
2161,2.6,LOW RISK,Graduate,No,7,14.565714285714288,7,14.565714285714288,133.0,20,1,0,1,0
885,2.59,LOW RISK,Graduate,No,7,12.599999999999998,7,12.599999999999998,119.0,19,1,0,1,0
162,2.59,LOW RISK,Graduate,No,7,12.761111111111113,7,12.855555555555554,123.9,18,1,0,1,0
1183,2.59,LOW RISK,Graduate,No,6,11.9,7,12.60625,108.5,19,1,0,0,0
2484,2.59,LOW RISK,Graduate,No,11,12.181818181818182,10,12.7,128.5,21,1,0,0,1
780,2.59,LOW RISK,Graduate,No,6,13.833333333333334,6,12.5,117.4,18,1,0,1,0
2718,2.58,LOW RISK,Graduate,No,6,14.0,7,14.666666666666666,100.0,21,1,0,0,0
2475,2.58,LOW RISK,Graduate,No,6,15.0,6,14.333333333333334,127.0,20,1,0,0,1
3953,2.58,LOW RISK,Graduate,No,7,14.214285714285714,7,14.214285714285714,130.8,19,1,0,1,0
1672,2.58,LOW RISK,Graduate,No,6,14.0,6,15.307692307692308,136.5,19,1,0,0,0
1501,2.58,LOW RISK,Graduate,No,6,13.857142857142858,6,14.0,133.1,18,1,0,0,1
2927,2.58,LOW RISK,Graduate,No,6,14.571428571428571,6,13.833333333333334,139.2,20,1,1,0,0
3754,2.58,LOW RISK,Graduate,No,6,14.85,6,14.85,129.8,20,1,0,0,0
1081,2.58,LOW RISK,Graduate,No,6,12.666666666666666,6,13.166666666666666,120.1,20,1,0,1,0
3916,2.57,LOW RISK,Graduate,No,5,14.0,5,13.0,145.0,18,1,0,0,0
661,2.57,LOW RISK,Graduate,No,6,15.5,6,15.833333333333334,180.0,21,1,0,0,0
1178,2.57,LOW RISK,Graduate,No,5,14.2,5,14.6,168.5,21,1,0,0,1
2719,2.57,LOW RISK,Graduate,No,7,14.115714285714288,7,14.115714285714288,132.5,18,1,0,0,0
95,2.57,LOW RISK,Graduate,No,6,12.333333333333334,8,11.875,114.0,44,1,0,0,0
1308,2.57,LOW RISK,Graduate,No,5,12.2,5,13.4,132.3,18,1,0,1,0
3784,2.56,LOW RISK,Enrolled,No,6,12.385714285714286,5,13.34,106.4,19,1,0,1,0
3053,2.56,LOW RISK,Graduate,No,6,16.0,6,15.857142857142858,123.0,20,1,0,1,0
1663,2.56,LOW RISK,Graduate,No,8,15.7425,7,15.145,137.8,18,1,0,0,0
1504,2.56,LOW RISK,Enrolled,No,5,10.84,5,13.34,163.7,35,1,0,0,0
378,2.56,LOW RISK,Graduate,No,8,15.287499999999998,7,15.135714285714286,141.0,18,1,0,1,0
1067,2.56,LOW RISK,Graduate,No,6,13.416666666666666,6,13.416666666666666,127.5,19,1,0,1,0
3387,2.56,LOW RISK,Graduate,No,8,14.955555555555556,7,13.995714285714287,136.7,18,1,0,0,0
1259,2.56,LOW RISK,Graduate,No,7,13.6,7,13.6,121.8,19,1,0,1,0
1438,2.56,LOW RISK,Graduate,No,6,12.166666666666666,6,12.5,101.0,35,1,0,0,0
2962,2.56,LOW RISK,Graduate,No,7,14.13714285714286,7,14.13714285714286,131.5,18,1,0,0,0
2581,2.56,LOW RISK,Graduate,No,6,13.0,6,13.666666666666666,148.9,18,1,0,1,0
1341,2.56,LOW RISK,Graduate,No,6,11.333333333333334,6,12.333333333333334,121.0,21,1,0,1,0
4049,2.55,LOW RISK,Graduate,No,7,13.817142857142857,7,13.817142857142857,122.0,20,1,0,1,0
335,2.55,LOW RISK,Graduate,No,6,13.666666666666666,6,12.166666666666666,134.4,18,1,0,1,0
1727,2.55,LOW RISK,Graduate,No,13,13.357142857142858,16,12.588235294117649,131.9,29,1,0,1,0
4311,2.55,LOW RISK,Graduate,No,6,13.625,6,13.428571428571429,150.0,22,1,0,1,1
621,2.55,LOW RISK,Graduate,No,6,12.5,6,13.833333333333334,105.0,20,1,0,0,0
2982,2.55,LOW RISK,Graduate,No,6,13.125,6,14.0,128.0,19,1,0,1,0
3964,2.55,LOW RISK,Graduate,No,10,13.090909090909092,12,13.25,131.8,20,1,1,0,0
936,2.54,LOW RISK,Graduate,No,11,14.333333333333334,12,13.25,140.1,20,1,0,0,0
2220,2.54,LOW RISK,Graduate,No,6,14.666666666666666,6,14.666666666666666,120.2,22,1,0,0,1
2056,2.54,LOW RISK,Graduate,No,6,13.5,6,14.166666666666666,125.5,19,1,0,1,0
2580,2.54,LOW RISK,Graduate,No,6,12.833333333333334,6,13.0,143.5,18,1,0,0,0
415,2.53,LOW RISK,Graduate,No,6,11.833333333333334,6,12.333333333333334,127.1,20,1,0,1,0
565,2.53,LOW RISK,Graduate,No,6,13.625,6,14.166666666666666,123.2,22,1,0,0,1
3598,2.53,LOW RISK,Graduate,No,6,12.166666666666666,6,13.5,133.7,18,1,0,0,0
3215,2.53,LOW RISK,Graduate,No,6,15.166666666666666,6,14.5,165.8,18,1,0,0,1
4179,2.53,LOW RISK,Graduate,No,7,13.2575,7,13.2,125.5,21,1,0,1,0
817,2.53,LOW RISK,Enrolled,No,6,11.5,6,12.5,130.8,20,1,0,0,0
42,2.53,LOW RISK,Graduate,No,5,15.8,5,14.8,120.4,22,1,0,0,0
492,2.52,LOW RISK,Graduate,No,6,13.333333333333334,6,14.857142857142858,124.0,19,1,0,0,0
2206,2.52,LOW RISK,Enrolled,No,6,14.125,6,14.142857142857142,180.0,20,1,0,1,1
3896,2.52,LOW RISK,Graduate,No,6,13.183333333333332,6,13.183333333333332,130.0,18,1,0,1,1
1462,2.52,LOW RISK,Graduate,No,6,12.3,5,12.857142857142858,150.0,20,1,0,0,1
2138,2.52,LOW RISK,Graduate,No,6,12.5,6,12.333333333333334,113.8,19,1,0,0,0
2182,2.52,LOW RISK,Graduate,No,6,10.5,5,10.8,116.5,18,1,0,1,0
1667,2.51,LOW RISK,Graduate,No,6,12.333333333333334,6,11.333333333333334,140.5,20,1,0,1,0
3802,2.51,LOW RISK,Graduate,No,7,13.542857142857144,7,13.542857142857144,127.5,19,1,0,1,0
4184,2.51,LOW RISK,Graduate,No,5,14.0,5,14.8,139.8,20,1,0,0,0
1290,2.51,LOW RISK,Graduate,No,7,13.771428571428572,6,14.333333333333334,105.8,22,1,0,0,1
1075,2.51,LOW RISK,Graduate,No,6,13.0,5,12.4,135.9,18,1,0,0,0
1069,2.5,LOW RISK,Graduate,No,8,14.8125,7,13.1,100.0,20,1,0,0,0
3018,2.5,LOW RISK,Graduate,No,8,14.533333333333331,7,13.677142857142858,118.8,18,1,0,0,0
1797,2.5,LOW RISK,Graduate,No,6,12.166666666666666,6,12.833333333333334,155.5,18,1,0,1,0
7,2.5,LOW RISK,Graduate,No,8,14.345,7,13.3,128.4,18,1,0,1,0
2215,2.5,LOW RISK,Graduate,No,6,15.166666666666666,6,15.285714285714286,170.0,21,1,1,0,1
354,2.49,LOW RISK,Graduate,No,6,14.2,6,14.2,134.5,18,1,1,1,0
125,2.49,LOW RISK,Graduate,No,6,12.2,6,14.166666666666666,121.3,19,1,0,0,0
382,2.49,LOW RISK,Enrolled,No,8,13.75,6,13.25,100.0,20,1,0,0,0
1927,2.49,LOW RISK,Graduate,No,5,12.714285714285714,5,12.5,128.4,19,1,0,1,0
2420,2.49,LOW RISK,Enrolled,No,5,13.4,7,13.571428571428571,129.8,24,1,0,0,1
854,2.48,LOW RISK,Graduate,No,7,13.842857142857143,7,13.842857142857143,120.0,34,1,0,1,1
3763,2.48,LOW RISK,Graduate,No,6,13.0,6,13.285714285714286,110.0,21,1,0,1,0
4415,2.48,LOW RISK,Graduate,No,5,11.6,5,11.8,129.3,18,1,0,0,0
59,2.48,LOW RISK,Graduate,No,8,14.935,8,14.935,139.8,18,1,0,0,0
1654,2.48,LOW RISK,Graduate,No,8,15.0625,7,13.0,113.3,20,1,0,1,0
3249,2.47,LOW RISK,Graduate,No,5,11.4,5,11.6,128.9,18,1,0,1,0
1509,2.47,LOW RISK,Graduate,No,12,13.0,13,14.0,132.7,22,1,0,0,1
1258,2.47,LOW RISK,Graduate,No,8,13.8,7,11.677777777777775,119.0,19,1,0,0,0
2149,2.47,LOW RISK,Graduate,No,5,14.8,5,14.2,140.0,21,1,0,0,0
3010,2.47,LOW RISK,Graduate,No,8,14.4625,7,12.982857142857142,115.2,20,1,0,0,0
1218,2.47,LOW RISK,Graduate,No,6,13.285714285714286,6,12.5,121.8,22,1,0,0,0
803,2.47,LOW RISK,Graduate,No,5,12.2,5,13.6,118.0,19,1,0,0,0
120,2.46,LOW RISK,Graduate,No,5,14.0,5,12.6,121.8,18,1,0,0,0
3976,2.46,LOW RISK,Graduate,No,8,14.511111111111113,7,14.428571428571429,118.9,21,1,0,0,0
1018,2.46,LOW RISK,Graduate,No,11,12.909090909090908,11,13.181818181818182,121.8,19,1,0,1,0
506,2.46,LOW RISK,Enrolled,No,3,12.525,4,14.0,143.7,27,1,0,0,0
3631,2.46,LOW RISK,Graduate,No,7,13.0,6,12.357142857142858,107.8,20,1,0,1,0
3901,2.46,LOW RISK,Graduate,No,6,13.9,6,13.9,137.3,22,1,0,1,0
1257,2.45,LOW RISK,Graduate,No,6,12.857142857142858,6,12.0,115.0,19,1,0,0,0
2504,2.45,LOW RISK,Graduate,No,7,13.071428571428571,6,12.513333333333334,148.8,34,1,0,1,0
2457,2.45,LOW RISK,Graduate,No,6,13.5,6,14.5,110.2,55,1,0,0,1
2752,2.45,LOW RISK,Graduate,No,6,13.5,6,14.142857142857142,110.0,25,1,0,1,1
1228,2.45,LOW RISK,Graduate,No,6,12.0,5,11.2,138.0,20,1,0,0,0
2074,2.44,LOW RISK,Graduate,No,5,13.8,5,14.6,121.3,19,1,0,1,0
3644,2.44,LOW RISK,Graduate,No,5,13.333333333333334,4,12.0,117.0,19,1,0,1,0
243,2.44,LOW RISK,Graduate,No,5,13.6,5,11.6,119.1,20,1,0,1,0
953,2.43,LOW RISK,Graduate,No,6,12.666666666666666,6,13.571428571428571,140.0,20,1,0,0,1
2225,2.43,LOW RISK,Graduate,No,7,14.935714285714283,7,14.935714285714283,128.0,19,1,0,1,1
3148,2.43,LOW RISK,Enrolled,No,6,11.77142857142857,5,12.04,102.4,20,1,0,0,0
2132,2.43,LOW RISK,Graduate,No,6,12.0,6,12.25,128.0,19,1,0,1,0
500,2.42,LOW RISK,Graduate,No,8,12.77125,8,12.77125,131.5,18,1,0,0,0
2145,2.42,LOW RISK,Graduate,No,6,13.666666666666666,6,11.666666666666666,120.0,42,1,0,0,0
1247,2.42,LOW RISK,Graduate,No,6,12.833333333333334,6,13.5,120.0,18,1,0,1,0
3242,2.42,LOW RISK,Graduate,No,11,12.272727272727272,14,12.071428571428571,134.4,34,1,0,0,0
3796,2.42,LOW RISK,Graduate,No,5,13.2,5,14.0,107.4,18,1,0,0,1
4094,2.42,LOW RISK,Graduate,No,6,12.142857142857142,6,12.166666666666666,119.0,18,1,0,1,0
3085,2.42,LOW RISK,Graduate,No,6,11.5,5,12.2,116.3,20,1,0,0,0
4225,2.42,LOW RISK,Graduate,No,8,13.927272727272726,6,13.0,120.7,19,1,0,1,0
3278,2.42,LOW RISK,Graduate,No,5,14.4,5,13.714285714285714,99.6,21,1,0,1,0
1266,2.42,LOW RISK,Graduate,No,8,13.42375,8,13.42375,126.3,18,1,0,1,0
1331,2.42,LOW RISK,Graduate,No,8,13.9125,7,12.855555555555556,128.5,18,1,0,1,0
4317,2.41,LOW RISK,Graduate,No,6,13.571428571428571,6,12.0,110.0,19,1,1,0,1
1133,2.41,LOW RISK,Enrolled,No,3,10.666666666666666,4,11.0,131.0,19,1,0,0,0
2183,2.41,LOW RISK,Graduate,No,8,13.063636363636364,6,14.25,138.6,19,1,0,1,0
2019,2.41,LOW RISK,Enrolled,No,5,13.0,5,11.6,101.8,21,1,0,0,0
1365,2.41,LOW RISK,Graduate,No,6,13.7,6,13.7,141.0,19,1,0,0,1
188,2.41,LOW RISK,Graduate,No,6,13.05,6,13.05,129.0,18,1,0,1,0
1651,2.4,LOW RISK,Enrolled,No,7,14.514285714285714,7,14.514285714285714,124.3,19,1,0,0,0
2562,2.4,LOW RISK,Graduate,No,8,13.07375,8,13.07375,127.0,18,1,0,0,0
1535,2.4,LOW RISK,Graduate,No,5,13.6,5,14.4,130.8,18,1,0,0,0
99,2.4,LOW RISK,Enrolled,No,5,13.8,5,14.2,134.3,19,1,0,0,0
569,2.39,LOW RISK,Graduate,No,5,14.2,5,14.6,117.2,20,1,0,0,1
1335,2.39,LOW RISK,Graduate,No,8,13.333333333333334,7,13.285714285714286,123.2,18,1,0,0,0
3248,2.39,LOW RISK,Graduate,No,6,13.5,6,15.428571428571429,122.2,20,1,0,1,0
86,2.39,LOW RISK,Graduate,No,7,13.08,7,13.08,161.0,22,1,0,1,0
158,2.39,LOW RISK,Graduate,No,6,11.857142857142858,6,12.25,127.4,18,1,0,1,0
3389,2.38,LOW RISK,Graduate,No,11,13.25,12,12.75,151.3,19,1,0,1,0
1039,2.38,LOW RISK,Graduate,No,6,12.833333333333334,2,12.0,100.0,20,1,0,1,0
2335,2.38,LOW RISK,Graduate,No,6,14.333333333333334,6,13.571428571428571,122.3,18,1,0,1,1
3019,2.38,LOW RISK,Graduate,No,5,12.8,5,13.166666666666666,123.4,19,1,0,1,0
4057,2.38,LOW RISK,Graduate,No,3,12.666666666666666,6,14.0,126.2,19,1,0,0,0
3923,2.38,LOW RISK,Graduate,No,6,12.5,4,12.4,124.5,18,1,0,1,0
1280,2.38,LOW RISK,Graduate,No,6,12.625,6,11.714285714285714,113.0,20,1,0,1,0
3868,2.38,LOW RISK,Graduate,No,7,14.54,7,14.54,132.5,21,1,0,0,1
343,2.37,LOW RISK,Graduate,No,6,12.857142857142858,6,12.833333333333334,117.0,33,1,0,0,0
2904,2.37,LOW RISK,Graduate,No,6,13.5,6,14.0,119.2,18,1,0,1,0
4029,2.37,LOW RISK,Graduate,No,6,13.875,6,13.833333333333334,132.2,19,1,1,0,0
682,2.37,LOW RISK,Graduate,No,6,14.0,6,13.142857142857142,137.5,23,1,1,1,0
3465,2.37,LOW RISK,Graduate,No,6,13.428571428571429,6,13.5,116.9,19,1,0,0,0
1158,2.36,LOW RISK,Graduate,No,6,12.5,6,13.571428571428571,118.7,21,1,0,1,0
1876,2.36,LOW RISK,Graduate,No,6,13.3,6,13.3,118.8,24,1,0,0,1
2067,2.36,LOW RISK,Graduate,No,6,12.666666666666666,6,13.428571428571429,116.5,18,1,0,1,0
3050,2.36,LOW RISK,Graduate,No,5,13.142857142857142,4,13.0,123.9,18,1,0,0,0
2093,2.36,LOW RISK,Graduate,No,7,15.7,7,15.7,140.8,18,1,0,0,0
327,2.36,LOW RISK,Graduate,No,6,13.333333333333334,6,13.333333333333334,120.4,19,1,0,0,0
1487,2.36,LOW RISK,Graduate,No,7,14.285714285714286,11,13.384615384615383,142.8,20,0,0,1,0
1516,2.35,LOW RISK,Graduate,No,17,14.88888888888889,17,13.38888888888889,153.0,21,1,0,1,0
1818,2.35,LOW RISK,Graduate,No,6,12.5,6,13.5,129.0,25,1,0,0,0
334,2.34,LOW RISK,Graduate,No,6,11.666666666666666,6,12.666666666666666,119.4,19,1,0,0,0
236,2.34,LOW RISK,Graduate,No,6,13.0,5,12.6,140.4,22,1,0,1,0
3132,2.34,LOW RISK,Graduate,No,7,12.785714285714286,7,12.785714285714286,118.8,19,1,0,1,0
692,2.34,LOW RISK,Graduate,No,13,12.384615384615383,19,12.68421052631579,136.0,41,1,0,0,1
2043,2.33,LOW RISK,Graduate,No,6,13.5,6,13.666666666666666,126.1,18,1,0,0,1
2744,2.33,LOW RISK,Graduate,No,6,14.571428571428571,6,13.666666666666666,102.0,20,1,0,1,0
3122,2.33,LOW RISK,Graduate,No,8,11.55,7,10.642857142857142,125.8,20,1,0,1,0
1038,2.33,LOW RISK,Graduate,No,6,13.166666666666666,6,14.0,164.9,18,1,0,0,0
3767,2.33,LOW RISK,Graduate,No,6,13.0,6,12.666666666666666,125.1,19,1,0,1,0
2052,2.32,LOW RISK,Graduate,No,6,12.285714285714286,6,11.333333333333334,125.3,18,1,0,1,0
499,2.32,LOW RISK,Graduate,No,6,12.666666666666666,5,11.8,118.7,18,1,0,0,0
421,2.32,LOW RISK,Graduate,No,8,13.094444444444443,7,12.901428571428571,126.6,19,1,0,1,0
1760,2.32,LOW RISK,Graduate,No,7,12.6,7,13.117142857142856,109.3,18,1,0,1,0
2066,2.32,LOW RISK,Graduate,No,6,15.0,6,14.0,122.5,19,1,0,1,0
3886,2.32,LOW RISK,Graduate,No,6,12.0,6,10.833333333333334,114.7,18,1,1,1,0
4119,2.32,LOW RISK,Graduate,No,5,13.2,5,12.2,113.1,21,1,0,0,0
926,2.32,LOW RISK,Graduate,No,6,13.7,6,13.7,133.0,26,1,0,1,0
1826,2.31,LOW RISK,Graduate,No,6,14.166666666666666,6,14.714285714285714,152.0,18,1,0,0,0
1598,2.31,LOW RISK,Graduate,No,6,16.142857142857142,6,15.571428571428571,161.2,18,1,0,1,1
1166,2.31,LOW RISK,Graduate,No,8,14.75,11,13.727272727272728,148.0,37,1,0,0,0
849,2.31,LOW RISK,Enrolled,No,5,12.714285714285714,4,14.25,113.3,18,1,0,0,0
3878,2.31,LOW RISK,Graduate,No,8,14.2,8,14.2,126.8,20,1,0,1,0
3803,2.31,LOW RISK,Graduate,No,7,11.714285714285714,9,13.11111111111111,126.0,39,1,0,1,0
3394,2.31,LOW RISK,Graduate,No,5,11.2,5,12.2,114.0,19,1,0,1,0
624,2.3,LOW RISK,Graduate,No,8,13.73125,8,13.73125,131.0,18,1,0,1,0
1982,2.3,LOW RISK,Graduate,No,6,11.833333333333334,6,11.333333333333334,111.1,18,1,0,1,0
3623,2.3,LOW RISK,Graduate,No,6,16.0,6,13.166666666666666,140.7,18,1,0,1,0
1904,2.29,LOW RISK,Graduate,No,6,13.116666666666667,6,13.116666666666667,153.0,18,1,0,0,0
631,2.29,LOW RISK,Graduate,No,7,12.042857142857144,7,12.042857142857144,120.0,25,1,0,1,0
829,2.29,LOW RISK,Graduate,No,8,14.25,8,14.25,137.0,18,1,0,0,0
2311,2.29,LOW RISK,Graduate,No,6,14.0,6,13.857142857142858,152.0,19,1,0,1,1
4067,2.28,LOW RISK,Graduate,No,8,11.95625,7,11.88888888888889,116.3,20,1,0,1,0
1555,2.28,LOW RISK,Graduate,No,6,14.333333333333334,6,14.666666666666666,112.5,30,1,0,1,0
1080,2.28,LOW RISK,Graduate,No,7,13.614285714285714,6,13.533333333333331,106.8,19,1,0,1,0
755,2.28,LOW RISK,Graduate,No,6,12.166666666666666,6,15.5,125.9,20,1,0,1,1
1292,2.28,LOW RISK,Graduate,No,7,14.285714285714286,7,14.285714285714286,140.0,19,1,0,0,1
1164,2.28,LOW RISK,Graduate,No,6,11.333333333333334,6,11.333333333333334,97.0,35,1,0,1,0
1912,2.28,LOW RISK,Graduate,No,8,12.48375,8,12.48375,127.5,20,1,0,0,0
279,2.27,LOW RISK,Enrolled,No,8,13.775,7,13.79714285714286,142.3,18,1,0,1,0
2089,2.27,LOW RISK,Graduate,No,6,12.633333333333333,6,12.633333333333333,127.3,20,1,0,1,0
1116,2.27,LOW RISK,Graduate,No,8,13.11625,8,13.11625,119.3,19,1,0,0,0
3229,2.27,LOW RISK,Graduate,No,8,13.044444444444444,7,11.9625,108.4,20,1,0,1,0
1686,2.27,LOW RISK,Graduate,No,6,15.0,6,14.666666666666666,140.8,22,1,0,0,1
994,2.27,LOW RISK,Graduate,No,6,13.5,6,14.166666666666666,147.0,19,1,0,0,0
2029,2.26,LOW RISK,Graduate,No,6,12.966666666666669,6,12.966666666666669,128.0,19,1,0,1,0
3653,2.26,LOW RISK,Graduate,No,8,15.125,7,13.3,124.4,18,1,0,1,0
1917,2.26,LOW RISK,Graduate,No,6,12.6,6,12.6,130.3,18,1,0,1,0
384,2.26,LOW RISK,Graduate,No,6,13.166666666666666,6,13.428571428571429,117.0,19,1,0,1,0
3559,2.25,LOW RISK,Enrolled,No,6,12.142857142857142,6,12.666666666666666,125.0,19,1,0,0,1
4105,2.25,LOW RISK,Graduate,No,6,14.166666666666666,6,13.714285714285714,138.9,18,1,0,0,0
2925,2.25,LOW RISK,Graduate,No,7,12.757142857142856,7,12.757142857142856,120.0,32,1,0,1,0
995,2.25,LOW RISK,Graduate,No,5,14.6,5,12.5,150.0,31,1,0,0,0
2853,2.25,LOW RISK,Graduate,No,11,10.727272727272728,11,11.909090909090908,125.8,21,1,1,0,0
942,2.24,LOW RISK,Graduate,No,6,12.285714285714286,6,14.0,127.3,19,1,0,1,0
3940,2.24,LOW RISK,Graduate,No,8,15.0125,7,14.30714285714286,113.5,20,1,0,0,0
4041,2.24,LOW RISK,Graduate,No,5,13.6,5,14.5,124.1,18,1,0,0,0
3386,2.24,LOW RISK,Graduate,No,6,10.714285714285714,5,10.8,108.7,19,1,0,1,0
3981,2.24,LOW RISK,Graduate,No,6,13.333333333333334,6,12.142857142857142,114.6,18,1,0,1,0
3671,2.24,LOW RISK,Graduate,No,11,14.166666666666666,12,13.666666666666666,147.5,19,1,0,1,0
2711,2.23,LOW RISK,Graduate,No,6,15.666666666666666,5,14.0,109.7,22,1,0,0,0
4055,2.23,LOW RISK,Graduate,No,6,14.571428571428571,6,14.666666666666666,126.3,20,1,0,1,0
1650,2.23,LOW RISK,Graduate,No,7,14.36,7,14.36,132.5,19,1,0,1,0
3978,2.22,LOW RISK,Graduate,No,6,13.8,6,13.8,127.3,19,1,0,1,0
4273,2.22,LOW RISK,Graduate,No,7,12.514285714285714,7,12.514285714285714,127.0,19,1,0,1,1
1372,2.22,LOW RISK,Graduate,No,7,15.028571428571428,7,15.028571428571428,120.0,20,1,0,0,1
591,2.22,LOW RISK,Graduate,No,6,14.555555555555555,6,13.833333333333334,117.8,18,1,0,0,0
1060,2.21,LOW RISK,Graduate,No,7,12.685714285714283,7,12.685714285714283,116.8,20,1,0,0,0
1129,2.21,LOW RISK,Graduate,No,5,13.6,5,14.0,138.5,18,1,0,1,0
3675,2.21,LOW RISK,Graduate,No,6,13.0,6,12.666666666666666,127.2,20,1,0,1,0
1204,2.21,LOW RISK,Graduate,No,4,11.75,5,11.6,112.3,20,1,1,1,0
49,2.21,LOW RISK,Graduate,No,6,13.285714285714286,6,11.5,133.4,21,1,0,1,0
1954,2.21,LOW RISK,Graduate,No,6,12.0,6,12.285714285714286,122.6,18,1,0,1,0
3355,2.2,LOW RISK,Graduate,No,8,15.3,8,15.3,139.5,18,1,0,1,1
1835,2.2,LOW RISK,Graduate,No,8,14.864444444444445,6,13.8875,124.9,19,1,0,1,0
2139,2.2,LOW RISK,Graduate,No,8,14.4375,7,11.971428571428572,118.3,19,1,0,1,0
2743,2.2,LOW RISK,Graduate,No,6,14.5,6,13.333333333333334,138.9,21,1,0,0,0
2576,2.2,LOW RISK,Graduate,No,7,14.142857142857142,9,15.88888888888889,143.0,40,1,0,0,0
173,2.2,LOW RISK,Graduate,No,6,11.683333333333332,6,11.683333333333332,132.3,19,1,0,0,0
1640,2.2,LOW RISK,Graduate,No,11,14.818181818181818,11,14.272727272727272,149.8,20,1,0,0,1
1137,2.2,LOW RISK,Graduate,No,6,13.625,6,14.0,125.2,18,1,0,1,0
2803,2.19,LOW RISK,Graduate,No,6,15.166666666666666,6,14.714285714285714,141.3,19,1,0,1,0
271,2.18,LOW RISK,Graduate,No,5,12.8,6,12.666666666666666,150.0,21,1,0,1,0
269,2.18,LOW RISK,Graduate,No,6,12.5,6,13.0,126.2,19,1,0,1,0
4075,2.18,LOW RISK,Graduate,No,8,13.0625,7,12.625,116.5,20,1,0,1,0
2024,2.18,LOW RISK,Graduate,No,6,12.285714285714286,6,11.5,110.4,19,1,0,0,1
3408,2.18,LOW RISK,Graduate,No,8,14.15375,8,14.15375,130.3,18,1,0,1,0
3873,2.17,LOW RISK,Graduate,No,6,12.733333333333334,6,12.733333333333334,119.1,22,1,0,0,1
2123,2.17,LOW RISK,Graduate,No,5,11.6,5,12.8,120.6,19,1,0,1,0
2565,2.17,LOW RISK,Graduate,No,6,13.333333333333334,6,14.0,153.8,20,1,0,1,0
4126,2.17,LOW RISK,Enrolled,No,7,11.971428571428572,7,11.971428571428572,115.4,24,1,0,1,0
777,2.17,LOW RISK,Graduate,No,6,15.625,6,15.0,162.0,19,1,0,0,0
3567,2.17,LOW RISK,Graduate,No,18,14.5,18,14.5,140.0,38,1,0,0,1
4352,2.16,LOW RISK,Graduate,No,6,12.833333333333334,6,12.5,131.5,20,1,0,0,0
3378,2.16,LOW RISK,Graduate,No,7,12.857142857142858,7,12.142857142857142,112.3,20,1,0,1,0
844,2.16,LOW RISK,Graduate,No,6,14.016666666666666,6,14.016666666666666,134.8,18,1,0,0,0
4130,2.16,LOW RISK,Graduate,No,6,12.666666666666666,6,12.666666666666666,130.8,18,1,0,1,0
629,2.16,LOW RISK,Graduate,No,6,14.166666666666666,6,13.0,115.9,18,1,0,0,0
4157,2.15,LOW RISK,Enrolled,No,7,13.242857142857144,7,13.242857142857144,118.0,18,1,0,1,0
1101,2.15,LOW RISK,Dropout,No,5,13.2,4,14.25,126.2,22,1,0,0,0
1323,2.15,LOW RISK,Graduate,No,8,13.76375,8,13.76375,125.5,18,1,0,1,0
1213,2.15,LOW RISK,Graduate,No,8,13.63,8,13.63,120.0,35,1,0,1,0
900,2.14,LOW RISK,Graduate,No,6,14.0,6,13.0,124.4,19,1,0,1,0
561,2.14,LOW RISK,Graduate,No,11,12.0,11,12.090909090909092,135.3,21,1,0,0,1
3617,2.14,LOW RISK,Enrolled,No,5,14.2,5,15.0,129.8,18,0,0,1,1
317,2.14,LOW RISK,Graduate,No,8,14.88181818181818,7,14.542857142857144,124.3,18,1,0,1,0
336,2.13,LOW RISK,Graduate,No,6,14.666666666666666,6,13.333333333333334,143.0,19,1,0,0,0
2175,2.13,LOW RISK,Graduate,No,11,12.75,11,12.0,118.3,20,1,0,1,0
2728,2.13,LOW RISK,Graduate,No,7,14.312857142857142,7,14.312857142857142,124.0,18,1,0,1,0
4238,2.13,LOW RISK,Enrolled,No,6,13.016666666666666,6,13.016666666666666,121.5,20,1,0,0,1
2628,2.13,LOW RISK,Enrolled,No,7,12.2,7,12.2,125.3,19,1,0,0,1
4224,2.13,LOW RISK,Graduate,No,6,11.833333333333334,6,12.714285714285714,116.0,19,1,0,0,0
3775,2.13,LOW RISK,Graduate,No,6,14.142857142857142,6,13.166666666666666,113.5,18,1,0,1,0
116,2.13,LOW RISK,Enrolled,No,7,13.0,6,11.616666666666667,100.0,20,1,0,0,0
264,2.13,LOW RISK,Graduate,No,6,14.0,6,14.0,122.8,18,1,0,0,0
617,2.12,LOW RISK,Graduate,No,6,10.666666666666666,6,12.333333333333334,129.7,20,1,0,1,0
135,2.12,LOW RISK,Graduate,No,7,11.714285714285714,9,11.666666666666666,133.2,20,1,0,0,0
217,2.12,LOW RISK,Graduate,No,5,11.6,5,11.6,115.8,19,1,0,1,0
1370,2.12,LOW RISK,Graduate,No,6,12.857142857142858,5,13.0,114.2,23,1,0,1,1
3096,2.12,LOW RISK,Graduate,No,6,11.428571428571429,6,12.285714285714286,110.0,18,1,0,1,0
1322,2.11,LOW RISK,Enrolled,No,6,14.0,6,13.5,115.3,20,1,0,0,0
2829,2.11,LOW RISK,Enrolled,No,6,12.833333333333334,6,12.333333333333334,136.4,18,1,0,0,0
1407,2.1,LOW RISK,Graduate,No,7,12.342857142857143,7,12.342857142857143,119.0,19,1,0,1,0
876,2.1,LOW RISK,Graduate,No,8,12.233333333333333,7,14.244444444444444,126.8,19,1,0,1,1
4383,2.1,LOW RISK,Graduate,No,7,15.0,7,15.0,122.0,19,1,0,0,0
1791,2.1,LOW RISK,Graduate,No,7,13.075714285714286,7,13.075714285714286,127.3,26,1,0,0,1
2428,2.1,LOW RISK,Graduate,No,5,11.6,5,11.4,110.0,36,1,0,1,1
1424,2.1,LOW RISK,Graduate,No,6,11.5,6,10.666666666666666,118.5,18,1,0,0,0
1756,2.1,LOW RISK,Enrolled,No,5,14.2,5,14.2,143.4,18,0,0,1,1
3260,2.1,LOW RISK,Graduate,No,6,14.316666666666668,6,14.316666666666668,132.5,18,1,0,0,0
150,2.09,LOW RISK,Graduate,No,7,14.178571428571429,6,13.863333333333337,131.5,20,1,0,1,0
4271,2.08,LOW RISK,Graduate,No,6,12.0,6,13.666666666666666,138.0,18,1,0,1,1
1087,2.08,LOW RISK,Graduate,No,6,13.666666666666666,6,13.666666666666666,122.2,19,1,0,1,0
2889,2.08,LOW RISK,Graduate,No,6,11.857142857142858,6,13.75,121.9,19,1,0,1,0
1224,2.08,LOW RISK,Graduate,No,6,12.5,5,13.833333333333334,130.0,33,1,1,1,0
1947,2.08,LOW RISK,Graduate,No,8,14.035,8,14.035,149.3,18,1,0,0,0
245,2.08,LOW RISK,Graduate,No,10,12.363636363636363,9,12.9,117.9,20,1,0,1,0
212,2.08,LOW RISK,Graduate,No,6,12.916666666666666,6,12.916666666666666,136.0,18,1,0,1,0
605,2.08,LOW RISK,Graduate,No,8,15.8125,7,13.055555555555555,128.0,18,1,0,1,0
2456,2.07,LOW RISK,Graduate,No,6,15.3,6,14.5,170.0,20,1,0,0,1
904,2.07,LOW RISK,Graduate,No,6,12.95,6,12.95,138.8,18,1,0,1,0
3588,2.07,LOW RISK,Graduate,No,12,13.0,12,13.166666666666666,128.8,19,1,0,0,1
2943,2.07,LOW RISK,Graduate,No,11,13.583333333333334,12,14.5,160.1,19,1,0,1,0
1825,2.06,LOW RISK,Graduate,No,6,12.666666666666666,6,14.5,111.6,20,1,0,0,0
3645,2.06,LOW RISK,Graduate,No,6,11.833333333333334,6,11.714285714285714,115.4,19,1,0,1,0
2908,2.06,LOW RISK,Graduate,No,6,14.066666666666668,6,14.066666666666668,128.0,18,1,0,1,0
3782,2.05,LOW RISK,Graduate,No,6,12.833333333333334,6,12.833333333333334,142.2,19,1,0,1,0
2552,2.05,LOW RISK,Enrolled,No,6,14.333333333333334,6,12.5,153.1,20,1,0,1,0
490,2.05,LOW RISK,Graduate,No,7,13.542857142857144,6,11.814285714285717,118.6,19,1,0,1,0
1034,2.04,LOW RISK,Graduate,No,5,15.571428571428571,4,13.25,118.2,18,1,0,1,0
3747,2.04,LOW RISK,Graduate,No,8,12.82875,8,12.82875,119.8,19,1,0,1,0
282,2.04,LOW RISK,Graduate,No,6,14.166666666666666,5,14.166666666666666,143.0,47,1,0,1,0
2085,2.04,LOW RISK,Graduate,No,6,13.166666666666666,6,14.285714285714286,116.5,19,1,0,1,0
4020,2.04,LOW RISK,Graduate,No,8,13.9475,8,13.9475,129.5,19,1,0,1,0
1225,2.03,LOW RISK,Graduate,No,8,13.57625,8,13.57625,126.5,19,1,0,1,0
1710,2.03,LOW RISK,Graduate,No,6,12.45,6,12.45,130.5,19,1,0,0,0
12,2.03,LOW RISK,Graduate,No,7,13.214285714285714,7,13.214285714285714,119.3,18,1,0,1,0
3889,2.03,LOW RISK,Graduate,No,5,13.333333333333334,5,13.0,136.2,19,1,0,0,0
3006,2.03,LOW RISK,Graduate,No,8,14.955555555555556,7,14.572857142857142,117.1,18,1,0,1,0
1892,2.03,LOW RISK,Graduate,No,8,13.435,8,13.435,126.3,18,1,0,1,0
2774,2.03,LOW RISK,Graduate,No,8,14.2525,8,14.2525,148.8,19,1,0,1,0
3651,2.03,LOW RISK,Graduate,No,11,12.727272727272728,12,13.25,126.4,20,1,0,1,0
225,2.03,LOW RISK,Graduate,No,7,14.9125,6,13.741666666666667,127.5,19,1,0,1,0
2862,2.02,LOW RISK,Graduate,No,5,11.6,5,12.6,146.4,18,1,0,0,0
472,2.02,LOW RISK,Graduate,No,6,11.833333333333334,6,12.333333333333334,120.1,20,1,0,1,0
4400,2.01,LOW RISK,Graduate,No,6,14.333333333333334,6,13.875,137.0,22,1,0,1,0
2081,2.01,LOW RISK,Graduate,No,7,12.471428571428572,7,12.471428571428572,125.8,19,1,0,1,0
1113,2.01,LOW RISK,Enrolled,No,6,12.5,5,12.62,106.7,20,1,0,1,0
814,2.0,LOW RISK,Graduate,No,8,14.144444444444444,7,14.45,154.1,18,1,0,0,0
453,2.0,LOW RISK,Graduate,No,8,13.98375,7,14.13125,122.1,18,1,0,0,0
1056,1.98,LOW RISK,Graduate,No,7,14.671428571428574,7,13.7,117.8,19,1,0,1,0
1974,1.98,LOW RISK,Graduate,No,5,12.2,5,11.4,119.9,21,1,0,1,0
462,1.98,LOW RISK,Graduate,No,11,13.454545454545457,11,13.818181818181818,124.5,20,1,0,1,0
3436,1.97,LOW RISK,Graduate,No,6,13.0,6,11.833333333333334,129.8,19,1,0,0,0
2156,1.97,LOW RISK,Graduate,No,8,15.092,7,15.114999999999998,138.7,19,1,0,1,0
3110,1.97,LOW RISK,Graduate,No,5,15.4,5,16.333333333333332,162.3,18,1,0,1,0
2986,1.97,LOW RISK,Graduate,No,6,13.5,6,14.333333333333334,125.2,19,1,0,0,0
3917,1.97,LOW RISK,Graduate,No,6,13.0,4,12.0,113.0,24,1,0,1,0
893,1.97,LOW RISK,Graduate,No,7,14.428571428571429,7,14.428571428571429,130.8,21,1,0,1,0
2680,1.96,LOW RISK,Graduate,No,5,16.8,5,15.8,127.0,34,1,0,0,1
433,1.96,LOW RISK,Graduate,No,5,12.4,5,13.4,114.5,19,1,0,1,0
4103,1.96,LOW RISK,Graduate,No,6,12.428571428571429,6,14.666666666666666,99.0,23,1,0,1,0
3374,1.96,LOW RISK,Graduate,No,5,11.833333333333334,5,12.875,119.9,19,1,0,1,0
1913,1.96,LOW RISK,Graduate,No,8,15.3125,7,13.428571428571429,116.3,18,1,0,0,0
2072,1.96,LOW RISK,Graduate,No,6,12.916666666666666,6,12.916666666666666,121.5,18,1,0,0,0
1581,1.95,LOW RISK,Graduate,No,6,14.166666666666666,6,13.5,149.2,21,1,0,1,1
3410,1.95,LOW RISK,Graduate,No,6,12.833333333333334,6,13.833333333333334,117.4,20,1,0,0,0
3496,1.95,LOW RISK,Graduate,No,6,14.1,6,15.5,116.0,19,1,0,0,1
4197,1.95,LOW RISK,Graduate,No,7,13.514285714285714,7,13.514285714285714,125.5,21,1,0,1,0
163,1.95,LOW RISK,Graduate,No,8,15.355,7,14.91875,125.8,18,1,0,0,0
3635,1.95,LOW RISK,Graduate,No,4,12.75,4,12.75,142.3,18,1,0,0,0
636,1.94,LOW RISK,Graduate,No,6,12.714285714285714,6,12.125,112.9,19,1,0,1,0
4222,1.93,LOW RISK,Graduate,No,6,16.0,6,17.0,149.5,18,1,0,0,0
52,1.93,LOW RISK,Enrolled,No,6,11.833333333333334,6,11.833333333333334,121.3,19,1,0,1,0
1120,1.93,LOW RISK,Graduate,No,6,12.333333333333334,6,12.333333333333334,129.5,20,1,0,1,0
1697,1.92,LOW RISK,Graduate,No,6,12.166666666666666,5,11.4,133.7,22,1,0,0,1
4118,1.92,LOW RISK,Graduate,No,7,14.2,7,14.2,129.3,18,1,0,0,0
4074,1.92,LOW RISK,Graduate,No,6,14.0,6,13.5,123.6,19,1,0,1,0
1239,1.92,LOW RISK,Graduate,No,6,13.2,6,13.125,150.0,20,1,0,0,1
395,1.92,LOW RISK,Graduate,No,6,14.0,6,14.857142857142858,158.7,18,1,0,0,0
2514,1.92,LOW RISK,Graduate,No,6,12.0,6,13.5,163.3,18,1,0,0,0
3144,1.92,LOW RISK,Graduate,No,7,15.114285714285714,7,15.114285714285714,130.3,19,1,0,1,0
3216,1.92,LOW RISK,Graduate,No,6,12.333333333333334,6,13.5,101.7,21,1,0,1,1
3174,1.92,LOW RISK,Graduate,No,6,12.157142857142857,5,12.58,100.0,25,1,0,1,0
411,1.91,LOW RISK,Graduate,No,7,14.654285714285717,7,14.654285714285717,120.8,18,1,0,1,0
474,1.91,LOW RISK,Graduate,No,6,13.966666666666669,6,13.966666666666669,140.0,20,1,0,0,0
1886,1.91,LOW RISK,Graduate,No,6,12.183333333333332,6,12.183333333333332,126.0,19,1,0,0,0
919,1.91,LOW RISK,Graduate,No,6,15.0,6,14.166666666666666,160.0,43,1,0,0,0
2725,1.9,LOW RISK,Graduate,No,6,12.415,6,12.415,160.0,24,1,0,1,0
3962,1.9,LOW RISK,Graduate,No,17,15.023529411764704,26,15.07777777777778,133.4,23,1,0,0,0
3179,1.9,LOW RISK,Graduate,No,7,14.535714285714286,7,14.535714285714286,126.8,19,1,0,0,1
2080,1.9,LOW RISK,Graduate,No,6,14.15,6,14.15,136.0,19,1,0,1,0
3368,1.89,LOW RISK,Graduate,No,6,14.616666666666667,6,14.616666666666667,125.0,19,1,0,0,0
4063,1.89,LOW RISK,Graduate,No,9,15.555555555555555,11,15.692307692307692,170.0,20,1,0,0,0
1050,1.88,LOW RISK,Graduate,No,8,16.0875,7,15.014285714285714,133.9,18,1,0,0,0
3907,1.88,LOW RISK,Graduate,No,7,13.957142857142856,7,13.957142857142856,116.0,21,1,0,1,0
922,1.88,LOW RISK,Graduate,No,6,11.5,6,10.833333333333334,97.0,35,1,0,1,0
2094,1.88,LOW RISK,Graduate,No,6,15.2,6,15.2,138.0,18,1,0,0,0
788,1.87,LOW RISK,Graduate,No,7,14.537142857142856,7,14.537142857142856,132.8,18,1,0,0,0
1938,1.87,LOW RISK,Graduate,No,6,13.683333333333332,6,13.683333333333332,130.3,18,1,0,0,0
906,1.87,LOW RISK,Graduate,No,8,12.55,7,13.094285714285714,114.5,19,1,0,1,0
3399,1.87,LOW RISK,Graduate,No,6,14.35,6,14.35,122.3,19,1,0,0,0
1437,1.87,LOW RISK,Enrolled,No,2,11.0,2,13.5,160.0,19,1,1,0,0
265,1.86,LOW RISK,Graduate,No,6,12.0,6,12.833333333333334,121.6,18,1,0,0,0
1071,1.86,LOW RISK,Graduate,No,8,14.75,8,14.75,123.5,19,1,0,1,0
2538,1.86,LOW RISK,Graduate,No,6,15.833333333333334,6,14.714285714285714,121.6,19,1,0,0,0
50,1.85,LOW RISK,Graduate,No,6,12.833333333333334,5,12.333333333333334,126.1,19,1,0,1,0
668,1.85,LOW RISK,Graduate,No,11,13.545454545454543,11,12.818181818181818,129.1,20,1,0,1,0
571,1.85,LOW RISK,Graduate,No,6,12.0,6,12.166666666666666,118.1,20,1,0,0,1
3107,1.85,LOW RISK,Graduate,No,8,12.32,8,12.32,125.0,18,1,0,1,0
3656,1.85,LOW RISK,Graduate,No,6,12.833333333333334,6,12.833333333333334,141.7,20,1,0,1,0
2816,1.84,LOW RISK,Graduate,No,6,11.714285714285714,5,11.6,120.8,19,1,0,1,0
3931,1.84,LOW RISK,Graduate,No,6,14.166666666666666,6,13.333333333333334,146.5,18,1,0,1,0
3164,1.84,LOW RISK,Graduate,No,6,16.333333333333332,6,15.0,127.7,20,1,0,1,0
2177,1.84,LOW RISK,Graduate,No,6,14.166666666666666,6,15.166666666666666,158.3,18,1,0,0,0
3988,1.83,LOW RISK,Graduate,No,6,15.25,6,15.25,140.5,18,1,0,0,0
765,1.83,LOW RISK,Graduate,No,10,13.0,16,14.125,154.0,37,1,0,0,1
633,1.83,LOW RISK,Graduate,No,8,15.5,7,12.8375,136.4,19,1,0,1,0
4200,1.83,LOW RISK,Graduate,No,7,12.744285714285716,7,12.744285714285716,120.8,20,1,0,1,0
1398,1.83,LOW RISK,Graduate,No,9,13.77777777777778,7,13.571428571428571,147.7,22,1,1,1,0
3882,1.82,LOW RISK,Graduate,No,6,15.0,6,13.833333333333334,109.3,20,1,0,1,0
333,1.82,LOW RISK,Graduate,No,6,13.0,6,12.0,103.5,20,1,0,0,0
2620,1.82,LOW RISK,Graduate,No,6,12.571428571428571,6,14.833333333333334,143.4,21,1,0,1,0
3299,1.81,LOW RISK,Graduate,No,6,14.0,6,14.25,110.5,19,1,0,0,0
3380,1.81,LOW RISK,Graduate,No,6,13.9,6,13.9,125.0,18,1,0,0,0
2503,1.81,LOW RISK,Graduate,No,14,11.642857142857142,20,13.181818181818182,118.6,26,1,0,0,0
2551,1.81,LOW RISK,Graduate,No,11,12.272727272727272,15,13.333333333333334,145.7,25,1,0,0,0
4325,1.8,LOW RISK,Graduate,No,7,14.4,7,14.4,139.8,19,1,0,1,0
2154,1.8,LOW RISK,Graduate,No,9,13.0,11,13.272727272727272,134.0,21,1,0,0,0
258,1.8,LOW RISK,Enrolled,No,6,12.5,6,11.833333333333334,110.8,18,1,0,0,0
4174,1.8,LOW RISK,Graduate,No,8,15.0,7,14.093333333333332,116.5,20,1,0,1,0
1282,1.8,LOW RISK,Graduate,No,7,13.024285714285714,7,13.024285714285714,115.5,20,1,0,1,1
3393,1.8,LOW RISK,Graduate,No,6,12.666666666666666,5,13.0,155.0,21,1,0,1,0
3879,1.79,LOW RISK,Graduate,No,6,13.55,6,13.55,118.9,19,1,0,1,0
2606,1.79,LOW RISK,Graduate,No,5,12.0,3,14.0,160.0,27,1,0,0,0
1648,1.79,LOW RISK,Graduate,No,8,14.3875,7,13.6375,100.0,18,1,0,1,0
2082,1.78,LOW RISK,Graduate,No,6,14.15,6,14.15,120.5,19,1,0,0,0
1590,1.78,LOW RISK,Graduate,No,6,12.166666666666666,6,12.666666666666666,126.0,22,1,0,0,1
2886,1.78,LOW RISK,Graduate,No,8,13.5,11,14.454545454545457,147.5,39,1,0,0,0
889,1.78,LOW RISK,Graduate,No,8,15.35,7,14.014285714285714,136.0,19,1,0,1,0
4050,1.78,LOW RISK,Graduate,No,7,12.875,6,13.314285714285717,140.0,22,1,0,1,0
309,1.78,LOW RISK,Graduate,No,5,13.2,5,15.2,155.3,19,1,0,0,0
1571,1.77,LOW RISK,Enrolled,No,7,13.857142857142858,12,14.0,114.4,45,1,0,0,0
1910,1.77,LOW RISK,Graduate,No,6,14.266666666666666,6,14.266666666666666,137.3,19,1,0,0,0
2985,1.77,LOW RISK,Graduate,No,6,14.35,6,14.35,127.8,18,1,0,1,0
416,1.77,LOW RISK,Graduate,No,5,15.4,5,14.0,137.0,18,1,0,0,0
3890,1.77,LOW RISK,Graduate,No,8,14.125,7,12.242857142857144,119.5,21,1,0,1,0
2130,1.77,LOW RISK,Graduate,No,6,13.25,6,12.666666666666666,156.8,18,1,0,0,0
2212,1.77,LOW RISK,Graduate,No,6,13.166666666666666,6,13.5,125.4,19,1,0,0,1
2147,1.76,LOW RISK,Graduate,No,6,12.833333333333334,5,13.4,131.1,19,1,0,1,0
43,1.75,LOW RISK,Graduate,No,7,14.342857142857142,5,13.928,100.6,22,1,0,0,0
1978,1.74,LOW RISK,Graduate,No,5,12.5,6,13.5,143.0,20,1,0,0,0
1312,1.74,LOW RISK,Graduate,No,6,13.875,6,16.46153846153846,126.5,18,1,0,1,0
615,1.73,LOW RISK,Graduate,No,7,12.357142857142858,7,12.357142857142858,117.8,19,1,0,1,0
1072,1.73,LOW RISK,Graduate,No,6,14.333333333333334,6,13.142857142857142,144.3,19,1,0,1,0
280,1.73,LOW RISK,Graduate,No,7,13.812857142857142,7,14.00375,119.6,20,1,0,1,0
1021,1.73,LOW RISK,Graduate,No,8,12.98125,8,12.98125,124.3,20,1,0,1,0
2951,1.72,LOW RISK,Graduate,No,5,12.6,6,14.125,118.4,20,1,0,0,0
480,1.72,LOW RISK,Enrolled,No,5,11.8,5,13.2,118.6,21,1,0,1,0
296,1.72,LOW RISK,Graduate,No,7,14.725714285714288,7,14.725714285714288,121.0,19,1,0,1,0
3094,1.72,LOW RISK,Graduate,No,20,14.575,20,14.575,131.0,22,1,0,1,0
1987,1.72,LOW RISK,Graduate,No,8,14.6625,8,14.6625,130.0,32,1,0,1,0
824,1.72,LOW RISK,Graduate,No,6,13.285714285714286,6,12.571428571428571,106.0,20,1,0,1,0
3124,1.71,LOW RISK,Graduate,No,6,14.65,6,14.65,142.0,18,1,0,0,0
1202,1.71,LOW RISK,Graduate,No,6,12.166666666666666,5,13.8,112.5,32,1,0,0,0
3250,1.71,LOW RISK,Graduate,No,6,14.0,6,14.166666666666666,154.4,18,1,0,0,0
4059,1.7,LOW RISK,Graduate,No,6,12.625,6,15.538461538461538,123.0,19,1,0,0,0
4007,1.7,LOW RISK,Graduate,No,6,13.0,6,13.125,160.0,22,1,0,1,1
3398,1.7,LOW RISK,Graduate,No,8,14.50125,8,14.50125,136.5,18,1,0,1,0
853,1.7,LOW RISK,Graduate,No,6,14.166666666666666,6,13.857142857142858,149.0,23,1,0,1,0
1122,1.69,LOW RISK,Graduate,No,5,13.2,5,13.333333333333334,105.4,20,1,0,0,0
1326,1.69,LOW RISK,Graduate,No,6,14.333333333333334,6,14.333333333333334,139.0,18,1,0,0,0
2006,1.69,LOW RISK,Graduate,No,5,13.2,5,14.4,143.2,19,1,0,0,0
807,1.69,LOW RISK,Graduate,No,6,12.166666666666666,6,13.0,146.9,18,1,0,1,0
2016,1.69,LOW RISK,Graduate,No,6,13.285714285714286,6,11.5,106.1,20,1,0,0,0
3420,1.69,LOW RISK,Graduate,No,6,14.0,6,13.333333333333334,146.7,20,1,0,1,0
132,1.69,LOW RISK,Graduate,No,6,13.0,6,12.333333333333334,123.7,18,1,0,0,0
1027,1.68,LOW RISK,Graduate,No,5,11.8,5,14.2,122.3,18,1,0,0,0
3986,1.68,LOW RISK,Graduate,No,6,12.666666666666666,6,12.5,124.6,20,1,0,0,0
2884,1.68,LOW RISK,Graduate,No,6,11.5,6,12.333333333333334,128.0,43,1,0,1,0
1906,1.68,LOW RISK,Graduate,No,6,14.166666666666666,6,13.333333333333334,145.6,20,1,0,1,0
1664,1.67,LOW RISK,Graduate,No,8,15.075,7,13.44285714285714,143.3,18,1,0,1,0
2549,1.67,LOW RISK,Graduate,No,6,14.166666666666666,6,14.0,126.9,18,1,0,1,1
2553,1.67,LOW RISK,Graduate,No,6,11.5,6,12.5,118.7,19,1,0,0,0
139,1.66,LOW RISK,Enrolled,No,7,12.892857142857142,5,13.188,112.1,20,1,0,1,0
2112,1.65,LOW RISK,Graduate,No,6,14.333333333333334,6,15.0,134.5,19,1,0,1,0
3649,1.65,LOW RISK,Graduate,No,7,12.328571428571427,7,12.328571428571427,118.0,18,1,0,0,0
3461,1.64,LOW RISK,Graduate,No,6,12.9,6,12.9,125.0,19,1,0,1,0
2535,1.64,LOW RISK,Graduate,No,6,13.142857142857142,6,11.857142857142858,112.9,19,1,0,1,0
3672,1.64,LOW RISK,Graduate,No,6,14.5,6,16.0,150.8,19,1,0,0,0
3116,1.63,LOW RISK,Graduate,No,6,13.333333333333334,6,15.0,133.5,19,1,0,1,0
3580,1.63,LOW RISK,Graduate,No,6,14.833333333333334,6,14.833333333333334,139.5,20,1,0,1,1
1827,1.63,LOW RISK,Graduate,No,6,14.333333333333334,6,13.285714285714286,132.6,18,1,0,1,0
2008,1.63,LOW RISK,Graduate,No,6,12.0,6,14.333333333333334,119.5,18,1,0,1,0
1538,1.63,LOW RISK,Graduate,No,6,12.0,6,12.666666666666666,125.6,18,1,0,1,0
1134,1.62,LOW RISK,Graduate,No,8,15.1625,7,14.071428571428571,145.0,18,1,0,1,0
2172,1.62,LOW RISK,Graduate,No,6,12.166666666666666,6,13.142857142857142,140.0,21,1,0,0,0
1701,1.62,LOW RISK,Graduate,No,8,15.63375,8,15.63375,156.3,18,1,0,1,1
3673,1.61,LOW RISK,Graduate,No,6,13.0,6,14.142857142857142,150.0,19,1,0,0,0
1064,1.61,LOW RISK,Graduate,No,8,14.445,8,14.445,134.8,18,1,0,0,0
898,1.6,LOW RISK,Graduate,No,11,12.545454545454543,12,13.333333333333334,124.0,21,1,0,1,0
1556,1.6,LOW RISK,Graduate,No,8,14.23125,7,12.835714285714284,98.1,21,1,0,0,0
2583,1.6,LOW RISK,Graduate,No,5,15.4,5,14.4,159.3,18,1,0,0,0
330,1.6,LOW RISK,Enrolled,No,5,11.6,5,14.0,136.8,18,1,0,0,0
3272,1.59,LOW RISK,Graduate,No,7,11.714285714285714,8,13.25,113.5,50,1,0,1,0
4265,1.59,LOW RISK,Graduate,No,6,12.666666666666666,6,13.555555555555555,150.0,24,1,0,1,1
2653,1.59,LOW RISK,Graduate,No,6,14.166666666666666,6,13.142857142857142,109.0,19,1,0,1,1
438,1.58,LOW RISK,Graduate,No,6,13.666666666666666,6,14.5,118.8,18,1,0,1,0
3924,1.58,LOW RISK,Graduate,No,7,13.0,8,12.88888888888889,126.0,38,1,0,1,0
1111,1.57,LOW RISK,Graduate,No,6,12.666666666666666,6,12.0,140.0,19,1,0,0,0
1226,1.57,LOW RISK,Graduate,No,6,15.833333333333334,6,15.142857142857142,159.7,18,1,0,1,0
978,1.57,LOW RISK,Graduate,No,4,13.25,5,11.8,127.1,23,1,0,1,1
2716,1.56,LOW RISK,Graduate,No,7,13.207142857142856,5,13.336000000000002,104.5,21,1,0,1,0
1222,1.56,LOW RISK,Graduate,No,8,15.68333333333333,7,14.604285714285712,123.4,18,1,0,1,0
2622,1.56,LOW RISK,Graduate,No,6,11.833333333333334,6,12.0,105.1,20,1,0,1,0
820,1.56,LOW RISK,Graduate,No,6,12.833333333333334,6,12.833333333333334,121.3,25,1,0,0,0
4168,1.55,LOW RISK,Graduate,No,6,13.5,6,14.333333333333334,140.9,19,1,0,0,0
2792,1.55,LOW RISK,Graduate,No,6,14.142857142857142,6,14.857142857142858,112.7,19,1,0,0,1
2105,1.55,LOW RISK,Graduate,No,6,14.428571428571429,6,11.875,121.7,20,1,0,1,0
2926,1.54,LOW RISK,Graduate,No,6,14.666666666666666,6,14.5,150.2,18,1,0,1,0
543,1.54,LOW RISK,Graduate,No,6,12.625,6,13.0,150.0,21,1,0,1,1
3244,1.53,LOW RISK,Graduate,No,8,14.11,8,14.11,133.0,19,1,0,1,0
3752,1.53,LOW RISK,Graduate,No,12,14.583333333333334,10,14.7,148.0,20,1,0,0,0
3662,1.53,LOW RISK,Graduate,No,6,13.25,6,14.285714285714286,155.0,18,1,0,0,0
1934,1.53,LOW RISK,Graduate,No,8,13.3675,8,13.3675,120.0,25,1,0,1,0
4135,1.53,LOW RISK,Graduate,No,6,11.5,4,11.0,127.3,18,1,0,1,0
2537,1.53,LOW RISK,Enrolled,No,5,15.142857142857142,5,14.857142857142858,100.0,19,1,0,0,0
152,1.52,LOW RISK,Graduate,No,5,13.4,5,12.4,123.4,19,1,0,0,0
3582,1.52,LOW RISK,Graduate,No,7,13.657142857142857,7,12.271428571428572,139.8,24,1,1,0,1
3400,1.52,LOW RISK,Graduate,No,6,12.333333333333334,6,11.5,128.0,21,1,0,1,0
3165,1.51,LOW RISK,Graduate,No,5,12.4,5,13.6,117.5,19,1,0,0,0
1943,1.51,LOW RISK,Graduate,No,6,14.5,6,15.0,123.2,20,1,0,1,0
51,1.51,LOW RISK,Graduate,No,6,14.166666666666666,6,13.666666666666666,113.5,24,1,0,1,0
1100,1.5,LOW RISK,Graduate,No,8,14.07125,8,14.07125,128.5,19,1,0,1,0
1864,1.5,LOW RISK,Graduate,No,6,13.166666666666666,6,11.833333333333334,131.2,18,1,0,0,1
3984,1.5,LOW RISK,Graduate,No,6,13.166666666666666,6,12.833333333333334,145.0,19,1,0,1,0
3375,1.5,LOW RISK,Graduate,No,6,12.5,6,12.166666666666666,110.5,22,1,0,1,0
4137,1.49,LOW RISK,Graduate,No,7,11.857142857142858,7,11.857142857142858,118.8,18,1,0,1,0
426,1.49,LOW RISK,Graduate,No,6,13.916666666666666,6,13.916666666666666,150.5,20,1,0,0,0
2007,1.48,LOW RISK,Graduate,No,6,14.166666666666666,6,14.833333333333334,120.5,44,1,0,0,0
54,1.48,LOW RISK,Graduate,No,5,15.8,5,14.714285714285714,159.3,19,1,0,0,0
292,1.48,LOW RISK,Graduate,No,6,13.833333333333334,6,14.333333333333334,150.0,19,1,1,1,0
1186,1.47,LOW RISK,Graduate,No,6,12.285714285714286,5,11.142857142857142,124.5,18,1,0,1,0
1140,1.47,LOW RISK,Graduate,No,6,14.25,6,13.923076923076923,147.6,20,1,0,0,0
2559,1.47,LOW RISK,Enrolled,No,2,10.666666666666666,5,11.5,115.0,19,1,0,0,0
451,1.47,LOW RISK,Graduate,No,7,14.402857142857142,7,14.402857142857142,114.8,20,1,0,0,0
4201,1.46,LOW RISK,Graduate,No,5,11.8,4,11.75,95.0,20,1,0,0,0
4097,1.45,LOW RISK,Graduate,No,6,15.5,6,13.833333333333334,113.5,39,1,0,1,0
2596,1.45,LOW RISK,Graduate,No,6,12.166666666666666,6,12.666666666666666,145.9,18,1,0,1,0
3377,1.45,LOW RISK,Graduate,No,6,14.666666666666666,6,14.5,118.6,21,1,0,1,0
4212,1.45,LOW RISK,Graduate,No,6,15.166666666666666,6,14.666666666666666,142.7,18,1,0,1,0
1942,1.44,LOW RISK,Graduate,No,6,13.166666666666666,6,13.166666666666666,116.4,18,1,0,0,0
3262,1.44,LOW RISK,Graduate,No,5,12.6,5,13.4,109.8,19,1,0,1,0
4096,1.43,LOW RISK,Graduate,No,6,15.433333333333332,6,15.433333333333332,126.3,19,1,0,1,0
783,1.43,LOW RISK,Graduate,No,8,14.63375,7,14.668,156.9,18,1,0,1,0
1009,1.43,LOW RISK,Graduate,No,7,14.428571428571429,7,14.428571428571429,142.3,18,1,0,1,0
634,1.43,LOW RISK,Graduate,No,7,11.7,7,11.0,120.0,24,1,1,1,0
2823,1.43,LOW RISK,Graduate,No,6,13.571428571428571,6,15.5,145.9,19,1,0,1,0
3401,1.42,LOW RISK,Graduate,No,6,14.666666666666666,6,11.714285714285714,156.5,18,1,0,1,0
373,1.42,LOW RISK,Graduate,No,6,14.428571428571429,6,13.833333333333334,148.4,19,1,0,1,0
322,1.42,LOW RISK,Graduate,No,7,13.058571428571428,7,13.058571428571428,100.0,19,1,0,1,0
485,1.41,LOW RISK,Graduate,No,7,12.128571428571428,6,12.766666666666666,100.6,20,1,0,1,0
3954,1.41,LOW RISK,Graduate,No,5,12.4,5,13.0,122.6,18,1,0,0,0
2842,1.41,LOW RISK,Graduate,No,13,11.384615384615383,19,12.210526315789474,104.8,46,1,0,0,0
1656,1.4,LOW RISK,Graduate,No,5,12.6,5,12.333333333333334,118.3,20,1,0,0,0
4395,1.4,LOW RISK,Graduate,No,8,14.88875,8,14.88875,166.0,18,1,0,0,0
1984,1.39,LOW RISK,Graduate,No,6,13.966666666666669,6,13.966666666666669,147.3,18,1,0,0,0
3909,1.38,LOW RISK,Graduate,No,6,15.285714285714286,6,13.333333333333334,107.5,42,1,1,1,0
3481,1.37,LOW RISK,Graduate,No,8,12.93875,8,12.93875,121.8,18,1,0,1,1
3679,1.37,LOW RISK,Graduate,No,6,16.0,6,15.166666666666666,140.0,22,1,0,0,0
2098,1.37,LOW RISK,Graduate,No,6,12.0,5,12.4,99.3,21,1,0,0,0
3991,1.36,LOW RISK,Graduate,No,9,14.88888888888889,16,14.625,128.2,23,1,0,0,0
303,1.36,LOW RISK,Graduate,No,8,16.168888888888887,7,15.116666666666667,154.4,18,1,0,1,0
3097,1.35,LOW RISK,Graduate,No,6,12.333333333333334,6,14.0,148.5,31,1,0,1,0
1985,1.35,LOW RISK,Graduate,No,8,14.14125,8,14.14125,147.5,18,1,0,1,0
1036,1.35,LOW RISK,Enrolled,No,6,14.0,6,14.333333333333334,118.0,18,1,0,1,0
367,1.35,LOW RISK,Graduate,No,6,14.033333333333331,6,14.033333333333331,125.5,21,1,0,1,0
1311,1.34,LOW RISK,Graduate,No,8,12.88888888888889,11,11.545454545454543,133.8,21,1,0,0,0
3029,1.34,LOW RISK,Graduate,No,7,14.0,8,13.625,134.0,35,1,0,1,0
2155,1.32,LOW RISK,Graduate,No,6,15.142857142857142,6,14.666666666666666,134.3,19,1,0,0,0
4208,1.32,LOW RISK,Graduate,No,8,14.755555555555556,7,14.652857142857142,147.9,18,1,0,1,0
2498,1.31,LOW RISK,Graduate,No,6,12.5,6,13.0,108.7,43,1,0,0,0
3093,1.31,LOW RISK,Graduate,No,6,12.5,6,14.166666666666666,112.8,23,1,0,1,0
1307,1.31,LOW RISK,Graduate,No,10,13.3,12,14.384615384615383,150.0,23,1,0,1,0
1795,1.3,LOW RISK,Enrolled,No,6,12.333333333333334,4,13.125,118.4,21,1,0,0,0
3993,1.3,LOW RISK,Graduate,No,6,12.166666666666666,6,12.833333333333334,131.1,18,1,0,1,0
662,1.3,LOW RISK,Enrolled,No,6,11.708333333333334,5,11.8,117.4,19,1,0,0,0
2817,1.3,LOW RISK,Graduate,No,6,14.266666666666666,6,14.266666666666666,135.0,19,1,0,0,0
2846,1.29,LOW RISK,Graduate,No,6,12.714285714285714,6,13.571428571428571,160.0,20,1,0,0,0
446,1.29,LOW RISK,Graduate,No,6,14.166666666666666,6,13.0,116.5,19,1,0,1,0
4175,1.29,LOW RISK,Graduate,No,6,13.166666666666666,6,13.333333333333334,155.0,21,1,0,1,0
3421,1.28,LOW RISK,Graduate,No,8,13.2575,8,13.2575,117.0,21,1,0,1,0
2158,1.28,LOW RISK,Graduate,No,6,13.142857142857142,6,15.0,160.0,22,1,0,0,0
779,1.27,LOW RISK,Enrolled,No,6,14.333333333333334,6,11.833333333333334,110.6,20,1,0,0,0
275,1.25,LOW RISK,Graduate,No,6,15.428571428571429,6,14.5,144.7,20,1,0,0,0
4087,1.25,LOW RISK,Graduate,No,6,13.333333333333334,6,12.666666666666666,106.5,32,1,0,1,0
2076,1.25,LOW RISK,Graduate,No,6,15.0,6,14.142857142857142,123.6,19,1,0,1,0
2941,1.24,LOW RISK,Graduate,No,6,12.333333333333334,5,12.2,130.0,43,1,0,1,0
2810,1.23,LOW RISK,Enrolled,No,6,12.116666666666667,4,13.375,120.1,19,1,0,0,0
3283,1.23,LOW RISK,Enrolled,No,9,11.6,9,12.22222222222222,132.4,30,1,0,0,0
284,1.23,LOW RISK,Graduate,No,6,12.833333333333334,5,13.8,119.4,21,1,0,1,0
4102,1.23,LOW RISK,Graduate,No,6,12.166666666666666,6,11.166666666666666,113.9,20,1,0,0,0
1469,1.22,LOW RISK,Graduate,No,6,14.166666666666666,6,15.5,155.0,18,1,0,1,1
1554,1.22,LOW RISK,Graduate,No,5,13.0,5,14.333333333333334,122.3,18,1,0,0,0
579,1.21,LOW RISK,Graduate,No,6,11.666666666666666,6,11.5,120.4,20,1,0,0,0
1634,1.2,LOW RISK,Enrolled,No,11,12.818181818181818,13,13.307692307692308,100.0,54,1,0,0,1
996,1.2,LOW RISK,Graduate,No,6,14.333333333333334,6,14.166666666666666,103.5,33,1,0,1,0
253,1.18,LOW RISK,Graduate,No,5,13.0,5,14.4,103.4,19,1,0,0,0
366,1.18,LOW RISK,Graduate,No,6,15.75,6,16.153846153846153,106.0,21,1,0,1,0
3476,1.17,LOW RISK,Graduate,No,5,14.428571428571429,6,15.692307692307692,125.4,20,1,0,0,0
3676,1.17,LOW RISK,Graduate,No,6,12.666666666666666,6,12.5,111.0,21,1,0,0,0
1216,1.15,LOW RISK,Graduate,No,8,16.37777777777778,7,16.9,169.7,18,1,0,1,0
1395,1.14,LOW RISK,Graduate,No,6,12.5,5,11.6,110.2,19,1,1,0,0
3891,1.14,LOW RISK,Enrolled,No,6,12.5,7,13.0,106.0,21,1,1,0,0
2306,1.14,LOW RISK,Enrolled,No,6,12.166666666666666,6,11.666666666666666,107.6,22,1,0,1,1
2747,1.13,LOW RISK,Enrolled,No,6,11.808333333333332,7,12.401428571428571,102.2,20,1,1,0,1
1058,1.13,LOW RISK,Graduate,No,6,14.566666666666668,6,14.566666666666668,120.0,19,1,0,0,0
3376,1.13,LOW RISK,Graduate,No,6,12.857142857142858,6,13.428571428571429,160.0,21,1,0,0,0
104,1.12,LOW RISK,Graduate,No,13,14.23076923076923,18,14.63157894736842,160.0,43,1,0,0,0
3153,1.12,LOW RISK,Graduate,No,6,13.833333333333334,6,15.666666666666666,155.7,18,1,1,1,0
2150,1.08,LOW RISK,Graduate,No,6,14.428571428571429,6,12.125,108.0,20,1,0,1,0
3055,1.07,LOW RISK,Graduate,No,6,14.571428571428571,6,14.0,122.8,19,1,0,1,0
369,1.05,LOW RISK,Graduate,No,6,13.666666666666666,7,13.857142857142858,112.9,19,1,0,1,0
2057,0.94,LOW RISK,Graduate,No,11,12.636363636363637,12,12.846153846153848,133.8,24,1,1,1,0
3305,0.94,LOW RISK,Graduate,No,6,13.833333333333334,6,14.666666666666666,146.7,21,1,0,1,0
3145,0.93,LOW RISK,Graduate,No,6,14.285714285714286,6,15.5,152.4,18,1,0,1,0
3083,0.93,LOW RISK,Graduate,No,11,12.083333333333334,11,13.090909090909092,141.6,19,1,0,1,0
390,0.93,LOW RISK,Graduate,No,6,14.166666666666666,6,14.666666666666666,156.1,21,1,0,1,0
1642,0.92,LOW RISK,Graduate,No,6,14.857142857142858,6,14.166666666666666,165.8,18,1,0,0,0
2994,0.92,LOW RISK,Graduate,No,6,12.666666666666666,5,12.4,128.5,38,1,0,1,0
2114,0.91,LOW RISK,Graduate,No,6,11.857142857142858,6,10.666666666666666,113.2,20,1,1,0,0
1615,0.9,LOW RISK,Graduate,No,6,11.5,6,11.833333333333334,110.5,36,1,0,1,0
1013,0.9,LOW RISK,Graduate,No,5,12.0,5,14.6,152.0,18,1,0,1,0
3266,0.9,LOW RISK,Graduate,No,6,12.333333333333334,6,11.5,123.3,19,1,0,1,0
3458,0.9,LOW RISK,Graduate,No,6,14.0,6,15.333333333333334,160.0,19,1,0,1,0
1994,0.89,LOW RISK,Graduate,No,5,11.8,5,12.2,125.9,21,1,0,0,0
4390,0.88,LOW RISK,Graduate,No,6,14.142857142857142,6,14.333333333333334,156.2,18,1,0,1,0
1185,0.88,LOW RISK,Enrolled,No,6,11.933333333333332,6,13.598333333333334,96.0,19,1,0,0,0
1151,0.87,LOW RISK,Graduate,No,6,11.285714285714286,6,12.0,118.5,18,1,0,1,0
3213,0.86,LOW RISK,Graduate,No,6,12.166666666666666,6,12.571428571428571,112.6,20,1,0,1,1
1025,0.81,LOW RISK,Graduate,No,7,12.857142857142858,7,13.142857142857142,105.8,19,1,0,0,0
2907,0.8,LOW RISK,Graduate,No,6,11.333333333333334,6,11.333333333333334,115.0,41,1,0,1,0
2532,0.8,LOW RISK,Graduate,No,6,13.2,6,12.625,160.0,20,1,0,1,0
611,0.77,LOW RISK,Graduate,No,7,12.571428571428571,7,13.857142857142858,106.1,20,1,1,1,0
1015,0.69,LOW RISK,Graduate,No,5,11.6,5,11.8,101.7,20,1,0,1,0
1761,0.68,LOW RISK,Graduate,No,6,11.833333333333334,6,12.666666666666666,119.3,20,1,1,0,0
294,0.63,LOW RISK,Graduate,No,6,11.666666666666666,6,11.666666666666666,116.0,18,1,0,1,0
997,0.54,LOW RISK,Enrolled,No,6,13.55,5,14.46,107.8,20,1,0,1,0
871,0.52,LOW RISK,Graduate,No,6,12.5,6,13.142857142857142,114.5,20,1,0,0,1
3431,0.45,LOW RISK,Graduate,No,6,14.166666666666666,6,15.333333333333334,120.0,23,1,0,1,0
2623,0.45,LOW RISK,Graduate,No,10,12.6,11,12.727272727272728,138.0,21,1,1,1,0
4045,0.4,LOW RISK,Graduate,No,6,13.0,6,12.666666666666666,146.0,19,1,1,1,0
1836,0.39,LOW RISK,Graduate,No,6,11.5,5,11.4,118.0,20,1,1,1,0
138,0.39,LOW RISK,Graduate,No,6,14.833333333333334,6,14.833333333333334,157.9,18,1,1,1,0
